Geneid,Chr,Start,End,Strand,Length,Ground Truth,DeepSAP,DRAGEN,novoSplice,STAR,HISAT2,Subjunc,HISAT2+EASTR,STAR+EASTR
GENE.1,chrM,3,33,+,31,0,0,0,0,0,0,0,0,0
GENE.10,chrM,625,724,-,100,0,0,0,0,0,0,0,0,0
GENE.100,chr1;chr1,42367;43775,43617;46507,-;-,3984,2912,4264,4097,5114,4422,3873,2046,3873,4422
GENE.1000,chr4;chr4;chr4;chr4;chr4;chr4;chr4,1129660;1130046;1130108;1130450;1130571;1130824;1130843,1130043;1130106;1130448;1130569;1130732;1130841;1130893,-;-;-;-;-;-;-,1137,162,162,162,162,164,130,152,130,164
GENE.1001,chr4;chr4,1134415;1135098,1134954;1135175,-;-,618,473,473,473,591,481,335,436,335,481
GENE.1002,chr4;chr4,1136586;1136759,1136651;1137385,+;+,693,0,0,0,0,0,0,0,0,0
GENE.1003,chr4;chr4;chr4,1141222;1141490;1141563,1141314;1141561;1142096,+;+;+,699,0,0,0,0,2,0,0,0,2
GENE.1004,chr4;chr4,1143992;1144267,1144129;1144824,+;+,696,16,16,16,16,19,16,16,16,19
GENE.1005,chr4;chr4,1146672;1147650,1147538;1147697,-;-,915,1676,1674,1674,1680,1686,1509,1552,1509,1686
GENE.1006,chr4,1149274,1150188,+,915,0,260,257,312,261,247,7,247,261
GENE.1007,chr4;chr4,1152504;1153580,1153424;1153633,-;-,975,520,520,520,520,526,448,498,448,526
GENE.1008,chr4;chr4,1156423;1166601,1165863;1167821,+;+,10662,0,3,1,0,45,0,23,0,45
GENE.1009,chr4;chr4,1169980;1170264,1170033;1171184,+;+,975,949,961,948,950,953,910,906,910,953
GENE.101,chr1;chr1,50363;50572,50416;51636,+;+,1119,1164,1169,1167,1168,1170,1118,1124,1118,1170
GENE.1010,chr4;chr4,1173053;1175160,1174435;1180226,-;-,6450,0,16,10,272,50,85,39,85,44
GENE.1011,chr5;chr5,20929;27215,26310;28456,+;+,6624,8158,15554,14674,15786,15730,13042,4718,13042,15730
GENE.1012,chr5,29233,29304,-,72,0,0,0,0,0,0,0,0,0
GENE.1013,chr5;chr5,29776;30910,30744;30963,-;-,1023,401,401,402,401,406,376,385,376,406
GENE.1014,chr5;chr5,33056;34325,34126;34378,-;-,1125,1588,1588,1589,1604,1601,1420,1459,1420,1601
GENE.1015,chr5;chr5,36464;37496,37324;37564,-;-,930,922,922,923,926,956,695,886,695,956
GENE.1016,chr5;chr5;chr5,39443;40077;40420,40075;40298;40488,-;-;-,924,324,324,324,324,337,277,303,277,337
GENE.1017,chr5,41129,41403,-,275,0,0,0,0,0,0,0,0,0
GENE.1018,chr5;chr5,43327;47612,47481;47761,-;-,4305,13706,14104,15827,22676,19158,17880,12787,17100,19128
GENE.1019,chr5;chr5;chr5,50422;50695;52325,50514;52218;52510,-;-;-,1803,1654,1654,1654,1665,1735,1460,1577,1460,1735
GENE.102,chr1,53169,53280,-,112,0,0,0,0,0,0,0,0,0
GENE.1020,chr5;chr5,55841;56288,56038;56872,+;+,783,1376,1376,1376,1376,1376,1240,1301,1240,1376
GENE.1021,chr5;chr5;chr5;chr5,58037;58750;59367;59619,58608;59149;59495;59726,-;-;-;-,1209,7170,7194,7170,7272,7283,6516,6855,6516,7283
GENE.1022,chr5;chr5;chr5;chr5,58037;58786;59367;59619,58608;59149;59495;59726,-;-;-;-,1173,7160,7184,7160,7262,7273,6506,6845,6506,7273
GENE.1023,chr5;chr5,64065;64332,64133;65489,+;+,1227,0,0,0,0,2,0,0,0,2
GENE.1024,chr5;chr5,68930;69823,69652;70113,+;+,1014,3207,3209,3207,3281,3220,2822,2928,2548,3218
GENE.1025,chr5;chr5,74509;74980,74808;79842,+;+,5163,4424,4522,5296,8092,6098,5744,4154,4216,5982
GENE.1026,chr5,81134,82336,-,1203,4740,4740,4740,4768,5267,4353,4619,4353,5267
GENE.1027,chr5,84041,85237,-,1197,0,0,0,0,6,0,0,0,6
GENE.1028,chr5,86820,89201,-,2382,1398,1398,1398,1402,1411,1235,1319,1235,1411
GENE.1029,chr5,91361,94591,+,3231,1084,1086,1086,1096,1109,962,1043,961,1083
GENE.103,chr1;chr1,53778;54938,54788;55006,-;-,1080,0,1,12,4,2,9,2,9,2
GENE.1030,chr5;chr5,95161;96242,95914;96633,-;-,1146,0,0,0,0,2,0,0,0,2
GENE.1031,chr5;chr5;chr5,97657;97916;98322,97711;98105;101895,+;+;+,3819,0,0,0,0,8,0,1,0,8
GENE.1032,chr5,102193,102897,-,705,672,672,672,674,695,625,659,625,695
GENE.1033,chr5;chr5,104256;104485,104334;105737,+;+,1332,4294,4294,4294,4328,4335,3657,4056,3657,4335
GENE.1034,chr5,107075,107938,-,864,338,338,338,342,350,330,330,330,350
GENE.1035,chr5,109898,111691,-,1794,0,0,1,0,7,1,3,1,7
GENE.1036,chr5,114149,115933,+,1785,0,1,3,0,5,0,0,0,5
GENE.1037,chr5;chr5;chr5;chr5;chr5;chr5;chr5;chr5,116451;116599;116818;117017;117250;119033;119358;119522,116483;116715;116919;117091;118856;119248;119429;119969,-;-;-;-;-;-;-;-,2670,0,0,3,0,12,0,9,0,12
GENE.1038,chr5;chr5,120107;120819,120657;121455,-;-,1188,378,378,378,386,380,353,364,353,380
GENE.1039,chr5,122449,122862,+,414,106,106,106,106,113,103,103,103,113
GENE.104,chr1,56690,56893,-,204,0,0,0,0,1,0,0,0,1
GENE.1040,chr5;chr5;chr5,123332;123590;123833,123407;123690;123904,-;-;-,249,1,1,1,1,1,1,1,1,1
GENE.1041,chr5;chr5;chr5;chr5;chr5,125116;125417;125625;125830;126112,125217;125468;125734;125951;126514,+;+;+;+;+,789,4081,4081,4082,4233,4105,3358,3674,3358,4105
GENE.1042,chr5,127064,128677,-,1614,76,76,76,78,87,60,72,60,87
GENE.1043,chr5,130453,133392,+,2940,0,0,2,0,2,0,3,0,2
GENE.1044,chr5,135004,135930,-,927,254,254,254,254,262,249,250,249,262
GENE.1045,chr5;chr5,140710;141311,140917;141471,+;+,369,0,0,0,0,2,0,0,0,2
GENE.1046,chr5,142871,145423,-,2553,1364,1364,1364,1372,1372,1248,1298,1248,1372
GENE.1047,chr5;chr5;chr5;chr5;chr5;chr5;chr5;chr5,146639;147092;147674;148065;148775;148974;149217;149481,146854;147490;147853;148651;148870;149106;149360;150131,-;-;-;-;-;-;-;-,2406,0,0,0,0,4,0,0,0,4
GENE.1048,chr5;chr5;chr5,151422;151823;152375,151619;151977;152384,-;-;-,363,5,5,5,5,6,5,5,5,6
GENE.1049,chr5;chr5,153889;155973,155792;156057,-;-,1989,0,0,0,0,4,0,0,0,4
GENE.105,chr1;chr1,59772;60023,59825;61003,+;+,1035,2844,2844,2844,2844,2862,2689,2745,2689,2862
GENE.1050,chr5;chr5,157625;164635,164472;164968,+;+,7182,7596,7596,7601,7706,7712,6789,7328,6770,7705
GENE.1051,chr5;chr5;chr5;chr5;chr5,165650;165802;166043;166352;166547,165672;165922;166138;166459;166642,-;-;-;-;-,444,0,0,0,0,2,0,0,0,2
GENE.1052,chr5;chr5;chr5,167649;168444;169316,168244;169169;169502,+;+;+,1509,0,0,0,0,7,0,0,0,7
GENE.1053,chr5;chr5;chr5;chr5,169549;169706;169911;170271,169641;169768;170109;170590,-;-;-;-,675,0,0,0,0,0,0,0,0,0
GENE.1054,chr5,172150,174417,+,2268,3714,3714,3714,3722,3743,3420,3565,3420,3743
GENE.1055,chr5;chr5;chr5;chr5;chr5;chr5,174989;175257;175413;175575;175859;176330,175113;175313;175499;175710;176177;176433,+;+;+;+;+;+,828,1826,1826,1826,1860,1954,1514,1729,1514,1954
GENE.1056,chr5,177410,178555,+,1146,0,0,1,0,3,0,0,0,3
GENE.1057,chr5,180421,187470,+,7050,0,0,5,0,14,4,146,4,14
GENE.1058,chr5,187813,204732,-,16920,23984,24248,25061,24048,25800,25728,22407,25723,25800
GENE.1059,chr5;chr5;chr5;chr5;chr5;chr5;chr5;chr5;chr5,206450;206683;206897;207096;207376;207594;207784;208107;208297,206500;206752;206956;207172;207426;207607;207849;208157;208375,+;+;+;+;+;+;+;+;+,519,776,776,776,816,791,599,758,599,791
GENE.106,chr1;chr1,62187;63347,63185;63400,-;-,1053,1314,1323,1332,1316,1498,930,1228,930,1498
GENE.1060,chr5;chr5,209062;209349,209148;218189,-;-,8928,21960,22124,22724,27654,23875,20852,20348,20845,23872
GENE.1061,chr5;chr5,220839;226063,225912;229253,+;+,8265,0,1,24,0,21,4,117,4,21
GENE.1062,chr5,230695,232392,+,1698,1792,1792,1795,1798,1803,1546,1733,1546,1803
GENE.1063,chr5,233815,235650,+,1836,3112,3112,3113,3134,3142,2763,2972,2763,3142
GENE.1064,chr5,236143,238365,-,2223,0,0,0,0,22,0,0,0,22
GENE.1065,chr5;chr5,239456;240644,240271;243880,-;-,4053,7481,7481,7482,7509,7676,6600,7059,6600,7676
GENE.1066,chr5,245933,246934,+,1002,0,0,2,0,9,0,0,0,9
GENE.1067,chr5,247801,250575,-,2775,15618,15632,15625,15814,16049,13603,13983,11013,16003
GENE.1068,chr5;chr5,252047;252420,252162;252606,-;-,303,0,0,0,0,2,0,0,0,2
GENE.1069,chr5;chr5;chr5;chr5;chr5;chr5,254473;254634;254801;255010;255271;255485,254502;254702;254885;255059;255384;255517,-;-;-;-;-;-,381,56,56,56,58,56,45,53,45,56
GENE.107,chr1;chr1,65817;66918,66821;66989,-;-,1077,926,931,957,930,1010,820,878,820,1010
GENE.1070,chr5;chr5;chr5,256225;256865;257245,256716;256979;257378,+;+;+,741,216,216,216,229,217,193,212,193,217
GENE.1071,chr5;chr5;chr5,257748;258083;258786,257792;258606;258831,-;-;-,615,540,540,540,541,544,537,538,537,544
GENE.1072,chr5,259764,260747,+,984,0,0,6,0,10,0,8,0,10
GENE.1073,chr5,260961,262184,-,1224,9726,9726,9727,10020,10010,8882,9416,8882,10010
GENE.1074,chr5;chr5;chr5;chr5;chr5,262672;262890;263120;263499;263782,262740;262922;263139;263583;263925,-;-;-;-;-,351,39,39,39,39,39,31,37,31,39
GENE.1075,chr5;chr5,265595;269251,268442;278345,+;+,11943,11802,11802,11827,12087,12118,10332,11576,10319,12112
GENE.1076,chr5;chr5;chr5;chr5;chr5;chr5,278774;278880;278919;279024;279156;279291,278877;278917;279022;279153;279289;279495,-;-;-;-;-;-,715,0,0,0,0,21,0,0,0,21
GENE.1077,chr5,280886,283345,+,2460,0,0,0,0,11,1,58,1,11
GENE.1078,chr5;chr5;chr5,284691;287382;287941,287139;287639;288023,+;+;+,2790,1851,1851,1857,1858,1874,1648,1777,1648,1874
GENE.1079,chr5,288776,291055,-,2280,31078,31078,31087,31314,32232,25471,28565,25428,32232
GENE.108,chr1;chr1,69304;70349,70164;70417,-;-,930,0,3860,3727,4779,4032,3578,65,3578,4032
GENE.1080,chr5;chr5;chr5,292696;293111;293371,292799;293220;293474,-;-;-,318,0,0,0,0,0,0,21,0,0
GENE.1081,chr5,294668,295903,-,1236,64,64,64,64,75,62,63,62,75
GENE.1082,chr5,298427,300736,-,2310,12772,12864,13580,15114,15303,11786,12459,11786,15284
GENE.1083,chr5,301930,304611,-,2682,0,1,2,0,10,1,87,1,10
GENE.1084,chr5,305961,306422,-,462,370,370,370,370,376,308,350,308,376
GENE.1085,chr5,307490,309556,-,2067,0,0,7,0,22,1,0,1,22
GENE.1086,chr5,313199,315157,+,1959,6738,6738,6738,6774,6767,6243,6609,6242,6767
GENE.1087,chr5,316766,318361,-,1596,4156,4156,4159,4174,4188,3873,3984,3873,4188
GENE.1088,chr5,322239,326822,+,4584,0,0,3,0,17,0,159,0,17
GENE.1089,chr5;chr5;chr5,327656;327864;328175,327708;328022;328316,+;+;+,354,5,5,5,5,8,5,5,5,8
GENE.109,chr1;chr1,71624;71803,71692;72426,+;+,693,0,2784,2544,3074,2853,1832,14,1832,2853
GENE.1090,chr5,328666,329715,-,1050,68,68,68,68,103,66,68,66,103
GENE.1091,chr5,331680,336704,+,5025,11680,11680,11680,11782,11824,10665,11179,10665,11824
GENE.1092,chr5;chr5;chr5;chr5,337426;337923;338338;338700,337759;338160;338507;339025,-;-;-;-,1068,0,0,0,0,2,0,0,0,2
GENE.1093,chr5,342205,343233,+,1029,0,0,0,0,5,0,0,0,5
GENE.1094,chr5;chr5;chr5;chr5,344931;345182;345518;345971,344983;345374;345598;346744,+;+;+;+,1101,485,485,485,491,494,438,482,438,494
GENE.1095,chr5,347219,355039,-,7821,6578,6483,6579,6622,6788,5885,6183,5885,6788
GENE.1096,chr5,356222,357010,+,789,142,142,142,144,162,123,132,123,144
GENE.1097,chr5,358261,362733,+,4473,0,0,2,0,17,1,228,1,17
GENE.1098,chr5,363588,364442,-,855,0,0,0,0,6,0,0,0,6
GENE.1099,chr5,367022,376426,+,9405,0,1,8,0,24,1,437,1,24
GENE.11,chrM,734,1486,-,753,0,0,0,0,0,0,0,0,0
GENE.110,chr1;chr1,74563;74728,74631;75366,+;+,708,0,40,32,86,50,54,17,54,50
GENE.1100,chr5;chr5;chr5;chr5;chr5,376855;377372;377563;377844;378305,377223;377450;377740;377966;378452,-;-;-;-;-,897,620,620,620,628,624,597,605,597,624
GENE.1101,chr5,381077,386203,+,5127,15766,15766,15770,15828,15865,14143,14989,14143,15864
GENE.1102,chr5;chr5;chr5;chr5;chr5,386956;387141;387463;387787;388315,387013;387312;387625;388219;388505,+;+;+;+;+,1017,3822,3822,3822,3937,3846,3373,3463,3373,3846
GENE.1103,chr5;chr5,388696;389096,388947;389191,-;-,348,0,0,0,0,1,0,0,0,1
GENE.1104,chr5;chr5;chr5,389914;390193;390474,390017;390309;398997,-;-;-,8745,10582,10583,10590,10624,10779,9386,10127,9368,10747
GENE.1105,chr5,401437,402771,+,1335,1604,1604,1604,1612,1620,1238,1458,1229,1618
GENE.1106,chr5;chr5,403342;403775,403642;405642,+;+,2169,3044,3044,3045,3058,3134,2788,2931,2788,3134
GENE.1107,chr5;chr5;chr5;chr5;chr5;chr5;chr5,405961;406200;406621;406814;407253;407449;407809,406098;406474;406697;407161;407321;407640;407897,-;-;-;-;-;-;-,1188,0,0,0,0,6,0,0,0,6
GENE.1108,chr5;chr5;chr5;chr5,410268;414540;415006;415210,414443;414855;415094;415308,+;+;+;+,4680,30003,29998,30008,30245,30501,26011,28259,25844,30455
GENE.1109,chr5,416365,417309,+,945,1556,1556,1557,1572,1572,1314,1498,1314,1572
GENE.111,chr1,75982,76809,-,828,0,3156,3066,4334,3101,3066,10,3066,3101
GENE.1110,chr5;chr5;chr5;chr5;chr5;chr5;chr5,418136;418529;420021;420395;420738;421096;421363,418247;419857;420310;420620;420932;421229;421425,+;+;+;+;+;+;+,2349,6896,6922,7844,10656,9788,8817,6482,8817,9788
GENE.1111,chr5,422746,430353,-,7608,17524,17517,17533,17598,18032,15278,16313,15274,18032
GENE.1112,chr5,437495,439738,+,2244,10378,10378,10378,10464,10668,8648,9861,8648,10668
GENE.1113,chr5;chr5;chr5,440779;441380;441700,441233;441485;441879,-;-;-,741,636,636,636,646,650,485,604,485,650
GENE.1114,chr5,444260,445579,+,1320,4388,4389,4388,4412,4461,4049,4285,4049,4461
GENE.1115,chr5,445983,448502,-,2520,874,874,874,878,894,782,824,782,894
GENE.1116,chr5,451355,451434,+,80,0,0,0,0,0,0,0,0,0
GENE.1117,chr5,459301,460344,+,1044,2918,2919,2918,2926,2958,2707,2766,2707,2958
GENE.1118,chr5;chr5;chr5;chr5;chr5;chr5;chr5;chr5;chr5;chr5;chr5;chr5,461017;461534;461814;462110;462319;462538;463327;463584;463781;464009;464167;464319,461317;461649;461965;462195;462392;463177;463487;463673;463868;464090;464224;464399,+;+;+;+;+;+;+;+;+;+;+;+,1929,2018,2018,2019,2046,2039,1886,1918,1886,2039
GENE.1119,chr5,465782,465939,+,158,0,0,0,0,4,0,0,0,4
GENE.112,chr1;chr1;chr1,78241;79257;79526,79254;79523;79891,+;+;+,1647,2376,2996,3119,3508,3272,3118,1149,3038,3272
GENE.1120,chr5,467585,468100,-,516,520,520,520,522,523,480,495,480,523
GENE.1121,chr5;chr5,469276;469565,469357;469842,+;+,360,2,2,2,2,3,2,2,2,3
GENE.1122,chr5;chr5,471055;472301,472146;474058,+;+,2850,0,0,0,0,33,0,0,0,33
GENE.1123,chr5;chr5,474487;478833,478690;478882,-;-,4254,0,0,6,0,48,0,1,0,48
GENE.1124,chr5,481423,482568,+,1146,1390,1390,1390,1394,1400,1235,1260,1235,1400
GENE.1125,chr5,486602,516787,+,30186,61164,61166,61243,61554,62481,53875,59559,53875,62477
GENE.1126,chr5,517259,517885,-,627,280,281,282,284,284,265,258,265,284
GENE.1127,chr5;chr5;chr5;chr5,519129;519478;519718;519911,519293;519600;519801;520078,+;+;+;+,540,83,83,83,83,83,80,80,80,83
GENE.1128,chr5;chr5,520720;521655,521495;522693,-;-,1815,690,690,690,706,707,607,649,607,707
GENE.1129,chr5,525026,527218,+,2193,0,0,2,0,6,0,7,0,6
GENE.113,chr1;chr1,81765;83053,82820;83106,-;-,1110,0,150,143,165,152,163,24,163,152
GENE.1130,chr5;chr5;chr5;chr5;chr5,527639;527893;528161;528393;528619,527693;527963;528285;528453;528666,+;+;+;+;+,360,16,16,16,16,16,15,15,15,16
GENE.1131,chr5;chr5,528846;529099,528921;529409,-;-,387,0,0,0,0,2,0,0,0,2
GENE.1132,chr5,529934,531901,-,1968,22986,22986,22986,23062,23076,20277,22079,20277,23076
GENE.1133,chr5,533556,534338,-,783,270,270,270,272,271,218,259,218,271
GENE.1134,chr5,536273,536977,+,705,1658,1658,1658,1668,1704,1495,1585,1495,1704
GENE.1135,chr5;chr5;chr5;chr5,539731;539905;540288;540533,539811;540081;540422;542593,-;-;-;-,2454,4887,4885,4889,4937,5083,3962,4561,3962,5083
GENE.1136,chr5;chr5;chr5;chr5;chr5;chr5,544540;544791;545126;545312;545507;545714,544553;544863;545221;545375;545582;545993,+;+;+;+;+;+,603,1037,1037,1037,1066,1039,994,982,994,1039
GENE.1137,chr5,546734,547579,-,846,1078,1078,1080,1086,1097,907,1020,907,1097
GENE.1138,chr5,548406,553340,-,4935,5722,5724,5727,6016,5906,5266,5479,5266,5906
GENE.1139,chr5,553990,554787,+,798,720,720,720,728,723,658,689,658,723
GENE.114,chr1;chr1;chr1,84791;85389;85880,85387;85877;86152,-;-;-,1359,970,2790,3137,3568,2941,2982,528,2982,2941
GENE.1140,chr5,555264,556073,+,810,362,362,362,362,364,352,358,352,364
GENE.1141,chr5;chr5;chr5,557039;557180;557889,557103;557746;558012,-;-;-,756,1611,1611,1611,1627,1645,1262,1536,1262,1645
GENE.1142,chr5;chr5;chr5;chr5,559513;560974;568175;568343,560685;567971;568253;568384,+;+;+;+,8292,10609,10567,10641,10819,10964,9225,10145,9225,10964
GENE.1143,chr5,569182,569919,-,738,0,0,0,0,2,0,0,0,2
GENE.1144,chr5;chr5;chr5;chr5;chr5;chr5,571058;571547;571946;572187;572421;572610,571315;571822;572038;572285;572503;572661,-;-;-;-;-;-,861,0,0,2,0,15,1,0,1,15
GENE.1145,chr5;chr5,573588;573958,573671;574248,+;+,375,8,8,8,9,8,8,8,8,8
GENE.1146,chr5;chr5,574941;575870,575646;578505,-;-,3342,0,0,1,0,8,0,14,0,8
GENE.1147,chr5;chr5,581227;582525,581834;584124,+;+,2208,0,0,1,0,20,0,27,0,20
GENE.1148,chr5,585357,585980,-,624,1980,1980,1980,1986,1982,1937,1944,1937,1982
GENE.1149,chr5;chr5,587752;588534,588354;588677,+;+,747,1663,1663,1663,1683,1717,1516,1627,1516,1717
GENE.115,chr1;chr1,87203;88109,88003;88177,-;-,870,1736,1994,2028,2298,2081,1736,1136,1736,2081
GENE.1150,chr5;chr5;chr5;chr5;chr5,588921;589187;590296;590508;590732,588991;590150;590407;590585;590769,-;-;-;-;-,1263,0,0,0,0,5,0,0,0,5
GENE.1151,chr5,591338,595663,-,4326,11824,11824,11829,11988,11932,10740,11373,10740,11931
GENE.1152,chr5,596818,599421,+,2604,0,2,4,0,28,0,2,0,7
GENE.1153,chr5,600047,603433,+,3387,0,2,7,0,12,0,42,0,12
GENE.1154,chr5,603951,604023,-,73,0,0,0,0,0,0,0,0,0
GENE.1155,chr5;chr5;chr5;chr5;chr5;chr5,605027;605225;605484;605681;605831;606147,605099;605318;605552;605723;606015;606330,-;-;-;-;-;-,648,431,431,431,447,432,422,412,422,432
GENE.1156,chr5;chr5;chr5;chr5;chr5,607105;607396;607758;608028;608428,607209;607647;607925;608189;608451,-;-;-;-;-,711,0,0,0,0,2,0,0,0,2
GENE.1157,chr5,610089,614771,+,4683,6340,6341,6346,6436,6544,5628,6232,5426,6492
GENE.1158,chr5,615282,617993,-,2712,31960,31960,31960,32076,32464,27246,29931,27246,32380
GENE.1159,chr5,618629,619945,+,1317,3306,3306,3306,3318,3387,2910,3160,2910,3387
GENE.116,chr1;chr1,90242;91352,91204;91420,-;-,1032,2657,2659,2657,2657,2753,2390,2572,2390,2753
GENE.1160,chr5,620810,623356,-,2547,0,0,1,0,9,0,30,0,9
GENE.1161,chr5;chr5;chr5,624719;624927;625168,624801;624996;626481,-;-;-,1467,0,0,0,0,4,0,0,0,4
GENE.1162,chr5;chr5,627298;627835,627599;627961,+;+,429,372,372,378,372,376,343,358,343,376
GENE.1163,chr5,628981,635382,+,6402,2308,2308,2308,2318,2363,2086,2250,2084,2363
GENE.1164,chr5;chr5;chr5;chr5;chr5;chr5,637354;637474;637632;637821;638164;638411,637367;637516;637696;637951;638225;640381,+;+;+;+;+;+,2286,3155,3156,3157,3192,3211,2962,3035,2962,3211
GENE.1165,chr5;chr5;chr5;chr5,641137;641777;642798;643318,641556;642512;643156;644685,-;-;-;-,2883,4801,4801,4801,4831,4876,4192,4601,4192,4876
GENE.1166,chr5;chr5;chr5;chr5;chr5;chr5;chr5;chr5;chr5;chr5,646659;647065;647236;647536;647777;648068;649880;650893;651685;651847,646936;647116;647329;647626;647848;649584;650505;651600;651739;652106,+;+;+;+;+;+;+;+;+;+,3753,0,0,0,0,22,9,0,9,22
GENE.1167,chr5,653966,655336,-,1371,876,876,876,876,881,831,844,831,881
GENE.1168,chr5,658423,658677,-,255,0,0,9,0,0,0,0,0,0
GENE.1169,chr5,660150,661136,-,987,0,0,0,0,4,0,0,0,4
GENE.117,chr1;chr1;chr1,93113;93594;93689,93591;93686;93875,-;-;-,759,1290,1290,1290,1300,1327,880,1166,880,1327
GENE.1170,chr5;chr5,663551;666819,666706;666917,+;+,3255,25604,25604,25606,25728,25956,23281,24691,23056,25956
GENE.1171,chr5;chr5,667486;674524,674350;674861,+;+,7203,26221,26222,26225,26727,26675,22596,24936,22586,26663
GENE.1172,chr5;chr5;chr5,675809;676023;676443,675914;676200;676614,-;-;-,456,30,30,30,34,31,30,30,30,31
GENE.1173,chr5,678910,680955,+,2046,3850,3863,3853,4020,3916,3701,3668,2822,3884
GENE.1174,chr5,681430,682437,-,1008,0,0,1,0,4,1,0,0,4
GENE.1175,chr5;chr5;chr5;chr5;chr5;chr5,683708;684014;684254;684458;684669;685727,683807;684084;684357;684518;685528;685859,+;+;+;+;+;+,1329,5925,5925,5925,6025,5947,5710,5749,5710,5947
GENE.1176,chr5,686810,691642,-,4833,0,0,0,0,13,1,0,1,13
GENE.1177,chr5;chr5;chr5,694492;694773;695311,694616;695178;698778,+;+;+,3999,0,0,0,0,22,1,13,1,19
GENE.1178,chr5,700120,707256,-,7137,19348,19349,19414,19694,19835,17671,17896,17347,19741
GENE.1179,chr5;chr5,712762;713754,713525;713772,-;-,783,250,250,251,252,257,234,238,234,257
GENE.118,chr1;chr1;chr1;chr1,95050;95168;95205;95813,95166;95203;95810;95899,+;+;+;+,846,0,0,1,0,12,0,0,0,12
GENE.1180,chr5;chr5,715765;716639,716225;716675,-;-,498,795,795,795,797,808,780,786,780,808
GENE.1181,chr5,718425,719855,-,1431,414,414,413,418,421,368,385,368,421
GENE.1182,chr5,720743,722641,-,1899,3578,3578,3580,3584,3642,3263,3436,3263,3642
GENE.1183,chr5;chr5,724681;725229,725054;725751,-;-,897,1750,1750,1751,1768,1763,1622,1705,1622,1763
GENE.1184,chr5;chr5;chr5,731407;734832;735083,734613;734970;735162,+;+;+,3426,5075,5075,5080,5133,5140,4764,4915,4764,5140
GENE.1185,chr5,735887,738400,-,2514,0,0,0,0,11,0,1,0,11
GENE.1186,chr5,740156,741034,-,879,54,54,54,54,55,51,52,51,55
GENE.1187,chr5,743179,745329,+,2151,7772,7772,7773,7788,7874,6861,7553,6861,7874
GENE.1188,chr5;chr5,745798;746566,746445;746634,-;-,717,274,274,274,278,284,257,263,257,284
GENE.1189,chr5;chr5,747795;749358,749157;749677,-;-,1683,0,0,0,0,4,0,0,0,4
GENE.119,chr1;chr1,98819;99220,99013;102282,+;+,3258,0,0,0,0,6,0,5,0,6
GENE.1190,chr5;chr5;chr5;chr5;chr5;chr5,750661;751063;751510;751881;752071;752380,750730;751364;751718;751962;752164;752435,+;+;+;+;+;+,813,0,0,0,0,2,0,0,0,2
GENE.1191,chr5;chr5,753298;757326,757218;757544,+;+,4140,3900,3900,3902,3948,4008,3644,3791,3415,4000
GENE.1192,chr5,758503,758898,-,396,0,0,0,0,2,0,0,0,2
GENE.1193,chr5;chr5;chr5;chr5,759831;760396;760579;760886,760262;760465;760686;760998,-;-;-;-,723,1349,1349,1351,1366,1360,1260,1313,1260,1360
GENE.1194,chr5,762103,762792,-,690,590,590,590,592,600,514,564,514,600
GENE.1195,chr5,763532,766903,-,3372,2350,2350,2356,2420,2377,2052,2148,2052,2377
GENE.1196,chr5,769310,773140,+,3831,0,1,0,0,10,0,20,0,10
GENE.1197,chr5;chr5;chr5;chr5;chr5,774075;776973;777406;777811;778110,776765;777209;777663;777980;780438,-;-;-;-;-,5685,20870,20872,20984,21622,21477,19045,19115,19029,21441
GENE.1198,chr5;chr5;chr5;chr5;chr5;chr5;chr5,783638;783762;783974;784193;784322;784540;784719,783654;783894;784039;784209;784411;784555;784991,-;-;-;-;-;-;-,612,0,0,0,0,0,0,0,0,0
GENE.1199,chr5;chr5;chr5,785664;786065;786312,785940;786118;786565,-;-;-,585,0,0,0,0,2,0,0,0,2
GENE.12,chrM,1516,1630,+,115,0,0,0,0,0,0,0,0,0
GENE.120,chr1;chr1,104704;104928,104775;105209,+;+,354,10,10,10,11,11,10,10,10,11
GENE.1200,chr5,788599,789480,+,882,0,0,0,0,3,0,0,0,3
GENE.1201,chr5,790399,790773,+,375,0,0,0,0,1,0,0,0,1
GENE.1202,chr5;chr5;chr5;chr5;chr5,791719;791916;792211;792420;792867,791786;792036;792290;792578;792936,-;-;-;-;-,498,0,0,0,0,2,0,0,0,2
GENE.1203,chr5,795527,797473,+,1947,1974,1974,1977,1996,1995,1675,1876,1675,1995
GENE.1204,chr5;chr5,798036;798422,798083;798775,-;-,402,480,479,480,497,482,454,460,454,482
GENE.1205,chr5;chr5,801450;802624,802412;809127,-;-,7467,3954,3954,3970,4020,4089,3606,3739,3571,4043
GENE.1206,chr5,812648,814915,+,2268,0,0,2,0,8,0,17,0,8
GENE.1207,chr5;chr5;chr5,817066;818542;819005,817171;818879;819139,+;+;+,579,0,0,0,0,0,0,0,0,0
GENE.1208,chr5;chr5,820719;821525,821341;822908,-;-,2007,0,0,1,0,9,0,2,0,9
GENE.1209,chr5,825835,827412,-,1578,554,554,555,570,569,440,529,440,569
GENE.121,chr1,107197,108348,-,1152,6530,6530,6531,6594,6645,5982,6299,5982,6645
GENE.1210,chr5;chr5;chr5,828953;829232;829445,829015;829299;829883,+;+;+,570,193,193,193,197,198,129,188,129,198
GENE.1211,chr5;chr5;chr5;chr5;chr5;chr5,831617;833321;833542;833708;834089;834308,833152;833446;833605;833976;834178;834343,+;+;+;+;+;+,2121,0,0,0,0,14,1,0,1,14
GENE.1212,chr5,835314,837407,-,2094,0,0,0,0,6,0,0,0,6
GENE.1213,chr5;chr5;chr5,838428;838552;838940,838430;838716;839083,+;+;+,312,15,15,15,16,15,10,13,10,15
GENE.1214,chr5,839655,840560,-,906,794,794,794,832,828,695,766,695,828
GENE.1215,chr5,841723,842655,-,933,114,114,114,114,117,93,109,93,117
GENE.1216,chr5;chr5;chr5;chr5;chr5,843586;843870;844108;844367;844813,843685;843979;844211;844506;844817,-;-;-;-;-,459,254,254,254,262,255,247,249,247,255
GENE.1217,chr5,845843,848767,-,2925,0,0,0,0,12,0,0,0,12
GENE.1218,chr5,849862,856026,-,6165,37476,37475,37480,37618,37936,33282,36034,33282,37936
GENE.1219,chr5,857038,858477,+,1440,738,739,738,738,769,680,702,680,769
GENE.122,chr1;chr1;chr1;chr1,110750;110962;111167;111338,110823;111050;111245;115799,-;-;-;-,4704,1809,1809,1809,1829,1848,1605,1711,1605,1848
GENE.1220,chr5;chr5,859373;860891,860756;861063,-;-,1557,0,0,0,0,6,0,0,0,6
GENE.1221,chr5;chr5;chr5;chr5;chr5;chr5;chr5;chr5,861930;862139;862319;862547;863814;864595;864885;866753,862021;862216;862451;863666;864359;864800;866459;867583,-;-;-;-;-;-;-;-,4581,0,0,2,0,33,0,0,0,33
GENE.1222,chr5,868892,869878,+,987,1838,1838,1845,1864,1850,1658,1756,1658,1850
GENE.1223,chr5;chr5;chr5,870184;870362;870653,870240;870424;874570,-;-;-,4038,34826,34812,34832,35602,35867,31146,32989,31144,35863
GENE.1224,chr5,875873,877561,-,1689,0,0,0,0,7,0,0,0,7
GENE.1225,chr5;chr5,878068;878628,878396;879762,+;+,1464,6582,6582,6583,6820,6643,5551,6085,5551,6643
GENE.1226,chr5,880065,880355,-,291,0,0,0,0,9,0,0,0,9
GENE.1227,chr5,882376,884901,+,2526,6590,6590,6591,6640,6685,6146,6564,6146,6685
GENE.1228,chr5;chr5;chr5;chr5;chr5;chr5,885714;886078;887510;887689;887920;888166,885965;887423;887581;887799;887979;888232,+;+;+;+;+;+,1908,11350,11348,11350,11488,11624,9873,10515,9873,11624
GENE.1229,chr5;chr5;chr5;chr5;chr5;chr5,888657;888961;893912;894175;894520;895118,888683;893787;894072;894285;894694;895144,+;+;+;+;+;+,5328,9048,9106,9158,9570,9461,8232,8712,8232,9461
GENE.123,chr1;chr1;chr1,119041;119272;121148,119121;120981;121249,-;-;-,1893,492,492,492,494,504,446,469,446,504
GENE.1230,chr5;chr5;chr5;chr5,896018;896283;896541;896875,896098;896345;896654;896940,+;+;+;+,324,3,3,3,3,3,1,3,1,3
GENE.1231,chr5,897465,899756,-,2292,9718,9718,9723,9856,10339,8626,9354,8395,10337
GENE.1232,chr5;chr5;chr5;chr5,901414;901633;901880;902072,901482;901740;901951;902173,+;+;+;+,351,0,0,0,0,2,0,0,0,2
GENE.1233,chr5;chr5;chr5;chr5;chr5;chr5;chr5;chr5;chr5;chr5,902613;902805;903098;903314;903645;903865;904077;904320;904543;904809,902672;902883;903196;903432;903759;903904;904139;904428;904647;904844,-;-;-;-;-;-;-;-;-;-,825,2321,2321,2321,2381,2335,2165,2208,2165,2335
GENE.1234,chr5;chr5;chr5;chr5,907837;908163;909000;928429,907944;908832;928258;936315,+;+;+;+,27924,14193,14194,14229,14241,14573,12720,13856,12720,14573
GENE.1235,chr5;chr5;chr5,937231;937580;937930,937449;937753;938037,+;+;+,501,266,266,266,272,269,240,243,240,269
GENE.1236,chr5,940249,941700,+,1452,1074,1074,1075,1076,1085,954,1052,954,1085
GENE.1237,chr5;chr5;chr5;chr5;chr5,942767;943074;943219;943445;943816,942953;943123;943320;943581;943873,+;+;+;+;+,534,0,0,0,0,3,0,0,0,3
GENE.1238,chr5;chr5;chr5,944184;944403;944715,944237;944575;944931,-;-;-,444,840,840,841,854,867,702,793,702,867
GENE.1239,chr5,948951,953609,+,4659,3384,3384,3391,3436,3421,3095,3311,3095,3421
GENE.124,chr1;chr1,124517;124726,124588;125484,+;+,831,0,0,0,0,0,0,0,0,0
GENE.1240,chr5,957890,962149,+,4260,7536,7536,7537,7592,7616,6868,7266,6868,7616
GENE.1241,chr5;chr5,963227;964672,964458;965044,-;-,1605,2503,2503,2504,2533,2522,2143,2396,2143,2522
GENE.1242,chr5;chr5,966123;969604,969294;969737,+;+,3306,7381,7381,7382,7440,7650,6546,7181,6546,7650
GENE.1243,chr5;chr5;chr5,970266;970624;970841,970496;970663;970962,-;-;-,393,0,0,0,0,1,0,0,0,1
GENE.1244,chr5;chr5;chr5;chr5,973518;973945;974124;975843,973526;973993;975633;975876,+;+;+;+,1602,1831,1830,1831,1843,1899,1569,1770,1569,1899
GENE.1245,chr5;chr5;chr5;chr5;chr5;chr5,976690;976926;977231;977466;977620;977798,976772;977000;977309;977500;977671;977815,-;-;-;-;-;-,342,40,40,40,42,40,39,37,39,40
GENE.1246,chr5;chr5;chr5;chr5;chr5,978665;979026;979321;979560;979694,978816;979154;979447;979598;979870,+;+;+;+;+,624,238,238,238,241,247,220,221,220,247
GENE.1247,chr5;chr5,980754;985131,984936;985354,-;-,4407,5750,5749,5750,5768,5862,5174,5549,5174,5862
GENE.1248,chr5,990005,992059,+,2055,1176,1176,1178,1178,1189,1083,1144,1083,1189
GENE.1249,chr5;chr5;chr5,993433;994074;994591,993885;994215;994607,-;-;-,612,1006,1006,1006,1014,1017,828,895,828,1017
GENE.125,chr1,126318,128141,-,1824,0,0,3,0,1,0,11,0,1
GENE.1250,chr5,998753,1002124,+,3372,11820,11819,11820,11852,12276,10279,11175,10279,12276
GENE.1251,chr5;chr5,1004237;1008003,1007862;1008108,+;+,3732,2470,2470,2471,2574,2545,2129,2419,2129,2543
GENE.1252,chr5;chr5;chr5,1008636;1008954;1009173,1008799;1009022;1009404,-;-;-,465,88,88,88,90,94,87,80,87,94
GENE.1253,chr5,1010951,1012171,-,1221,520,520,520,526,532,485,507,485,528
GENE.1254,chr5,1013453,1014550,-,1098,0,0,0,0,2,0,0,0,2
GENE.1255,chr5,1016198,1016569,+,372,0,0,0,0,3,0,1,0,3
GENE.1256,chr5,1017809,1018582,+,774,1656,1656,1656,1666,1754,1562,1604,1562,1754
GENE.1257,chr5,1019585,1019902,-,318,0,0,0,0,3,0,0,0,3
GENE.1258,chr5;chr5,1021408;1024047,1023249;1024307,-;-,2103,1533,1533,1533,1547,1596,1264,1418,1264,1596
GENE.1259,chr5,1027396,1030362,+,2967,50002,50001,50006,50442,50401,44526,48368,44526,50399
GENE.126,chr1,128960,130840,-,1881,496,496,496,498,504,476,482,476,504
GENE.1260,chr5,1036229,1038343,+,2115,0,0,2,0,11,0,0,0,11
GENE.1261,chr5,1041745,1043766,+,2022,15036,15036,15036,15048,15688,13831,14250,13831,15688
GENE.1262,chr5;chr5;chr5,1045462;1051005;1051210,1050875;1051096;1051253,+;+;+,5550,15976,15976,16001,17592,17775,14131,15280,13687,16361
GENE.1263,chr5,1052468,1053913,-,1446,572,572,578,572,576,492,541,492,576
GENE.1264,chr5,1057651,1059054,+,1404,550,550,550,552,587,524,544,524,587
GENE.1265,chr5,1059918,1065509,-,5592,0,0,20,0,16,15,7,0,16
GENE.1266,chr5;chr5,1066526;1066751,1066619;1067712,-;-,1056,360,360,361,364,362,329,343,329,362
GENE.1267,chr5;chr5,1068516;1069142,1068767;1069285,+;+,396,0,0,1,0,2,0,0,0,2
GENE.1268,chr5,1071247,1072149,+,903,468,468,468,468,497,435,460,435,497
GENE.1269,chr5;chr5;chr5;chr5;chr5;chr5;chr5;chr5,1073646;1073966;1074276;1074513;1074765;1075043;1075348;1075588,1073746;1074038;1074372;1074647;1074907;1075177;1075467;1075644,+;+;+;+;+;+;+;+,861,79,79,90,81,83,69,72,69,83
GENE.127,chr1;chr1;chr1;chr1;chr1;chr1;chr1,132086;132281;132481;132693;133017;133285;133513,132153;132355;132597;132929;133115;133356;133624,-;-;-;-;-;-;-,780,0,0,0,0,3,0,0,0,3
GENE.1270,chr5,1075913,1078333,-,2421,0,0,1,0,5,1,11,1,5
GENE.1271,chr5,1079779,1081008,+,1230,0,0,1,0,8,0,0,0,8
GENE.1272,chr5;chr5;chr5;chr5;chr5;chr5,1081558;1082722;1082887;1083057;1083410;1083583,1082560;1082787;1082920;1083145;1083504;1083816,-;-;-;-;-;-,1521,11945,11943,11945,13335,12132,8723,11206,8723,12132
GENE.1273,chr5;chr5;chr5;chr5;chr5;chr5,1081558;1082722;1082887;1083057;1083410;1083583,1082560;1082784;1082920;1083145;1083504;1083816,-;-;-;-;-;-,1518,11945,11943,11945,13335,12132,8723,11206,8723,12132
GENE.1274,chr5,1085623,1086594,-,972,196,196,196,196,199,190,190,190,199
GENE.1275,chr5,1088423,1089508,+,1086,0,0,6,0,5,6,0,6,5
GENE.1276,chr5,1090930,1095084,+,4155,2590,2590,2599,2750,2638,2428,2577,2428,2638
GENE.1277,chr5,1101203,1114777,+,13575,7884,8012,8595,12412,9701,8840,7619,8210,9547
GENE.1278,chr5,1117261,1119651,-,2391,5206,5209,5211,5246,5340,4759,4972,4759,5340
GENE.1279,chr5,1120704,1121810,-,1107,0,0,1,0,5,0,0,0,5
GENE.128,chr1,134353,139257,-,4905,13494,13494,13495,13546,13600,11748,12658,11742,13600
GENE.1280,chr5;chr5;chr5;chr5,1123610;1123901;1124084;1124452,1123790;1123978;1124325;1124595,+;+;+;+,645,408,408,408,420,420,402,397,402,420
GENE.1281,chr5;chr5,1125099;1125402,1125242;1128146,-;-,2889,0,0,0,0,35,1,2,1,35
GENE.1282,chr5;chr5;chr5;chr5,1129959;1130279;1130488;1130700,1130180;1130373;1130574;1130754,-;-;-;-,459,340,339,340,352,343,305,312,305,343
GENE.1283,chr5;chr5,1132937;1134754,1134653;1134854,-;-,1818,1754,1754,1757,1786,1764,1641,1693,1641,1764
GENE.1284,chr5;chr5;chr5,1135976;1136680;1137723,1136499;1136991;1137870,-;-;-,984,6439,6439,6439,6495,6491,5678,6157,5678,6491
GENE.1285,chr5,1140627,1141154,+,528,556,556,556,560,565,480,521,480,565
GENE.1286,chr5;chr5,1143618;1144002,1143636;1145359,+;+,1377,0,0,0,0,4,0,0,0,4
GENE.1287,chr5;chr5;chr5;chr5;chr5;chr5;chr5;chr5;chr5;chr5;chr5,1145857;1146009;1146277;1146486;1146716;1146976;1147657;1147835;1148045;1148368;1148733,1145881;1146181;1146356;1146524;1146790;1147538;1147721;1147926;1148166;1148423;1148810,-;-;-;-;-;-;-;-;-;-;-,1368,5587,5587,5588,5714,5619,5317,5375,5317,5619
GENE.1288,chr5,1150234,1150306,+,73,0,0,0,0,0,0,0,0,0
GENE.1289,chr5,1151227,1151309,-,83,0,0,0,0,0,0,0,0,0
GENE.129,chr1;chr1,140662;141340,141086;142219,-;-,1305,0,0,1,0,7,0,1,0,7
GENE.1290,chr5,1153676,1155673,+,1998,3958,3958,3958,3980,4100,3211,3673,3211,4100
GENE.1291,chr5,1156205,1156579,-,375,0,0,0,0,0,0,0,0,0
GENE.1292,chr5;chr5;chr5;chr5;chr5;chr5;chr5;chr5,1157840;1158044;1158278;1158480;1158750;1159010;1159201;1159399,1157899;1158160;1158385;1158614;1158820;1159071;1159282;1161553,-;-;-;-;-;-;-;-,2790,0,0,0,0,5,0,0,0,5
GENE.1293,chr5;chr5,1163408;1164974,1164862;1165072,-;-,1554,4733,4733,4733,4759,4774,4341,4567,4341,4774
GENE.1294,chr5,1166520,1168010,-,1491,440,440,440,444,470,399,405,399,470
GENE.1295,chr5;chr5;chr5;chr5;chr5;chr5;chr5;chr5,1171659;1171942;1172347;1172578;1173221;1173405;1173608;1173790,1171775;1172217;1172411;1172992;1173315;1173477;1173686;1173890,+;+;+;+;+;+;+;+,1221,591,591,591,618,603,523,550,523,603
GENE.1296,chr5;chr5;chr5;chr5;chr5;chr5;chr5;chr5;chr5;chr5,1174907;1175100;1175313;1175531;1175685;1176050;1176313;1176499;1176714;1177058,1174994;1175212;1175399;1175592;1175897;1176116;1176405;1176592;1176810;1177067,+;+;+;+;+;+;+;+;+;+,924,767,767,767,791,782,745,746,745,782
GENE.1297,chr5,1176969,1177286,-,318,5,5,3,5,4,3,5,3,4
GENE.1298,chr5,1178276,1178890,-,615,0,1,0,0,1,0,0,0,1
GENE.1299,chr5,1180425,1182038,-,1614,2840,2840,2840,2866,2859,2660,2779,2660,2859
GENE.13,chrM,1650,1688,+,39,0,0,0,0,0,0,0,0,0
GENE.130,chr1,143640,146396,-,2757,138,138,143,142,145,116,127,116,145
GENE.1300,chr5;chr5;chr5;chr5;chr5;chr5;chr5;chr5;chr5,1183916;1184085;1184330;1184617;1184916;1185109;1185278;1185421;1185595,1183987;1184221;1184381;1184749;1185028;1185155;1185307;1185478;1185639,-;-;-;-;-;-;-;-;-,687,906,906,906,923,906,805,825,805,906
GENE.1301,chr5,1186787,1188946,-,2160,1122,1122,1123,1124,1147,988,1074,988,1147
GENE.1302,chr5;chr5,1191000;1191162,1191030;1191682,-;-,552,178,178,178,182,179,166,174,166,179
GENE.1303,chr5;chr5;chr5;chr5;chr5;chr5,1192973;1193244;1193550;1193806;1194147;1195219,1193129;1193396;1193693;1193981;1195049;1195332,+;+;+;+;+;+,1647,3301,3301,3301,3311,3349,2869,3099,2869,3349
GENE.1304,chr5;chr5,1196315;1197297,1197061;1197389,+;+,840,2247,2247,2247,2283,2258,2048,2139,2048,2258
GENE.1305,chr5;chr5;chr5;chr5;chr5;chr5;chr5;chr5;chr5,1199165;1202021;1202212;1202823;1202996;1203617;1204009;1204576;1204771,1201856;1202083;1202607;1202875;1203469;1203805;1204374;1204674;1205187,+;+;+;+;+;+;+;+;+,4749,8610,8609,8614,8939,8770,7366,8199,7366,8770
GENE.1306,chr5;chr5;chr5;chr5;chr5;chr5;chr5;chr5;chr5;chr5,1199165;1202021;1202212;1202502;1202823;1202996;1203617;1204009;1204576;1204771,1201856;1202083;1202261;1202607;1202875;1203469;1203805;1204374;1204674;1205187,+;+;+;+;+;+;+;+;+;+,4509,8576,8574,8579,8904,8734,7332,8164,7332,8734
GENE.1307,chr5;chr5;chr5;chr5;chr5;chr5,1206473;1206700;1206947;1207138;1207371;1207598,1206550;1206779;1207044;1207271;1207438;1207679,+;+;+;+;+;+,540,0,0,0,0,4,0,0,0,4
GENE.1308,chr5,1208390,1208462,+,73,0,0,0,0,0,0,0,0,0
GENE.1309,chr5;chr5,1209006;1209232,1209095;1212102,-;-,2961,1360,1404,1681,2088,2072,1526,1281,1526,2072
GENE.131,chr1,147915,152777,-,4863,7742,7756,7817,8702,8117,6905,7366,6292,8115
GENE.1310,chr5;chr5,1213533;1215007,1214883;1219376,+;+,5721,33272,33272,33300,35078,34286,30329,32042,30271,33726
GENE.1311,chr5;chr5;chr5,1220777;1221398;1221930,1221242;1221723;1221992,-;-;-,855,353,353,353,355,375,312,336,312,375
GENE.1312,chr5,1224598,1224891,-,294,0,0,0,0,1,0,0,0,1
GENE.1313,chr5;chr5,1226883;1227383,1227185;1227757,+;+,678,482,482,482,484,483,462,467,462,483
GENE.1314,chr5,1229077,1230651,-,1575,2380,2380,2381,2388,2405,2184,2315,2184,2404
GENE.1315,chr5;chr5;chr5;chr5,1233401;1237588;1237778;1237971,1237462;1237659;1237868;1238086,+;+;+;+,4341,3340,3340,3342,3358,3409,2850,3139,2850,3409
GENE.1316,chr5,1238633,1243987,-,5355,0,0,1,0,12,0,9,0,12
GENE.1317,chr5;chr5;chr5;chr5;chr5,1244751;1247287;1247600;1247953;1248280,1247171;1247470;1247754;1248142;1248359,+;+;+;+;+,3030,0,0,0,0,8,0,3,0,7
GENE.1318,chr5;chr5,1248368;1248756,1248505;1249961,-;-,1344,2195,2229,2350,3419,3160,2203,2114,2203,3160
GENE.1319,chr5;chr5,1250737;1251692,1251489;1254190,+;+,3252,0,0,0,0,1,0,1,0,1
GENE.132,chr1;chr1;chr1;chr1;chr1;chr1;chr1,154176;156657;159141;159319;159556;159756;160088,156520;158966;159234;159431;159645;159936;160426,+;+;+;+;+;+;+,5472,25612,25610,25671,26356,26233,23590,24428,23590,26233
GENE.1320,chr5;chr5;chr5;chr5;chr5;chr5;chr5;chr5;chr5;chr5,1255221;1255600;1255866;1256078;1256194;1256335;1256515;1256785;1257054;1257227,1255298;1255651;1255948;1256120;1256261;1256404;1256643;1256926;1257125;1257254,+;+;+;+;+;+;+;+;+;+,765,28,28,28,28,28,27,27,27,28
GENE.1321,chr5,1257723,1265750,-,8028,16808,16808,16812,16824,16898,15212,15818,15212,16898
GENE.1322,chr5,1267410,1269539,+,2130,0,0,0,0,4,0,45,0,4
GENE.1323,chr5,1270388,1278484,-,8097,8056,8057,8064,8236,8246,7186,7621,7184,8234
GENE.1324,chr5,1279958,1280599,-,642,6,6,6,6,9,6,6,6,9
GENE.1325,chr5;chr5,1281289;1281429,1281350;1282254,+;+,888,0,0,0,0,2,0,0,0,2
GENE.1326,chr5,1282591,1286106,-,3516,10166,10166,10166,10214,10284,8499,9313,8499,10284
GENE.1327,chr5,1288559,1289308,+,750,0,0,0,0,0,1,1,1,0
GENE.1328,chr5,1289601,1291692,+,2092,4582,6244,5938,6970,6315,5749,1406,5749,6315
GENE.1329,chr5,1291693,1292051,+,359,0,0,1,0,0,0,0,0,0
GENE.133,chr1;chr1;chr1,161131;165553;166033,165282;165808;166229,+;+;+,4605,29430,29429,29430,29862,29656,25636,27752,25636,29656
GENE.1330,chr5,1292052,1292210,+,159,0,0,0,0,0,0,0,0,0
GENE.1331,chr5,1292211,1292409,+,199,0,0,0,0,1,0,0,0,1
GENE.1332,chr5,1292410,1296199,+,3790,31428,31424,30166,31548,31557,26102,10581,26102,31557
GENE.1333,chr5,1301224,1301769,+,546,0,0,0,0,1,0,0,0,1
GENE.1334,chr5;chr5,1303662;1304467,1304282;1304526,-;-,681,301,301,302,308,308,289,296,289,308
GENE.1335,chr5;chr5,1308278;1308612,1308478;1309940,+;+,1530,0,0,0,0,1,0,0,0,1
GENE.1336,chr5;chr5,1312471;1312766,1312668;1314154,+;+,1587,3056,3056,3056,3064,3081,2780,2873,2778,3081
GENE.1337,chr5;chr5,1316342;1316541,1316401;1316846,+;+,366,11,11,11,11,11,10,10,10,11
GENE.1338,chr5;chr5,1318531;1319155,1318941;1319229,-;-,486,24,24,24,24,25,23,23,23,25
GENE.1339,chr5;chr5,1322400;1322785,1322783;1323249,-;-,849,1040,1040,1040,1052,1118,944,997,944,1118
GENE.134,chr1;chr1;chr1;chr1;chr1;chr1,166513;167658;168090;168305;168489;168626,167557;167926;168206;168362;168545;168687,+;+;+;+;+;+,1608,0,0,1,0,1,0,0,0,1
GENE.1340,chr5;chr5;chr5,1324239;1324789;1324926,1324787;1324923;1325027,-;-;-,786,0,0,0,0,5,0,0,0,5
GENE.1341,chr5;chr5,1326245;1326545,1326316;1327429,+;+,957,3064,3064,3064,3076,3146,2792,2943,2792,3146
GENE.1342,chr5;chr5,1329555;1329849,1329623;1330808,+;+,1029,641,641,641,645,668,541,627,541,668
GENE.1343,chr5,1333470,1342964,+,9495,0,0,0,0,36,0,0,0,36
GENE.1344,chr6,653,1432,-,780,0,0,0,0,0,0,0,0,0
GENE.1345,chr6;chr6,3503;11630,10936;12835,+;+,8640,0,0,1,0,28,18,4,18,28
GENE.1346,chr6;chr6,15065;16357,16126;16410,-;-,1116,147,177,157,160,164,159,145,159,164
GENE.1347,chr6;chr6,18586;19980,19821;22721,-;-,3978,3662,6216,5766,7306,6450,5431,1883,5431,6448
GENE.1348,chr6;chr6,26557;26766,26610;27830,+;+,1119,261,546,509,744,592,647,262,647,592
GENE.1349,chr6;chr6,29618;31413,30868;31484,-;-,1323,719,731,729,757,773,674,708,674,772
GENE.135,chr1;chr1;chr1;chr1;chr1;chr1;chr1;chr1;chr1;chr1,169079;169216;169400;169598;169821;170042;170405;170733;170956;171152,169126;169317;169455;169702;169890;170283;170606;170855;171028;171273,-;-;-;-;-;-;-;-;-;-,1143,1052,1052,1052,1074,1056,1003,1009,1003,1056
GENE.1350,chr6;chr6,31965;33191,32960;33244,-;-,1050,2321,2338,2319,2322,2367,1859,2088,1859,2367
GENE.1351,chr6;chr6;chr6,35355;35605;36527,35602;36355;36595,-;-;-,1068,1073,1071,1073,1081,1080,938,1019,934,1080
GENE.1352,chr6;chr6,38721;39710,39611;39781,-;-,963,2230,2230,2230,2252,2302,2130,2162,2125,2302
GENE.1353,chr6;chr6,42097;43150,42957;43218,-;-,930,0,3549,3190,4512,3698,2772,55,2772,3698
GENE.1354,chr6;chr6,44450;44593,44518;45216,+;+,693,590,2618,2376,2958,2684,2397,115,2397,2684
GENE.1355,chr6;chr6,47463;47626,47531;48261,+;+,705,1000,1029,1024,1064,1036,1001,752,1001,1036
GENE.1356,chr6,48874,49722,-,849,0,8854,8018,9474,8924,6131,101,6131,8924
GENE.1357,chr6,51351,52898,+,1548,0,453,678,820,627,700,21,700,627
GENE.1358,chr6;chr6,65788;67194,67107;67277,-;-,1404,1622,1608,1524,1624,1619,1455,567,1455,1619
GENE.1359,chr6,68833,69693,-,861,0,550,468,1046,595,442,38,442,595
GENE.136,chr1,172864,174591,+,1728,508,508,508,510,515,454,562,454,515
GENE.1360,chr6;chr6,70948;71198,71079;71935,+;+,870,0,0,0,0,3,0,0,0,3
GENE.1361,chr6,74254,74362,-,109,0,0,0,0,0,0,0,0,0
GENE.1362,chr6;chr6,78190;78587,78378;78784,+;+,387,0,0,0,0,0,0,0,0,0
GENE.1363,chr6,82609,86922,-,4314,20004,20004,20013,20184,20192,18138,18428,18138,20192
GENE.1364,chr6;chr6,92506;96533,96422;96668,+;+,4053,1768,1768,1775,1776,1792,1475,1693,1475,1790
GENE.1365,chr6;chr6;chr6,97890;98624;98850,98428;98741;98951,+;+;+,759,2428,2428,2428,2460,2432,2150,2193,2150,2432
GENE.1366,chr6,99781,100725,+,945,0,0,0,0,6,0,0,0,6
GENE.1367,chr6;chr6;chr6;chr6,101385;101602;101820;102009,101464;101694;101907;104561,-;-;-;-,2814,0,0,4,0,14,0,0,0,14
GENE.1368,chr6,105503,106642,+,1140,0,0,1,0,3,1,1,1,3
GENE.1369,chr6;chr6;chr6;chr6;chr6,107037;107582;108163;108566;109057,107226;108060;108426;108918;111664,-;-;-;-;-,3894,798,798,805,814,810,733,851,733,804
GENE.137,chr1;chr1;chr1,175609;175834;175998,175666;175888;176376,+;+;+,492,0,0,0,0,3,0,8,0,3
GENE.1370,chr6,113824,115224,-,1401,188,188,192,188,200,156,233,156,200
GENE.1371,chr6,116084,118024,+,1941,7304,7302,7306,7390,7412,6369,7124,6369,7412
GENE.1372,chr6;chr6,118638;119224,119070;120203,-;-,1413,0,0,0,0,6,0,14,0,6
GENE.1373,chr6,122634,124412,+,1779,0,0,2,0,3,0,65,0,3
GENE.1374,chr6,125458,126816,-,1359,7162,7162,7160,7400,7417,5582,6949,5365,7417
GENE.1375,chr6,128621,130036,+,1416,0,0,0,0,10,0,0,0,10
GENE.1376,chr6,130329,132038,-,1710,1810,1810,1811,1812,1879,1653,1754,1653,1879
GENE.1377,chr6,133150,136461,-,3312,0,0,3,0,17,0,59,0,17
GENE.1378,chr6,139193,140518,+,1326,0,0,0,0,1,1,0,1,1
GENE.1379,chr6;chr6;chr6,141418;141832;146847,141570;146688;148943,-;-;-,7107,30154,30154,30164,30238,30629,26770,28432,26766,30625
GENE.138,chr1;chr1,178087;179190,178861;180790,+;+,2376,11307,11307,11308,11363,11619,9236,10759,9236,11619
GENE.1380,chr6,151055,152386,+,1332,2694,2694,2694,2700,2726,2456,2641,2456,2726
GENE.1381,chr6;chr6;chr6;chr6;chr6;chr6;chr6;chr6;chr6;chr6;chr6;chr6;chr6;chr6;chr6;chr6;chr6;chr6;chr6;chr6,152541;152721;153006;153195;153650;155602;156426;156699;156877;157115;157394;157665;158164;158463;158690;159045;159376;159572;159867;160165,152603;152884;153096;153443;155393;156331;156599;156796;156948;157292;157535;158016;158355;158560;158941;159268;159470;159708;160001;160455,-;-;-;-;-;-;-;-;-;-;-;-;-;-;-;-;-;-;-;-,5481,34323,34322,34333,34821,34594,30630,32207,30630,34594
GENE.1382,chr6,161254,162381,-,1128,0,1,1,0,4,1,0,1,4
GENE.1383,chr6,163828,169860,-,6033,43262,43262,43281,43822,44105,38188,40760,38166,44099
GENE.1384,chr6,171301,177240,-,5940,0,1,10,0,39,0,5,0,38
GENE.1385,chr6;chr6;chr6,180936;181194;181401,181071;181258;181481,+;+;+,282,0,0,0,0,2,0,0,0,2
GENE.1386,chr6,182216,184537,+,2322,0,0,3,0,7,1,93,1,7
GENE.1387,chr6;chr6;chr6;chr6,184892;185413;185613;185803,185244;185489;185678;185843,+;+;+;+,537,972,972,972,978,974,911,940,911,974
GENE.1388,chr6;chr6;chr6;chr6,189012;197547;197745;197947,197385;197591;197818;198078,+;+;+;+,8625,19852,19853,19880,20044,20360,17671,19389,17661,20119
GENE.1389,chr6;chr6,198862;201577,201221;204355,+;+,5139,16263,16263,16267,16339,16544,13506,15036,13506,16544
GENE.139,chr1,182822,184222,-,1401,332,332,333,332,341,313,319,313,341
GENE.1390,chr6;chr6;chr6;chr6;chr6;chr6,204640;204976;205228;205404;205604;205875,204804;205107;205293;205502;205732;206207,-;-;-;-;-;-,924,2603,2603,2603,2655,2615,2449,2538,2449,2615
GENE.1391,chr6,206855,211159,-,4305,9996,9997,9998,10012,10220,9087,9628,9087,10220
GENE.1392,chr6;chr6;chr6,212415;212618;212985,212472;212799;213032,-;-;-,288,3,3,3,3,5,1,1,1,5
GENE.1393,chr6,213558,214142,+,585,84,84,84,84,86,71,76,71,86
GENE.1394,chr6,217240,219507,+,2268,3480,3480,3482,3534,3530,3216,3562,3216,3530
GENE.1395,chr6;chr6;chr6;chr6;chr6;chr6,220407;220578;220742;221010;221225;221637,220445;220638;220869;221107;221351;221813,-;-;-;-;-;-,630,0,0,1,0,3,0,0,0,3
GENE.1396,chr6;chr6;chr6;chr6,222739;223050;223308;223507,222852;223144;223379;224287,+;+;+;+,1062,4458,4458,4458,4489,4581,3681,3972,3681,4581
GENE.1397,chr6,224613,225095,-,483,306,306,307,310,312,293,294,293,312
GENE.1398,chr6;chr6,225346;225689,225411;227446,-;-,1824,1868,1868,1870,1876,1892,1556,1763,1556,1892
GENE.1399,chr6;chr6;chr6;chr6;chr6;chr6;chr6,228132;233063;233313;233475;234080;234580;234779,232823;233205;233361;233754;234270;234654;234835,-;-;-;-;-;-;-,5487,8602,8602,8604,8632,8770,7579,8118,7579,8770
GENE.14,chrM,1697,1763,+,67,0,0,0,0,0,0,0,0,0
GENE.140,chr1;chr1;chr1,190269;197550;200891,197316;200661;201230,+;+;+,10500,17091,17090,17181,17604,17604,14833,16278,14818,17604
GENE.1400,chr6,236397,237251,+,855,0,0,8,0,5,0,0,0,5
GENE.1401,chr6,237811,244521,-,6711,0,0,1,0,35,0,1,0,35
GENE.1402,chr6;chr6;chr6;chr6;chr6,247640;248077;248336;248731;248999,247954;248204;248500;248836;249166,+;+;+;+;+,882,2054,2054,2054,2082,2102,1974,2013,1974,2102
GENE.1403,chr6,250612,253803,-,3192,6824,6824,6826,6978,7039,5932,6424,5932,7033
GENE.1404,chr6;chr6;chr6;chr6,257604;258097;258396;258718,257728;258319;258539;259974,+;+;+;+,1749,0,0,1,0,3,1,191,1,3
GENE.1405,chr6;chr6;chr6;chr6,261031;261388;261614;261869,261251;261496;261674;261945,-;-;-;-,468,1089,1089,1089,1139,1089,1033,1028,1033,1089
GENE.1406,chr6,262826,263194,+,369,0,0,0,0,2,0,0,0,2
GENE.1407,chr6;chr6;chr6;chr6;chr6,263936;264126;264304;264584;264775,264007;264187;264442;264632;264830,-;-;-;-;-,378,7,7,7,9,9,7,7,7,9
GENE.1408,chr6;chr6;chr6;chr6;chr6,265839;266045;266398;266807;267094,265925;266248;266655;266943;268399,-;-;-;-;-,1992,5080,5080,5083,5172,5140,4512,4598,4511,5140
GENE.1409,chr6;chr6,270332;270558,270371;277762,-;-,7245,7689,7697,7822,9111,8345,7288,7164,7211,8345
GENE.141,chr1,202536,204143,+,1608,0,0,3,0,1,0,0,0,1
GENE.1410,chr6;chr6;chr6;chr6,282049;286435;286738;286982,286263;286576;286883;287017,+;+;+;+,4539,0,0,1,0,17,2,29,2,17
GENE.1411,chr6,288377,289276,-,900,0,0,0,0,1,0,0,0,1
GENE.1412,chr6,290426,291085,-,660,70,70,70,70,73,54,59,54,73
GENE.1413,chr6,293864,296797,+,2934,0,0,2,0,11,0,18,0,11
GENE.1414,chr6;chr6;chr6;chr6;chr6;chr6;chr6;chr6;chr6;chr6;chr6;chr6;chr6;chr6;chr6;chr6,297941;298117;298364;298647;298881;299029;299287;299447;299642;299803;300038;300276;300462;300733;300936;301150,298020;298225;298531;298780;298932;299167;299362;299492;299691;299842;300109;300338;300615;300863;300992;301197,+;+;+;+;+;+;+;+;+;+;+;+;+;+;+;+,1419,0,0,0,0,10,0,0,0,10
GENE.1415,chr6;chr6,301874;303257,303129;303290,-;-,1290,190,190,190,200,210,171,178,171,210
GENE.1416,chr6;chr6,304638;304970,304806;306042,+;+,1242,968,968,968,972,991,857,942,857,991
GENE.1417,chr6;chr6;chr6;chr6;chr6;chr6;chr6;chr6;chr6;chr6;chr6;chr6;chr6,306384;306520;306730;306879;307050;307233;307524;307722;308041;308175;308425;308833;309377,306416;306585;306792;306935;307110;307367;307613;307794;308078;308282;308691;309158;309961,-;-;-;-;-;-;-;-;-;-;-;-;-,1902,0,0,0,0,5,0,0,0,5
GENE.1418,chr6,311550,313115,+,1566,8206,8206,8210,8252,8473,7807,8036,7807,8473
GENE.1419,chr6;chr6;chr6;chr6;chr6,313856;314032;314170;314409;314608,313908;314078;314284;314504;316882,-;-;-;-;-,2586,25891,25892,25934,26283,26531,21810,23478,20856,26527
GENE.142,chr1,204622,205455,-,834,3544,3544,3544,3560,3684,3318,3499,3318,3684
GENE.1420,chr6,320740,328998,+,8259,0,2,85,12,36,158,741,15,35
GENE.1421,chr6;chr6,329537;329954,329789;331725,-;-,2025,330,332,336,634,383,298,314,298,383
GENE.1422,chr6,332343,334934,+,2592,17108,17107,17108,17192,17281,15129,15951,15129,17281
GENE.1423,chr6;chr6;chr6;chr6;chr6;chr6;chr6;chr6;chr6;chr6;chr6;chr6,335107;335332;335546;335742;335908;336093;336252;336419;336531;336789;337004;337293,335252;335405;335647;335807;335974;336157;336320;336452;336636;336867;337157;337368,-;-;-;-;-;-;-;-;-;-;-;-,1038,1484,1484,1484,1540,1518,1166,1366,1166,1518
GENE.1424,chr6,337792,341760,+,3969,0,0,1,0,15,0,1,0,15
GENE.1425,chr6;chr6;chr6;chr6,341874;342095;342334;342730,341932;342187;342560;342821,-;-;-;-,471,0,0,0,0,4,0,0,0,4
GENE.1426,chr6,343212,347507,+,4296,7464,7478,7563,8500,8207,6393,6994,6393,8207
GENE.1427,chr6,348010,349371,+,1362,0,0,0,0,16,1,0,1,16
GENE.1428,chr6;chr6,349946;350228,349978;350515,-;-,321,0,0,0,0,2,0,0,0,2
GENE.1429,chr6;chr6,351780;352667,352378;352775,-;-,708,1349,1349,1350,1371,1360,1225,1320,1225,1360
GENE.143,chr1,206170,210189,+,4020,15398,15406,15445,15848,15788,13654,14574,13454,15784
GENE.1430,chr6;chr6,355229;355456,355259;356276,+;+,852,3056,3056,3056,3072,3088,2644,2994,2644,3088
GENE.1431,chr6;chr6,358391;360082,359900;360203,+;+,1632,5559,5559,5559,5606,6049,4518,4924,4518,6049
GENE.1432,chr6,362635,363879,+,1245,0,0,0,0,8,0,0,0,8
GENE.1433,chr6;chr6,365287;368415,368229;368459,+;+,2988,0,0,3,0,5,0,1,0,5
GENE.1434,chr6,370261,388494,+,18234,46500,46501,46542,46798,47379,40115,44913,40064,47317
GENE.1435,chr6;chr6;chr6;chr6;chr6;chr6;chr6,388915;389283;389448;389699;389906;390187;390339,389115;389347;389535;389817;390047;390238;390748,-;-;-;-;-;-;-,1077,0,0,1,0,9,2,0,2,9
GENE.1436,chr6;chr6,392991;393434,393210;394611,+;+,1398,0,0,1,0,12,0,0,0,10
GENE.1437,chr6;chr6,396242;399154,399069;399289,+;+,2964,0,0,0,0,19,2,150,2,18
GENE.1438,chr6,399813,401624,-,1812,0,0,0,0,17,4,0,4,17
GENE.1439,chr6;chr6;chr6;chr6;chr6;chr6;chr6;chr6;chr6;chr6,402722;402965;403254;403549;403790;404017;404251;404540;404888;405323,402817;403073;403349;403701;403889;404164;404386;404706;405166;407242,+;+;+;+;+;+;+;+;+;+,3204,7117,7117,7117,7183,7231,6574,6837,6574,7231
GENE.144,chr1,210870,213005,+,2136,6774,6774,6776,6790,7155,6130,6624,6130,7151
GENE.1440,chr6;chr6,408041;411493,411304;412002,+;+,3774,0,0,0,0,8,0,0,0,8
GENE.1441,chr6;chr6;chr6,413652;414124;419716,413949;419465;419781,+;+;+,5706,2116,2116,2118,2130,2148,1864,2043,1864,2148
GENE.1442,chr6;chr6;chr6;chr6,421157;421422;422198;422532,421270;421943;422325;422622,-;-;-;-,855,284,284,284,293,287,263,273,263,287
GENE.1443,chr6,425805,431858,+,6054,40650,40652,40661,42078,41191,37504,39343,37504,41191
GENE.1444,chr6;chr6;chr6,433008;433120;433589,433010;433468;434178,+;+;+,942,786,786,786,790,802,682,722,682,802
GENE.1445,chr6;chr6;chr6,434807;436118;436396,435969;436219;436465,-;-;-,1335,1627,1627,1627,1659,1639,1543,1527,1543,1639
GENE.1446,chr6,437663,440545,-,2883,0,0,0,0,21,0,11,0,21
GENE.1447,chr6,442806,443219,-,414,550,551,550,552,563,503,539,503,563
GENE.1448,chr6,444747,445157,+,411,566,566,566,572,578,479,552,479,578
GENE.1449,chr6;chr6,445761;446263,446031;446363,-;-,372,0,0,0,0,4,0,0,0,4
GENE.145,chr1,215776,217509,+,1734,896,896,896,906,907,774,826,774,907
GENE.1450,chr6;chr6;chr6,449291;450957;451417,450578;451165;451461,+;+;+,1542,1508,1508,1508,1520,1517,1415,1474,1415,1517
GENE.1451,chr6;chr6;chr6,452667;452870;453347,452701;452998;453446,+;+;+,264,16,16,16,31,18,13,16,13,18
GENE.1452,chr6,453671,455689,+,2019,1232,1232,1232,1234,1247,1000,1148,1000,1247
GENE.1453,chr6,456747,460589,-,3843,0,0,1,0,31,1,0,1,25
GENE.1454,chr6;chr6;chr6,463564;463823;464514,463700;464386;464676,-;-;-,864,22,22,22,22,24,18,22,18,24
GENE.1455,chr6,466198,466449,-,252,0,0,0,0,7,0,0,0,7
GENE.1456,chr6;chr6;chr6,467481;467861;468525,467679;468380;468642,+;+;+,837,83,83,83,87,90,83,83,83,90
GENE.1457,chr6;chr6;chr6,470049;470224;470894,470051;470732;471224,+;+;+,843,1974,1974,1974,1984,1982,1805,1883,1805,1982
GENE.1458,chr6,471658,474150,-,2493,21296,21296,21298,21364,21840,19477,20192,19477,21840
GENE.1459,chr6,482825,483907,-,1083,2664,2664,2664,2668,2685,2438,2540,2438,2685
GENE.146,chr1,218517,218824,-,308,0,0,0,0,0,0,0,0,0
GENE.1460,chr6,485114,487066,-,1953,0,0,3,0,9,0,1,0,9
GENE.1461,chr6;chr6;chr6,488579;488881;489285,488627;488984;489287,-;-;-,156,12,12,12,13,16,12,9,12,16
GENE.1462,chr6;chr6;chr6;chr6;chr6,490858;491071;491283;491578;491810,490959;491164;491429;491650;501140,-;-;-;-;-,9747,44770,44781,44926,46630,46289,37285,41141,37113,46285
GENE.1463,chr6;chr6;chr6,506380;506843;507160,506741;506972;507198,+;+;+,531,215,215,215,215,217,199,209,199,217
GENE.1464,chr6;chr6;chr6,507678;508022;508197,507784;508079;508286,-;-;-,255,3,3,3,4,10,3,2,3,10
GENE.1465,chr6,509160,511130,-,1971,1606,1605,1609,1628,1737,1498,1512,1497,1737
GENE.1466,chr6;chr6;chr6;chr6;chr6;chr6;chr6;chr6,512972;513288;513720;513882;514151;514397;514599;514794,513073;513598;513783;514032;514242;514469;514645;519548,-;-;-;-;-;-;-;-,5595,568,568,571,568,637,486,538,486,637
GENE.1467,chr6,520751,521107,+,357,0,0,0,0,2,0,0,0,2
GENE.1468,chr6,521228,521938,+,711,0,0,0,0,1,0,0,0,1
GENE.1469,chr6,522300,522665,-,366,0,0,0,0,0,0,0,0,0
GENE.147,chr1,218894,219223,-,330,0,0,0,0,1,0,0,0,1
GENE.1470,chr6,523657,525105,-,1449,0,1,11,0,5,0,0,0,4
GENE.1471,chr6,525987,527030,-,1044,1106,1106,1106,1106,1116,1026,1079,1026,1116
GENE.1472,chr6,528060,529175,-,1116,5156,5153,5161,5220,5279,4797,4298,4796,5278
GENE.1473,chr6,531126,533186,+,2061,1920,1920,1920,1926,2001,1591,1811,1591,2001
GENE.1474,chr6;chr6;chr6;chr6;chr6;chr6,533932;534221;534623;534929;535151;535333,533974;534254;534673;535038;535246;535364,-;-;-;-;-;-,366,0,0,0,0,3,0,1,0,3
GENE.1475,chr6;chr6;chr6;chr6;chr6,533932;534604;534929;535151;535333,533974;534673;535038;535246;535364,-;-;-;-;-,351,0,0,0,0,3,0,1,0,3
GENE.1476,chr6;chr6;chr6;chr6;chr6,533907;534623;534929;535151;535333,533974;534673;535038;535246;535364,-;-;-;-;-,357,0,0,0,0,3,0,1,0,3
GENE.1477,chr6;chr6;chr6;chr6,537778;538011;538366;538532,537840;538066;538429;538585,+;+;+;+,237,4,4,4,6,10,4,4,4,10
GENE.1478,chr6;chr6,539304;539532,539343;539674,+;+,183,0,0,0,0,0,0,0,0,0
GENE.1479,chr6;chr6;chr6;chr6,540077;544097;544425;544604,543921;544265;544484;544798,-;-;-;-,4269,10458,10459,10457,11052,10615,9266,9837,9263,10615
GENE.148,chr1,221202,221633,+,432,118,118,118,120,122,113,114,113,122
GENE.1480,chr6;chr6,546964;547304,547167;547741,+;+,642,206,206,206,206,213,198,202,198,213
GENE.1481,chr6,548280,552371,-,4092,20340,20360,21071,25768,23916,21571,18701,21568,23916
GENE.1482,chr6;chr6,554457;555314,554646;558228,+;+,3105,0,0,0,0,28,0,29,0,28
GENE.1483,chr6,559349,561460,-,2112,2940,2941,2940,2968,3051,2346,2698,2346,3051
GENE.1484,chr6;chr6;chr6,566139;575316;578038,574995;577832;578993,+;+;+,12330,4831,4833,4856,4869,4958,4282,4877,4280,4958
GENE.1485,chr6,579435,585896,-,6462,0,0,0,0,57,0,0,0,57
GENE.1486,chr6,587019,588635,-,1617,0,0,0,0,2,0,0,0,2
GENE.1487,chr6,589457,592264,-,2808,0,0,1,0,14,1,12,1,14
GENE.1488,chr6,593172,595904,-,2733,0,0,2,0,8,0,57,0,7
GENE.1489,chr6;chr6;chr6;chr6,597484;597805;598028;598286,597648;597877;598119;600517,-;-;-;-,2562,0,0,0,0,12,0,44,0,12
GENE.149,chr1,222254,223960,-,1707,996,996,996,998,1008,909,964,909,1008
GENE.1490,chr6,604573,605340,+,768,0,0,0,0,10,0,3,0,10
GENE.1491,chr6;chr6;chr6,606142;606868;607257,606581;606973;607259,-;-;-,549,0,0,0,0,7,0,0,0,7
GENE.1492,chr6,609258,611102,-,1845,2672,2672,2685,2740,2749,2341,2520,2235,2735
GENE.1493,chr6;chr6,612471;614341,614227;614398,+;+,1815,25356,25356,25357,25644,25580,22548,24123,22548,25574
GENE.1494,chr6,615297,616610,-,1314,0,0,0,0,10,0,0,0,10
GENE.1495,chr6;chr6;chr6,617762;618075;619335,617834;619090;621536,+;+;+,3291,0,0,1,0,8,0,40,0,8
GENE.1496,chr6,622272,622712,+,441,0,0,0,0,1,0,0,0,1
GENE.1497,chr6,623023,624321,-,1299,0,0,0,0,12,0,0,0,12
GENE.1498,chr6;chr6;chr6;chr6;chr6;chr6;chr6;chr6;chr6,625365;625642;626005;626107;626423;626683;627011;627293;627559,625517;625832;626023;626276;626552;626765;627176;627460;627612,+;+;+;+;+;+;+;+;+,1134,0,0,0,0,1,0,0,0,1
GENE.1499,chr6,627693,630317,-,2625,1390,1392,1406,1490,1521,1245,1276,1245,1521
GENE.15,chrM,1794,1829,+,36,0,0,0,0,0,0,0,0,0
GENE.150,chr1;chr1,225110;225764,225582;225779,-;-,489,519,519,519,520,528,464,475,464,528
GENE.1500,chr6;chr6;chr6;chr6;chr6;chr6;chr6;chr6;chr6,630956;631198;631366;631537;631700;631899;632051;632225;636545,631039;631254;631413;631593;631764;631950;632128;636343;640174,-;-;-;-;-;-;-;-;-,8190,0,0,3,0,32,0,13,0,32
GENE.1501,chr6,644052,646169,+,2118,8406,8406,8406,8714,8472,7816,8093,7814,8472
GENE.1502,chr6;chr6;chr6;chr6;chr6;chr6;chr6;chr6,646637;646851;647191;652067;654438;654736;655109;655539,646694;647070;651841;654289;654550;654850;655257;655596,-;-;-;-;-;-;-;-,7587,29385,29385,29425,30517,30540,26230,28221,26230,30540
GENE.1503,chr6;chr6;chr6;chr6;chr6;chr6;chr6,656376;656493;656710;656906;657078;657288;657542,656400;656557;656784;656983;657146;657351;657636,+;+;+;+;+;+;+,471,616,616,616,634,616,587,578,587,616
GENE.1504,chr6;chr6;chr6,657939;658383;661080,658256;660912;661789,-;-;-,3558,0,0,2,0,23,0,34,0,23
GENE.1505,chr6,662435,667855,-,5421,0,0,7,0,21,0,0,0,20
GENE.1506,chr6;chr6;chr6,669860;671375;671559,671233;671420;671632,+;+;+,1494,3785,3795,3831,4201,4042,3027,3558,3006,4042
GENE.1507,chr6;chr6,672119;672509,672316;672754,+;+,444,251,251,252,266,252,215,223,215,252
GENE.1508,chr6;chr6;chr6;chr6;chr6,674118;675723;675867;676124;676309,675620;675752;675989;676176;676375,+;+;+;+;+,1776,0,0,3,0,9,0,0,0,9
GENE.1509,chr6,676888,677571,-,684,1440,1440,1440,1452,1452,1346,1397,1346,1452
GENE.151,chr1;chr1,226681;227075,226892;227285,-;-,423,274,274,274,300,274,234,228,234,274
GENE.1510,chr6,678387,683429,+,5043,5384,5384,5398,5498,5450,4983,5377,4673,5444
GENE.1511,chr6,684742,688857,+,4116,0,0,3,0,19,0,16,0,19
GENE.1512,chr6,689254,691131,-,1878,868,868,869,874,879,838,851,838,878
GENE.1513,chr6,691769,693319,-,1551,6824,6824,6826,7126,6918,6331,6645,6331,6918
GENE.1514,chr6,695929,697494,+,1566,26,26,26,26,31,25,25,25,31
GENE.1515,chr6,699252,703217,+,3966,366,366,367,368,402,312,345,312,402
GENE.1516,chr6,704035,705168,-,1134,3384,3384,3384,3388,3665,3062,3270,3062,3665
GENE.1517,chr6;chr6;chr6;chr6;chr6;chr6;chr6,710059;712880;713559;713848;714153;714306;714489,712667;713422;713727;714048;714194;714364;714576,+;+;+;+;+;+;+,3711,0,0,3,0,23,1,246,1,23
GENE.1518,chr6;chr6;chr6;chr6,717050;717320;717946;718838,717154;717722;718698;718917,+;+;+;+,1341,3076,3076,3076,3105,3116,2913,2985,2913,3116
GENE.1519,chr6;chr6;chr6,720535;720802;721184,720645;720981;721312,+;+;+,420,0,0,0,0,2,0,0,0,2
GENE.152,chr1;chr1,226681;227075,226871;227285,-;-,402,274,274,274,300,274,234,228,234,274
GENE.1520,chr6;chr6,723117;725350,724160;731490,-;-,7185,0,0,1,4,41,44,13,44,41
GENE.1521,chr6,735368,736327,+,960,1778,1778,1778,1784,1804,1606,1682,1606,1804
GENE.1522,chr6;chr6,738259;739197,739098;739265,-;-,909,168,168,168,168,171,153,156,153,171
GENE.1523,chr6;chr6,741269;742332,742189;742406,-;-,996,3566,3566,3566,3574,3621,3009,3367,3009,3621
GENE.1524,chr6,748416,748814,-,399,0,0,0,0,0,0,0,0,0
GENE.1525,chr6,754395,754805,+,411,206,206,206,206,209,197,197,197,209
GENE.1526,chr6,758609,760996,+,2388,1690,1690,1693,1726,1722,1504,1645,1504,1722
GENE.1527,chr6,761939,764170,+,2232,24610,24610,24610,24848,25082,20087,22733,20087,25082
GENE.1528,chr6;chr6,764667;765489,765262;765492,-;-,600,408,408,408,416,413,374,398,374,413
GENE.1529,chr6;chr6,768792;769175,768956;769456,+;+,447,0,0,0,0,1,0,0,0,1
GENE.153,chr1,228485,229519,-,1035,2546,2546,2546,2546,2557,2361,2447,2361,2557
GENE.1530,chr6;chr6;chr6;chr6;chr6,770147;770463;770693;770969;771238,770372;770542;770806;771076;772506,-;-;-;-;-,1797,2481,2481,2481,2507,2506,2108,2370,2108,2506
GENE.1531,chr6,774529,775470,+,942,1534,1534,1534,1540,1568,1404,1477,1404,1568
GENE.1532,chr6;chr6;chr6;chr6;chr6;chr6;chr6;chr6,775980;776211;776437;776586;776818;777089;777237;777588,776070;776289;776486;776698;776905;777135;777345;777835,-;-;-;-;-;-;-;-,825,140,140,140,152,142,133,159,133,142
GENE.1533,chr6;chr6,778692;779605,779514;779636,+;+,855,0,0,0,0,1,6,0,6,1
GENE.1534,chr6;chr6,779849;781681,781310;783296,-;-,3078,764,764,766,768,792,705,777,705,792
GENE.1535,chr6;chr6;chr6;chr6;chr6;chr6;chr6;chr6;chr6;chr6,784354;784923;786369;786592;786923;787083;787248;787454;787677;787902,784506;786232;786470;786721;787002;787153;787337;787570;787687;788027,+;+;+;+;+;+;+;+;+;+,2190,957,957,957,995,966,857,922,857,966
GENE.1536,chr6;chr6;chr6;chr6;chr6,784354;784923;786369;786592;787083,784506;786232;786470;786721;787118,+;+;+;+;+,1731,954,954,954,992,962,854,919,854,962
GENE.1537,chr6;chr6;chr6;chr6;chr6;chr6;chr6;chr6;chr6;chr6;chr6;chr6;chr6;chr6,788707;788931;789182;789691;789942;790109;790292;790482;790726;794732;794962;795263;795553;795937,788787;789033;789564;789802;790003;790176;790382;790556;794540;794834;795110;795396;795678;796025,-;-;-;-;-;-;-;-;-;-;-;-;-;-,5391,0,0,1,0,24,1,35,1,24
GENE.1538,chr6;chr6;chr6;chr6;chr6;chr6;chr6;chr6;chr6;chr6;chr6;chr6;chr6;chr6,788707;788931;789182;789691;789942;790109;790292;790482;790726;794732;794962;795263;795553;795937,788787;789033;789564;789802;790003;790176;790382;790556;794540;794837;795110;795396;795678;796025,-;-;-;-;-;-;-;-;-;-;-;-;-;-,5394,0,0,1,0,24,1,35,1,24
GENE.1539,chr6;chr6;chr6,797211;797686;798062,797532;797908;798518,+;+;+,1002,2917,2917,2917,2967,2979,2684,2815,2684,2979
GENE.154,chr1;chr1;chr1,230289;231631;234260,231382;234068;234402,-;-;-,3675,0,0,0,0,6,0,0,0,6
GENE.1540,chr6;chr6,799397;800031,799826;802789,+;+,3189,9616,9615,9617,9696,9706,8507,9010,8507,9706
GENE.1541,chr6;chr6;chr6,803374;803807;804050,803640;803893;814552,-;-;-,10857,0,1,7,0,38,0,10,0,37
GENE.1542,chr6;chr6,815622;817947,817807;818247,-;-,2487,14094,14094,14095,14140,14173,12538,13630,12538,14171
GENE.1543,chr6,820069,824247,-,4179,8744,8744,8744,8762,8819,7943,8289,7943,8819
GENE.1544,chr6,825157,827772,+,2616,254,254,255,254,269,235,339,235,269
GENE.1545,chr6;chr6;chr6,828199;828505;829163,828383;828994;830389,-;-;-,1902,241,241,241,263,244,192,233,192,244
GENE.1546,chr6;chr6,831286;838818,838662;839033,-;-,7593,9986,9996,10067,10514,11124,8874,9414,8497,10475
GENE.1547,chr6,840523,841224,+,702,710,710,712,714,735,647,689,647,735
GENE.1548,chr6,841846,843363,-,1518,4380,4380,4381,4404,4509,3849,4189,3849,4509
GENE.1549,chr6;chr6,845660;845844,845738;846157,+;+,393,9,9,9,9,10,9,9,9,10
GENE.155,chr1,238666,247857,+,9192,0,0,3,0,44,1,158,0,44
GENE.1550,chr6,846523,847494,-,972,2916,2912,2912,3254,2975,2701,2340,2700,2966
GENE.1551,chr6,848405,850864,-,2460,0,0,0,0,23,0,0,0,23
GENE.1552,chr6,851378,852955,-,1578,0,0,0,0,9,0,3,0,9
GENE.1553,chr6,855160,857112,+,1953,17052,17052,17052,17070,17393,15887,16542,15887,17393
GENE.1554,chr6,857726,858610,+,885,0,0,0,0,1,0,0,0,1
GENE.1555,chr6,859026,860114,-,1089,0,0,1,0,2,0,0,0,2
GENE.1556,chr6,861017,861088,+,72,0,0,0,0,0,0,0,0,0
GENE.1557,chr6,861685,861765,-,81,0,0,0,0,0,0,0,0,0
GENE.1558,chr6,862882,865416,+,2535,2256,2256,2257,2286,2350,1845,2124,1845,2350
GENE.1559,chr6,865845,869909,-,4065,4918,4918,4918,4974,5019,4183,4705,4183,5019
GENE.156,chr1;chr1,249231;250648,250366;252010,-;-,2499,10299,10299,10299,10337,10928,8865,9581,8865,10928
GENE.1560,chr6,871297,872202,-,906,0,0,0,0,42,0,0,0,42
GENE.1561,chr6,873809,876190,+,2382,0,0,2,0,8,0,198,0,8
GENE.1562,chr6,878790,880784,+,1995,560,560,560,562,573,486,541,486,573
GENE.1563,chr6,881963,882994,+,1032,4284,4284,4285,4296,4434,3887,4080,3887,4434
GENE.1564,chr6,883563,883644,-,82,0,0,0,0,0,0,0,0,0
GENE.1565,chr6;chr6;chr6;chr6,884428;889036;889235;889433,888924;889137;889304;889614,+;+;+;+,4851,22194,22194,22200,22304,22439,20463,21165,20463,22439
GENE.1566,chr6;chr6;chr6,891997;892433;892641,892306;892540;892777,+;+;+,555,0,0,0,0,0,0,0,0,0
GENE.1567,chr6,893450,895780,-,2331,2808,2808,2815,2862,2905,2626,2672,2626,2905
GENE.1568,chr6;chr6;chr6,896989;897329;897713,897217;897482;897968,+;+;+,639,501,501,501,517,507,366,487,366,507
GENE.1569,chr6,898341,902363,-,4023,2062,2062,2069,2072,2092,1897,1908,1897,2092
GENE.157,chr1,253584,254930,+,1347,1182,1182,1182,1208,1198,1102,1117,1102,1198
GENE.1570,chr6,903740,906322,-,2583,0,0,0,0,9,0,10,0,9
GENE.1571,chr6;chr6;chr6;chr6,908017;908279;908483;910973,908112;908327;910718;911096,+;+;+;+,2505,575,575,575,587,586,520,558,520,586
GENE.1572,chr6,911503,911889,+,387,0,0,0,0,0,0,0,0,0
GENE.1573,chr6,912406,913710,-,1305,0,0,0,0,10,0,0,0,10
GENE.1574,chr6;chr6;chr6;chr6,914743;914891;915169;915382,914743;915008;915292;915429,+;+;+;+,291,0,0,0,0,0,0,0,0,0
GENE.1575,chr6;chr6,916000;917192,917037;917299,-;-,1146,2367,2367,2367,2378,2438,2095,2252,2095,2438
GENE.1576,chr6,919685,924028,+,4344,0,1,1,0,25,0,58,0,25
GENE.1577,chr6,925105,931074,-,5970,0,1,6,0,33,2,46,2,31
GENE.1578,chr6,937068,938651,-,1584,0,0,0,0,5,0,0,0,5
GENE.1579,chr6;chr6;chr6;chr6;chr6;chr6;chr6;chr6;chr6;chr6;chr6;chr6,939660;940357;940514;940712;940895;941158;941953;942219;942482;943068;943232;943538,940184;940412;940586;940786;940956;941838;942008;942294;942857;943111;943385;943720,-;-;-;-;-;-;-;-;-;-;-;-,2361,14474,14474,14477,14709,14563,12807,12906,12807,14563
GENE.158,chr1,255775,258543,-,2769,0,0,1,0,4,0,0,0,4
GENE.1580,chr6,946129,947244,+,1116,3664,3664,3664,3670,3701,3046,3560,3046,3701
GENE.1581,chr6;chr6;chr6;chr6,947493;947796;947981;948383,947632;947843;948241;948644,-;-;-;-,711,2542,2541,2542,2576,2551,2353,2499,2353,2551
GENE.1582,chr6,950223,951506,-,1284,0,0,0,0,7,0,1,0,7
GENE.1583,chr6;chr6;chr6;chr6;chr6;chr6;chr6;chr6;chr6,952906;953106;953271;953480;953918;954059;954243;954490;954782,952964;953165;953390;953623;953959;954103;954333;954662;954848,-;-;-;-;-;-;-;-;-,801,86,86,87,89,97,76,83,76,97
GENE.1584,chr6;chr6,956765;958626,958481;958756,+;+,1848,0,0,0,0,6,0,0,0,6
GENE.1585,chr6,959132,962545,-,3414,0,0,4,0,8,0,34,0,8
GENE.1586,chr6,963741,970955,-,7215,0,0,18,0,63,5,11,5,61
GENE.1587,chr6,977183,978049,+,867,0,0,0,0,2,0,0,0,2
GENE.1588,chr6,981066,982547,+,1482,72,72,72,72,83,60,67,60,83
GENE.1589,chr6;chr6,983946;984935,984709;984989,+;+,819,646,646,646,646,654,614,618,614,654
GENE.159,chr1,260658,261809,-,1152,304,304,304,306,316,268,285,268,316
GENE.1590,chr6;chr6;chr6;chr6;chr6;chr6;chr6,985047;985242;985492;985708;985910;986527;986814,985089;985390;985546;985841;986344;986679;986870,-;-;-;-;-;-;-,1026,0,0,0,0,3,0,0,0,3
GENE.1591,chr6;chr6;chr6;chr6;chr6;chr6;chr6;chr6;chr6,987808;988084;988223;988420;988676;988959;989072;989369;989592,987904;988107;988278;988436;988803;988989;989147;989452;989636,+;+;+;+;+;+;+;+;+,558,173,173,173,196,174,179,169,179,174
GENE.1592,chr6,990375,992198,-,1824,9132,9132,9135,9252,9279,7526,8311,7526,9279
GENE.1593,chr6,994284,994553,+,270,0,0,0,0,2,0,0,0,2
GENE.1594,chr6,999524,1007683,+,8160,26228,26228,26231,26662,26753,23646,25790,23558,26746
GENE.1595,chr6;chr6;chr6;chr6;chr6;chr6,1009457;1009663;1009814;1009926;1010112;1010296,1009502;1009725;1009852;1010030;1010179;1010718,-;-;-;-;-;-,744,2553,2553,2553,2937,2601,2161,2412,2161,2601
GENE.1596,chr6;chr6;chr6;chr6;chr6;chr6;chr6;chr6;chr6;chr6,1011429;1012860;1013078;1013377;1013717;1013969;1014108;1014235;1014307;1014512,1012693;1012901;1013276;1013507;1013723;1013995;1014137;1014261;1014395;1014569,-;-;-;-;-;-;-;-;-;-,1875,0,0,0,0,9,0,0,0,9
GENE.1597,chr6;chr6;chr6;chr6;chr6;chr6;chr6;chr6;chr6;chr6;chr6,1015868;1016069;1016330;1016647;1016953;1017126;1017323;1017513;1017876;1018067;1018334,1015933;1016179;1016511;1016833;1017026;1017222;1017407;1017760;1017938;1018180;1018444,+;+;+;+;+;+;+;+;+;+;+,1338,0,0,0,0,9,0,0,0,9
GENE.1598,chr6;chr6;chr6;chr6,1020024;1020434;1021443;1021678,1020249;1021203;1021568;1021875,+;+;+;+,1320,6400,6408,6400,7110,6600,5483,6174,5483,6600
GENE.1599,chr6;chr6;chr6;chr6,1020024;1020434;1021443;1021678,1020315;1021203;1021568;1021875,+;+;+;+,1386,6404,6412,6404,7114,6604,5487,6178,5487,6604
GENE.16,chrM,1830,1910,+,81,0,0,0,0,0,0,0,0,0
GENE.160,chr1;chr1,263340;264096,263859;264223,-;-,648,0,0,0,0,2,0,0,0,2
GENE.1600,chr6,1023015,1024214,+,1200,2386,2386,2386,2398,2446,1928,2202,1928,2446
GENE.1601,chr6,1025179,1026336,+,1158,5490,5490,5490,5508,5545,5133,5290,5133,5545
GENE.1602,chr6,1026823,1031157,-,4335,5468,5474,5513,5926,5720,4846,5255,4842,5682
GENE.1603,chr6,1032536,1033774,-,1239,26,26,26,26,28,26,27,26,28
GENE.1604,chr6,1035358,1036371,+,1014,546,546,546,554,556,488,530,488,556
GENE.1605,chr6,1039655,1041550,+,1896,466,466,466,466,481,431,440,431,481
GENE.1606,chr6,1042652,1042948,-,297,0,0,1,0,4,0,0,0,4
GENE.1607,chr6,1043546,1045474,+,1929,0,0,0,0,11,0,43,0,11
GENE.1608,chr6;chr6,1046986;1047985,1047898;1048052,+;+,981,990,990,990,992,994,951,958,951,994
GENE.1609,chr6,1048710,1053965,-,5256,7262,7262,7264,7312,7370,6554,6852,6554,7370
GENE.161,chr1;chr1;chr1,265208;265674;266116,265537;265972;269173,-;-;-,3687,3952,3952,3952,3982,4015,3569,3784,3569,4015
GENE.1610,chr6;chr6;chr6;chr6;chr6;chr6;chr6;chr6;chr6,1056052;1056320;1056689;1056948;1057191;1057457;1057705;1058019;1058488,1056152;1056531;1056818;1057060;1057357;1057584;1057857;1058124;1058529,+;+;+;+;+;+;+;+;+,1152,0,0,0,0,11,0,0,0,11
GENE.1611,chr6,1058666,1059922,-,1257,0,0,3,0,2,0,0,0,2
GENE.1612,chr6;chr6;chr6,1061115;1062552;1062838,1062371;1062662;1062891,-;-;-,1422,13935,13936,13935,13963,14210,11914,13517,11914,14210
GENE.1613,chr6,1065147,1068626,+,3480,6246,6253,6605,7364,7667,5935,5825,5624,7611
GENE.1614,chr6,1069962,1072805,+,2844,2272,2272,2274,2300,2370,1953,2187,1953,2370
GENE.1615,chr6,1073458,1073895,-,438,322,322,322,324,325,313,313,313,325
GENE.1616,chr6,1075018,1076136,+,1119,0,0,0,0,3,0,0,0,3
GENE.1617,chr6;chr6;chr6,1078995;1079470;1080687,1079178;1080187;1081320,+;+;+,1536,0,0,0,0,13,0,0,0,13
GENE.1618,chr6,1080331,1080559,+,229,0,0,0,0,0,0,0,0,0
GENE.1619,chr6,1082910,1084028,+,1119,1196,1196,1196,1208,1202,1097,1135,1097,1202
GENE.162,chr1;chr1;chr1;chr1,272454;272667;272859;273180,272515;272764;272944;273404,+;+;+;+,471,0,0,0,0,0,0,0,0,0
GENE.1620,chr6,1084508,1084840,-,333,0,0,0,0,0,0,0,0,0
GENE.1621,chr6,1089190,1094328,+,5139,16268,16268,16269,16378,16731,14154,15593,14154,16731
GENE.1622,chr6;chr6;chr6;chr6;chr6;chr6;chr6;chr6,1095065;1095156;1095296;1095527;1095738;1095910;1096175;1096368,1095077;1095206;1095387;1095630;1095789;1095963;1096222;1096373,-;-;-;-;-;-;-;-,420,0,0,0,0,2,0,0,0,2
GENE.1623,chr6,1097300,1098649,-,1350,0,0,1,0,3,2,5,1,3
GENE.1624,chr6,1100277,1100858,-,582,648,648,649,648,654,603,619,603,654
GENE.1625,chr6;chr6;chr6,1101734;1102580;1102820,1102212;1102637;1102852,-;-;-,570,189,189,189,190,198,182,183,182,198
GENE.1626,chr6,1104015,1105199,+,1185,0,0,1,0,3,50,15,1,2
GENE.1627,chr6,1108197,1111640,+,3444,3784,3784,3784,3800,4049,3292,3671,3292,4049
GENE.1628,chr6,1114544,1117537,-,2994,10370,10370,10374,10398,10408,9073,9579,9073,10408
GENE.1629,chr6;chr6;chr6,1119587;1120195;1120685,1119922;1120560;1120858,+;+;+,876,225,225,225,229,228,217,218,217,228
GENE.163,chr1,274315,278550,+,4236,1658,1658,1664,1696,1673,1455,1591,1455,1673
GENE.1630,chr6,1121690,1122211,+,522,310,310,310,310,310,280,298,280,310
GENE.1631,chr6,1122801,1153664,-,30864,192070,192072,192112,192806,195230,169341,180904,169335,195224
GENE.1632,chr6,1159862,1169080,+,9219,0,1,22,0,49,23,89,23,49
GENE.1633,chr6;chr6;chr6;chr6;chr6;chr6;chr6;chr6;chr6;chr6;chr6;chr6,1170813;1171202;1171405;1171615;1171905;1172136;1172352;1172575;1172747;1172942;1173215;1173562,1171058;1171296;1171461;1171688;1171973;1172224;1172423;1172613;1172809;1173037;1173355;1173696,-;-;-;-;-;-;-;-;-;-;-;-,1176,2457,2457,2458,2516,2476,2322,2200,2322,2476
GENE.1634,chr6;chr6;chr6;chr6;chr6;chr6;chr6;chr6,1176265;1176699;1176968;1177152;1177466;1177888;1178041;1178388,1176282;1176804;1177049;1177351;1177715;1177962;1178129;1178587,+;+;+;+;+;+;+;+,1020,2051,2048,2051,2109,2059,1955,1950,1955,2059
GENE.1635,chr6,1179053,1180003,-,951,1860,1860,1860,1880,1887,1478,1785,1478,1887
GENE.1636,chr6;chr6;chr6;chr6;chr6,1180573;1180787;1180999;1181344;1182204,1180644;1180850;1181171;1182042;1182353,-;-;-;-;-,1158,2400,2400,2423,2424,2478,2015,2456,2015,2478
GENE.1637,chr6,1183896,1185617,+,1722,2722,2722,2724,2760,2738,2383,2591,2383,2738
GENE.1638,chr6,1185996,1188644,-,2649,3414,3414,3428,4046,3536,3049,3204,3049,3536
GENE.1639,chr6;chr6;chr6,1189472;1193615;1193760,1193530;1193665;1193978,+;+;+,4329,0,0,7,0,20,0,41,0,19
GENE.164,chr1,279115,280014,+,900,1186,1186,1187,1204,1218,1004,1092,1002,1218
GENE.1640,chr6,1194304,1195179,-,876,344,344,344,348,346,315,321,315,346
GENE.1641,chr6,1196041,1198038,-,1998,0,0,0,0,8,1,0,1,8
GENE.1642,chr6,1199853,1200995,-,1143,2778,2778,2778,2794,2908,2532,2665,2532,2908
GENE.1643,chr6,1205190,1207781,+,2592,2842,2841,2847,2936,2836,2466,2711,2464,2836
GENE.1644,chr6,1210420,1212762,+,2343,2610,2611,2611,2642,2640,2158,2443,2158,2640
GENE.1645,chr6;chr6,1213948;1214330,1214092;1216005,-;-,1821,0,1,1,0,7,3,0,3,7
GENE.1646,chr6;chr6,1218307;1218547,1218381;1219251,+;+,780,226,226,226,228,228,213,217,213,228
GENE.1647,chr6;chr6;chr6;chr6;chr6;chr6,1221941;1241748;1241983;1242299;1242613;1242848,1241571;1241862;1242144;1242469;1242720;1242922,+;+;+;+;+;+,20262,0,2,48,86,62,7,853,1,59
GENE.1648,chr6;chr6,1243580;1247168,1246917;1247219,-;-,3390,27837,27837,27838,27957,28010,25047,26546,25047,28010
GENE.1649,chr6;chr6;chr6,1250412;1251198;1251469,1251056;1251356;1251651,+;+;+,987,0,0,0,0,8,3,56,3,8
GENE.165,chr1,281155,285459,+,4305,2156,2156,2157,2162,2204,1777,1986,1766,2204
GENE.1650,chr6;chr6;chr6;chr6;chr6;chr6;chr6;chr6;chr6;chr6,1252052;1252270;1252542;1252763;1252975;1253160;1253334;1253459;1253601;1253864,1252182;1252348;1252618;1252851;1253035;1253206;1253373;1253519;1253736;1253985,-;-;-;-;-;-;-;-;-;-,843,472,472,472,497,482,479,464,479,482
GENE.1651,chr6,1254907,1256940,-,2034,0,1,6,0,24,57,1,0,24
GENE.1652,chr6;chr6;chr6;chr6;chr6,1258880;1259119;1259283;1259557;1259902,1258972;1259181;1259422;1259630;1259939,+;+;+;+;+,408,575,575,575,588,579,531,544,531,579
GENE.1653,chr6;chr6;chr6;chr6,1260398;1260774;1267051;1269389,1260601;1266852;1269283;1269596,-;-;-;-,8724,16898,16898,16907,17000,17239,14583,15754,14583,17235
GENE.1654,chr6,1272363,1273532,-,1170,2314,2314,2324,2370,2323,2129,2218,2017,2323
GENE.1655,chr6,1276329,1277825,+,1497,5942,5942,5943,5954,5962,5570,5734,5570,5962
GENE.1656,chr6;chr6;chr6,1279820;1280391;1283243,1279927;1283086;1283246,+;+;+,2808,0,0,5,0,8,6,69,0,6
GENE.1657,chr6,1285058,1287031,+,1974,7032,7032,7032,7336,7055,6187,6602,6187,7053
GENE.1658,chr6;chr6;chr6;chr6;chr6;chr6;chr6;chr6;chr6;chr6;chr6,1288237;1288444;1288709;1288878;1289158;1289440;1289718;1289889;1290156;1290433;1290674,1288332;1288509;1288780;1288963;1289320;1289605;1289760;1290050;1290261;1290516;1290805,+;+;+;+;+;+;+;+;+;+;+,1176,1219,1219,1219,1247,1262,1180,1198,1180,1262
GENE.1659,chr6;chr6,1291035;1291311,1291178;1292972,-;-,1806,296,296,296,296,305,269,285,269,305
GENE.166,chr1;chr1;chr1;chr1;chr1;chr1;chr1;chr1;chr1,286951;287269;287561;287779;287972;288214;288522;288712;288880,287050;287352;287630;287817;288084;288266;288615;288764;288918,+;+;+;+;+;+;+;+;+,645,1450,1450,1450,1521,1465,1367,1380,1367,1465
GENE.1660,chr6,1295474,1296331,+,858,1288,1278,1176,1288,1282,1106,712,1106,1282
GENE.1661,chr6;chr6,1297885;1298057,1297968;1299373,+;+,1401,0,1036,946,1104,1045,988,46,988,1045
GENE.1662,chr6,1313708,1315253,-,1546,0,101,250,390,249,293,30,293,249
GENE.1663,chr6,1316873,1317721,+,849,0,7804,6716,7900,8061,6252,128,6252,8061
GENE.1664,chr6;chr6,1318327;1319048,1318953;1319116,-;-,696,0,206,202,416,240,210,17,210,240
GENE.1665,chr6;chr6,1321320;1322026,1321943;1322094,-;-,693,0,1726,1590,2984,1796,1566,14,1566,1796
GENE.1666,chr6;chr6,1323294;1323575,1323362;1324435,+;+,930,0,3603,3182,4530,3667,2762,41,2762,3667
GENE.1667,chr6;chr6;chr6,1326737;1326907;1327869,1326808;1327867;1327918,+;+;+,1083,1020,2400,2261,2460,2415,2118,96,2118,2415
GENE.1668,chr6;chr6,1329771;1329989,1329824;1330963,+;+,1029,4213,4208,4171,4227,4264,3868,3981,3868,4264
GENE.1669,chr6;chr6,1333013;1333193,1333081;1334035,+;+,912,358,358,358,358,370,309,351,309,370
GENE.167,chr1,290386,292590,+,2205,0,0,1,0,9,0,38,0,9
GENE.1670,chr6;chr6,1336146;1336415,1336199;1337473,+;+,1113,922,922,922,922,975,828,884,827,975
GENE.1671,chr6;chr6,1338218;1339364,1339135;1339417,-;-,972,0,11,6,16,15,8,0,8,15
GENE.1672,chr6;chr6,1341307;1342542,1342386;1342595,-;-,1134,6740,6732,6730,6876,6861,5578,6309,5578,6861
GENE.1673,chr6;chr6,1347341;1347561,1347409;1348571,+;+,1080,216,217,235,216,225,171,194,171,225
GENE.1674,chr6;chr6,1350724;1351008,1350777;1352087,+;+,1134,2063,2072,2065,2071,2154,1883,1951,1880,2154
GENE.1675,chr6;chr6,1353946;1356045,1355424;1366430,-;-,11865,9306,9306,9307,9344,9426,8267,8803,8267,9426
GENE.1676,chr6;chr6,1367912;1368127,1367980;1369107,+;+,1050,22,31,31,46,50,59,43,59,50
GENE.1677,chr6;chr6,1371501;1371785,1371554;1372861,+;+,1131,805,819,806,809,835,638,765,633,835
GENE.1678,chr6;chr6,1374797;1377351,1376236;1382627,-;-,6717,2043,2137,2132,2211,2195,1994,1885,1994,2195
GENE.1679,chr7;chr7,20307;26746,25829;28083,+;+,6861,0,0,4,6,19,28,27,28,19
GENE.168,chr1;chr1;chr1;chr1;chr1;chr1,293642;293960;294250;294433;294710;294882,293765;294027;294336;294513;294769;294968,+;+;+;+;+;+,507,65,65,65,65,67,61,61,61,67
GENE.1680,chr7;chr7,30097;30352,30150;31269,+;+,972,1278,1282,1278,1290,1402,1197,1210,1197,1402
GENE.1681,chr7;chr7,33585;34736,34466;34804,-;-,951,378,374,376,379,381,357,117,357,381
GENE.1682,chr7;chr7,36922;37859,37755;37927,-;-,903,0,0,2,2,6,2,6,2,6
GENE.1683,chr7;chr7,40288;41382,41289;41453,-;-,1074,2406,2406,2406,2412,2437,2308,2341,2308,2437
GENE.1684,chr7;chr7;chr7,43192;43995;44061,43917;44058;44140,-;-;-,870,0,0,0,0,2,0,0,0,2
GENE.1685,chr7;chr7,45559;45813,45627;46607,+;+,864,2373,2374,2373,2383,2495,1735,2262,1735,2495
GENE.1686,chr7;chr7,48300;48480,48368;49106,+;+,696,416,416,416,418,422,339,375,339,422
GENE.1687,chr7;chr7,49779;50104,50102;50832,-;-,1053,2090,2270,2232,2358,2358,2147,1936,2147,2358
GENE.1688,chr7;chr7;chr7,52086;52487;52977,52484;52975;53636,+;+;+,1548,1034,2212,2734,2970,2546,2390,491,2390,2546
GENE.1689,chr7;chr7,55562;56728,56497;56781,-;-,990,2559,2574,2558,2572,2598,2228,2476,2228,2598
GENE.169,chr1,295300,296931,-,1632,1320,1320,1320,1360,1352,1192,1270,1192,1352
GENE.1690,chr7;chr7;chr7,59277;60007;60313,60004;60148;60366,-;-;-,924,0,95,129,213,112,113,54,113,112
GENE.1691,chr7;chr7;chr7,62220;62264;63330,62262;63231;63401,-;-;-,1083,0,2376,2260,2432,2404,2148,70,2148,2404
GENE.1692,chr7;chr7;chr7,65718;66375;66786,66373;66576;66854,-;-;-,927,1596,3471,3383,4836,3641,3412,328,3412,3641
GENE.1693,chr7;chr7,68066;68217,68134;68840,+;+,693,1066,2724,2472,3168,2784,2436,104,2436,2784
GENE.1694,chr7;chr7,71049;71222,71117;71860,+;+,708,205,205,206,207,204,197,204,197,204
GENE.1695,chr7,72477,73325,-,849,0,8116,7359,9464,8201,6850,89,6850,8201
GENE.1696,chr7;chr7,75918;76987,76844;77055,-;-,996,3994,3994,3994,4013,4038,3831,3911,3831,4038
GENE.1697,chr7;chr7,79890;82830,82670;82943,-;-,2895,25706,25706,25711,25910,26815,22865,24627,22842,26783
GENE.1698,chr7;chr7,84797;84991,84850;85674,+;+,738,0,0,0,0,2,0,0,0,2
GENE.1699,chr7;chr7;chr7,88685;89056;89949,88870;89947;90886,+;+;+,2016,2802,2802,2802,2810,2848,2401,2661,2401,2848
GENE.17,chrM,1916,2023,-,108,0,0,0,0,0,0,0,0,0
GENE.170,chr1;chr1;chr1;chr1;chr1;chr1;chr1;chr1;chr1;chr1,297362;297644;297899;298114;298301;298556;298694;298850;299063;299322,297535;297768;297992;298188;298480;298602;298739;298927;299181;299397,+;+;+;+;+;+;+;+;+;+,1014,154,154,156,156,162,128,140,128,162
GENE.1700,chr7,91867,93141,-,1275,0,0,0,0,5,0,0,0,5
GENE.1701,chr7;chr7,96761;97018,96832;98730,+;+,1785,0,0,1,0,4,0,6,0,4
GENE.1702,chr7;chr7,101694;102202,101981;102285,+;+,372,0,0,0,0,2,0,0,0,2
GENE.1703,chr7;chr7,104957;105813,105541;105989,-;-,762,1472,1472,1472,1474,1487,1373,1389,1373,1487
GENE.1704,chr7,109915,110178,+,264,0,0,0,0,0,0,0,0,0
GENE.1705,chr7,111473,111545,-,73,0,0,0,0,0,0,0,0,0
GENE.1706,chr7,112049,112132,+,84,0,0,0,0,0,0,0,0,0
GENE.1707,chr7;chr7;chr7;chr7,113144;113333;113664;113877,113184;113434;113772;113948,-;-;-;-,324,18,18,18,18,24,17,18,17,24
GENE.1708,chr7,115239,120770,+,5532,19504,19504,19514,19654,19728,17181,18768,17181,19728
GENE.1709,chr7,121414,121956,+,543,0,0,0,0,5,0,0,0,5
GENE.171,chr1;chr1,299562;300200,300092;300868,-;-,1200,0,0,0,0,4,0,0,0,4
GENE.1710,chr7,122513,127135,-,4623,16764,16816,16958,17670,19017,18146,16039,15279,17043
GENE.1711,chr7,128540,128980,+,441,350,350,350,350,365,253,286,253,365
GENE.1712,chr7,129370,131832,-,2463,3578,3578,3581,3586,3645,3005,3359,3005,3645
GENE.1713,chr7,135606,142505,+,6900,0,1,14,0,64,176,507,67,34
GENE.1714,chr7;chr7;chr7;chr7;chr7;chr7;chr7;chr7;chr7;chr7,144019;144107;144379;144583;144861;145046;145253;145470;145723;145867,144022;144171;144456;144672;144955;145138;145319;145606;145795;145953,+;+;+;+;+;+;+;+;+;+,789,144,144,144,146,144,139,140,139,144
GENE.1715,chr7,146645,147394,-,750,518,518,518,536,555,360,495,356,539
GENE.1716,chr7,149804,152980,+,3177,388,394,390,390,400,353,512,353,400
GENE.1717,chr7,153320,166396,-,13077,0,0,54,2,46,6,51,6,46
GENE.1718,chr7,167489,177295,-,9807,23038,23035,23049,23214,23320,20416,21487,20407,23320
GENE.1719,chr7,180036,190715,+,10680,57406,57403,57422,58674,58480,49329,54434,49122,58451
GENE.172,chr1,302937,303398,+,462,402,402,402,402,403,389,391,389,403
GENE.1720,chr7,191309,194890,-,3582,0,0,2,0,12,0,0,0,12
GENE.1721,chr7,197691,203249,+,5559,14964,14963,14965,15112,15349,13008,14579,12747,15343
GENE.1722,chr7,204718,207750,+,3033,928,929,928,932,947,857,915,857,947
GENE.1723,chr7,208690,213501,-,4812,10764,10778,10782,11052,11241,9416,9973,9334,10925
GENE.1724,chr7;chr7;chr7;chr7;chr7;chr7;chr7;chr7,216024;216364;216671;216904;217242;217477;217885;228992,216049;216500;216805;217064;217363;217573;228807;229072,-;-;-;-;-;-;-;-,11682,0,0,28,0,39,0,11,0,39
GENE.1725,chr7,233401,237414,+,4014,1522,1520,1526,1554,1560,1382,1454,1382,1560
GENE.1726,chr7,238159,242052,-,3894,0,0,0,0,24,0,0,0,24
GENE.1727,chr7,243898,245016,-,1119,420,420,420,430,435,366,395,366,435
GENE.1728,chr7;chr7,246259;247062,246809;250152,-;-,3642,1273,1273,1278,1327,1305,1195,1226,1195,1305
GENE.1729,chr7,252282,255251,+,2970,1370,1372,1391,1418,1437,1184,1295,1184,1431
GENE.173,chr1;chr1;chr1;chr1,304362;304604;304876;305123,304436;304733;304948;309257,-;-;-;-,4413,0,0,1,0,8,0,0,0,8
GENE.1730,chr7,256086,260684,+,4599,3922,3922,3925,3944,4029,3551,4225,3551,4029
GENE.1731,chr7,261977,264454,+,2478,4602,4602,4602,4632,4644,3717,4339,3717,4644
GENE.1732,chr7,264973,267438,-,2466,8650,8650,8650,8656,8721,7652,8194,7652,8721
GENE.1733,chr7;chr7,270022;270875,270634;278706,-;-,8445,9756,9756,9773,9822,9912,8707,9121,8707,9912
GENE.1734,chr7,281035,284433,-,3399,6728,6728,6729,6750,6835,6327,6396,6327,6834
GENE.1735,chr7;chr7;chr7,285472;285630;286111,285480;285729;286166,-;-;-,165,8,8,9,11,10,8,6,8,10
GENE.1736,chr7;chr7;chr7;chr7;chr7;chr7;chr7;chr7,287597;287772;287913;288084;288341;288671;288831;289005,287677;287803;287991;288145;288476;288713;288895;289088,-;-;-;-;-;-;-;-,582,169,169,169,169,173,153,162,153,173
GENE.1737,chr7;chr7;chr7;chr7,290100;290234;290517;290984,290143;290354;290615;291220,-;-;-;-,501,506,506,506,542,508,487,493,487,508
GENE.1738,chr7,293400,297089,+,3690,0,0,1,0,5,0,46,0,5
GENE.1739,chr7;chr7;chr7;chr7;chr7;chr7;chr7;chr7;chr7,297506;297600;297825;298016;298181;298393;298844;301324;302333,297518;297667;297920;298070;298280;298723;301231;302135;303059,-;-;-;-;-;-;-;-;-,4590,0,0,4,0,23,0,15,0,23
GENE.174,chr1,314618,319405,+,4788,0,0,2,0,11,0,8,0,11
GENE.1740,chr7;chr7;chr7,304315;304504;304668,304387;304576;304755,+;+;+,234,0,0,0,0,1,0,67,0,1
GENE.1741,chr7;chr7,305563;305991,305877;306032,+;+,357,0,0,0,0,1,0,40,0,1
GENE.1742,chr7,306855,307133,-,279,0,0,0,0,0,0,0,0,0
GENE.1743,chr7,309902,315022,-,5121,0,0,37,0,30,0,101,0,29
GENE.1744,chr7,320248,322281,+,2034,1132,1132,1134,1134,1165,1018,1090,1018,1165
GENE.1745,chr7,322907,325528,+,2622,0,0,1,0,5,0,69,0,2
GENE.1746,chr7,326072,326144,+,73,0,0,0,0,1,0,0,0,1
GENE.1747,chr7,326726,326797,-,72,0,0,0,0,0,0,0,0,0
GENE.1748,chr7,327865,327937,+,73,0,0,0,0,0,0,0,0,0
GENE.1749,chr7,329012,329084,-,73,0,0,0,0,1,0,0,0,1
GENE.175,chr1,320168,321508,+,1341,1918,1918,1918,1938,1932,1712,1815,1712,1932
GENE.1750,chr7,329936,336325,-,6390,27404,27283,27749,31576,29859,24603,25578,24296,29158
GENE.1751,chr7;chr7;chr7;chr7;chr7,338885;339090;341572;341735;341995,338978;341393;341625;341779;342083,+;+;+;+;+,2586,1952,1952,1954,1958,1964,1780,1903,1780,1964
GENE.1752,chr7,343912,345903,+,1992,0,0,0,0,6,0,13,0,6
GENE.1753,chr7,348277,353082,+,4806,36080,36080,36091,36302,37315,31505,34478,31505,37259
GENE.1754,chr7,353986,354720,+,735,0,0,0,0,1,0,0,0,1
GENE.1755,chr7,357700,360585,+,2886,0,0,13,0,57,21,155,21,49
GENE.1756,chr7;chr7;chr7,362005;365545;365707,365423;365604;365779,+;+;+,3552,104,104,104,104,121,99,101,99,121
GENE.1757,chr7,366929,367708,+,780,0,0,0,0,6,0,0,0,6
GENE.1758,chr7;chr7;chr7,368707;371205;371574,371011;371407;371672,+;+;+,2607,0,0,0,0,10,0,0,0,10
GENE.1759,chr7,372897,373106,-,210,0,0,0,0,5,0,0,0,5
GENE.176,chr1,322371,326072,+,3702,19708,19708,19721,20074,19840,17657,18684,17657,19840
GENE.1760,chr7;chr7,374243;375336,375049;377393,-;-,2865,0,0,4,0,17,0,0,0,17
GENE.1761,chr7;chr7;chr7;chr7;chr7,378031;378226;378822;379087;379268,378051;378714;378890;379159;379305,+;+;+;+;+,690,0,0,1,0,1,0,0,0,1
GENE.1762,chr7;chr7,381592;383808,383022;384614,+;+,2238,0,0,0,0,9,1,0,1,9
GENE.1763,chr7,383172,383519,+,348,0,0,1,0,4,0,0,0,4
GENE.1764,chr7,385583,388321,-,2739,0,0,0,0,25,0,0,0,25
GENE.1765,chr7;chr7,389473;390336,390201;390365,-;-,759,190,190,190,190,196,155,179,155,196
GENE.1766,chr7,391502,392188,-,687,284,284,284,284,288,273,283,273,288
GENE.1767,chr7,395711,398332,+,2622,0,0,1,0,16,0,0,0,16
GENE.1768,chr7,399290,400243,-,954,3082,3082,3082,3110,3222,2805,2995,2805,3222
GENE.1769,chr7;chr7;chr7;chr7;chr7;chr7;chr7;chr7;chr7;chr7;chr7;chr7;chr7,403222;403490;403938;404283;404569;404764;404936;405146;405334;405539;405825;406017;406241,403312;403758;404110;404415;404640;404839;405018;405196;405390;405631;405869;406071;406317,+;+;+;+;+;+;+;+;+;+;+;+;+,1275,675,675,676,689,695,635,657,635,695
GENE.177,chr1,326397,327224,-,828,200,200,200,206,227,182,196,182,227
GENE.1770,chr7,406820,407448,-,629,140,141,140,164,178,107,124,107,142
GENE.1771,chr7,408215,411961,+,3747,878,878,878,884,906,729,827,727,906
GENE.1772,chr7,412343,413161,-,819,564,564,564,564,585,473,528,473,585
GENE.1773,chr7,413560,421749,-,8190,8612,8664,8944,10510,10284,8181,8121,8181,10284
GENE.1774,chr7;chr7,423236;425252,425098;427234,-;-,3846,13178,13178,13179,13458,13406,11644,12408,11644,13405
GENE.1775,chr7;chr7,428723;429138,428921;429346,+;+,408,228,228,228,248,228,171,219,171,228
GENE.1776,chr7;chr7;chr7;chr7,429857;430018;430249;430794,429900;430110;430617;433758,-;-;-;-,3471,0,0,2,0,12,0,0,0,12
GENE.1777,chr7,435089,436195,-,1107,2310,2310,2310,2310,2337,2078,2140,2078,2337
GENE.1778,chr7,437900,438094,+,195,0,0,0,0,3,1,0,1,3
GENE.1779,chr7;chr7;chr7,438557;439866;442671,439629;442514;445881,-;-;-,6933,0,0,1,0,46,1,23,1,46
GENE.178,chr1;chr1;chr1;chr1,328431;328609;328834;329556,328479;328703;329343;329558,-;-;-;-,657,353,353,353,357,357,339,341,339,357
GENE.1780,chr7;chr7;chr7;chr7;chr7;chr7;chr7,447515;453003;453492;454434;454756;454999;455950,452809;453234;454219;454578;454883;455727;458496,-;-;-;-;-;-;-,9804,1713,1713,1717,1717,1766,1534,1677,1534,1766
GENE.1781,chr7,460057,461436,+,1380,236,236,237,238,246,187,218,187,246
GENE.1782,chr7,463105,471837,+,8733,9240,9240,9249,9632,9356,8118,8870,8079,9356
GENE.1783,chr7;chr7;chr7;chr7,472501;472768;473072;473456,472680;472936;473248;473541,-;-;-;-,612,416,416,416,430,417,374,390,374,417
GENE.1784,chr7,474623,475720,+,1098,0,0,0,0,0,0,6,0,0
GENE.1785,chr7;chr7;chr7;chr7;chr7,476116;476340;476577;476877;477307,476192;476426;476705;477105;477552,-;-;-;-;-,768,0,0,0,0,3,0,0,0,3
GENE.1786,chr7;chr7,478468;478980,478761;479138,-;-,453,1762,1762,1762,1946,1766,1552,1672,1552,1766
GENE.1787,chr7,481369,481974,-,606,0,0,0,0,0,0,0,0,0
GENE.1788,chr7,482701,483831,-,1131,502,502,502,512,514,449,532,449,514
GENE.1789,chr7,484838,486037,+,1200,734,734,734,734,737,689,706,689,737
GENE.179,chr1,330738,332708,+,1971,84,84,84,84,86,71,79,71,86
GENE.1790,chr7,487281,490970,-,3690,5192,5192,5193,5234,5236,4738,4986,4738,5231
GENE.1791,chr7,492519,493232,-,714,1364,1364,1364,1378,1387,1150,1309,1150,1387
GENE.1792,chr7,495238,498240,+,3003,3296,3296,3320,3328,3311,3126,3178,3126,3311
GENE.1793,chr7,499336,499695,+,360,0,0,0,0,1,0,0,0,1
GENE.1794,chr7,500408,502594,-,2187,740,740,740,756,764,696,704,696,764
GENE.1795,chr7,505245,507311,+,2067,0,0,4,0,5,0,255,0,5
GENE.1796,chr7,508474,508609,+,136,0,0,0,0,0,0,0,0,0
GENE.1797,chr7;chr7,511950;514173,513344;519425,-;-,6648,0,148,126,302,179,363,166,363,174
GENE.1798,chr7,523147,523288,+,142,0,0,0,0,0,0,0,0,0
GENE.1799,chr7;chr7;chr7,525063;525115;526252,525113;526068;526320,-;-;-,1074,0,164,153,302,163,106,15,106,163
GENE.18,chrM,2035,3471,+,1437,0,0,0,0,0,0,0,0,0
GENE.180,chr1,337168,343833,+,6666,0,1,22,8,7,1,105,1,7
GENE.1800,chr7;chr7,527338;529654,528687;535131,-;-,6828,10589,10594,10591,10615,10765,9568,10230,9558,10745
GENE.1801,chr7,538519,538660,+,142,0,0,0,0,0,0,0,0,0
GENE.1802,chr7;chr7;chr7,540343;541222;541473,541220;541291;541541,-;-;-,1017,414,414,413,414,444,363,400,363,444
GENE.1803,chr7;chr7,542906;545154,544342;550520,-;-,6804,0,5,5,16,87,137,17,48,67
GENE.1804,chr7;chr7,552158;554132,553405;559078,-;-,6195,0,23,9,76,134,369,19,115,77
GENE.1805,chr7;chr7,562906;564089,563970;564160,-;-,1137,0,4,2,0,5,0,1,0,5
GENE.1806,chr7;chr7,566726;569014,568078;574308,-;-,6648,43965,44047,44003,44445,45194,39815,41831,39333,45062
GENE.1807,chr7,577945,578078,+,134,0,0,0,0,0,0,0,0,0
GENE.1808,chr7;chr7,581386;583641,582822;588923,-;-,6720,16533,16777,16703,16959,17479,15459,15538,15382,17467
GENE.1809,chr7;chr7,590326;592388,591558;597733,-;-,6579,0,56,64,114,410,590,170,505,402
GENE.181,chr1;chr1;chr1;chr1;chr1;chr1;chr1;chr1;chr1,344400;344676;344873;345142;345318;345503;345685;346015;346528,344555;344730;344997;345213;345401;345570;345851;346267;346540,-;-;-;-;-;-;-;-;-,993,2370,2370,2370,2450,2391,2170,2248,2170,2391
GENE.1810,chr7;chr7,602141;602410,602209;603381,+;+,1041,0,0,1,0,7,0,0,0,7
GENE.1811,chr7;chr7,605653;605814,605721;606440,+;+,696,792,792,792,902,863,667,752,667,863
GENE.1812,chr7,607111,607785,-,675,3964,3964,3964,3982,4103,3422,3787,3422,4103
GENE.1813,chr7;chr7;chr7,609297;609538;610319,609536;610317;610522,+;+;+,1224,6888,6888,6889,6890,6941,6094,6665,6094,6941
GENE.1814,chr7;chr7,612458;612770,612560;613740,+;+,1074,0,0,2,0,8,0,0,0,8
GENE.1815,chr7,614385,617249,+,2865,2984,2985,2987,3042,3003,2817,2922,2817,3003
GENE.1816,chr7;chr7,617933;620182,620000;620867,+;+,2754,3071,3071,3072,3095,3167,2708,2991,2708,3167
GENE.1817,chr7;chr7;chr7;chr7;chr7;chr7;chr7;chr7;chr7,621463;621709;621951;622311;622486;622659;622791;622967;623442,621594;621836;621996;622348;622561;622703;622820;623021;623521,-;-;-;-;-;-;-;-;-,630,323,323,323,341,332,327,315,327,332
GENE.1818,chr7;chr7,624379;624614,624414;625300,-;-,723,0,0,0,0,4,0,0,0,4
GENE.1819,chr7,627067,637776,-,10710,86886,86890,87379,92352,89973,81354,80719,79718,89917
GENE.182,chr1;chr1;chr1;chr1;chr1,345206;345318;345685;346015;346528,345213;345401;345851;346267;346540,-;-;-;-;-,525,1672,1674,1672,1741,1673,1610,1608,1610,1673
GENE.1820,chr7,643101,643472,-,372,0,0,0,0,1,0,0,0,1
GENE.1821,chr7,646719,648767,-,2049,1316,1316,1316,1328,1378,1170,1297,1170,1378
GENE.1822,chr7,650834,654919,+,4086,4536,4538,4543,4578,4613,4022,4571,3975,4613
GENE.1823,chr7;chr7;chr7;chr7;chr7,656871;657128;657396;657652;658216,656986;657206;657512;657851;661669,+;+;+;+;+,3966,9827,9827,9831,10324,10010,8955,9582,8955,10010
GENE.1824,chr7;chr7;chr7,662284;662544;663301,662364;663126;663407,-;-;-,771,0,0,0,0,13,0,0,0,13
GENE.1825,chr7,664956,666167,+,1212,446,446,449,448,459,363,450,363,459
GENE.1826,chr7,667985,669712,+,1728,6974,6974,6974,7042,6999,6405,6718,6395,6999
GENE.1827,chr7,670795,670866,+,72,0,0,0,0,0,0,0,0,0
GENE.1828,chr7,671656,671735,+,80,0,0,0,0,0,0,0,0,0
GENE.1829,chr7,672735,672816,-,82,0,0,0,0,0,0,0,0,0
GENE.183,chr1,349170,349709,+,540,2144,2144,2146,2144,2576,2115,2094,1852,2572
GENE.1830,chr7,673451,674419,+,969,0,0,0,0,7,1,0,1,7
GENE.1831,chr7;chr7,674610;674962,674767;675130,-;-,327,0,0,0,0,5,0,0,0,5
GENE.1832,chr7,676061,682681,-,6621,16696,16702,16765,17736,17171,14839,15389,14451,17150
GENE.1833,chr7;chr7;chr7;chr7,684539;684744;685029;685396,684566;684871;685130;686691,-;-;-;-,1554,9414,9414,9415,9488,9563,7999,8609,7999,9563
GENE.1834,chr7;chr7;chr7,687891;688140;688293,687959;688174;688848,-;-;-,660,1251,1253,1251,1277,1255,1158,1189,1158,1255
GENE.1835,chr7;chr7;chr7,689543;689744;689993,689598;689838;690057,-;-;-,216,0,0,0,0,0,0,0,0,0
GENE.1836,chr7,691068,693332,+,2265,290,290,290,290,300,279,281,279,300
GENE.1837,chr7,694523,694882,+,360,0,0,0,0,3,0,0,0,3
GENE.1838,chr7,695600,696904,-,1305,5836,5836,5836,5846,5986,5223,5685,5223,5986
GENE.1839,chr7,699239,700909,+,1671,0,0,2,0,14,0,129,0,14
GENE.184,chr1;chr1;chr1;chr1;chr1;chr1,349995;350299;350545;350789;351034;351378,350099;350373;350677;350954;351226;351626,-;-;-;-;-;-,921,830,830,830,843,846,757,818,757,846
GENE.1840,chr7,703207,706584,+,3378,16602,16602,16603,16804,16740,14486,15530,14486,16738
GENE.1841,chr7,707699,710908,-,3210,7764,7766,7893,9388,8528,7288,7437,7276,8528
GENE.1842,chr7,712469,714967,+,2499,9158,9158,9160,9176,9365,7796,8781,7796,9360
GENE.1843,chr7;chr7,717281;718833,718713;718968,+;+,1569,4798,4798,4800,4830,5186,3347,4433,3347,5186
GENE.1844,chr7;chr7;chr7;chr7;chr7;chr7;chr7;chr7;chr7;chr7,720010;720191;720365;720508;720630;720747;720902;721036;721252;721414,720064;720249;720403;720524;720670;720806;720937;721127;721323;721467,+;+;+;+;+;+;+;+;+;+,525,0,0,0,0,2,0,0,0,2
GENE.1845,chr7;chr7;chr7;chr7;chr7;chr7;chr7;chr7;chr7;chr7,721717;721975;722696;722962;723204;723504;723722;724033;724317;724548,721742;722192;722838;723077;723347;723597;723928;724157;724416;724715,+;+;+;+;+;+;+;+;+;+,1341,943,943,943,985,949,863,859,863,949
GENE.1846,chr7;chr7,725296;725870,725586;727219,+;+,1641,0,0,0,0,4,0,0,0,4
GENE.1847,chr7,728109,731126,+,3018,0,0,0,0,4,2,0,2,4
GENE.1848,chr7;chr7;chr7,732070;733143;733407,732917;733188;733496,-;-;-,984,249,249,249,249,255,244,243,244,255
GENE.1849,chr7,736370,737338,+,969,2062,2062,2062,2126,2099,1853,2014,1853,2099
GENE.185,chr1;chr1;chr1;chr1,352314;352459;352683;353011,352356;352540;352815;356211,-;-;-;-,3459,4162,4162,4163,4254,4225,3476,3927,3474,4225
GENE.1850,chr7;chr7;chr7;chr7;chr7;chr7;chr7;chr7;chr7;chr7;chr7;chr7;chr7;chr7,738578;738859;739191;739376;739511;739666;739793;740065;740256;740443;740606;740860;740987;741138,738580;739020;739240;739425;739556;739702;739849;740151;740312;740475;740737;740913;741043;741209,+;+;+;+;+;+;+;+;+;+;+;+;+;+,897,0,0,3,0,9,0,0,0,9
GENE.1851,chr7;chr7,742010;744854,744700;744901,+;+,2739,196,196,196,196,212,182,186,182,212
GENE.1852,chr7;chr7,745191;745541,745363;746663,-;-,1296,0,0,0,0,3,0,0,0,3
GENE.1853,chr7;chr7;chr7;chr7,748990;749644;750141;750614,749475;749878;750512;750699,+;+;+;+,1179,300,300,301,306,303,273,291,273,303
GENE.1854,chr7,751877,754132,+,2256,0,0,0,0,6,0,0,0,6
GENE.1855,chr7;chr7,755763;756906,756558;757696,+;+,1587,0,0,0,0,4,3,0,3,4
GENE.1856,chr7;chr7;chr7;chr7;chr7;chr7;chr7;chr7,758720;759016;759175;759541;759809;759976;760130;760426,758831;759073;759343;759669;759868;760038;760248;762877,-;-;-;-;-;-;-;-,3162,2027,2027,2029,2059,2052,1868,1919,1868,2052
GENE.1857,chr7,764794,766413,-,1620,640,640,640,648,660,585,607,585,660
GENE.1858,chr7,767357,771949,-,4593,5142,5142,5143,5194,5296,4510,4719,4510,5296
GENE.1859,chr7;chr7;chr7;chr7;chr7;chr7;chr7;chr7,772951;773247;773556;773737;773936;774110;774335;774560,773007;773393;773622;773831;773996;774207;774454;775264,-;-;-;-;-;-;-;-,1350,1022,1022,1022,1044,1045,911,996,911,1045
GENE.186,chr1;chr1;chr1;chr1;chr1;chr1;chr1;chr1;chr1;chr1;chr1,357834;358046;358219;358505;358703;358895;359384;359745;359919;360119;360265,357849;358113;358350;358575;358758;359200;359563;359815;359972;360172;360339,+;+;+;+;+;+;+;+;+;+;+,1083,0,0,1,0,4,0,0,0,4
GENE.1860,chr7;chr7;chr7;chr7;chr7;chr7;chr7;chr7;chr7;chr7;chr7,776141;776462;777217;791137;791639;791939;792437;793117;794024;795267;795563,776256;776789;790924;791453;791782;792223;792986;793922;795132;795369;795637,-;-;-;-;-;-;-;-;-;-;-,17541,0,1,6,0,50,1,72,1,50
GENE.1861,chr7;chr7,796514;802767,802628;804739,-;-,8088,0,0,1,0,53,4,6,4,53
GENE.1862,chr7;chr7;chr7;chr7;chr7;chr7;chr7,812301;817521;818953;819765;820090;820397;820573,817406;818827;819642;819950;820305;820460;820635,-;-;-;-;-;-;-,7632,17180,17180,17181,17240,17486,15118,16573,15118,17486
GENE.1863,chr7;chr7,822438;822809,822620;823015,+;+,390,0,0,1,0,2,0,0,0,2
GENE.1864,chr7;chr7;chr7;chr7;chr7;chr7,824445;824681;825127;825331;825516;825750,824510;824751;825238;825435;825605;825884,+;+;+;+;+;+,579,50,50,50,50,54,47,49,47,54
GENE.1865,chr7;chr7;chr7;chr7;chr7;chr7;chr7;chr7;chr7;chr7,826837;826927;827122;827341;827503;827676;827894;828183;830335;830472,826839;826994;827173;827402;827572;827781;827943;830232;830384;831305,+;+;+;+;+;+;+;+;+;+,3345,8612,8612,8612,8652,8759,7800,8345,7247,8211
GENE.1866,chr7,831549,832922,-,1374,4212,4212,4213,4226,4232,3920,4104,3920,4232
GENE.1867,chr7;chr7;chr7;chr7;chr7,833630;833951;834309;834669;835017,833798;834174;834491;834879;835051,-;-;-;-;-,822,0,0,0,0,3,0,0,0,3
GENE.1868,chr7;chr7,835957;836574,836373;836861,+;+,705,473,473,473,485,484,339,440,339,484
GENE.1869,chr7,838135,838596,+,462,362,362,362,370,366,333,353,333,366
GENE.187,chr1,361987,362586,-,600,1504,1507,1503,1858,1633,1220,1421,1220,1525
GENE.1870,chr7;chr7;chr7;chr7,838990;839325;839711;839990,839175;839579;839774;840024,-;-;-;-,540,0,0,0,0,1,0,0,0,1
GENE.1871,chr7;chr7;chr7;chr7;chr7;chr7;chr7,841108;841332;841509;841761;842008;842396;842681,841190;841404;841602;841895;842285;842515;842830,+;+;+;+;+;+;+,933,513,513,513,529,517,456,491,456,517
GENE.1872,chr7,844495,847593,+,3099,0,0,3,0,9,0,7,0,9
GENE.1873,chr7,848398,853593,-,5196,12258,12258,12259,12392,12377,11078,11632,11078,12374
GENE.1874,chr7;chr7;chr7,854652;855025;855890,854689;855637;856654,-;-;-,1416,7679,7679,7679,7775,7940,6057,7064,6057,7940
GENE.1875,chr7;chr7,858742;859418,859188;859492,-;-,522,1363,1362,1363,1371,1552,1172,1320,1172,1552
GENE.1876,chr7;chr7;chr7,861583;862014;862321,861667;862175;862487,+;+;+,414,95,95,95,105,96,65,89,65,96
GENE.1877,chr7,863452,864813,-,1362,0,0,0,0,1,1,30,1,1
GENE.1878,chr7,865927,876132,+,10206,3902,3903,3903,3942,4048,3426,3701,3426,4048
GENE.1879,chr7;chr7,876795;877400,877281;877500,+;+,588,256,256,256,260,277,243,252,243,277
GENE.188,chr1,363318,363992,+,675,0,0,0,0,5,0,0,0,5
GENE.1880,chr7,877865,878632,-,768,0,0,0,0,0,0,26,0,0
GENE.1881,chr7;chr7,879454;879812,879684;879946,+;+,366,0,0,0,0,0,0,0,0,0
GENE.1882,chr7;chr7,880465;880778,880693;880863,-;-,315,0,0,0,0,4,0,0,0,4
GENE.1883,chr7;chr7,882936;884615,884490;884988,+;+,1929,0,0,0,0,4,0,0,0,4
GENE.1884,chr7;chr7;chr7;chr7;chr7;chr7,886346;886517;886747;886999;887231;887445,886403;886588;886820;887099;887287;887487,+;+;+;+;+;+,405,0,0,1,0,5,0,0,0,5
GENE.1885,chr7;chr7;chr7;chr7;chr7;chr7;chr7,887816;888028;888380;888528;888749;888981;889316,887923;888188;888429;888644;888869;889071;889378,-;-;-;-;-;-;-,711,6,6,6,6,11,4,6,4,11
GENE.1886,chr7;chr7;chr7;chr7,891683;891985;892494;898640,891778;892172;898298;899051,+;+;+;+,6501,0,0,3,0,25,0,156,0,24
GENE.1887,chr7;chr7;chr7;chr7;chr7;chr7;chr7,899751;900036;900322;900460;900645;900893;901093,899847;900204;900382;900537;900685;900998;901137,+;+;+;+;+;+;+,597,243,243,243,255,247,205,226,205,247
GENE.1888,chr7;chr7;chr7;chr7,901549;901784;901984;902632,901614;901853;902489;902787,+;+;+;+,798,18,18,21,24,26,17,16,10,26
GENE.1889,chr7;chr7,904143;907544,907394;914671,+;+,10380,0,0,6,0,70,0,564,0,70
GENE.189,chr1;chr1,365610;365920,365823;368795,+;+,3090,3362,3362,3362,3368,3380,2881,3202,2881,3380
GENE.1890,chr7,916434,917168,+,735,318,319,318,318,323,263,301,263,323
GENE.1891,chr7,917958,920816,-,2859,1498,1498,1500,1530,1537,1350,1438,1350,1537
GENE.1892,chr7,922285,924984,+,2700,9704,9705,9704,9750,10118,8532,9497,8532,10118
GENE.1893,chr7;chr7;chr7;chr7;chr7;chr7,926692;926975;927159;927387;927630;927879,926761;927064;927281;927516;927711;928028,+;+;+;+;+;+,645,395,395,395,402,419,280,361,280,419
GENE.1894,chr7,928514,930853,+,2340,2502,2502,2504,2558,2539,2322,2452,2322,2539
GENE.1895,chr7;chr7,931459;932087,931968;932164,-;-,588,0,0,0,0,1,0,0,0,1
GENE.1896,chr7,935497,936900,+,1404,0,0,0,0,6,0,0,0,6
GENE.1897,chr7;chr7;chr7,938279;938565;938789,938429;938627;938895,+;+;+,321,9,9,9,9,10,9,9,9,10
GENE.1898,chr7;chr7;chr7,939715;939916;940132,939784;939963;940250,-;-;-,237,13,13,13,14,15,13,12,13,15
GENE.1899,chr7,941776,942513,+,738,260,260,260,266,262,229,246,229,262
GENE.19,chrM,3492,4622,+,1131,1518,1518,1518,1522,1518,1101,1330,1101,1518
GENE.190,chr1,369480,370178,-,699,934,934,934,940,952,710,897,710,952
GENE.1900,chr7,944023,945234,+,1212,0,0,0,0,2,0,0,0,2
GENE.1901,chr7,946363,948612,+,2250,2630,2630,2632,2700,2652,2411,2505,2411,2652
GENE.1902,chr7,949449,953114,-,3666,0,0,3,0,12,15,135,15,11
GENE.1903,chr7;chr7;chr7,954784;955032;955259,954833;955078;956343,+;+;+,1182,308,308,308,312,315,281,294,281,315
GENE.1904,chr7;chr7,956920;957963,957740;958017,-;-,876,0,0,0,0,0,0,0,0,0
GENE.1905,chr7,958886,960694,-,1809,0,0,0,0,7,0,0,0,7
GENE.1906,chr7;chr7,962031;962291,962113;962447,+;+,240,2,2,2,2,2,2,2,2,2
GENE.1907,chr7,963370,965109,+,1740,4440,4440,4440,4446,4460,4079,4166,4079,4460
GENE.1908,chr7;chr7;chr7;chr7;chr7;chr7;chr7;chr7;chr7;chr7;chr7,965664;965864;966076;966226;966421;966670;966890;967070;967351;967555;967727,965749;965954;966150;966306;966498;966787;966913;967244;967456;967603;967782,-;-;-;-;-;-;-;-;-;-;-,939,920,920,920,941,934,841,908,841,934
GENE.1909,chr7,968836,969735,-,900,2188,2188,2188,2242,2256,1839,2129,1839,2244
GENE.191,chr1;chr1,371815;372876,372646;373012,-;-,969,846,846,847,852,849,825,831,825,849
GENE.1910,chr7,970492,971877,-,1386,3126,3127,3125,3160,3177,2956,3035,2956,3177
GENE.1911,chr7;chr7;chr7;chr7,972658;973121;973409;973654,972997;973175;973471;974272,+;+;+;+,1077,1164,1164,1164,1170,1184,1082,1122,1082,1184
GENE.1912,chr7,975766,978408,+,2643,0,1,0,0,10,0,0,0,10
GENE.1913,chr7,978920,983188,-,4269,0,0,10,0,31,0,26,0,31
GENE.1914,chr7,984778,985458,-,681,1014,1014,1014,1018,1019,931,990,931,1019
GENE.1915,chr7;chr7;chr7,986598;987018;987223,986831;987090;987365,+;+;+,450,0,0,0,0,1,0,0,0,1
GENE.1916,chr7,988145,991243,+,3099,1728,1728,1729,1764,1802,1523,1644,1437,1790
GENE.1917,chr7;chr7;chr7;chr7,993232;999625;999917;1000085,999420;999788;999987;1000233,+;+;+;+,6573,7451,7453,7460,7547,7898,6505,7388,6501,7786
GENE.1918,chr7;chr7;chr7;chr7,1000701;1000869;1001113;1001364,1000754;1001002;1001210;1004746,-;-;-;-,3669,9702,9703,9707,9754,9761,8979,9362,8979,9759
GENE.1919,chr7,1006335,1012145,+,5811,3848,3848,3852,3896,4015,3222,3815,3221,4008
GENE.192,chr1;chr1,374439;374959,374810;375087,-;-,501,43,43,43,46,47,42,42,42,47
GENE.1920,chr7;chr7,1013295;1015204,1015060;1016449,-;-,3012,0,0,0,0,7,0,0,0,6
GENE.1921,chr7,1019384,1020667,-,1284,0,0,1,0,2,0,0,0,2
GENE.1922,chr7;chr7,1021508;1022445,1022326;1022630,+;+,1005,0,0,0,0,6,0,0,0,6
GENE.1923,chr7;chr7,1023651;1024066,1023942;1024121,+;+,348,0,0,0,0,0,0,0,0,0
GENE.1924,chr7;chr7;chr7;chr7,1024672;1025245;1025745;1026111,1025015;1025518;1025984;1026167,+;+;+;+,915,0,0,0,0,2,0,0,0,2
GENE.1925,chr7;chr7;chr7;chr7;chr7,1026444;1026614;1026875;1027064;1027359,1026518;1026697;1026966;1027219;1033077,-;-;-;-;-,6126,5258,5257,5283,5304,5343,4678,4837,4678,5338
GENE.1926,chr7;chr7;chr7;chr7;chr7,1034969;1035350;1035568;1035813;1043143,1035200;1035460;1035642;1042897;1046109,-;-;-;-;-,10470,0,0,14,0,49,0,122,0,42
GENE.1927,chr7;chr7;chr7;chr7,1047427;1047718;1047985;1048327,1047438;1047783;1048148;1049362,-;-;-;-,1278,1341,1341,1346,1373,1350,1293,1290,1293,1350
GENE.1928,chr7,1052465,1058158,+,5694,8118,8118,8129,8178,8289,7086,7840,7086,8289
GENE.1929,chr7,1058933,1062976,-,4044,422,422,423,426,439,371,391,351,439
GENE.193,chr1;chr1,376294;376830,376586;377004,-;-,468,197,197,197,201,198,182,192,182,198
GENE.1930,chr7;chr7,1065252;1070019,1069760;1070240,+;+,4731,41087,41096,41445,43317,43116,35533,39258,35518,43102
GENE.1931,chr7;chr7;chr7;chr7,1070980;1071129;1071359;1071723,1071014;1071247;1071636;1071737,+;+;+;+,447,0,0,0,0,1,0,0,0,1
GENE.1932,chr7;chr7,1072202;1074618,1074446;1074754,-;-,2382,3950,3950,3952,3964,4017,3557,3788,3557,4017
GENE.1933,chr7;chr7;chr7;chr7,1079015;1079400;1079671;1079857,1079065;1079443;1079706;1080055,+;+;+;+,330,10,10,10,14,11,9,10,9,11
GENE.1934,chr7;chr7,1080642;1082315,1081869;1082343,-;-,1257,3389,4448,7428,9181,5017,6858,3085,6809,4997
GENE.1935,chr7,1083761,1085847,+,2087,2430,5676,5362,6178,5699,5087,891,5087,5699
GENE.1936,chr7,1085848,1086212,+,365,0,0,0,0,0,0,0,0,0
GENE.1937,chr7,1086213,1086371,+,159,0,0,0,0,0,0,0,0,0
GENE.1938,chr7,1086372,1086569,+,198,0,0,0,0,1,0,0,0,1
GENE.1939,chr7,1086570,1090357,+,3788,0,20317,19179,27546,20810,18314,343,18314,20810
GENE.194,chr1;chr1;chr1,377874;378265;378461,378133;378318;378599,-;-;-,453,481,481,482,516,490,458,466,458,490
GENE.1940,chr7;chr7,1093566;1095922,1095776;1096122,-;-,2412,0,0,0,0,10,1,3,1,10
GENE.1941,chr7;chr7;chr7,1100134;1100414;1102887,1100230;1102773;1102967,+;+;+,2538,1064,1076,1065,1068,1168,1003,1027,889,1097
GENE.1942,chr7;chr7,1104156;1108055,1107838;1108364,+;+,3993,4088,4804,5470,6074,5307,5591,3916,5542,5307
GENE.1943,chr7;chr7;chr7;chr7;chr7,1108831;1109150;1122013;1123867;1124249,1108864;1121817;1123680;1124087;1124492,-;-;-;-;-,14835,58258,58258,58282,59236,58929,51220,54459,51220,58928
GENE.1944,chr7;chr7;chr7;chr7,1126556;1126774;1127121;1127320,1126611;1126942;1127189;1136577,-;-;-;-,9552,0,0,10,0,45,0,11,0,43
GENE.1945,chr7;chr7,1140479;1142342,1142132;1142754,+;+,2067,349,349,349,349,389,269,356,269,377
GENE.1946,chr7,1143303,1143815,-,513,828,828,828,830,832,695,759,695,832
GENE.1947,chr7;chr7;chr7,1144046;1144264;1144518,1144074;1144345;1144730,-;-;-,324,33,31,33,40,33,31,27,31,33
GENE.1948,chr7,1145648,1147207,+,1560,5608,5608,5608,5620,5623,5262,5406,5262,5623
GENE.1949,chr7,1147570,1151058,-,3489,10304,10312,10555,11348,11190,9732,9622,9732,11190
GENE.195,chr1;chr1,379149;379659,379552;379806,-;-,552,392,392,393,418,416,250,380,250,416
GENE.1950,chr7,1152155,1155355,-,3201,8310,8340,8930,12226,10821,8363,7682,8359,10797
GENE.1951,chr7,1156748,1158409,-,1662,0,0,0,0,8,1,38,1,8
GENE.1952,chr7,1159700,1161820,-,2121,2554,2554,2556,2570,2563,2281,2395,2281,2563
GENE.1953,chr7;chr7;chr7,1162710;1162966;1163157,1162723;1163047;1163831,+;+;+,771,676,677,676,686,712,502,655,502,712
GENE.1954,chr7,1164455,1166578,-,2124,0,0,2,0,11,0,0,0,11
GENE.1955,chr7;chr7;chr7,1167441;1170521;1170784,1170389;1170627;1170817,+;+;+,3090,9355,9355,9356,9437,9568,8029,8855,8029,9568
GENE.1956,chr7,1171286,1174156,-,2871,5094,5094,5101,5268,5198,4364,4738,4364,5180
GENE.1957,chr7,1175944,1181700,+,5757,14978,14978,15007,15056,15178,13618,14236,13614,15178
GENE.1958,chr7,1184401,1190172,+,5772,21848,21848,21856,22040,22226,18891,21301,18891,22213
GENE.1959,chr7;chr7,1191179;1192139,1192017;1192289,-;-,990,1705,1705,1705,1752,1806,1300,1591,1300,1806
GENE.196,chr1,380697,382424,+,1728,8102,8102,8104,8142,8182,7227,7816,7227,8182
GENE.1960,chr7,1193616,1210301,-,16686,38458,38350,38474,39220,39037,34290,35814,34290,39033
GENE.1961,chr7;chr7,1211657;1211920,1211717;1213517,+;+,1659,5820,5822,5874,6472,7460,5331,5530,5096,6468
GENE.1962,chr7,1213841,1214476,-,636,0,0,0,0,2,0,0,0,2
GENE.1963,chr7;chr7,1215174;1215488,1215278;1215763,+;+,381,7,7,7,7,8,7,7,7,8
GENE.1964,chr7;chr7,1215174;1215492,1215282;1215763,+;+,381,7,7,7,7,8,7,7,7,8
GENE.1965,chr7;chr7;chr7;chr7;chr7,1216088;1216333;1216548;1216851;1217151,1216135;1216430;1216690;1216942;1217201,-;-;-;-;-,432,86,86,86,90,86,69,83,69,86
GENE.1966,chr7;chr7;chr7;chr7;chr7,1218426;1224405;1224782;1225248;1225450,1224231;1224657;1225105;1225329;1225473,+;+;+;+;+,6489,12262,12261,12266,12852,12602,11005,12118,11005,12319
GENE.1967,chr7;chr7;chr7;chr7,1226029;1227367;1227612;1228664,1227277;1227467;1228373;1228714,-;-;-;-,2163,0,0,1,0,5,0,0,0,5
GENE.1968,chr7;chr7,1230589;1232148,1231956;1232180,+;+,1401,466,466,466,474,481,426,447,426,481
GENE.1969,chr7;chr7;chr7;chr7;chr7;chr7;chr7;chr7,1232272;1232608;1232791;1232954;1233140;1233300;1233448;1233620,1232325;1232657;1232854;1233046;1233205;1233344;1233501;1234672,-;-;-;-;-;-;-;-,1479,3238,3238,3238,3304,3291,2468,2636,2468,3291
GENE.197,chr1;chr1;chr1;chr1;chr1;chr1;chr1;chr1;chr1;chr1;chr1;chr1;chr1;chr1;chr1;chr1;chr1;chr1;chr1,383284;383887;384162;384400;384627;384897;385264;385461;385623;385905;386089;386331;386558;386691;386871;387214;387435;387596;387874,383722;384012;384270;384538;384807;385099;385385;385520;385767;385971;386150;386393;386606;386722;387042;387299;387462;387731;387940,+;+;+;+;+;+;+;+;+;+;+;+;+;+;+;+;+;+;+,2286,15731,15734,15731,16564,15947,13270,14759,13270,15947
GENE.1970,chr7;chr7;chr7;chr7;chr7,1235699;1236064;1236258;1236418;1236658,1235699;1236134;1236326;1236538;1236707,+;+;+;+;+,312,14,14,14,14,17,14,14,14,17
GENE.1971,chr7,1238446,1246188,+,7743,7294,7319,7334,7456,7507,6424,7090,6365,7487
GENE.1972,chr7;chr7,1247398;1247755,1247610;1248264,+;+,723,511,511,511,519,514,451,464,451,514
GENE.1973,chr7,1248837,1251503,-,2667,6922,6922,6923,6972,7010,6239,6626,6239,7010
GENE.1974,chr7,1252847,1254097,+,1251,0,0,1,0,3,1,51,0,3
GENE.1975,chr7,1255371,1257653,+,2283,0,0,1,0,25,0,22,0,25
GENE.1976,chr7;chr7;chr7;chr7;chr7,1258787;1259140;1259302;1259493;1259691,1258952;1259206;1259416;1259596;1259730,+;+;+;+;+,492,64,64,64,66,64,58,60,58,64
GENE.1977,chr7;chr7,1260154;1261478,1261259;1262780,-;-,2409,0,0,0,0,17,0,0,0,17
GENE.1978,chr7,1264445,1264738,+,294,0,0,0,0,0,0,2,0,0
GENE.1979,chr7;chr7,1265910;1281099,1280858;1281347,+;+,15198,9056,9057,9058,9066,9285,8152,8575,8152,9285
GENE.198,chr1;chr1;chr1;chr1;chr1;chr1;chr1;chr1;chr1;chr1;chr1;chr1;chr1;chr1;chr1;chr1;chr1,383284;383887;384162;384400;384627;384897;385264;385461;385623;385905;386089;386331;386558;386691;386871;387214;387596,383722;384012;384270;384538;384807;385099;385385;385520;385767;385971;386150;386393;386606;386722;387042;387299;387625,+;+;+;+;+;+;+;+;+;+;+;+;+;+;+;+;+,2085,15716,15719,15716,16549,15931,13255,14639,13255,15931
GENE.1980,chr7;chr7,1281785;1282193,1282005;1282322,-;-,351,4,4,4,4,7,4,3,4,7
GENE.1981,chr7,1282913,1285519,+,2607,134,134,134,134,144,116,148,116,144
GENE.1982,chr7;chr7;chr7;chr7,1286057;1287992;1288971;1289385,1287601;1288800;1289178;1289399,-;-;-;-,2577,2172,2172,2174,2210,2240,1881,2012,1881,2232
GENE.1983,chr7,1297459,1301454,+,3996,4818,4818,4836,4848,5027,4149,4944,4149,5025
GENE.1984,chr7;chr7;chr7,1304347;1304672;1304941,1304526;1304812;1305096,+;+;+,477,77,77,77,79,78,74,75,74,78
GENE.1985,chr7,1305894,1314215,-,8322,6922,6921,6936,6962,7018,6205,6681,6205,7015
GENE.1986,chr7,1318059,1318131,+,73,0,0,0,0,0,0,0,0,0
GENE.1987,chr7,1319011,1319082,-,72,0,0,0,0,0,0,0,0,0
GENE.1988,chr7;chr7,1321306;1321552,1321371;1322367,+;+,882,2860,2862,2860,3066,2986,2415,2724,2413,2986
GENE.1989,chr7;chr7,1321306;1321556,1321375;1322367,+;+,882,2860,2862,2860,3066,2986,2415,2724,2413,2986
GENE.199,chr1,388372,389076,+,705,688,688,688,692,700,657,673,657,700
GENE.1990,chr7;chr7,1325375;1325673,1325566;1331813,+;+,6333,0,0,0,0,13,0,0,0,13
GENE.1991,chr7,1333175,1334938,-,1764,0,0,0,0,5,0,0,0,5
GENE.1992,chr7;chr7,1338959;1339322,1339162;1341790,+;+,2673,0,0,0,0,11,0,0,0,11
GENE.1993,chr7;chr7,1342842;1343823,1343597;1343996,-;-,930,0,0,0,0,1,0,0,0,1
GENE.1994,chr7;chr7,1350032;1350295,1350130;1351149,+;+,954,0,0,0,0,4,0,0,0,4
GENE.1995,chr7;chr7,1353758;1355402,1355281;1355482,+;+,1605,0,0,0,0,12,0,31,0,12
GENE.1996,chr7;chr7;chr7;chr7,1358055;1362444;1362624;1362847,1362318;1362522;1362706;1362929,+;+;+;+,4509,37230,37230,37230,37484,37467,33179,35241,33179,37467
GENE.1997,chr7,1368161,1370596,+,2436,7606,7606,7607,7614,7719,6415,7090,6415,7719
GENE.1998,chr7;chr7,1372063;1372239,1372131;1372760,+;+,591,846,846,846,850,850,772,830,772,850
GENE.1999,chr7;chr7,1378618;1378799,1378674;1380769,+;+,2028,0,0,0,0,12,1,195,1,12
GENE.2,chrM,34,71,+,38,0,0,0,0,0,0,0,0,0
GENE.20,chrM,4594,4618,-,25,23,23,23,23,23,21,20,21,23
GENE.200,chr1,389261,392065,-,2805,3108,3109,3113,3382,3156,2719,2900,2719,3156
GENE.2000,chr7;chr7;chr7;chr7,1382410;1382632;1382811;1383489,1382475;1382809;1383487;1383524,+;+;+;+,957,0,0,0,0,1,0,0,0,1
GENE.2001,chr7;chr7,1385635;1385805,1385703;1386626,+;+,891,954,1216,1212,1482,1223,1208,611,1208,1223
GENE.2002,chr7;chr7,1387753;1388420,1388418;1389037,+;+,1284,2430,2994,3025,3528,3280,2906,1144,2906,3280
GENE.2003,chr7;chr7,1390711;1390997,1390764;1392043,+;+,1101,731,852,853,875,936,641,662,641,936
GENE.2004,chr7;chr7,1396437;1397571,1397384;1397639,-;-,1017,210,210,210,212,212,190,196,190,212
GENE.2005,chr7;chr7,1399452;1400614,1400531;1400682,-;-,1149,80,80,80,80,80,70,78,70,80
GENE.2006,chr7;chr7,1402623;1403910,1403672;1403978,-;-,1119,0,0,0,0,1,5,10,5,1
GENE.2007,chr7,1406853,1407065,+,213,0,0,0,0,0,0,0,0,0
GENE.2008,chr7;chr7,1408781;1408965,1408849;1409975,+;+,1080,0,1,0,20,2,7,11,7,2
GENE.2009,chr7;chr7,1410435;1410975,1410506;1412231,+;+,1329,1486,2560,2256,2926,2608,2107,620,2107,2608
GENE.201,chr1,392604,393035,+,432,356,356,356,364,358,342,342,342,358
GENE.2010,chr7;chr7,1414434;1414718,1414487;1415683,+;+,1020,0,21,3,13,5,19,9,19,5
GENE.2011,chr7;chr7,1417588;1419890,1419030;1426234,-;-,7788,0,31,25,88,55,141,12,141,55
GENE.2012,chr8;chr8,21361;27295,26364;28653,+;+,6363,38431,38431,38403,38606,39181,33359,35889,33331,38983
GENE.2013,chr8;chr8,29700;31636,30878;39033,-;-,8577,0,26,27,150,61,99,56,99,61
GENE.2014,chr8;chr8,40948;49632,48582;50939,+;+,8943,0,2,2,2,164,114,72,103,64
GENE.2015,chr8;chr8,52760;53929,53698;53982,-;-,993,1376,1394,1378,1384,1386,1264,1244,1264,1386
GENE.2016,chr8;chr8,56352;57650,57425;57703,-;-,1128,0,0,0,0,6,0,3,0,6
GENE.2017,chr8;chr8,61138;62043,61920;62135,-;-,876,2011,2007,2005,2036,2017,1847,1045,1847,2017
GENE.2018,chr8;chr8;chr8,65716;70567;70993,70434;70832;71785,-;-;-,5778,7773,14491,13903,17193,14714,13743,5221,13743,14712
GENE.2019,chr8;chr8,79823;80082,79891;80642,+;+,630,0,0,0,0,0,1,0,1,0
GENE.202,chr1,393216,393490,-,275,0,0,1,0,0,0,0,0,0
GENE.2020,chr8;chr8;chr8,83128;83337;83356,83196;83354;83904,+;+;+,636,1078,1078,1078,1102,1082,1010,1034,1010,1082
GENE.2021,chr8;chr8,84568;88225,88029;88422,-;-,3660,17658,18238,18179,21412,19461,17657,16924,13547,19319
GENE.2022,chr8,91397,97571,-,6175,24332,23424,24333,24866,24948,21382,21428,21378,24942
GENE.2023,chr8,98890,99051,-,162,0,0,0,0,0,0,0,0,0
GENE.2024,chr8,101954,102826,-,873,1692,1692,1692,1706,1713,1461,1607,1461,1713
GENE.2025,chr8;chr8,104525;104748,104620;104888,-;-,237,0,0,0,0,0,0,0,0,0
GENE.2026,chr8,106593,108242,-,1650,2046,2046,2046,2052,2065,1851,1920,1851,2065
GENE.2027,chr8,109180,109557,-,378,0,0,0,0,12,0,0,0,12
GENE.2028,chr8;chr8;chr8,112299;113625;117736,113511;117624;117877,+;+;+,5355,0,1,2,0,14,2,199,2,14
GENE.2029,chr8,119032,122067,-,3036,0,1,12,0,10,0,9,0,10
GENE.203,chr1;chr1,393875;394669,394457;394835,-;-,750,1156,1156,1156,1161,1174,1128,1139,1128,1174
GENE.2030,chr8,128849,142837,+,13989,0,0,5,0,40,0,1327,0,40
GENE.2031,chr8,146089,150282,+,4194,4924,4924,4924,4930,5095,4317,4671,4317,5095
GENE.2032,chr8;chr8,151808;152089,151961;159668,-;-,7734,45672,45671,45711,45952,46768,39755,41178,39733,46768
GENE.2033,chr8,165416,166078,+,663,0,0,1,0,11,0,0,0,11
GENE.2034,chr8,167069,170434,-,3366,19288,19288,19289,19340,19562,17492,18589,17492,19562
GENE.2035,chr8;chr8;chr8,171865;174154;174334,173899;174211;174385,+;+;+,2145,0,0,0,0,11,0,13,0,11
GENE.2036,chr8,174647,178906,-,4260,14704,14704,14707,14754,14882,12918,14001,12918,14882
GENE.2037,chr8;chr8;chr8;chr8;chr8,180563;180810;181255;187493;188039,180655;181061;187281;187885;188113,+;+;+;+;+,6840,0,0,10,0,26,0,155,0,26
GENE.2038,chr8;chr8;chr8;chr8;chr8,188566;188857;189384;189655;190221,188761;189257;189557;190020;190316,+;+;+;+;+,1233,2471,2471,2471,2523,2492,1951,2322,1951,2492
GENE.2039,chr8;chr8,191976;192355,192041;194103,+;+,1815,7298,7298,7299,7320,7318,6972,7121,6972,7318
GENE.204,chr1;chr1,396591;403514,403355;403606,+;+,6858,0,0,2,0,33,0,74,0,33
GENE.2040,chr8;chr8,195148;195357,195233;195678,-;-,408,0,0,0,0,2,1,0,1,2
GENE.2041,chr8,196581,198614,+,2034,0,0,8,0,3,0,2,0,3
GENE.2042,chr8,199181,202918,-,3738,0,0,2,0,18,1,15,1,18
GENE.2043,chr8;chr8,204241;204712,204477;206661,-;-,2187,160,160,163,164,174,124,137,124,174
GENE.2044,chr8;chr8;chr8;chr8;chr8;chr8;chr8,208451;208762;208973;209150;209296;209549;209846,208502;208878;209038;209218;209449;209742;210291,+;+;+;+;+;+;+,1098,0,0,0,0,6,0,0,0,6
GENE.2045,chr8,212252,215971,+,3720,3652,3652,3655,3670,3689,3390,3490,3390,3689
GENE.2046,chr8,217888,222291,+,4404,6150,6158,6232,6812,6464,5652,6340,5652,6464
GENE.2047,chr8;chr8;chr8;chr8;chr8;chr8;chr8;chr8;chr8;chr8;chr8;chr8;chr8;chr8;chr8,223762;224779;224935;225531;225692;225876;226093;226257;226525;226765;226890;227063;227193;227470;230136,224639;224835;225387;225567;225781;225977;226125;226396;226614;226784;226954;227112;227329;230043;230209,+;+;+;+;+;+;+;+;+;+;+;+;+;+;+,4800,42503,42503,42505,42803,43531,36091,39855,36087,43531
GENE.2048,chr8,231398,232756,+,1359,5654,5654,5654,5670,6230,4899,5465,4899,6230
GENE.2049,chr8;chr8,233467;234342,234179;234426,-;-,798,2930,2930,2930,2966,3044,2577,2808,2577,3044
GENE.205,chr1;chr1;chr1;chr1;chr1;chr1;chr1,405739;410320;410553;411301;411522;411883;412132,410133;410452;410950;411380;411560;411932;412169,+;+;+;+;+;+;+,5133,0,0,1,0,6,0,35,0,6
GENE.2050,chr8,236442,236571,-,130,0,0,0,0,1,0,0,0,1
GENE.2051,chr8;chr8;chr8,237853;239276;240163,238957;239693;241048,+;+;+,2409,0,1,0,0,9,0,6,0,9
GENE.2052,chr8,239057,239141,+,85,0,0,0,0,4,0,0,0,4
GENE.2053,chr8,239877,240036,+,160,0,0,0,0,0,0,0,0,0
GENE.2054,chr8,242103,244775,+,2673,0,0,2,0,14,0,13,0,14
GENE.2055,chr8,245711,247933,+,2223,2286,2286,2286,2296,2408,2030,2256,2030,2408
GENE.2056,chr8;chr8,250083;267790,267539;268437,+;+,18105,21526,21526,21544,21904,22048,18956,21384,18954,22047
GENE.2057,chr8;chr8,268856;269108,268937;270696,-;-,1671,3743,3744,3747,3781,3882,3378,3614,3378,3882
GENE.2058,chr8,271417,277413,-,5997,56184,56219,56372,57844,57382,49899,52432,49899,57382
GENE.2059,chr8,278381,279034,+,654,398,398,398,404,442,296,370,296,442
GENE.206,chr1,413760,415100,-,1341,56,56,57,56,64,48,49,48,64
GENE.2060,chr8,279711,281186,-,1476,152,152,152,154,154,134,140,134,154
GENE.2061,chr8;chr8;chr8;chr8;chr8;chr8;chr8,283066;283333;283504;283744;283957;284160;284395,283209;283407;283643;283805;284023;284281;284522,-;-;-;-;-;-;-,738,1215,1215,1215,1273,1233,1205,1185,1205,1233
GENE.2062,chr8,286959,288620,+,1662,1838,1838,1838,1860,1849,1644,1749,1644,1849
GENE.2063,chr8,290902,291183,+,282,0,0,0,0,2,0,0,0,2
GENE.2064,chr8,293113,296871,-,3759,0,1,3,0,7,1,0,1,7
GENE.2065,chr8;chr8;chr8;chr8;chr8;chr8,303370;303551;303686;303819;304048;304246,303464;303590;303744;303860;304138;304596,-;-;-;-;-;-,678,187,187,187,201,191,188,181,188,191
GENE.2066,chr8,305295,308549,-,3255,0,0,2,0,8,1,103,1,8
GENE.2067,chr8,312034,312960,+,927,40,40,40,40,47,32,38,32,47
GENE.2068,chr8;chr8,314172;314434,314252;318726,-;-,4374,0,1,1,0,42,0,8,0,42
GENE.2069,chr8,322367,323677,-,1311,452,452,452,452,481,343,400,343,481
GENE.207,chr1;chr1;chr1,417921;418380;419035,417993;418837;419607,+;+;+,1104,0,0,0,0,2,0,0,0,2
GENE.2070,chr8;chr8;chr8;chr8;chr8;chr8,324279;324509;324856;325109;325305;325618,324365;324745;324996;325201;325458;325655,-;-;-;-;-;-,750,1184,1183,1186,1216,1230,707,958,707,1230
GENE.2071,chr8;chr8,326215;326428,326276;330004,-;-,3639,11305,11304,11310,11684,11472,9954,10763,9954,11472
GENE.2072,chr8,330651,332678,+,2028,1436,1436,1436,1572,1440,1351,1406,1351,1440
GENE.2073,chr8;chr8;chr8;chr8;chr8;chr8;chr8;chr8;chr8;chr8,333379;333692;333908;334080;334263;334462;334633;334795;335020;336344,333425;333779;333981;334144;334343;334518;334713;334877;336116;337727,+;+;+;+;+;+;+;+;+;+,3057,184,184,188,186,232,159,174,159,232
GENE.2074,chr8;chr8;chr8,337902;338093;338450,337966;338337;343254,-;-;-,5115,0,0,0,0,29,1,0,1,29
GENE.2075,chr8,344288,344821,+,534,0,0,0,0,4,0,0,0,4
GENE.2076,chr8,345427,347454,-,2028,21444,21445,21444,21476,21701,18808,20775,18808,21701
GENE.2077,chr8;chr8;chr8;chr8;chr8,349317;351400;351690;352082;353311,351083;351525;351924;352733;353362,-;-;-;-;-,2832,7026,7026,7026,7088,7128,6482,6763,6482,7126
GENE.2078,chr8;chr8;chr8,354472;362018;362166,361893;362083;362396,+;+;+,7719,0,0,3,0,26,1,25,1,26
GENE.2079,chr8,363260,366421,-,3162,2862,2862,2863,2884,2930,2503,2753,2503,2930
GENE.208,chr1,420293,420853,-,561,0,0,0,0,3,0,0,0,3
GENE.2080,chr8,368607,369746,-,1140,0,0,0,0,6,0,19,0,6
GENE.2081,chr8;chr8;chr8;chr8;chr8;chr8;chr8;chr8;chr8,370784;370911;371150;371493;371735;371920;372137;372424;372586,370784;370987;371282;371611;371785;372022;372252;372454;372623,+;+;+;+;+;+;+;+;+,669,237,236,237,249,239,214,218,214,239
GENE.2082,chr8,372902,376867,-,3966,3664,3664,3678,3936,3816,3228,3369,3228,3815
GENE.2083,chr8;chr8,378024;378626,378447;379446,+;+,1245,0,0,1,0,7,0,0,0,7
GENE.2084,chr8;chr8;chr8;chr8,381564;381863;382159;382511,381627;381928;382297;382847,+;+;+;+,606,0,0,0,0,2,0,0,0,2
GENE.2085,chr8;chr8;chr8;chr8;chr8,384298;384954;385254;385434;385663,384516;385073;385289;385499;385797,+;+;+;+;+,576,392,391,392,404,395,338,348,338,395
GENE.2086,chr8;chr8;chr8,387219;387474;388009,387294;387824;388364,+;+;+,783,0,0,0,0,6,0,0,0,6
GENE.2087,chr8;chr8;chr8;chr8,389596;389766;393583;393956,389631;393181;393831;394259,-;-;-;-,4005,17774,17774,17779,18136,18156,15232,16800,15212,18154
GENE.2088,chr8;chr8;chr8;chr8;chr8,395648;397100;397479;397744;398163,396995;397339;397565;398056;398787,-;-;-;-;-,2613,1609,1609,1610,1623,1629,1546,1557,1546,1629
GENE.2089,chr8;chr8,399591;401271,400946;401360,-;-,1446,807,807,814,865,870,703,756,703,870
GENE.209,chr1;chr1;chr1;chr1;chr1;chr1,421776;422128;422374;422732;422850;423091,421883;422283;422496;422791;422912;427575,-;-;-;-;-;-,4995,0,0,1,0,6,0,0,0,6
GENE.2090,chr8;chr8;chr8,402595;403076;403948,402814;403783;404141,+;+;+,1122,0,0,0,0,0,0,0,0,0
GENE.2091,chr8,404996,409084,+,4089,10158,10161,10171,10448,10439,8742,9772,8742,10439
GENE.2092,chr8;chr8;chr8,409936;414472;414972,414330;414709;415168,+;+;+,4830,6110,6120,6162,6250,6336,5586,5860,5586,6336
GENE.2093,chr8,416344,418065,-,1722,1302,1302,1302,1306,1335,1127,1233,1127,1335
GENE.2094,chr8;chr8;chr8,421493;421791;422013,421506;421865;422640,+;+;+,717,0,0,0,0,3,0,0,0,3
GENE.2095,chr8;chr8,423527;423718,423544;424536,+;+,837,0,0,0,0,2,0,0,0,2
GENE.2096,chr8,427492,427639,+,148,0,0,0,0,1,0,0,0,1
GENE.2097,chr8;chr8,431165;437636,436546;439051,+;+,6798,34476,34499,34474,34552,34775,31288,32571,31113,34769
GENE.2098,chr8;chr8,440408;446731,445771;448062,+;+,6696,4731,4742,4731,4745,4812,4360,4640,4313,4809
GENE.2099,chr8;chr8,450615;450805,450686;451899,+;+,1167,1268,1264,1269,1272,1272,1154,1238,1154,1272
GENE.21,chrM,4625,4696,+,72,0,0,0,0,0,0,0,0,0
GENE.210,chr1;chr1;chr1,430152;430520;430748,430230;430623;430858,-;-;-,294,27,27,27,33,28,27,27,27,28
GENE.2100,chr8;chr8,453803;453975,453856;454919,+;+,999,782,782,782,784,866,694,714,694,866
GENE.2101,chr8,456050,456155,-,106,0,0,0,0,0,0,0,0,0
GENE.2102,chr8;chr8,459312;465314,464387;466567,+;+,6330,0,9,24,0,32,15,24,9,31
GENE.2103,chr8,467943,471893,-,3951,0,3,5,0,20,0,67,0,20
GENE.2104,chr8,474253,475285,-,1033,574,524,575,610,579,519,469,519,579
GENE.2105,chr8,475573,478125,+,2553,5642,5643,5641,5688,5938,4926,5393,4926,5938
GENE.2106,chr8,478512,478826,-,315,0,0,0,0,0,0,0,0,0
GENE.2107,chr8,479980,497382,-,17403,2264,2264,2281,2276,2403,2038,2448,2038,2402
GENE.2108,chr8;chr8;chr8;chr8;chr8,499463;499823;500017;500213;500466,499641;499895;500114;500321;501569,-;-;-;-;-,1563,1179,1179,1179,1197,1182,882,1088,882,1182
GENE.2109,chr8;chr8;chr8;chr8,502338;502526;502758;503226,502408;502611;503021;506698,-;-;-;-,3894,5695,5699,5857,6444,6271,5099,5119,5011,6271
GENE.211,chr1,431539,435042,-,3504,20594,20594,20602,20626,20852,19145,19893,19145,20852
GENE.2110,chr8;chr8;chr8;chr8,508224;508688;508944;509155,508574;508763;509022;512428,-;-;-;-,3780,2934,2934,2960,2954,3012,2669,2774,2669,3011
GENE.2111,chr8,517421,517693,-,273,0,0,0,0,2,0,0,0,2
GENE.2112,chr8;chr8,519331;519847,519521;519991,-;-,336,2,2,2,3,6,1,1,1,6
GENE.2113,chr8,521187,524009,+,2823,7658,7658,7659,7822,8007,6440,7275,6440,8007
GENE.2114,chr8;chr8;chr8;chr8,525058;525299;525646;527568,525186;525473;526957;527604,-;-;-;-,1653,2246,2245,2246,2279,2277,2071,2135,2071,2277
GENE.2115,chr8,532220,534031,+,1812,664,664,670,670,688,638,642,638,688
GENE.2116,chr8;chr8;chr8;chr8;chr8;chr8;chr8;chr8;chr8,534469;534685;534913;535169;535496;535773;535992;536266;536583,534510;534786;535063;535301;535603;535836;536139;536392;536619,-;-;-;-;-;-;-;-;-,912,2282,2279,2282,2335,2289,2174,2208,2174,2289
GENE.2117,chr8,541971,544796,+,2826,4196,4197,4210,4286,4314,3630,4303,3630,4313
GENE.2118,chr8;chr8;chr8;chr8;chr8;chr8,546163;546312;546577;546827;546978;547286,546217;546432;546608;546878;547063;547365,-;-;-;-;-;-,426,107,107,107,107,108,98,98,98,108
GENE.2119,chr8;chr8;chr8,548200;548512;550501,548335;550380;550616,+;+;+,2121,8834,8834,8835,8908,8869,8299,8488,8299,8869
GENE.212,chr1,436408,438564,+,2157,6124,6124,6125,6172,6263,5177,5806,5177,6263
GENE.2120,chr8;chr8,551199;552096,551903;552428,-;-,1038,1849,1848,1849,1933,1915,1600,1760,1600,1915
GENE.2121,chr8;chr8,551867;552096,551899;552428,-;-,366,701,700,701,753,700,607,643,607,700
GENE.2122,chr8;chr8,554437;557119,556839;557205,+;+,2490,176,176,176,176,187,155,211,155,187
GENE.2123,chr8,557884,559506,-,1623,150,150,150,156,161,129,148,129,161
GENE.2124,chr8;chr8,560744;561149,561017;564276,+;+,3402,24163,24163,24165,24359,24681,22545,23209,22545,24681
GENE.2125,chr8,567824,573148,+,5325,27960,27960,27967,28004,28275,25332,28037,25332,28269
GENE.2126,chr8;chr8;chr8;chr8,575986;576428;577899;578181,576240;577690;578017;578370,+;+;+;+,1827,4679,4679,4679,4705,4695,4371,4433,4371,4695
GENE.2127,chr8,579483,582221,+,2739,14052,14052,14054,14424,14284,12528,13124,12528,14284
GENE.2128,chr8;chr8,582983;586864,586525;586953,-;-,3633,14718,14718,14733,14742,15128,12705,14112,12705,15128
GENE.2129,chr8,589821,593489,+,3669,14744,14744,14772,14938,14865,13163,14323,13163,14865
GENE.213,chr1;chr1;chr1;chr1;chr1,439652;439950;440555;440764;441098,439824;440393;440644;440851;441418,-;-;-;-;-,1116,0,0,0,0,0,1,0,1,0
GENE.2130,chr8,593649,595412,-,1764,350,351,351,352,358,308,344,308,358
GENE.2131,chr8;chr8;chr8;chr8;chr8;chr8,596190;596438;596715;599817;600017;600241,596279;596587;599725;599884;600140;600328,+;+;+;+;+;+,3531,0,0,1,0,30,2,7,2,30
GENE.2132,chr8;chr8,600525;600895,600611;602247,-;-,1440,0,0,0,0,6,0,0,0,6
GENE.2133,chr8,604923,612878,+,7956,86108,86107,86118,86824,88956,75541,82469,75541,88956
GENE.2134,chr8;chr8;chr8;chr8;chr8,613325;613543;613819;614380;614721,613373;613686;614218;614526;614862,-;-;-;-;-,882,1850,1848,1851,1896,1862,1414,1576,1414,1862
GENE.2135,chr8;chr8;chr8;chr8;chr8;chr8;chr8;chr8;chr8;chr8;chr8;chr8;chr8,614919;615243;615496;615714;615885;616091;616276;616501;616666;616862;617013;617218;617563,614930;615323;615605;615770;615964;616166;616411;616559;616725;616934;617044;617397;617821,-;-;-;-;-;-;-;-;-;-;-;-;-,1215,0,0,0,0,3,0,0,0,3
GENE.2136,chr8,618843,620228,-,1386,1108,1108,1108,1110,1160,1068,1084,1068,1160
GENE.2137,chr8,621805,623442,-,1638,1234,1234,1234,1238,1282,992,1142,992,1282
GENE.2138,chr8,626069,628945,-,2877,9530,9530,9530,9568,9699,8908,9217,8908,9699
GENE.2139,chr8;chr8,631584;632079,631924;632229,-;-,492,0,0,0,0,23,0,0,0,23
GENE.214,chr1,442543,443289,-,747,1346,1346,1346,1354,1347,1292,1305,1292,1347
GENE.2140,chr8,633990,634697,+,708,72,72,72,74,74,59,140,59,74
GENE.2141,chr8,635537,635755,-,219,0,0,0,0,0,0,0,0,0
GENE.2142,chr8;chr8,636628;637843,637715;641458,-;-,4704,8820,8819,8824,8848,9051,7792,8427,7791,9051
GENE.2143,chr8,643086,644885,-,1800,0,0,2,0,5,2,1,2,5
GENE.2144,chr8,647316,649304,-,1989,3162,3162,3162,3170,3181,2821,2934,2821,3181
GENE.2145,chr8;chr8;chr8;chr8,651417;651697;652061;652360,651510;651937;652222;652804,-;-;-;-,942,4394,4394,4394,4460,4426,4198,4317,4198,4426
GENE.2146,chr8;chr8,656078;656693,656087;657630,+;+,948,802,802,802,828,818,674,760,674,818
GENE.2147,chr8;chr8;chr8;chr8;chr8;chr8,658493;658634;658874;659034;660158;662093,658538;658748;658901;659127;661851;662095,-;-;-;-;-;-,1980,4996,4996,4996,5037,5073,4468,4828,4468,5073
GENE.2148,chr8,665548,667095,-,1548,0,0,1,0,3,2,0,2,3
GENE.2149,chr8;chr8;chr8;chr8,669541;670034;670365;670645,669931;670176;670547;670734,+;+;+;+,807,4925,4925,4925,5039,4971,4541,4884,4541,4971
GENE.215,chr1,443585,443938,-,354,0,0,0,0,0,0,0,0,0
GENE.2150,chr8,671157,675416,-,4260,2864,2864,2865,2868,2920,2569,2695,2569,2920
GENE.2151,chr8,676391,677464,+,1074,0,0,0,0,8,0,0,0,8
GENE.2152,chr8;chr8,677989;678684,678381;678725,-;-,435,0,0,0,0,0,0,0,0,0
GENE.2153,chr8;chr8,680957;681402,681196;681809,+;+,648,115,115,115,119,120,102,106,102,120
GENE.2154,chr8;chr8;chr8;chr8;chr8;chr8,682518;682647;682874;683115;683273;683432,682539;682728;682955;683164;683342;683572,-;-;-;-;-;-,447,162,162,162,161,162,159,161,159,162
GENE.2155,chr8,687340,688086,+,747,0,0,0,0,21,0,0,0,21
GENE.2156,chr8,690541,694143,-,3603,27522,27522,27524,27878,27763,26041,26480,26041,27763
GENE.2157,chr8;chr8;chr8,695215;696797;697146,696717;696956;697522,-;-;-,2040,4242,4242,4243,4269,4311,3665,4059,3665,4311
GENE.2158,chr8,700376,702652,+,2277,5508,5508,5515,5566,5518,4877,5649,4877,5516
GENE.2159,chr8,703502,704683,-,1182,0,0,0,0,2,0,0,0,2
GENE.216,chr1;chr1;chr1;chr1;chr1;chr1;chr1;chr1,446026;446892;447118;447339;447617;447841;448028;448392,446775;447016;447205;447422;447747;447904;448190;448849,+;+;+;+;+;+;+;+,1863,0,1,0,0,3,0,12,0,2
GENE.2160,chr8,706076,706996,+,921,536,536,536,558,573,475,521,475,573
GENE.2161,chr8,708228,708824,+,597,0,0,0,0,2,0,0,0,2
GENE.2162,chr8,709545,710600,-,1056,0,0,0,0,24,2,48,2,24
GENE.2163,chr8,711239,714166,+,2928,0,1,1,0,9,1,37,1,9
GENE.2164,chr8,717113,719746,+,2634,2246,2246,2246,2250,2266,2033,2148,2033,2266
GENE.2165,chr8,721928,725476,+,3549,2748,2749,2756,2770,2813,2238,3047,2238,2812
GENE.2166,chr8;chr8,725781;726299,726059;726502,-;-,483,0,0,0,0,3,0,0,0,3
GENE.2167,chr8;chr8;chr8;chr8;chr8,727662;728427;728873;729398;729650,728223;728746;729248;729536;729728,+;+;+;+;+,1476,64,64,65,66,65,56,72,56,65
GENE.2168,chr8;chr8;chr8;chr8;chr8;chr8;chr8;chr8;chr8;chr8,729917;730071;730354;730587;730779;730965;731363;731631;731943;732175,729946;730182;730421;730643;730844;731138;731455;731764;732002;732187,-;-;-;-;-;-;-;-;-;-,807,0,0,0,0,7,0,0,0,7
GENE.2169,chr8;chr8,733279;733505,733331;734573,-;-,1122,156,156,160,156,174,130,161,130,174
GENE.217,chr1;chr1;chr1,450043;450297;450590,450099;450428;450646,-;-;-,246,22,22,22,22,22,19,18,19,22
GENE.2170,chr8,735680,741181,-,5502,26478,26480,26497,26720,26811,24141,24364,24141,26811
GENE.2171,chr8,743505,745505,+,2001,2598,2598,2598,2610,2709,2059,2416,2059,2709
GENE.2172,chr8,746013,747488,-,1476,7186,7186,7188,7260,7803,6110,6840,6110,7803
GENE.2173,chr8;chr8;chr8;chr8,748653;749127;749397;749553,748970;749252;749439;749623,+;+;+;+,558,623,623,623,639,627,598,598,598,627
GENE.2174,chr8,750082,750711,-,630,0,0,0,0,11,0,0,0,11
GENE.2175,chr8;chr8;chr8;chr8;chr8;chr8;chr8;chr8;chr8;chr8,751942;754409;754555;754696;754938;755091;755223;755497;755823;756147,754235;754433;754611;754742;755001;755122;755345;755716;755933;756173,-;-;-;-;-;-;-;-;-;-,3000,0,0,0,0,29,0,8,0,29
GENE.2176,chr8;chr8;chr8,757224;757831;758190,757743;757994;758207,+;+;+,702,0,0,0,0,4,1,0,1,4
GENE.2177,chr8;chr8;chr8,760138;760320;760961,760212;760692;761031,+;+;+,519,329,329,329,331,330,317,321,317,330
GENE.2178,chr8,762118,765330,-,3213,11532,11532,11533,11644,11602,10115,10870,10115,11602
GENE.2179,chr8;chr8;chr8;chr8,767110;767323;767665;767858,767239;767507;767758;767880,+;+;+;+,432,251,251,251,251,253,244,249,244,253
GENE.218,chr1;chr1;chr1;chr1;chr1,450831;451238;451594;452590;452832,450873;451303;452440;452690;453118,-;-;-;-;-,1344,4504,4504,4504,4533,4565,3812,4274,3812,4565
GENE.2180,chr8;chr8;chr8;chr8;chr8;chr8;chr8,767916;768132;768365;768675;768845;769095;769697,767949;768258;768517;768750;769006;769490;769792,-;-;-;-;-;-;-,1044,0,0,0,0,16,0,0,0,16
GENE.2181,chr8,770946,771773,+,828,2102,2102,2107,2540,2134,1890,2019,1890,2134
GENE.2182,chr8,772568,773737,+,1170,0,0,8,0,10,0,0,0,10
GENE.2183,chr8,774299,776791,+,2493,12058,12056,12058,12584,12304,10748,11722,10748,12304
GENE.2184,chr8,777257,779647,-,2391,14330,14330,14331,14366,14629,12880,13732,12880,14629
GENE.2185,chr8,782909,789616,-,6708,13118,13121,13187,14536,13582,11918,12183,11918,13582
GENE.2186,chr8;chr8,794287;795650,794349;797806,-;-,2220,4060,4061,4093,4748,4313,3415,3696,3332,4309
GENE.2187,chr8;chr8;chr8;chr8;chr8;chr8,798777;799031;799409;799639;799804;800068,798807;799136;799503;799691;799938;800205,+;+;+;+;+;+,558,871,870,871,898,901,810,813,810,901
GENE.2188,chr8;chr8,800920;803923,803696;804034,-;-,2889,14482,14482,14482,14542,14630,13157,13830,13035,14630
GENE.2189,chr8;chr8;chr8;chr8;chr8;chr8;chr8;chr8;chr8;chr8;chr8;chr8;chr8;chr8;chr8;chr8;chr8;chr8;chr8;chr8;chr8;chr8;chr8;chr8;chr8;chr8;chr8;chr8;chr8;chr8;chr8,805797;806037;806258;806418;806606;806840;806995;807147;807343;807506;807633;807804;807982;808155;808550;809059;809657;810247;810565;810802;810973;811240;811463;811726;811902;812115;812452;812655;812972;813221;813405,805909;806138;806320;806489;806680;806905;807039;807203;807375;807535;807665;807842;808056;808373;808927;809433;810047;810440;810687;810882;811095;811320;811528;811800;811961;812303;812478;812687;813085;813298;813465,-;-;-;-;-;-;-;-;-;-;-;-;-;-;-;-;-;-;-;-;-;-;-;-;-;-;-;-;-;-;-,3471,0,0,1,0,24,4,3,4,24
GENE.219,chr1,454847,455338,+,492,1208,1208,1208,1210,1208,1172,1179,1172,1208
GENE.2190,chr8;chr8,815150;815431,815293;815451,+;+,165,0,0,0,0,0,0,0,0,0
GENE.2191,chr8,816803,817102,-,300,0,0,0,0,2,0,0,0,2
GENE.2192,chr8,821334,822452,+,1119,1498,1498,1498,1498,1541,1413,1435,1413,1541
GENE.2193,chr8;chr8,824564;826441,826102;826518,+;+,1617,0,0,0,0,4,0,0,0,4
GENE.2194,chr8;chr8;chr8;chr8,830006;830386;830614;831426,830090;830471;831202;831454,+;+;+;+,789,158,158,158,158,161,149,152,149,161
GENE.2195,chr8;chr8;chr8;chr8,833185;834119;835035;835290,833884;834919;835171;835334,+;+;+;+,1683,2538,2538,2539,2556,2619,1822,2312,1822,2619
GENE.2196,chr8;chr8,835978;836846,836571;836848,-;-,597,0,0,0,0,3,0,0,0,3
GENE.2197,chr8;chr8,842317;842667,842343;843215,+;+,576,0,0,0,0,1,0,0,0,1
GENE.2198,chr8;chr8;chr8;chr8;chr8;chr8;chr8;chr8;chr8;chr8;chr8,845253;845597;845737;846011;846167;846385;846594;846785;846938;847117;847314,845432;845638;845913;846062;846277;846463;846661;846839;846970;847161;847380,-;-;-;-;-;-;-;-;-;-;-,909,1212,1211,1212,1266,1217,1182,1176,1182,1217
GENE.2199,chr8;chr8;chr8;chr8;chr8,848277;848641;849070;849264;849498,848303;848715;849137;849315;852947,-;-;-;-;-,3672,1323,1323,1323,1343,1410,1119,1291,1119,1408
GENE.22,chrM,4716,4802,+,87,0,0,0,0,0,0,0,0,0
GENE.220,chr1,464726,470194,+,5469,5362,5362,5362,5368,5428,4855,5141,4855,5428
GENE.2200,chr8,855654,856742,-,1089,0,0,0,0,8,0,0,0,8
GENE.2201,chr8,860384,862417,+,2034,3876,3876,3876,3880,4067,3353,3641,3353,4067
GENE.2202,chr8;chr8;chr8;chr8;chr8,863505;864312;866707;866925;867803,864138;866588;866794;867532;868137,-;-;-;-;-,3942,0,0,0,0,20,1,87,1,20
GENE.2203,chr8;chr8,869562;870546,870420;870574,+;+,888,494,494,494,496,501,431,444,431,501
GENE.2204,chr8,871410,873440,+,2031,1876,1876,1876,1878,1915,1669,1761,1669,1915
GENE.2205,chr8,874367,877498,+,3132,0,0,0,0,12,0,30,0,12
GENE.2206,chr8,878495,880459,+,1965,2898,2898,2898,2906,2917,2673,2819,2673,2917
GENE.2207,chr8;chr8;chr8;chr8;chr8;chr8;chr8;chr8;chr8;chr8;chr8;chr8;chr8,881590;881814;882002;882161;882323;882561;882762;883026;883343;883557;883930;884136;884286,881685;881873;882058;882214;882376;882619;882879;883247;883409;883676;884023;884190;884390,+;+;+;+;+;+;+;+;+;+;+;+;+,1161,4163,4161,4163,4258,4331,3618,3894,3618,4331
GENE.2208,chr8;chr8,885198;885697,885591;886136,-;-,834,444,444,444,446,486,388,524,388,486
GENE.2209,chr8,888126,890471,-,2346,6986,9942,11847,6008,6305,11421,6672,11227,6305
GENE.221,chr1,473739,475887,+,2149,688,2200,2092,3032,2271,1866,204,1866,2271
GENE.2210,chr8;chr8;chr8;chr8;chr8;chr8;chr8;chr8;chr8;chr8;chr8;chr8;chr8;chr8;chr8;chr8;chr8,891658;892060;892604;894053;895448;895838;896116;896352;896548;896781;896947;897101;897286;897455;898006;898292;898455,891798;892478;893711;895249;895613;895964;896250;896429;896638;896848;896992;897172;897365;897757;898098;898346;898502,-;-;-;-;-;-;-;-;-;-;-;-;-;-;-;-;-,4227,0,0,4,0,24,1,0,1,24
GENE.2211,chr8;chr8;chr8;chr8,899004;899223;899443;899633,899078;899312;899528;899657,-;-;-;-,276,14,14,14,16,14,10,10,10,14
GENE.2212,chr8;chr8;chr8;chr8;chr8,900742;901149;907188;907421;907566,900942;906938;907263;907453;907714,-;-;-;-;-,6249,0,0,14,0,80,1,52,1,80
GENE.2213,chr8;chr8;chr8;chr8,909207;909460;909713;910011,909333;909541;909877;910716,-;-;-;-,1080,1626,1626,1630,1628,1643,1386,1546,1386,1643
GENE.2214,chr8,912264,914249,-,1986,0,0,2,0,13,0,0,0,13
GENE.2215,chr8,919055,920896,+,1842,1356,1356,1363,1382,1376,1102,1352,1102,1376
GENE.2216,chr8;chr8,922208;923755,923529;923932,+;+,1500,0,0,0,0,7,0,0,0,7
GENE.2217,chr8,925113,927671,+,2559,4330,4330,4333,4352,4372,3875,4508,3875,4371
GENE.2218,chr8;chr8;chr8,929145;929798;930381,929616;930212;930861,+;+;+,1368,8442,8441,8442,8537,8458,7590,7737,7590,8458
GENE.2219,chr8;chr8,932321;932668,932478;935626,+;+,3117,0,0,8,0,14,1,0,1,14
GENE.222,chr1,475888,476281,+,394,0,0,0,0,0,0,0,0,0
GENE.2220,chr8,936426,938876,-,2451,0,0,1,0,22,1,62,1,18
GENE.2221,chr8;chr8;chr8,939583;941076;943898,940898;943742;944645,-;-;-,4731,71167,71157,71208,74035,72363,62609,66691,62609,72363
GENE.2222,chr8;chr8;chr8;chr8;chr8,948745;950078;950274;950485;950819,949909;950180;950344;950609;950899,+;+;+;+;+,1545,796,796,796,813,805,714,764,714,805
GENE.2223,chr8;chr8,953448;955776,955665;956314,+;+,2757,22170,22172,22195,22820,23245,19459,20753,19447,23245
GENE.2224,chr8,957498,958073,+,576,1128,1128,1128,1138,1134,1079,1113,1079,1134
GENE.2225,chr8;chr8;chr8,958531;959712;960460,959559;960005;961740,-;-;-,2604,0,0,0,0,5,1,2,1,5
GENE.2226,chr8;chr8,965822;966352,965890;966657,+;+,375,0,0,0,0,3,0,0,0,3
GENE.2227,chr8,967901,968740,-,840,0,0,0,0,1,0,0,0,1
GENE.2228,chr8,969690,971714,+,2025,0,0,2,0,25,0,148,0,24
GENE.2229,chr8;chr8;chr8,973586;973866;974160,973765;973997;974267,+;+;+,420,0,0,0,0,4,0,7,0,4
GENE.223,chr1,476282,476402,+,121,0,0,0,0,0,0,0,0,0
GENE.2230,chr8;chr8;chr8,976074;976358;976566,976120;976474;976644,+;+;+,243,0,0,0,0,1,0,0,0,1
GENE.2231,chr8;chr8;chr8;chr8,977432;977712;977890;978117,977539;977769;977975;978188,-;-;-;-,324,11,11,11,11,12,10,9,10,12
GENE.2232,chr8;chr8,978798;980507,980376;980634,+;+,1707,0,0,4,0,2,0,49,0,2
GENE.2233,chr8,981018,981722,-,705,1348,1348,1348,1420,1354,1132,1219,1132,1354
GENE.2234,chr8;chr8;chr8,982570;986763;987561,986562;987166;987696,+;+;+,4533,3018,3018,3021,3074,3061,2753,2881,2753,3061
GENE.2235,chr8;chr8,988281;988694,988462;988763,-;-,252,0,0,0,0,3,0,0,0,3
GENE.2236,chr8;chr8;chr8;chr8;chr8;chr8;chr8,990250;990535;991080;991362;992016;992308;992534,990318;990982;991214;991847;992187;992383;992608,+;+;+;+;+;+;+,1461,4211,4211,4212,4265,4230,3682,3971,3682,4230
GENE.2237,chr8;chr8;chr8;chr8;chr8;chr8,992655;992872;993035;993231;993643;993899,992705;992934;993100;993430;993795;993965,-;-;-;-;-;-,600,1470,1469,1470,1494,1485,1443,1432,1443,1485
GENE.2238,chr8;chr8,997055;997550,997354;999529,+;+,2280,6660,6661,6660,6681,6826,6213,6420,6213,6826
GENE.2239,chr8,1000981,1003755,-,2775,3832,3832,3840,3936,3917,3236,3585,3236,3917
GENE.224,chr1,476403,477278,+,876,650,650,650,656,652,611,624,611,652
GENE.2240,chr8,1005836,1006810,+,975,108,108,108,108,115,106,106,106,115
GENE.2241,chr8,1007777,1011307,-,3531,0,0,1,0,12,1,9,1,12
GENE.2242,chr8;chr8;chr8;chr8,1012927;1016492;1016914;1017209,1016350;1016773;1017038;1017376,-;-;-;-,3999,36794,36794,36901,38130,38581,33584,33403,33580,38580
GENE.2243,chr8;chr8;chr8;chr8;chr8,1018089;1018265;1018556;1018823;1019070,1018144;1018421;1018723;1018932;1019268,-;-;-;-;-,690,304,304,304,316,327,265,302,265,327
GENE.2244,chr8;chr8;chr8,1022629;1023096;1023787,1022985;1023539;1023846,-;-;-,861,990,990,990,998,994,875,891,875,994
GENE.2245,chr8;chr8;chr8;chr8,1028752;1032220;1032740;1033353,1032063;1032634;1033248;1033514,+;+;+;+,4398,4866,4866,4872,4890,5018,4177,5162,4177,5017
GENE.2246,chr8;chr8;chr8;chr8;chr8,1034417;1035011;1035721;1035876;1036325,1034902;1035594;1035758;1036148;1036428,+;+;+;+;+,1485,0,0,0,0,5,0,0,0,5
GENE.2247,chr8,1037100,1038608,-,1509,2468,2468,2468,2472,2529,2211,2307,2211,2529
GENE.2248,chr8,1039907,1041211,-,1305,154,154,154,162,164,137,147,137,164
GENE.2249,chr8;chr8,1041832;1042280,1041984;1042327,-;-,201,0,0,0,0,6,0,0,0,6
GENE.225,chr1,477279,481382,+,4104,0,673,674,2066,731,980,170,980,731
GENE.2250,chr8,1043813,1045780,+,1968,2520,2520,2520,2524,2601,2277,2432,2277,2601
GENE.2251,chr8,1047551,1048507,+,957,1124,1124,1124,1154,1222,940,1085,940,1222
GENE.2252,chr8,1049282,1051705,-,2424,0,0,1,0,9,1,2,1,9
GENE.2253,chr8,1052771,1053991,+,1221,4202,4202,4202,4224,4845,3603,4000,3603,4845
GENE.2254,chr8;chr8;chr8,1055135;1055437;1058773,1055161;1058553;1059003,+;+;+,3375,8283,8283,8290,8338,8428,7208,7971,7207,8426
GENE.2255,chr8,1059246,1061567,-,2322,6576,6576,6577,6588,6641,6141,6370,6141,6641
GENE.2256,chr8,1062304,1064061,-,1758,0,0,0,0,6,0,0,0,6
GENE.2257,chr8;chr8,1066154;1066702,1066504;1067472,+;+,1122,0,0,0,0,18,0,0,0,18
GENE.2258,chr8;chr8;chr8;chr8;chr8,1068563;1069183;1069572;1069724;1069888,1069027;1069410;1069617;1069770;1069902,+;+;+;+;+,801,2268,2268,2268,2276,2377,1643,2027,1643,2377
GENE.2259,chr8;chr8;chr8;chr8;chr8;chr8;chr8;chr8;chr8;chr8;chr8;chr8;chr8;chr8;chr8;chr8,1070988;1071319;1071600;1071941;1072249;1072500;1072648;1072808;1073039;1073260;1073367;1073523;1073708;1073986;1074138;1074325,1071227;1071477;1071772;1072089;1072329;1072558;1072714;1072944;1073113;1073294;1073455;1073630;1073892;1074052;1074193;1074417,+;+;+;+;+;+;+;+;+;+;+;+;+;+;+;+,1773,2884,2884,2884,2942,2946,2713,2792,2713,2946
GENE.226,chr1;chr1,481809;482518,482319;482618,-;-,612,0,0,0,0,9,0,0,0,9
GENE.2260,chr8,1075800,1079630,+,3831,26790,26790,26791,26918,27007,24323,25705,24321,27007
GENE.2261,chr8,1080055,1082991,-,2937,942,942,945,972,964,830,894,830,964
GENE.2262,chr8;chr8,1086048;1091179,1090972;1091248,+;+,4995,39435,39432,39444,39851,40265,35289,37883,35289,40265
GENE.2263,chr8;chr8;chr8;chr8;chr8;chr8,1091998;1092147;1092376;1092604;1092852;1093084,1092058;1092205;1092471;1092711;1092950;1093221,+;+;+;+;+;+,561,634,634,634,657,635,584,595,584,635
GENE.2264,chr8;chr8;chr8;chr8,1093690;1093955;1094129;1094304,1093863;1094025;1094195;1094489,+;+;+;+,498,0,0,0,0,7,0,0,0,7
GENE.2265,chr8,1095116,1095562,-,447,4,4,4,4,4,3,4,3,4
GENE.2266,chr8;chr8;chr8;chr8;chr8,1096423;1096652;1096900;1097174;1097342,1096462;1096738;1097055;1097228;1097363,+;+;+;+;+,360,0,0,0,0,3,0,0,0,3
GENE.2267,chr8,1098484,1100376,+,1893,398,398,399,404,415,361,387,361,415
GENE.2268,chr8,1100816,1101073,-,258,0,0,0,0,0,0,0,0,0
GENE.2269,chr8,1101887,1102804,-,918,1358,1358,1358,1376,1376,1222,1290,1222,1376
GENE.227,chr1;chr1,486500;486707,486586;487186,+;+,567,18,18,18,18,19,15,16,15,19
GENE.2270,chr8,1103768,1105108,+,1341,0,0,0,0,14,0,31,0,14
GENE.2271,chr8,1106048,1107961,+,1914,5558,5558,5566,5672,5580,5104,5501,5104,5578
GENE.2272,chr8,1109276,1112794,+,3519,380,380,404,512,481,421,702,421,481
GENE.2273,chr8,1113369,1139144,-,25776,52222,52222,52321,52622,52938,46038,48637,46036,52911
GENE.2274,chr8,1142499,1144307,-,1809,0,0,0,0,7,1,14,1,7
GENE.2275,chr8,1146167,1147504,+,1338,0,0,0,0,3,0,0,0,3
GENE.2276,chr8;chr8;chr8;chr8;chr8;chr8;chr8;chr8,1148010;1148301;1148542;1148935;1149153;1149458;1149669;1149817,1148153;1148403;1148826;1149051;1149295;1149549;1149724;1149830,-;-;-;-;-;-;-;-,954,0,0,0,0,5,0,0,0,5
GENE.2277,chr8,1152302,1156282,+,3981,7200,7202,7203,7232,7340,6366,7066,6366,7340
GENE.2278,chr8,1157321,1158151,-,831,1038,1038,1038,1048,1059,956,970,956,1059
GENE.2279,chr8;chr8,1160164;1161579,1161005;1161708,-;-,972,332,332,332,335,339,308,321,308,339
GENE.228,chr1;chr1,487892;490053,489838;490127,-;-,2022,753,671,753,763,756,682,686,682,756
GENE.2280,chr8,1161232,1161329,-,98,21,21,21,23,21,20,20,20,21
GENE.2281,chr8;chr8;chr8,1164655;1164761;1165001,1164669;1164799;1167205,+;+;+,2259,13291,13291,13293,13577,13578,11917,12591,11917,13578
GENE.2282,chr8,1167579,1171448,-,3870,10354,10352,10357,10430,10469,9057,9781,9057,10469
GENE.2283,chr8,1172394,1176587,+,4194,1676,1677,1679,1686,1728,1516,2139,1506,1728
GENE.2284,chr8,1177310,1180324,+,3015,7070,6740,7073,7162,7136,6448,7231,6448,7132
GENE.2285,chr8,1181295,1183796,+,2502,0,0,3,0,13,0,473,0,13
GENE.2286,chr8,1184595,1185251,+,657,3118,3118,3118,3136,3357,2819,3009,2819,3357
GENE.2287,chr8,1186175,1187125,+,951,0,1,0,0,8,0,12,0,8
GENE.2288,chr8;chr8,1187623;1188801,1188552;1192925,-;-,5055,0,0,3,0,18,1,74,1,18
GENE.2289,chr8,1193847,1196678,-,2832,10492,10493,10495,10580,10587,9613,9947,9613,10587
GENE.229,chr1;chr1,495244;496405,496239;500076,+;+,4668,11748,11748,11751,12086,12164,10908,11259,10681,12164
GENE.2290,chr8,1198858,1206057,+,7200,20594,20594,20643,21642,21028,17824,19757,17812,21028
GENE.2291,chr8;chr8,1206788;1208219,1208063;1208394,-;-,1452,8226,8226,8226,8289,8293,6606,7871,6606,8293
GENE.2292,chr8;chr8;chr8;chr8,1210692;1210904;1211193;1211752,1210816;1211032;1211633;1211860,+;+;+;+,804,0,0,0,0,5,0,0,0,5
GENE.2293,chr8;chr8,1212337;1213888,1213695;1215630,-;-,3102,6085,6085,6088,6167,6117,5637,5837,5637,6117
GENE.2294,chr8,1216271,1220716,+,4446,9014,9014,9020,9052,9255,7822,8630,7822,9255
GENE.2295,chr8,1221025,1222683,-,1659,2284,2137,2284,2360,2330,1905,2087,1905,2329
GENE.2296,chr8,1224094,1225863,-,1770,0,0,1,0,17,0,16,0,17
GENE.2297,chr8;chr8;chr8;chr8,1226750;1227738;1228089;1228358,1227436;1227951;1228164;1228409,-;-;-;-,1029,3097,3097,3097,3112,3287,2455,2979,2455,3287
GENE.2298,chr8;chr8;chr8;chr8,1229899;1231241;1231481;1232066,1231157;1231318;1231594;1232132,-;-;-;-,1518,7276,7276,7277,7348,7308,6925,6988,6925,7308
GENE.2299,chr8,1233372,1236473,+,3102,0,0,5,0,25,0,64,0,25
GENE.23,chrM,4808,4865,+,58,0,0,0,0,0,0,0,0,0
GENE.230,chr1;chr1,500959;502641,502509;502868,-;-,1779,22124,22124,22123,22256,22244,20472,20798,20472,22244
GENE.2300,chr8,1237285,1239501,-,2217,4254,4254,4261,4292,4491,3544,3922,3544,4485
GENE.2301,chr8;chr8;chr8;chr8,1241966;1242439;1242700;1242841,1242297;1242588;1242720;1242895,-;-;-;-,558,352,352,352,356,366,327,331,327,366
GENE.2302,chr8;chr8,1245211;1247526,1247381;1251078,+;+,5724,6028,6028,6036,6102,6130,5438,5827,5428,6130
GENE.2303,chr8;chr8;chr8;chr8;chr8;chr8;chr8,1252349;1252658;1252863;1253053;1253319;1253530;1253755,1252504;1252759;1252955;1253143;1253389;1253625;1253796,+;+;+;+;+;+;+,651,404,404,404,420,406,292,323,292,406
GENE.2304,chr8,1254558,1255376,+,819,182,182,182,182,186,161,169,161,186
GENE.2305,chr8;chr8;chr8;chr8,1256555;1256680;1256938;1257122,1256588;1256842;1257016;1257133,+;+;+;+,288,0,0,1,0,1,0,0,0,1
GENE.2306,chr8,1257716,1259041,-,1326,2228,2228,2228,2234,2232,1928,2071,1928,2232
GENE.2307,chr8,1260048,1266698,-,6651,56516,56516,56531,57052,57351,47337,51418,47337,57312
GENE.2308,chr8,1269135,1269647,+,513,162,162,162,162,162,159,160,159,162
GENE.2309,chr8,1271278,1272090,+,813,0,0,0,0,0,0,0,0,0
GENE.231,chr1;chr1,504938;506764,506581;506874,-;-,1755,0,0,0,0,3,0,0,0,3
GENE.2310,chr8,1272718,1275456,+,2739,19534,19535,19539,19638,20100,18114,18549,17286,20084
GENE.2311,chr8,1275625,1278795,+,3171,5078,4464,5622,6692,6860,5570,4877,5434,6860
GENE.2312,chr8,1280004,1280114,+,111,0,0,0,0,2,0,0,0,2
GENE.2313,chr8,1280935,1283761,+,2827,13020,12991,13022,13906,13190,10367,11928,10367,13190
GENE.2314,chr8,1284578,1287755,+,3178,8734,8659,8735,9022,9074,7384,8412,7384,9074
GENE.2315,chr8,1290240,1291406,-,1167,1098,1098,1099,1108,1108,979,1047,979,1108
GENE.2316,chr8;chr8,1294022;1294481,1294193;1294722,+;+,414,0,0,0,0,10,0,0,0,10
GENE.2317,chr8;chr8,1296134;1298152,1297984;1298328,-;-,2028,10352,10352,10353,10382,10683,9530,9996,9530,10681
GENE.2318,chr8;chr8,1303323;1303593,1303472;1304813,+;+,1371,0,0,0,0,12,1,1,1,12
GENE.2319,chr8;chr8,1307053;1307379,1307163;1307924,+;+,657,258,258,259,260,278,208,230,208,278
GENE.232,chr1;chr1,508252;509542,509340;509748,-;-,1296,902,904,902,908,918,757,866,757,918
GENE.2320,chr8;chr8,1310637;1312513,1312343;1316955,+;+,6150,56450,56449,56464,56780,58185,47200,53639,47198,58185
GENE.2321,chr8;chr8,1317600;1318273,1318109;1318341,-;-,579,0,0,0,0,8,0,0,0,8
GENE.2322,chr8;chr8,1321417;1321752,1321623;1322825,+;+,1281,1238,1238,1238,1240,1249,1074,1152,1074,1249
GENE.2323,chr8;chr8;chr8,1325144;1326176;1326514,1326008;1326402;1331187,+;+;+,5766,16102,18658,18065,19606,19059,15330,11607,15330,19059
GENE.2324,chr8;chr8,1333288;1333522,1333395;1336299,+;+,2886,8226,8226,8227,8246,8294,7716,8061,7716,8294
GENE.2325,chr8;chr8,1339659;1339925,1339742;1342306,+;+,2466,4653,4653,4682,4977,4973,3924,4316,3924,4973
GENE.2326,chr8;chr8,1344405;1345416,1345241;1345487,-;-,909,0,0,0,0,7,0,0,0,7
GENE.2327,chr8;chr8,1353456;1353857,1353650;1354669,+;+,1008,424,424,424,426,458,391,412,391,458
GENE.2328,chr8;chr8;chr8;chr8;chr8;chr8;chr8;chr8;chr8,1358314;1359287;1360002;1360151;1360362;1360628;1360942;1361249;1362197,1359142;1359859;1360055;1360213;1360493;1360813;1361100;1362015;1363618,+;+;+;+;+;+;+;+;+,4185,0,0,0,0,18,0,0,0,18
GENE.2329,chr8,1365467,1367506,-,2040,0,0,0,0,4,0,0,0,4
GENE.233,chr1;chr1;chr1,512086;514804;516582,514716;516580;517855,+;+;+,5682,1538,1556,1576,1666,1617,1458,1445,1458,1617
GENE.2330,chr8;chr8;chr8;chr8;chr8;chr8,1371847;1372103;1372225;1372294;1372579;1372669,1372100;1372223;1372291;1372577;1372667;1372720,+;+;+;+;+;+,867,0,0,0,0,16,0,1,0,16
GENE.2331,chr8;chr8,1374236;1375231,1375084;1375299,-;-,918,0,0,0,0,1,0,0,0,1
GENE.2332,chr8;chr8;chr8;chr8,1380834;1381108;1381197;1381554,1380971;1381195;1381552;1381835,+;+;+;+,864,0,0,0,0,5,0,0,0,5
GENE.2333,chr8;chr8,1383349;1384330,1384212;1384377,-;-,912,0,0,0,0,0,0,0,0,0
GENE.2334,chr8;chr8;chr8;chr8;chr8;chr8,1386625;1386701;1386952;1387071;1387318;1387829,1386698;1386950;1387068;1387316;1387602;1387882,-;-;-;-;-;-,1026,0,0,0,0,2,0,0,0,2
GENE.2335,chr8;chr8,1392168;1392407,1392299;1393135,+;+,861,144,144,144,158,154,124,136,124,154
GENE.2336,chr8;chr8;chr8,1392168;1392407;1393467,1392299;1393131;1393491,+;+;+,882,144,144,144,158,154,124,136,124,154
GENE.2337,chr8;chr8,1397014;1397265,1397172;1397885,+;+,780,3548,3548,3548,3608,3549,3274,3358,3274,3549
GENE.2338,chr8;chr8,1399560;1400515,1400405;1400583,-;-,915,1326,1325,1326,1328,1342,962,1157,962,1342
GENE.2339,chr8;chr8,1402567;1403643,1403478;1403711,-;-,981,1427,1427,1429,1427,1434,1364,1378,1364,1434
GENE.234,chr1;chr1;chr1;chr1,520807;521146;521396;522014,520917;521277;521795;522579,+;+;+;+,1209,0,0,1,0,5,0,0,0,5
GENE.2340,chr8;chr8,1405835;1406931,1406719;1406999,-;-,954,722,722,722,722,742,659,681,659,742
GENE.2341,chr8;chr8;chr8,1408571;1408650;1409237,1408648;1409234;1409356,+;+;+,783,192,192,192,192,199,159,173,159,199
GENE.2342,chr8;chr8,1411058;1411275,1411111;1412141,+;+,921,234,234,234,234,235,229,230,229,235
GENE.2343,chr8;chr8,1414283;1414442,1414345;1415293,+;+,915,204,204,204,206,208,196,200,196,208
GENE.2344,chr8;chr8,1417438;1417573,1417491;1418625,+;+,1107,0,0,0,0,3,3,5,3,3
GENE.2345,chr8;chr8,1420818;1422024,1421870;1422077,-;-,1107,847,855,855,858,865,781,792,781,865
GENE.2346,chr8;chr8,1426884;1427134,1426952;1428135,+;+,1071,584,731,728,730,734,678,363,678,734
GENE.2347,chr8,1429330,1430514,+,1185,0,0,2,0,6,1,10,1,6
GENE.2348,chr8;chr8,1432696;1432964,1432749;1433932,+;+,1023,5334,5332,5334,5344,5350,4938,5061,4938,5350
GENE.2349,chr8;chr8,1435794;1438005,1437158;1443449,-;-,6810,0,2,4,2,29,7,17,6,29
GENE.235,chr1;chr1;chr1;chr1,527107;530175;531652;534735,530065;531493;534459;536351,+;+;+;+,8703,0,1,2,0,22,0,17,0,22
GENE.2350,chr9;chr9,20080;26527,25533;27885,+;+,6813,0,130,116,202,172,194,139,194,172
GENE.2351,chr9;chr9,29797;31104,30873;31157,-;-,1131,0,17,5,12,8,22,2,22,8
GENE.2352,chr9;chr9,33553;34727,34563;34795,-;-,1080,0,2,2,0,5,3,2,3,4
GENE.2353,chr9;chr9,39554;39763,39607;40740,+;+,1032,0,471,460,746,478,1129,57,1128,478
GENE.2354,chr9;chr9,42909;43977,43856;44045,-;-,1017,2671,2672,2672,2673,2990,2106,2487,2106,2988
GENE.2355,chr9;chr9,45902;47183,46951;47236,-;-,1104,741,742,744,741,810,608,698,608,804
GENE.2356,chr9;chr9,49612;50903,50688;50971,-;-,1146,712,712,714,712,751,609,687,609,748
GENE.2357,chr9;chr9;chr9;chr9,52648;52772;53342;53661,52770;53339;53658;54020,-;-;-;-,1368,768,1730,2275,3016,2050,2235,539,2235,2050
GENE.2358,chr9;chr9,55074;56013,55907;56081,-;-,903,1788,1922,1924,1958,1934,1695,1573,1695,1934
GENE.2359,chr9;chr9,58162;59172,59022;59240,-;-,930,0,2,2,4,8,4,10,4,8
GENE.236,chr1;chr1,537109;537957,537771;538025,-;-,732,0,0,0,0,2,0,0,0,2
GENE.2360,chr9;chr9,61342;62497,62337;62553,-;-,1053,1976,2267,2224,2629,2346,1950,1090,1950,2346
GENE.2361,chr9,64216,64428,-,213,0,0,0,0,6,0,0,0,6
GENE.2362,chr9;chr9,67334;67543,67387;68625,+;+,1137,5841,6045,6020,6228,6066,6227,5141,6226,6066
GENE.2363,chr9;chr9,70521;70755,70589;71738,+;+,1053,5860,5860,5860,5862,5905,3876,4707,3876,5905
GENE.2364,chr9;chr9,74409;74718,74477;75746,+;+,1098,1968,1968,1970,1970,1978,1688,1806,1686,1978
GENE.2365,chr9;chr9,77861;78032,77929;78874,+;+,912,0,0,0,0,11,0,0,0,11
GENE.2366,chr9;chr9,82002;82930,82616;82998,-;-,684,1776,1776,1776,1807,1795,1455,1679,1455,1795
GENE.2367,chr9;chr9,84624;85002,84824;85610,+;+,810,176,176,176,176,176,175,176,175,176
GENE.2368,chr9;chr9;chr9,86384;86803;87067,86421;86991;88075,-;-;-,1236,1110,1110,1111,1112,1129,1032,1083,1032,1129
GENE.2369,chr9;chr9;chr9,89361;89576;91251,89438;91081;91295,-;-;-,1629,0,0,0,0,3,0,1,0,3
GENE.237,chr1;chr1,542480;542754,542641;546983,+;+,4392,0,3078,2562,3690,3144,2682,14,2682,3144
GENE.2370,chr9;chr9;chr9,93830;94042;95413,93910;95325;95613,-;-;-,1566,3837,3837,3837,3847,3933,3403,3708,3403,3933
GENE.2371,chr9;chr9;chr9,98175;98411;100304,98252;100198;100339,-;-;-,1902,3412,3412,3412,3422,3447,3202,3282,3202,3447
GENE.2372,chr9;chr9;chr9,102492;102727;104468,102572;104346;104593,-;-;-,1827,1560,1560,1560,1564,1583,1462,1522,1462,1583
GENE.2373,chr9;chr9;chr9,106514;106668;108380,106591;108185;108406,-;-;-,1623,0,0,2,0,1,0,0,0,1
GENE.2374,chr9;chr9;chr9,109334;109509;111303,109408;111182;111329,-;-;-,1776,0,0,0,0,12,0,0,0,12
GENE.2375,chr9;chr9;chr9,113409;113688;115523,113534;115388;115549,-;-;-,1854,0,0,0,10,5,0,0,0,5
GENE.2376,chr9;chr9,119261;120594,120451;120749,-;-,1347,0,0,2,0,2,0,2,0,2
GENE.2377,chr9;chr9;chr9;chr9,121621;123795;124143;124973,123647;123935;124739;125006,-;-;-;-,2799,3578,3578,3578,3590,3644,3320,3461,3320,3644
GENE.2378,chr9,127416,127724,+,309,0,0,0,0,2,0,0,0,2
GENE.2379,chr9,129224,129700,+,477,316,316,316,318,318,256,296,256,318
GENE.238,chr1;chr1,547597;548312,548217;548380,-;-,690,212,280,254,370,304,221,182,221,304
GENE.2380,chr9;chr9,130140;130385,130192;130937,-;-,606,141,141,141,141,144,133,138,133,144
GENE.2381,chr9;chr9;chr9;chr9;chr9;chr9;chr9,133762;133930;134204;134403;134706;134886;135535,133831;134078;134278;134549;134764;134953;135587,-;-;-;-;-;-;-,621,749,749,749,783,780,687,704,687,780
GENE.2382,chr9,140977,150588,+,9612,0,0,1,26,19,2,125,2,19
GENE.2383,chr9;chr9,151700;152390,152158;159541,-;-,7611,6786,6786,6788,6806,6883,6097,6554,6097,6883
GENE.2384,chr9,162769,166923,+,4155,11446,11446,11450,11712,11734,10022,10853,10022,11734
GENE.2385,chr9;chr9;chr9;chr9;chr9;chr9;chr9;chr9;chr9;chr9;chr9;chr9;chr9;chr9;chr9;chr9;chr9,168493;168926;169165;169382;169602;169705;170271;170452;170713;170918;171138;171345;171887;172100;172433;172586;172854,168738;169033;169302;169427;169609;170148;170364;170551;170775;171023;171254;171755;171949;172201;172500;172720;172887,+;+;+;+;+;+;+;+;+;+;+;+;+;+;+;+;+,2283,14298,14299,14388,14635,14382,13493,13714,13493,14382
GENE.2386,chr9;chr9;chr9;chr9;chr9,168493;168926;169165;169382;169705,168738;169033;169302;169427;169715,+;+;+;+;+,549,3511,3510,3511,3639,3517,3431,3428,3431,3517
GENE.2387,chr9;chr9;chr9,175542;175948;176264,175603;176068;177442,+;+;+,1362,1608,1607,1608,1612,1668,1386,1553,1386,1668
GENE.2388,chr9;chr9,179187;179621,179387;183991,+;+,4572,9314,9314,9317,9348,9477,7803,8870,7803,9477
GENE.2389,chr9;chr9,185821;186075,185907;186383,+;+,396,0,0,0,0,1,0,0,0,1
GENE.239,chr1;chr1,550576;551645,551550;551713,-;-,1044,0,0,0,0,0,0,0,0,0
GENE.2390,chr9,187342,188622,-,1281,0,0,1,0,0,1,0,1,0
GENE.2391,chr9;chr9;chr9;chr9;chr9;chr9,190858;191022;191335;191574;195442;195747,190906;191161;191430;195302;195513;195827,-;-;-;-;-;-,4167,510,510,517,518,564,407,481,407,564
GENE.2392,chr9;chr9,197867;198741,198669;198816,+;+,879,252,252,252,260,260,213,244,213,260
GENE.2393,chr9;chr9;chr9;chr9;chr9;chr9;chr9;chr9;chr9,199051;205646;205863;206071;206426;206820;206980;207217;207327,205487;205757;205959;206276;206691;206870;207115;207243;207458,-;-;-;-;-;-;-;-;-,7464,8208,8208,8210,8274,8475,6989,7814,6989,8475
GENE.2394,chr9,208168,208725,-,558,148,148,148,148,150,142,142,142,150
GENE.2395,chr9;chr9,210077;210431,210287;210609,+;+,390,4,4,4,4,5,4,4,4,5
GENE.2396,chr9;chr9,212515;217891,217734;217983,+;+,5313,13808,13808,13824,13844,14032,12110,13306,12110,14012
GENE.2397,chr9;chr9,218675;219295,219076;219462,-;-,570,2051,2051,2051,2093,2125,1812,1978,1812,2125
GENE.2398,chr9;chr9,222271;222716,222284;224156,+;+,1455,984,984,985,984,1009,887,959,887,1009
GENE.2399,chr9;chr9;chr9,224875;225023;225490,224893;225368;232831,-;-;-,7707,17636,17636,17643,17690,18099,15506,16711,15140,17985
GENE.24,chrM,4887,4945,+,59,0,0,0,0,0,0,0,0,0
GENE.240,chr1;chr1;chr1,552640;552906;553108,552708;553106;553797,+;+;+,960,2989,2989,2993,3051,3165,2282,2826,2282,3165
GENE.2400,chr9,234501,235346,-,846,144,144,146,150,150,118,141,118,150
GENE.2401,chr9;chr9;chr9,236359;236619;236985,236481;236849;242969,-;-;-,6339,4767,4767,4775,4783,4889,4082,4548,4077,4889
GENE.2402,chr9,245261,248860,-,3600,7772,7772,7773,7868,7824,7238,7453,7238,7824
GENE.2403,chr9,251353,269709,-,18357,74402,74402,74424,74614,76013,65330,70194,65324,76013
GENE.2404,chr9;chr9;chr9;chr9;chr9;chr9;chr9,270740;271555;272535;272782;273046;274466;274726,271407;272325;272591;272844;274006;274575;274789,-;-;-;-;-;-;-,2694,251,251,252,253,269,233,238,233,269
GENE.2405,chr9,278369,279088,+,720,0,0,0,0,1,0,0,0,1
GENE.2406,chr9;chr9,280207;283630,283396;284102,+;+,3663,0,0,1,0,15,0,1,0,14
GENE.2407,chr9;chr9;chr9;chr9;chr9;chr9;chr9;chr9;chr9;chr9;chr9;chr9,284200;284455;284625;284791;284951;285198;285397;285590;285811;285976;286251;286538,284314;284514;284677;284862;285039;285258;285486;285645;285880;286096;286320;286640,-;-;-;-;-;-;-;-;-;-;-;-,960,3597,3649,3597,3818,3731,3392,3483,3392,3731
GENE.2408,chr9;chr9;chr9;chr9;chr9;chr9;chr9;chr9;chr9;chr9;chr9;chr9,284200;284455;284625;284791;284951;285198;285397;285608;285811;285976;286251;286538,284314;284514;284677;284862;285039;285258;285486;285645;285880;286096;286320;286640,-;-;-;-;-;-;-;-;-;-;-;-,942,3595,3647,3595,3816,3729,3390,3481,3390,3729
GENE.2409,chr9;chr9;chr9;chr9;chr9,285479;285811;285976;286251;286538,285486;285880;286096;286320;286640,-;-;-;-;-,372,1822,1859,1821,1945,1891,1835,1741,1835,1891
GENE.241,chr1;chr1;chr1;chr1,554057;554270;554443;554639,554268;554441;554637;555439,-;-;-;-,1380,4014,4015,4011,4156,4084,3067,3639,3067,4084
GENE.2410,chr9;chr9;chr9,289050;292674;292850,292526;292742;292897,+;+;+,3594,434,434,440,450,467,370,483,370,465
GENE.2411,chr9,293585,296617,-,3033,0,0,3,0,18,3,0,3,18
GENE.2412,chr9;chr9,298665;301343,301221;304179,-;-,5394,1096,1096,1104,1112,1118,961,1060,961,1118
GENE.2413,chr9;chr9;chr9;chr9;chr9;chr9;chr9,305070;305258;305484;305733;305960;306202;306576,305132;305349;305598;305846;306028;306285;306626,+;+;+;+;+;+;+,588,0,0,0,0,2,0,1,0,2
GENE.2414,chr9,307303,309039,-,1737,0,2,0,0,3,1,0,1,3
GENE.2415,chr9,310691,311995,+,1305,3796,3796,3796,3900,3920,3339,3467,3339,3920
GENE.2416,chr9,312474,314987,-,2514,0,0,2,0,14,3,0,3,14
GENE.2417,chr9,318311,319546,+,1236,0,0,2,0,1,0,83,0,1
GENE.2418,chr9,320811,323342,-,2532,0,1,1,0,7,0,34,0,7
GENE.2419,chr9,330499,331965,-,1467,2188,2188,2188,2212,2201,2053,2104,2053,2201
GENE.242,chr1;chr1,558201;558640,558464;558708,-;-,333,17,17,17,17,20,14,16,14,20
GENE.2420,chr9,332255,334597,-,2343,84,84,84,88,89,81,98,81,89
GENE.2421,chr9,335071,335490,+,420,146,146,146,146,147,141,142,141,147
GENE.2422,chr9,335982,336770,+,789,146,146,146,146,147,120,138,120,147
GENE.2423,chr9;chr9,337564;337815,337700;337920,+;+,243,0,0,0,0,1,0,0,0,1
GENE.2424,chr9,338140,342408,-,4269,3032,3032,3033,3114,3054,2737,2896,2737,3053
GENE.2425,chr9,345892,349293,+,3402,7146,7146,7147,7188,7288,6023,6777,6023,7286
GENE.2426,chr9,350186,350962,-,777,0,0,1,0,1,0,12,0,1
GENE.2427,chr9,351955,354723,-,2769,1696,1696,1697,1698,1708,1521,1598,1521,1708
GENE.2428,chr9;chr9;chr9;chr9;chr9;chr9,356536;356704;357000;357217;357410;357624,356580;356796;357095;357320;357515;357683,-;-;-;-;-;-,504,92,92,92,102,94,87,89,87,94
GENE.2429,chr9;chr9,360535;360821,360596;363215,+;+,2457,4792,4792,4792,4802,4805,4445,4676,4445,4805
GENE.243,chr1;chr1;chr1;chr1;chr1,560474;560809;561063;561209;561466,560806;561060;561206;561349;561534,-;-;-;-;-,939,2997,2995,2997,3013,3064,1913,2850,1913,3064
GENE.2430,chr9,364069,364908,-,840,14,14,14,14,21,9,11,9,21
GENE.2431,chr9,366925,367500,+,576,642,642,642,648,644,549,568,549,644
GENE.2432,chr9;chr9,367865;368520,368320;368789,-;-,726,0,0,0,0,3,0,0,0,3
GENE.2433,chr9;chr9;chr9,369870;370117;370492,369968;370205;371554,-;-;-,1251,172,172,172,172,173,157,167,157,173
GENE.2434,chr9;chr9;chr9,373762;374171;374354,373884;374245;375586,-;-;-,1431,4897,4897,4897,4922,4901,4609,4680,4609,4901
GENE.2435,chr9;chr9;chr9;chr9;chr9,378035;378530;382534;382771;382943,378395;382416;382675;382844;382996,+;+;+;+;+,4518,0,0,0,0,30,0,5,0,30
GENE.2436,chr9;chr9;chr9;chr9;chr9;chr9;chr9;chr9,383650;383940;384152;384430;384625;384961;385352;385707,383751;384011;384277;384492;384790;385174;385516;385716,-;-;-;-;-;-;-;-,918,1379,1384,1379,1474,1403,1128,1293,1128,1403
GENE.2437,chr9;chr9;chr9;chr9;chr9;chr9;chr9,383650;383940;384430;384625;384961;385352;385707,383751;384011;384492;384790;385174;385516;385716,-;-;-;-;-;-;-,792,1372,1378,1372,1465,1396,1121,1286,1121,1396
GENE.2438,chr9,388149,388736,+,588,56,56,57,56,61,49,54,49,61
GENE.2439,chr9;chr9;chr9;chr9;chr9;chr9;chr9;chr9;chr9;chr9;chr9;chr9;chr9;chr9;chr9;chr9;chr9;chr9,389605;391224;392009;394370;394679;394930;395185;395422;395688;395838;396054;396234;396451;396660;396912;397128;397493;397745,391029;391875;394233;394564;394776;395084;395279;395522;395728;395950;396145;396365;396493;396770;396988;397350;397597;397843,-;-;-;-;-;-;-;-;-;-;-;-;-;-;-;-;-;-,5982,1067,1067,1068,1081,1176,925,1007,925,1176
GENE.244,chr1;chr1,563703;564771,564602;564842,-;-,972,1729,1729,1732,1729,1860,1424,1644,1424,1860
GENE.2440,chr9,399202,400725,-,1524,296,296,296,296,301,279,289,279,301
GENE.2441,chr9;chr9;chr9;chr9;chr9;chr9;chr9;chr9,401495;401905;402143;402353;402489;402689;403001;403338,401753;402005;402230;402411;402576;402883;403092;403394,-;-;-;-;-;-;-;-,939,0,0,0,0,2,0,0,0,2
GENE.2442,chr9;chr9,404312;406194,405992;406285,+;+,1773,1334,1334,1334,1354,1353,1248,1301,1248,1353
GENE.2443,chr9;chr9,406522;409506,409349;409665,-;-,2988,0,0,1,0,14,1,0,1,14
GENE.2444,chr9;chr9;chr9;chr9;chr9,410326;410572;410871;411059;411299,410470;410729;410967;411154;413841,-;-;-;-;-,3039,982,982,1015,1128,1000,876,942,876,1000
GENE.2445,chr9,415205,417433,+,2229,0,1,2,0,4,0,45,0,4
GENE.2446,chr9;chr9,418208;419716,419437;419895,-;-,1410,454,455,454,454,469,402,447,402,469
GENE.2447,chr9;chr9;chr9;chr9;chr9;chr9;chr9,420485;420658;420801;421100;421266;421483;421617,420544;420699;420863;421161;421330;421520;421682,-;-;-;-;-;-;-,396,18,18,18,19,18,16,14,16,18
GENE.2448,chr9,424171,428106,+,3936,48262,48260,48264,48394,48824,42579,44977,42579,48824
GENE.2449,chr9,430578,432047,+,1470,372,454,460,610,616,394,277,207,612
GENE.245,chr1;chr1,569485;570204,570048;570272,-;-,633,722,722,723,724,724,709,711,709,724
GENE.2450,chr9;chr9;chr9,433238;434991;435265,434793;435140;435373,-;-;-,1815,4996,4996,4996,5038,5104,4540,4819,4540,5104
GENE.2451,chr9,440914,444024,+,3111,0,0,12,0,17,1,193,1,13
GENE.2452,chr9;chr9;chr9,445788;445970;446156,445883;446050;446329,+;+;+,351,10,10,11,12,10,10,10,10,10
GENE.2453,chr9,447928,452049,+,4122,11530,11531,11532,11634,11674,10825,11236,10825,11671
GENE.2454,chr9,452399,455743,-,3345,420,420,421,424,440,364,392,364,440
GENE.2455,chr9;chr9;chr9;chr9;chr9;chr9,456959;457141;457295;457536;457801;461266,457018;457204;457418;457614;461017;461318,-;-;-;-;-;-,3597,3052,3052,3053,3071,3152,2648,2847,2648,3152
GENE.2456,chr9,464559,473768,+,9210,38852,38858,38942,39694,39597,33053,36573,33050,39571
GENE.2457,chr9,475671,476969,+,1299,1280,1280,1280,1310,1329,1104,1221,1104,1329
GENE.2458,chr9,477777,481358,-,3582,3380,3380,3381,3412,3481,2825,3213,2825,3481
GENE.2459,chr9,482461,487554,-,5094,0,0,13,0,10,0,3,0,10
GENE.246,chr1;chr1;chr1,572135;572448;572785,572445;572703;572853,-;-;-,636,1842,1842,1842,1892,1866,1268,1718,1268,1866
GENE.2460,chr9;chr9;chr9;chr9;chr9;chr9;chr9,489467;489690;489894;490087;490377;490589;490798,489543;489759;490006;490216;490433;490673;490865,+;+;+;+;+;+;+,600,521,521,522,543,525,431,426,431,525
GENE.2461,chr9,491275,492906,+,1632,0,0,0,0,5,1,0,1,5
GENE.2462,chr9,494163,495506,+,1344,0,0,0,0,2,0,0,0,2
GENE.2463,chr9;chr9,495946;496154,495991;497727,-;-,1620,3842,3842,3842,3864,3983,3378,3639,3378,3983
GENE.2464,chr9;chr9;chr9;chr9;chr9;chr9;chr9;chr9;chr9;chr9;chr9;chr9;chr9,500183;500400;500651;500874;501119;501259;501465;501656;501861;502034;502207;502484;502682,500209;500493;500774;500950;501168;501328;501513;501752;501889;502073;502316;502543;502733,+;+;+;+;+;+;+;+;+;+;+;+;+,879,694,693,694,731,805,567,647,567,805
GENE.2465,chr9;chr9,504412;507550,507328;508130,+;+,3498,0,0,3,0,14,0,3,0,13
GENE.2466,chr9,509934,510527,+,594,842,842,842,846,850,823,826,823,850
GENE.2467,chr9;chr9,511497;521042,520920;521529,+;+,9912,5321,5321,5349,5555,5640,4586,5236,4586,5639
GENE.2468,chr9;chr9,522221;525955,525813;526018,-;-,3657,5851,5851,5854,5945,6017,5240,5575,5240,6017
GENE.2469,chr9;chr9;chr9;chr9;chr9,526940;527109;527328;527481;527774,527005;527204;527367;527628;527978,-;-;-;-;-,555,1132,1132,1132,1160,1136,1085,1097,1085,1136
GENE.247,chr1;chr1;chr1,577704;578657;579071,578496;578922;583789,+;+;+,5778,17308,20737,20182,22781,21125,18629,10506,18629,21125
GENE.2470,chr9;chr9;chr9,527147;527481;527774,527204;527628;527978,-;-;-,411,1130,1130,1130,1158,1134,1083,1095,1083,1134
GENE.2471,chr9,529912,531444,+,1533,6480,6480,6481,6504,6596,5332,6165,5332,6596
GENE.2472,chr9,532341,535598,+,3258,0,0,1,0,5,0,0,0,5
GENE.2473,chr9,535851,536681,-,831,2418,2417,2418,2466,2450,1907,2187,1907,2450
GENE.2474,chr9;chr9,538221;539806,539395;539872,-;-,1242,3299,3300,3299,3349,3313,3016,3135,3016,3313
GENE.2475,chr9,541033,545739,-,4707,34536,34535,34539,34852,35187,29540,32258,29540,35187
GENE.2476,chr9,546800,548101,-,1302,2762,2762,2763,2776,2843,2293,2423,2293,2843
GENE.2477,chr9,549085,550446,-,1362,904,904,905,908,911,728,809,728,911
GENE.2478,chr9;chr9,551426;552442,552040;553167,-;-,1341,4212,4212,4212,4243,4289,3943,4092,3943,4289
GENE.2479,chr9;chr9;chr9;chr9;chr9;chr9;chr9,556090;556613;557244;557413;557584;557752;557911,556170;557111;557303;557455;557656;557814;557958,+;+;+;+;+;+;+,867,0,0,0,0,2,2,0,2,2
GENE.248,chr1;chr1,587391;587606,587483;588394,+;+,882,0,845,875,1980,901,838,193,838,901
GENE.2480,chr9;chr9,559144;560903,560787;561979,+;+,2721,2484,2484,2484,2526,2529,2224,2403,2224,2529
GENE.2481,chr9,562677,562934,+,258,0,0,0,0,2,0,0,0,2
GENE.2482,chr9,563329,565179,-,1851,4988,4988,4990,5014,5145,4413,4790,4413,5145
GENE.2483,chr9;chr9,567283;568144,567802;568640,+;+,1017,1612,1612,1612,1630,1623,1442,1477,1442,1623
GENE.2484,chr9;chr9;chr9;chr9;chr9,569124;569541;569871;570086;570308,569308;569618;569921;570148;570374,-;-;-;-;-,444,232,230,232,245,244,187,211,187,244
GENE.2485,chr9,571031,573349,-,2319,6854,6854,6855,6894,6966,5817,6422,5817,6966
GENE.2486,chr9,575679,576509,+,831,0,0,0,0,6,0,0,0,6
GENE.2487,chr9;chr9,576960;578432,578305;579026,-;-,1941,9390,9387,9390,9448,9525,8789,9037,8789,9525
GENE.2488,chr9;chr9,580760;581262,581059;581468,-;-,507,137,140,137,137,171,110,120,110,171
GENE.2489,chr9;chr9;chr9,582340;583024;583320,582900;583112;583968,-;-;-,1299,0,0,1,0,7,1,0,1,7
GENE.249,chr1;chr1,591849;592135,591902;593187,+;+,1107,565,622,588,675,661,495,551,495,659
GENE.2490,chr9,584726,588421,+,3696,4254,4254,4255,4272,4341,3848,4154,3848,4341
GENE.2491,chr9,589263,591242,+,1980,852,852,904,1090,1051,950,803,950,1051
GENE.2492,chr9;chr9,593107;593468,593278;593556,+;+,261,0,0,0,0,4,0,0,0,4
GENE.2493,chr9;chr9,594272;595825,595693;597234,-;-,2832,1268,1268,1268,1278,1304,1131,1194,1131,1304
GENE.2494,chr9,597694,600561,+,2868,7906,7906,7906,7942,8087,6839,7516,6823,8087
GENE.2495,chr9,601076,604576,-,3501,12114,12115,12119,12202,12349,10832,11356,10832,12347
GENE.2496,chr9;chr9;chr9;chr9,608361;608878;609568;609740,608648;609452;609625;610075,-;-;-;-,1257,5154,5152,5154,5263,5277,4433,4629,4433,5277
GENE.2497,chr9;chr9,612976;613213,613041;615492,-;-,2346,0,0,1,0,5,0,0,0,5
GENE.2498,chr9;chr9;chr9;chr9;chr9;chr9,617963;618131;618410;618792;619348;619616,618014;618243;618523;618881;619508;619835,+;+;+;+;+;+,750,0,0,0,0,0,0,0,0,0
GENE.2499,chr9;chr9,620788;623870,623694;626149,-;-,5187,0,0,2,0,21,0,1,0,21
GENE.25,chrM,4964,4988,+,25,0,0,0,0,0,0,0,0,0
GENE.250,chr1;chr1,595102;595317,595155;596273,+;+,1011,111,112,112,111,118,111,109,111,118
GENE.2500,chr9;chr9,627754;628097,627866;628319,+;+,336,5,5,5,5,5,5,5,5,5
GENE.2501,chr9,630657,632207,+,1551,1410,1410,1410,1418,1421,1267,1473,1267,1421
GENE.2502,chr9,633574,634200,-,627,496,496,496,498,496,414,431,414,496
GENE.2503,chr9,636621,638750,+,2130,1160,1160,1161,1164,1200,958,1086,958,1200
GENE.2504,chr9,639658,641259,-,1602,0,0,0,0,4,0,0,0,4
GENE.2505,chr9;chr9;chr9;chr9,643232;643476;643669;643897,643360;643558;643789;644043,-;-;-;-,480,256,256,256,270,256,251,244,251,256
GENE.2506,chr9,645632,646600,+,969,4794,4793,4794,4836,4815,4522,4702,4522,4815
GENE.2507,chr9,646951,649116,-,2166,6986,6987,6996,7008,7092,6240,6779,6240,7092
GENE.2508,chr9,650585,654841,-,4257,0,0,2,0,15,1,0,1,15
GENE.2509,chr9,657418,659412,+,1995,4818,4818,4821,5062,4899,4103,4625,4103,4899
GENE.251,chr1;chr1,598465;598636,598533;599472,+;+,906,2832,2832,2832,2844,2856,2349,2693,2349,2856
GENE.2510,chr9,660176,660892,+,717,0,0,1,0,2,0,0,0,2
GENE.2511,chr9;chr9,661481;662227,661950;662326,-;-,570,0,0,0,0,0,0,0,0,0
GENE.2512,chr9,663918,664571,+,654,302,302,302,302,340,236,297,236,340
GENE.2513,chr9,665978,666478,+,501,532,532,532,548,551,500,521,500,551
GENE.2514,chr9;chr9;chr9;chr9,667255;667425;667598;667876,667314;667494;667757;671725,-;-;-;-,4140,12918,12918,12927,12982,13067,11330,12025,11330,13067
GENE.2515,chr9;chr9;chr9;chr9;chr9,674068;674347;674591;674839;675089,674200;674402;674731;674982;675157,+;+;+;+;+,543,363,363,363,375,368,345,346,345,368
GENE.2516,chr9;chr9,675922;676372,676095;679632,+;+,3435,0,0,1,0,15,0,17,0,15
GENE.2517,chr9;chr9;chr9;chr9;chr9;chr9;chr9,680231;680464;680724;680956;681452;681680;681886,680373;680591;680813;681152;681562;681790;681984,-;-;-;-;-;-;-,879,1136,1135,1136,1151,1138,989,1049,989,1138
GENE.2518,chr9,683562,691121,+,7560,0,0,18,0,31,0,316,0,31
GENE.2519,chr9;chr9;chr9;chr9;chr9;chr9;chr9;chr9;chr9,691568;691764;692004;692248;692450;692729;692918;693159;693522,691650;691875;692106;692341;692579;692796;693023;693304;693570,-;-;-;-;-;-;-;-;-,891,433,433,433,438,440,371,396,371,440
GENE.252,chr1;chr1,600692;601258,601255;601992,+;+,1299,1070,1456,1507,2240,1685,1781,824,1781,1685
GENE.2520,chr9,694605,695264,-,660,1880,1880,1880,1884,1886,1746,1774,1746,1886
GENE.2521,chr9,696863,698029,-,1167,0,0,2,0,2,0,0,0,2
GENE.2522,chr9,703368,703517,+,150,0,0,0,0,0,0,0,0,0
GENE.2523,chr9,705357,706355,+,999,258,258,258,258,275,221,236,221,275
GENE.2524,chr9,706592,712072,-,5481,7910,7910,7914,7992,7983,7055,7556,7055,7983
GENE.2525,chr9,713216,715489,-,2274,676,676,677,676,681,632,648,632,681
GENE.2526,chr9;chr9,716325;717067,716859;717506,+;+,975,353,353,354,353,368,338,339,338,368
GENE.2527,chr9,718521,719540,+,1020,0,0,0,0,5,0,0,0,5
GENE.2528,chr9,720990,724865,+,3876,3340,3340,3340,3414,3432,2831,3157,2831,3432
GENE.2529,chr9,726703,728748,+,2046,5866,5866,5867,5872,5891,5156,5532,5156,5891
GENE.253,chr1;chr1,604162;604446,604215;605531,+;+,1140,5105,5161,5103,5169,5375,2943,4181,2943,5371
GENE.2530,chr9,729674,732136,-,2463,0,0,1,0,6,0,0,0,6
GENE.2531,chr9,732951,734027,+,1077,0,0,0,0,3,0,0,0,3
GENE.2532,chr9,734629,735942,+,1314,0,0,1,0,2,0,0,0,2
GENE.2533,chr9;chr9,737985;738394,738060;740276,+;+,1959,9396,9396,9396,9414,9750,8438,9091,8438,9750
GENE.2534,chr9,742494,743684,-,1191,0,0,0,0,6,0,0,0,6
GENE.2535,chr9;chr9;chr9;chr9;chr9;chr9,747173;747355;747526;747786;748084;748474,747181;747439;747611;747876;748188;748490,+;+;+;+;+;+,393,0,0,0,0,3,0,0,0,3
GENE.2536,chr9;chr9;chr9;chr9;chr9,748678;749227;749800;750010;750163,748978;749597;749916;750074;750262,-;-;-;-;-,954,124,124,124,134,136,117,119,117,136
GENE.2537,chr9;chr9,751358;752165,752062;752422,-;-,963,450,450,450,452,484,327,421,327,484
GENE.2538,chr9;chr9;chr9;chr9;chr9,754297;756528;757189;757448;759817,756269;757104;757287;759508;760269,+;+;+;+;+,5163,0,0,8,0,16,0,172,0,16
GENE.2539,chr9,761211,763358,+,2148,508,489,508,530,520,449,479,449,520
GENE.254,chr1;chr1,607390;609587,608694;614893,-;-,6612,0,200,199,320,224,256,16,256,224
GENE.2540,chr9,764848,767034,+,2187,5940,5940,5940,5948,5955,5710,6091,5710,5955
GENE.2541,chr9;chr9;chr9;chr9,769452;771560;771846;772042,771412;771668;771925;772105,+;+;+;+,2214,0,0,4,0,8,0,89,0,8
GENE.2542,chr9,772646,774379,-,1734,2274,2274,2276,2294,2295,1891,2000,1891,2295
GENE.2543,chr9,777558,780749,+,3192,0,0,0,0,27,0,0,0,27
GENE.2544,chr9;chr9;chr9,781368;782254;782623,782071;782306;782675,-;-;-,810,968,968,968,970,979,843,888,843,979
GENE.2545,chr9;chr9;chr9;chr9;chr9,786156;786802;787057;787306;787583,786246;786956;787174;787424;788212,+;+;+;+;+,1113,429,429,429,433,438,394,422,394,438
GENE.2546,chr9;chr9,789514;790412,790199;790478,-;-,753,427,427,427,429,433,406,410,406,433
GENE.2547,chr9;chr9;chr9,793217;793496;793805,793331;793641;794167,+;+;+,624,1679,1679,1679,1719,1689,1475,1582,1475,1689
GENE.2548,chr9;chr9;chr9,795539;796652;797364,796465;797165;797470,+;+;+,1548,3581,3581,3581,3648,3774,2871,3440,2871,3774
GENE.2549,chr9,798498,799928,+,1431,5062,5062,5062,5072,5132,4447,4641,4447,5132
GENE.255,chr2;chr2,25232;29837,29035;31168,+;+,5136,0,77,54,480,105,99,27,99,105
GENE.2550,chr9,800703,802136,+,1434,628,628,629,634,635,558,585,558,635
GENE.2551,chr9,803029,803757,+,729,1630,1630,1630,1632,1631,1502,1523,1502,1631
GENE.2552,chr9;chr9,804417;807816,807548;807920,-;-,3237,0,0,2,0,6,0,134,0,6
GENE.2553,chr9,809659,819804,-,10146,11312,11348,11816,13982,13335,12051,10676,12051,13335
GENE.2554,chr9,822665,824593,+,1929,4614,4614,4614,4636,4647,3926,4430,3917,4647
GENE.2555,chr9;chr9;chr9;chr9;chr9;chr9;chr9;chr9;chr9,825336;825551;825751;825894;826080;826300;826547;826695;827017,825413;825611;825800;825947;826187;826396;826611;826807;827140,-;-;-;-;-;-;-;-;-,750,296,295,296,307,303,289,286,289,303
GENE.2556,chr9,827730,830681,-,2952,5782,5782,5783,5846,5828,5138,5466,5138,5828
GENE.2557,chr9;chr9;chr9;chr9,831669;832137;832383;832595,831987;832253;832456;832648,+;+;+;+,564,177,177,177,179,178,150,151,150,178
GENE.2558,chr9,833754,839312,+,5559,0,0,3,0,11,0,33,0,11
GENE.2559,chr9;chr9;chr9;chr9;chr9,841536;841836;842000;842270;842544,841698;841912;842075;842417;842655,+;+;+;+;+,576,498,498,498,518,517,410,470,410,517
GENE.256,chr2;chr2,33030;34191,33965;34259,-;-,1005,1068,1069,1068,1068,1073,986,1003,986,1073
GENE.2560,chr9,843541,847605,+,4065,0,0,0,0,11,1,1,1,11
GENE.2561,chr9,849515,851296,+,1782,0,1,0,0,7,2,285,1,7
GENE.2562,chr9,852525,854057,-,1533,1672,1672,1672,1672,1711,1516,1638,1516,1711
GENE.2563,chr9;chr9,855516;856590,856261;857286,+;+,1443,2451,2451,2453,2461,2506,2178,2346,2178,2506
GENE.2564,chr9;chr9;chr9;chr9;chr9;chr9,857587;857819;858053;858212;858512;858787,857652;857955;858097;858304;858619;858829,-;-;-;-;-;-,492,1478,1478,1478,1562,1513,1222,1227,1222,1513
GENE.2565,chr9;chr9;chr9;chr9;chr9,857587;857819;858212;858512;858787,857652;857955;858304;858619;858829,-;-;-;-;-,447,1471,1471,1471,1554,1505,1216,1221,1216,1505
GENE.2566,chr9;chr9;chr9;chr9;chr9,861392;861927;862097;862534;862748,861743;862001;862269;862574;862784,+;+;+;+;+,678,0,0,0,0,2,0,0,0,2
GENE.2567,chr9;chr9;chr9;chr9;chr9;chr9,862781;863185;863456;863784;863957;866909,863072;863302;863628;863856;866626;870491,-;-;-;-;-;-,6909,5361,5361,5361,5416,5534,4580,5072,4580,5534
GENE.2568,chr9;chr9,871826;872223,872058;873450,+;+,1461,5498,5498,5499,5536,5780,4978,5350,4978,5780
GENE.2569,chr9;chr9,873971;874399,874155;874957,-;-,744,549,549,549,551,551,518,526,518,551
GENE.257,chr2,35927,37249,-,1323,2480,2580,2584,3186,2611,2552,2249,2516,2611
GENE.2570,chr9,875602,876867,+,1266,1428,1428,1428,1440,1522,1245,1368,1245,1522
GENE.2571,chr9;chr9,878004;882549,882387;883117,+;+,4953,0,0,1,0,6,0,3,0,6
GENE.2572,chr9;chr9;chr9,883515;883964;884219,883725;884088;885592,-;-;-,1710,2058,2058,2058,2102,2129,1675,2052,1675,2129
GENE.2573,chr9;chr9;chr9,886065;886360;886569,886151;886438;887389,-;-;-,987,0,0,1,0,2,0,0,0,2
GENE.2574,chr9,888559,889305,+,747,406,406,406,408,410,330,341,330,410
GENE.2575,chr9;chr9;chr9;chr9;chr9;chr9;chr9;chr9,890057;890278;890529;890737;890923;891070;891263;892938,890176;890417;890629;890812;890975;891140;892834;893267,+;+;+;+;+;+;+;+,2463,12020,12020,12020,12152,12342,10150,11004,10150,12342
GENE.2576,chr9;chr9;chr9,895415;899832;899996,899659;899906;900304,+;+;+,4629,0,0,17,0,16,0,102,0,16
GENE.2577,chr9,903362,904570,+,1209,0,0,0,0,11,0,0,0,11
GENE.2578,chr9;chr9;chr9;chr9;chr9;chr9;chr9;chr9;chr9;chr9;chr9;chr9,905998;906386;906533;906630;906800;906983;907106;907276;907557;907895;908064;908299,906137;906435;906536;906676;906888;907017;907151;907432;907714;907945;908175;908357,+;+;+;+;+;+;+;+;+;+;+;+,948,1379,1380,1379,1417,1394,1330,1357,1330,1394
GENE.2579,chr9;chr9;chr9;chr9,908724;911542;911828;912013,911401;911653;911928;912061,+;+;+;+,2940,2729,2729,2729,2749,2849,2408,2667,2408,2849
GENE.258,chr2;chr2,38287;39235,39132;39303,-;-,915,3370,3370,3370,3384,3387,2744,2916,2588,3386
GENE.2580,chr9,913230,914480,+,1251,44,44,44,44,53,42,42,42,53
GENE.2581,chr9;chr9;chr9,916603;916915;918576,916606;918443;918674,+;+;+,1632,1889,1889,1889,1893,1926,1653,1833,1653,1926
GENE.2582,chr9;chr9;chr9;chr9;chr9;chr9;chr9;chr9;chr9;chr9,919109;919281;919482;919690;919914;920380;920537;920791;921012;921254,919184;919336;919581;919770;920210;920466;920624;920863;921136;921302,-;-;-;-;-;-;-;-;-;-,1032,187,187,187,192,204,173,176,173,204
GENE.2583,chr9;chr9;chr9,922292;935039;935271,934873;935122;935372,-;-;-,12768,25750,25720,25786,27592,26632,22564,23632,22564,26632
GENE.2584,chr9;chr9;chr9;chr9;chr9,936868;937100;937351;937953;938256,936957;937150;937833;938144;938345,-;-;-;-;-,906,601,601,605,609,620,541,567,541,620
GENE.2585,chr9,939580,940587,-,1008,0,1,1,0,9,1,0,1,9
GENE.2586,chr9,941830,942498,-,669,588,588,588,596,590,517,553,517,590
GENE.2587,chr9,944126,946468,+,2343,2766,2766,2766,2770,2811,2575,2691,2575,2811
GENE.2588,chr9,947033,949498,+,2466,250,250,250,250,259,221,236,221,259
GENE.2589,chr9,950408,953722,+,3315,0,0,4,0,24,1,128,1,24
GENE.259,chr2;chr2,41515;42805,42573;42858,-;-,1113,2996,2999,2991,3030,3156,2413,2815,2286,3156
GENE.2590,chr9;chr9,956605;957558,957400;957835,+;+,1074,2660,2648,2618,2776,2719,2474,1987,2006,2655
GENE.2591,chr9,958763,959917,+,1155,2514,2512,2514,2634,2771,1760,2302,1760,2771
GENE.2592,chr9;chr9;chr9;chr9,960181;960665;960910;961184,960507;960817;961065;961390,-;-;-;-,843,0,0,0,0,6,0,0,0,6
GENE.2593,chr9,961933,963786,-,1854,7514,7514,7514,7784,7743,6429,7247,6429,7743
GENE.2594,chr9,961933,963558,-,1626,7491,7491,7491,7761,7720,6406,7224,6406,7720
GENE.2595,chr9;chr9;chr9;chr9;chr9;chr9,966795;967032;967260;967476;967680;967944,966879;967129;967347;967582;967784;968069,-;-;-;-;-;-,609,1050,1050,1050,1073,1163,965,991,965,1163
GENE.2596,chr9;chr9,972548;976440,976228;976637,+;+,3879,6766,6766,6768,6884,6791,5990,6514,5990,6791
GENE.2597,chr9,977869,979965,-,2097,1552,1552,1552,1562,1579,1454,1507,1454,1579
GENE.2598,chr9,981152,984334,+,3183,0,0,2,0,12,0,4,0,12
GENE.2599,chr9,984815,986017,-,1203,1340,1340,1340,1346,1580,859,1178,859,1580
GENE.26,chrM,4996,5025,-,30,0,0,0,0,0,0,0,0,0
GENE.260,chr2;chr2,45286;46490,46344;46558,-;-,1128,0,1,3,0,3,81,4,2,3
GENE.2600,chr9;chr9,988977;989392,989190;992915,+;+,3738,8523,8543,8657,10135,9298,7824,8408,7638,9275
GENE.2601,chr9;chr9;chr9;chr9,993245;993379;994087;996114,993270;993831;995942;997675,-;-;-;-,3897,29122,29222,29877,36008,33637,26263,27598,26263,33637
GENE.2602,chr9;chr9,999463;1001613,1001478;1005845,+;+,6249,0,0,4,0,53,0,51,0,53
GENE.2603,chr9,1006773,1008542,+,1770,4556,4556,4559,4884,4619,4128,4446,4128,4619
GENE.2604,chr9;chr9;chr9;chr9;chr9,1009063;1009201;1009330;1009509;1009681,1009066;1009239;1009400;1009574;1009755,+;+;+;+;+,255,0,0,0,0,2,0,0,0,2
GENE.2605,chr9;chr9;chr9;chr9;chr9;chr9;chr9;chr9;chr9,1010380;1010565;1010743;1010924;1011097;1011262;1011402;1011555;1011745,1010461;1010614;1010808;1010962;1011166;1011305;1011454;1011627;1011822,+;+;+;+;+;+;+;+;+,555,364,364,364,378,442,309,350,309,442
GENE.2606,chr9;chr9;chr9;chr9;chr9;chr9;chr9;chr9;chr9,1012118;1012402;1012658;1012861;1013019;1013161;1013353;1013613;1013805,1012192;1012527;1012709;1012913;1013072;1013214;1013434;1013720;1013863,+;+;+;+;+;+;+;+;+,663,1154,1155,1154,1218,1168,1028,1043,1028,1168
GENE.2607,chr9,1014478,1015518,-,1041,1056,1057,1063,1064,1087,930,1053,930,1087
GENE.2608,chr9;chr9;chr9,1017435;1018569;1018784,1018444;1018665;1018918,+;+;+,1242,156,156,157,158,163,134,145,134,163
GENE.2609,chr9,1019164,1020903,-,1740,4502,4502,4502,4516,4517,4096,4333,4096,4517
GENE.261,chr2;chr2,48923;50094,49861;50147,-;-,993,5806,5811,5811,5825,5849,5459,5528,5459,5849
GENE.2610,chr9;chr9,1021858;1022954,1022591;1023620,-;-,1401,947,949,947,955,997,857,907,855,997
GENE.2611,chr9;chr9;chr9;chr9;chr9,1025493;1025762;1025949;1026112;1026301,1025570;1025869;1026015;1026192;1026353,+;+;+;+;+,387,0,0,0,0,2,0,0,0,2
GENE.2612,chr9;chr9,1027094;1027362,1027137;1027704,+;+,387,0,0,0,0,1,0,0,0,1
GENE.2613,chr9,1028661,1030010,-,1350,0,0,0,0,7,0,12,0,7
GENE.2614,chr9,1033315,1038579,+,5265,24662,24671,25092,26674,26501,22999,23710,22999,26500
GENE.2615,chr9;chr9,1040713;1040956,1040805;1041516,+;+,654,0,0,0,0,0,1,0,1,0
GENE.2616,chr9;chr9;chr9;chr9,1043542;1043795;1044005;1044241,1043649;1043898;1044072;1047794,+;+;+;+,3834,12254,12254,12254,12344,12313,11461,11868,11461,12313
GENE.2617,chr9,1048280,1057816,-,9537,0,0,7,26,26,0,100,0,26
GENE.2618,chr9,1063053,1063208,+,156,0,0,0,0,1,0,0,0,1
GENE.2619,chr9;chr9;chr9;chr9;chr9;chr9;chr9;chr9;chr9;chr9;chr9;chr9;chr9;chr9;chr9,1064752;1065209;1065473;1065915;1066648;1067816;1068077;1068494;1068799;1069012;1069198;1069356;1069571;1069956;1070212,1065075;1065379;1065746;1066458;1067674;1067915;1068230;1068682;1068878;1069098;1069270;1069440;1069816;1070035;1070317,+;+;+;+;+;+;+;+;+;+;+;+;+;+;+,3540,23015,23015,23045,25802,23365,21575,22105,21565,23365
GENE.262,chr2;chr2;chr2,51842;52240;52490,52143;52370;53124,-;-;-,1068,79,1122,1542,2370,1867,1925,81,1871,1867
GENE.2620,chr9;chr9,1070965;1072883,1072481;1072955,-;-,1590,5688,5687,5688,5706,5713,4754,5276,4754,5713
GENE.2621,chr9,1075915,1081683,-,5769,56768,56768,56771,56876,57237,51138,53456,51094,57237
GENE.2622,chr9;chr9;chr9,1084696;1085500;1088937,1085383;1088791;1089093,+;+;+,4137,2292,2291,2296,2310,2322,2075,2193,2075,2322
GENE.2623,chr9,1089911,1092430,+,2520,1324,1324,1325,1326,1343,1220,1264,1220,1343
GENE.2624,chr9,1092844,1096521,-,3678,0,1,0,0,20,0,1,0,20
GENE.2625,chr9;chr9;chr9,1097324;1097626;1098058,1097512;1097931;1098240,-;-;-,678,0,0,0,0,0,1,0,1,0
GENE.2626,chr9;chr9,1099075;1099323,1099117;1099750,+;+,471,196,196,196,204,199,149,171,149,199
GENE.2627,chr9,1100253,1100831,-,579,280,280,280,282,282,215,262,215,282
GENE.2628,chr9;chr9;chr9;chr9;chr9,1107143;1107315;1107519;1107833;1108365,1107144;1107429;1107648;1108177;1112656,+;+;+;+;+,4884,0,1,6,0,34,1,243,1,33
GENE.2629,chr9,1113958,1116003,+,2046,4164,4164,4164,4174,4255,3279,3983,3279,4255
GENE.263,chr2;chr2;chr2;chr2,54254;54430;54936;55187,54427;54933;55082;55255,-;-;-;-,894,3428,3424,3427,3446,3448,2507,2816,2373,3446
GENE.2630,chr9;chr9;chr9;chr9;chr9,1116416;1118434;1118873;1119144;1119539,1118185;1118763;1119004;1119239;1119775,-;-;-;-;-,2565,8686,8686,8692,8718,8866,7232,8247,7232,8866
GENE.2631,chr9;chr9;chr9;chr9;chr9,1120100;1120372;1120738;1121073;1121308,1120170;1120449;1120861;1121114;1121331,-;-;-;-;-,339,94,94,94,104,96,89,86,89,96
GENE.2632,chr9;chr9,1123861;1124114,1123903;1125858,+;+,1788,213,213,213,221,225,196,206,196,224
GENE.2633,chr9,1126990,1127928,-,939,3108,3108,3108,3122,3128,2842,2970,2842,3128
GENE.2634,chr9;chr9,1128871;1129494,1129245;1129940,+;+,822,870,870,871,878,878,766,825,766,878
GENE.2635,chr9,1131074,1132135,-,1062,4550,4550,4550,4550,4632,4362,4390,4362,4632
GENE.2636,chr9;chr9;chr9;chr9,1135545;1135908;1136115;1136336,1135622;1136011;1136188;1136391,+;+;+;+,312,14,14,14,15,14,13,12,13,14
GENE.2637,chr9;chr9;chr9;chr9,1135545;1135908;1136115;1136336,1135562;1136011;1136188;1136391,+;+;+;+,252,14,14,14,15,14,13,12,13,14
GENE.2638,chr9,1136966,1138183,-,1218,0,0,0,0,3,0,0,0,3
GENE.2639,chr9;chr9;chr9,1139940;1140586;1142274,1140397;1142068;1142387,-;-;-,2055,176,176,177,182,190,165,167,165,190
GENE.264,chr2;chr2,57344;58368,58228;58421,-;-,939,668,667,669,772,694,643,671,643,694
GENE.2640,chr9;chr9;chr9;chr9;chr9;chr9,1143184;1143430;1143638;1143841;1144088;1144358,1143239;1143480;1143748;1143915;1144266;1144479,+;+;+;+;+;+,594,377,377,377,386,424,350,366,350,424
GENE.2641,chr9,1145364,1146038,+,675,438,438,438,444,465,295,395,295,465
GENE.2642,chr9;chr9;chr9;chr9,1146239;1146531;1146750;1147114,1146391;1146648;1146859;1147197,-;-;-;-,465,145,145,145,151,145,126,134,126,145
GENE.2643,chr9,1148161,1148502,-,342,0,0,0,0,0,0,0,0,0
GENE.2644,chr9,1150648,1155153,-,4506,24090,24090,24092,24476,24405,20868,22355,20868,24405
GENE.2645,chr9,1156247,1158709,+,2463,22146,22146,22147,22574,22580,19058,21007,19008,22580
GENE.2646,chr9,1159876,1160475,+,600,0,0,0,0,1,0,0,0,1
GENE.2647,chr9;chr9,1161080;1161489,1161222;1162539,+;+,1194,5082,5082,5082,5133,5255,4353,4637,4353,5255
GENE.2648,chr9;chr9;chr9;chr9;chr9;chr9,1163570;1163795;1164656;1164891;1165127;1165331,1163599;1164457;1164756;1164936;1165167;1165475,+;+;+;+;+;+,1026,3999,3997,4000,4078,4016,3795,3843,3795,4016
GENE.2649,chr9;chr9;chr9;chr9;chr9;chr9,1167842;1168183;1168461;1168766;1169197;1169452,1167962;1168309;1168554;1169042;1169321;1169577,+;+;+;+;+;+,870,621,621,622,660,635,451,594,451,635
GENE.265,chr2,60107,60319,-,213,0,0,0,0,0,0,0,0,0
GENE.2650,chr9,1171339,1173483,+,2145,1534,1534,1537,1548,1590,1388,1450,1388,1590
GENE.2651,chr9;chr9;chr9;chr9;chr9;chr9;chr9;chr9;chr9;chr9,1175203;1176497;1177040;1177213;1177452;1178074;1178664;1179434;1179678;1180692,1176391;1176913;1177102;1177281;1177958;1178394;1179251;1179544;1180478;1180762,+;+;+;+;+;+;+;+;+;+,4137,7939,7938,7939,8024,8003,7310,7593,7310,8003
GENE.2652,chr9;chr9;chr9,1180983;1181305;1181517,1181048;1181388;1181996,-;-;-,630,0,0,0,0,0,1,0,1,0
GENE.2653,chr9;chr9,1182687;1183482,1183291;1183695,-;-,819,0,0,0,0,1,1,0,1,1
GENE.2654,chr9,1185107,1186159,-,1053,674,674,674,674,684,521,599,521,684
GENE.2655,chr9,1186606,1186902,-,297,0,0,0,0,0,0,0,0,0
GENE.2656,chr9;chr9;chr9;chr9;chr9;chr9,1187663;1188035;1188243;1188414;1188590;1188785,1187855;1188109;1188294;1188491;1188701;1188850,+;+;+;+;+;+,576,142,142,142,148,144,137,134,137,144
GENE.2657,chr9,1189646,1191322,+,1677,2296,2296,2296,2306,2321,2000,2205,2000,2321
GENE.2658,chr9,1191787,1195239,-,3453,10072,10106,10188,11852,10578,9201,9404,8472,10578
GENE.2659,chr9;chr9;chr9;chr9;chr9,1195693;1196110;1196841;1197321;1198174,1195924;1196626;1197016;1198026;1198462,-;-;-;-;-,1920,1614,1614,1614,1615,1652,1423,1528,1423,1652
GENE.266,chr2;chr2,63157;63360,63210;64376,+;+,1071,4488,4488,4488,4498,4604,4092,4405,4092,4604
GENE.2660,chr9,1201812,1206974,+,5163,10398,10399,10401,10420,11623,9502,9951,9255,11147
GENE.2661,chr9;chr9;chr9;chr9;chr9;chr9;chr9;chr9,1207974;1210033;1210202;1210408;1210617;1210892;1211255;1211602,1209895;1210106;1210314;1210483;1210725;1211084;1211413;1211703,+;+;+;+;+;+;+;+,2748,10197,10201,10207,10608,10229,8746,9656,8746,10229
GENE.2662,chr9;chr9;chr9;chr9;chr9;chr9;chr9;chr9,1207974;1210033;1210202;1210408;1210617;1210892;1211255;1211606,1209895;1210106;1210314;1210483;1210725;1211084;1211417;1211703,+;+;+;+;+;+;+;+,2748,10197,10201,10207,10608,10229,8746,9656,8746,10229
GENE.2663,chr9;chr9,1212169;1212458,1212208;1216500,-;-,4083,31026,31026,31041,31470,31340,28093,28344,28093,31340
GENE.2664,chr9;chr9;chr9;chr9,1218393;1218989;1219264;1220876,1218701;1219050;1220597;1221000,-;-;-;-,1830,2877,2877,2878,2926,2891,2663,2617,2663,2891
GENE.2665,chr9;chr9;chr9,1221987;1223173;1223496,1223048;1223391;1223606,+;+;+,1392,4084,4083,4089,4088,4097,3747,3876,3747,4097
GENE.2666,chr9;chr9;chr9,1225556;1225824;1239486,1225694;1239301;1239575,+;+;+,13707,29902,29918,29926,30338,30474,26758,28520,26758,30473
GENE.2667,chr9;chr9,1247268;1247511,1247416;1247940,-;-,579,294,294,294,302,297,285,287,285,297
GENE.2668,chr9,1248866,1251601,-,2736,10052,10052,10055,10110,10161,9019,9607,9019,10161
GENE.2669,chr9,1254815,1257292,+,2478,0,1,15,0,10,2,13,2,9
GENE.267,chr2;chr2,66529;66697,66597;67545,+;+,918,1428,1428,1428,1436,1439,1316,1350,1316,1439
GENE.2670,chr9,1258549,1259238,+,690,56,56,56,58,59,45,52,45,59
GENE.2671,chr9,1261027,1261944,+,918,2796,2796,2816,2872,2866,2131,2515,2074,2866
GENE.2672,chr9;chr9;chr9;chr9,1263347;1263509;1263802;1264739,1263364;1263587;1264545;1264830,+;+;+;+,933,1073,1073,1073,1084,1081,999,1054,999,1081
GENE.2673,chr9;chr9;chr9,1264999;1265435;1265793,1265304;1265565;1266015,-;-;-,660,1084,1078,1085,1135,1090,1002,1041,1002,1090
GENE.2674,chr9;chr9,1268277;1268759,1268375;1269415,+;+,756,2151,2151,2151,2185,2173,1769,2043,1769,2173
GENE.2675,chr9;chr9;chr9,1270155;1270711;1272327,1270521;1272161;1272656,+;+;+,2148,11335,11339,11473,12689,11876,11152,10893,10698,11874
GENE.2676,chr9,1273082,1273930,-,849,2934,2934,2936,2942,3003,2494,2828,2494,3003
GENE.2677,chr9;chr9;chr9;chr9,1275268;1275545;1275757;1276154,1275324;1275638;1276066;1276484,-;-;-;-,792,140,140,140,140,149,110,120,110,149
GENE.2678,chr9;chr9;chr9;chr9;chr9,1278007;1278260;1278399;1278597;1278757,1278056;1278299;1278438;1278635;1278896,+;+;+;+;+,309,49,49,49,55,49,52,49,52,49
GENE.2679,chr9;chr9;chr9;chr9;chr9,1279219;1279428;1279596;1283143;1283816,1279265;1279484;1282856;1283538;1283879,-;-;-;-;-,3825,9735,9735,9737,9855,10108,8749,9179,8749,10108
GENE.268,chr2;chr2,69088;69370,69156;69771,+;+,471,0,0,0,0,1,0,0,0,1
GENE.2680,chr9;chr9;chr9;chr9,1287008;1287431;1287680;1288314,1287091;1287544;1287938;1288372,+;+;+;+,516,0,0,0,0,3,0,0,0,3
GENE.2681,chr9,1289315,1291027,-,1713,5346,5346,5348,5350,5372,5035,5170,5035,5372
GENE.2682,chr9;chr9,1292117;1293248,1292935;1293643,-;-,1215,541,541,541,559,546,481,519,481,546
GENE.2683,chr9;chr9;chr9;chr9;chr9;chr9;chr9;chr9,1293832;1294006;1294183;1294683;1294990;1295320;1296159;1296478,1293867;1294055;1294420;1294776;1295189;1295990;1296364;1296644,-;-;-;-;-;-;-;-,1662,4540,4540,4540,4602,4643,3855,4301,3855,4643
GENE.2684,chr9;chr9,1297285;1297611,1297399;1298239,-;-,744,757,757,757,767,774,653,709,653,774
GENE.2685,chr9,1298865,1302575,-,3711,5450,5481,5453,5606,5628,5027,5240,4516,5542
GENE.2686,chr9;chr9;chr9,1303390;1303673;1304180,1303506;1303974;1307789,-;-;-,4029,2380,2380,2383,2392,2463,1957,2152,1957,2463
GENE.2687,chr9,1309467,1309943,-,477,192,192,193,192,194,152,183,152,194
GENE.2688,chr9,1311440,1313725,+,2286,754,754,755,758,783,678,718,678,783
GENE.2689,chr9;chr9;chr9;chr9,1314552;1315799;1316006;1316352,1315605;1315882;1316099;1317597,+;+;+;+,2478,3411,3411,3417,3549,3483,2543,3051,2543,3483
GENE.269,chr2;chr2,73441;74286,74094;74396,-;-,765,128,128,128,138,147,107,114,107,147
GENE.2690,chr9;chr9;chr9;chr9;chr9;chr9;chr9;chr9,1317827;1318028;1318258;1318503;1318719;1318936;1319129;1319392,1317835;1318093;1318356;1318618;1318755;1319012;1319250;1319468,-;-;-;-;-;-;-;-,603,163,163,163,179,174,150,154,150,174
GENE.2691,chr9,1320345,1323293,+,2949,5544,5544,5545,5600,5717,4829,5339,4829,5717
GENE.2692,chr9,1323893,1324699,+,807,1540,1540,1541,1550,1543,1382,1500,1382,1543
GENE.2693,chr9,1325248,1329786,-,4539,930,930,931,954,947,795,891,782,947
GENE.2694,chr9,1331349,1332803,-,1455,1016,1016,1016,1018,1102,869,931,869,1102
GENE.2695,chr9;chr9,1334115;1334426,1334300;1334794,-;-,555,888,887,888,901,889,787,840,787,889
GENE.2696,chr9,1335740,1337947,+,2208,1824,1824,1824,1854,1876,1572,1751,1572,1876
GENE.2697,chr9;chr9;chr9;chr9,1338175;1338916;1339078;1339263,1338765;1338962;1339159;1339295,-;-;-;-,753,0,0,0,0,1,0,0,0,1
GENE.2698,chr9,1340065,1341993,-,1929,3918,3918,3918,4088,3942,3167,3600,3167,3942
GENE.2699,chr9,1343385,1346555,+,3171,858,858,858,864,868,733,824,733,868
GENE.27,chrM,5026,5201,-,176,0,0,0,0,0,0,0,0,0
GENE.270,chr2;chr2,77251;78605,78504;78808,-;-,1458,8496,8491,8496,8530,8608,5900,7586,5900,8608
GENE.2700,chr9,1346858,1347295,-,438,1156,1156,1156,1176,1195,1024,1137,1024,1195
GENE.2701,chr9,1348022,1348459,+,438,232,232,232,236,234,220,279,220,234
GENE.2702,chr9,1349790,1350392,+,603,190,190,190,190,190,183,184,183,190
GENE.2703,chr9;chr9,1350836;1351921,1351534;1351929,-;-,708,0,0,3,0,1,0,0,0,1
GENE.2704,chr9;chr9;chr9,1354581;1354848;1355222,1354664;1355056;1355495,+;+;+,567,269,267,269,271,270,253,265,253,270
GENE.2705,chr9;chr9;chr9,1357411;1357618;1357814,1357506;1357668;1359262,+;+;+,1596,0,0,0,0,0,0,0,0,0
GENE.2706,chr9;chr9;chr9;chr9;chr9,1361935;1362246;1362644;1362966;1363450,1362061;1362403;1362828;1363125;1363848,+;+;+;+;+,1029,0,0,0,0,4,0,0,0,4
GENE.2707,chr9;chr9,1364256;1364916,1364791;1365999,-;-,1620,2528,2528,2528,2546,2550,2195,2426,2195,2550
GENE.2708,chr9,1366569,1367150,-,582,0,0,0,0,2,0,0,0,2
GENE.2709,chr9,1367396,1367614,-,219,0,0,0,0,0,0,0,0,0
GENE.271,chr2;chr2,81291;84073,83900;84165,-;-,2703,0,0,0,0,4,0,0,0,4
GENE.2710,chr9,1368594,1372037,-,3444,2760,2760,2761,2854,2798,2486,2572,2486,2798
GENE.2711,chr9;chr9;chr9;chr9,1373018;1373179;1373392;1373607,1373078;1373248;1373510;1373722,+;+;+;+,366,0,0,1,0,0,0,0,0,0
GENE.2712,chr9,1377953,1379752,+,1800,0,0,0,0,1,0,0,0,1
GENE.2713,chr9;chr9;chr9,1400800;1401194;1402001,1401000;1401879;1402052,+;+;+,939,1402,1402,1402,1412,1419,1249,1328,1249,1419
GENE.2714,chr9;chr9,1405192;1406156,1405863;1407022,+;+,1539,1046,1046,1046,1046,1053,956,999,956,1053
GENE.2715,chr9;chr9,1409199;1409481,1409294;1410008,+;+,624,1304,1304,1304,1312,1304,1249,1265,1249,1304
GENE.2716,chr9;chr9;chr9;chr9;chr9;chr9;chr9;chr9;chr9,1413840;1414965;1415676;1415874;1416093;1416373;1416922;1417492;1418471,1414614;1415567;1415729;1415936;1416224;1416558;1417080;1418258;1419754,+;+;+;+;+;+;+;+;+,4023,0,0,0,0,8,0,0,0,8
GENE.2717,chr9;chr9,1420483;1422619,1422435;1422807,-;-,2142,6401,6719,7325,12243,9289,7728,6030,6650,9285
GENE.2718,chr9;chr9,1427642;1427831,1427734;1428022,-;-,285,0,0,0,0,2,0,0,0,2
GENE.2719,chr9,1430607,1431146,-,540,0,0,0,0,1,0,0,0,1
GENE.272,chr2;chr2;chr2;chr2,86832;87675;88385;88681,87400;88110;88534;88791,-;-;-;-,1266,3315,3315,3317,3353,3321,3147,3171,3147,3321
GENE.2720,chr9;chr9,1433332;1434035,1433836;1434108,-;-,579,287,287,287,287,313,278,287,278,313
GENE.2721,chr9;chr9,1436687;1437905,1437590;1437981,-;-,981,978,978,978,983,982,802,939,802,982
GENE.2722,chr9;chr9,1440783;1441090,1440856;1441660,+;+,645,278,278,278,281,283,243,267,243,283
GENE.2723,chr9;chr9,1443854;1444758,1444543;1444847,-;-,780,4914,4914,4914,4972,4917,4625,4699,4625,4917
GENE.2724,chr9;chr9,1446929;1447243,1447117;1447947,+;+,894,0,0,0,0,8,0,0,0,8
GENE.2725,chr9,1454422,1455720,+,1299,58,58,58,58,59,55,56,55,59
GENE.2726,chr9;chr9,1458392;1458816,1458496;1459862,+;+,1152,726,722,726,726,733,667,694,667,733
GENE.2727,chr9;chr9,1462400;1462757,1462588;1463659,+;+,1092,1343,1343,1343,1346,1371,1284,1299,1284,1371
GENE.2728,chr9;chr9,1465904;1466051,1465972;1467055,+;+,1074,4502,4502,4502,4520,4563,3481,3976,3481,4563
GENE.2729,chr9;chr9,1468546;1469349,1469253;1469417,-;-,777,582,582,582,584,582,534,561,534,582
GENE.273,chr2;chr2,91318;98728,98532;98838,-;-,7326,0,0,1,0,7,1,0,1,7
GENE.2730,chr9,1471851,1472924,+,1074,684,684,684,684,706,659,671,659,706
GENE.2731,chr9;chr9,1474431;1474646,1474487;1475704,+;+,1116,876,875,876,890,877,817,830,817,877
GENE.2732,chr9;chr9,1477526;1477729,1477597;1478736,+;+,1080,0,3,2,2,8,2,8,2,8
GENE.2733,chr9;chr9,1480947;1482158,1482002;1482211,-;-,1110,0,3,3,2,12,2,2,2,12
GENE.2734,chr9;chr9,1486070;1488952,1488781;1490187,+;+,3948,3046,5459,5062,7102,5617,4668,1630,4668,5617
GENE.2735,chr9;chr9,1492373;1492659,1492426;1493708,+;+,1104,2661,2669,2661,2677,2679,2314,2384,2314,2679
GENE.2736,chr9;chr9,1495579;1497949,1496985;1503336,-;-,6795,6878,6950,6929,7053,7128,6057,6584,6057,7128
GENE.2737,chr10;chr10,28490;34842,33892;36164,+;+,6726,0,44,36,104,58,89,11,89,56
GENE.2738,chr10;chr10,38050;39342,39111;39395,-;-,1116,0,14,0,0,4,8,6,8,4
GENE.2739,chr10;chr10,41773;42892,42738;42963,-;-,1038,0,1,0,0,1,0,1,0,1
GENE.274,chr2;chr2,103385;105686,105238;105796,-;-,1965,0,0,0,0,9,0,0,0,9
GENE.2740,chr10;chr10,44816;46080,45877;46133,-;-,1116,0,0,0,0,1,3,0,3,1
GENE.2741,chr10;chr10,48052;49331,49107;49384,-;-,1110,0,0,0,0,7,6,6,6,7
GENE.2742,chr10;chr10,51349;52531,52365;52599,-;-,1086,0,0,1,0,1,0,5,0,1
GENE.2743,chr10;chr10;chr10;chr10,54542;54795;55126;55367,54793;55124;55278;55498,-;-;-;-,867,0,0,0,0,0,0,0,0,0
GENE.2744,chr10;chr10,57968;58150,58015;58980,+;+,879,1074,1074,1074,1076,1098,970,1035,970,1098
GENE.2745,chr10;chr10;chr10;chr10,60024;60152;60222;61265,60149;60220;61263;61365,+;+;+;+,1338,828,828,828,830,837,696,774,696,836
GENE.2746,chr10;chr10,63152;63409,63223;64032,+;+,696,212,212,212,212,214,155,197,155,214
GENE.2747,chr10;chr10,67807;68728,68514;68961,-;-,942,2635,2635,2635,2714,2668,2218,2494,2218,2668
GENE.2748,chr10;chr10,67807;68658,68514;68753,-;-,804,2427,2427,2427,2506,2456,2069,2304,2069,2456
GENE.2749,chr10,70547,70819,-,273,0,0,0,0,1,0,0,0,1
GENE.275,chr2;chr2,109564;110392,110283;110580,-;-,909,0,0,2,0,3,0,0,0,3
GENE.2750,chr10;chr10,72934;73717,73569;73917,-;-,837,642,642,642,644,643,591,607,591,643
GENE.2751,chr10;chr10,74661;77486,77339;77572,-;-,2766,0,0,0,0,12,0,0,0,12
GENE.2752,chr10,81416,81739,-,324,0,0,0,0,0,0,0,0,0
GENE.2753,chr10;chr10,86538;88815,88634;89009,-;-,2292,0,0,0,0,10,0,0,0,10
GENE.2754,chr10;chr10,92573;93470,93316;93526,-;-,801,1719,1719,1719,1739,1725,1426,1494,1426,1725
GENE.2755,chr10;chr10,96113;96933,96796;97031,-;-,783,0,0,0,0,0,0,0,0,0
GENE.2756,chr10;chr10,99379;100155,100002;100361,-;-,831,776,776,776,776,906,616,719,616,906
GENE.2757,chr10;chr10,103118;104399,104242;104683,-;-,1410,0,0,1,0,2,0,0,0,2
GENE.2758,chr10;chr10,106653;108546,108431;108662,-;-,1896,0,0,0,0,9,0,0,0,9
GENE.2759,chr10;chr10,112929;113265,113117;116015,+;+,2940,17950,17950,17950,18048,18203,15786,17053,15506,18199
GENE.276,chr2;chr2,112547;113452,113188;113682,-;-,873,1485,1485,1485,1521,1508,1280,1414,1280,1508
GENE.2760,chr10,117242,118534,+,1293,3434,3434,3434,3440,3446,3167,3228,3167,3446
GENE.2761,chr10;chr10;chr10;chr10;chr10;chr10;chr10,121115;121426;121656;122254;122500;122700;123267,121169;121543;121744;122331;122587;122993;123291,+;+;+;+;+;+;+,747,127,127,127,133,127,126,122,126,127
GENE.2762,chr10;chr10;chr10;chr10;chr10;chr10;chr10,121115;121426;121656;122254;122506;122700;123267,121169;121543;121744;122331;122587;122993;123291,+;+;+;+;+;+;+,741,127,127,127,133,127,126,122,126,127
GENE.2763,chr10;chr10;chr10,123770;124064;124458,123818;124153;124882,-;-;-,564,82,82,83,82,84,69,78,69,84
GENE.2764,chr10,125939,127600,+,1662,0,0,7,0,7,8,6,8,7
GENE.2765,chr10,129276,132110,+,2835,5642,5643,5647,5708,5731,4812,5374,4812,5731
GENE.2766,chr10,132995,137272,+,4278,0,0,4,0,33,0,128,0,32
GENE.2767,chr10;chr10;chr10;chr10;chr10,138765;139133;139405;139578;139793,138889;139213;139435;139663;139853,+;+;+;+;+,384,78,78,78,80,79,74,76,74,79
GENE.2768,chr10,142419,146237,+,3819,9744,9744,9743,9926,9927,8396,9164,8396,9927
GENE.2769,chr10;chr10;chr10;chr10,147639;147739;147895;148177,147647;147792;148053;148239,+;+;+;+,285,4,4,4,4,4,4,4,4,4
GENE.277,chr2;chr2,117225;117653,117445;118235,+;+,804,0,0,0,0,6,0,0,0,6
GENE.2770,chr10;chr10,149342;149835,149737;150038,+;+,600,130,130,130,134,131,125,124,125,131
GENE.2771,chr10,150416,150874,-,459,614,614,614,614,617,596,601,596,617
GENE.2772,chr10,152364,158516,-,6153,0,0,1,0,48,0,40,0,48
GENE.2773,chr10;chr10,160316;160863,160572;160962,-;-,357,0,0,0,0,1,0,0,0,1
GENE.2774,chr10,164945,165790,+,846,70,70,70,70,74,56,66,56,74
GENE.2775,chr10,166743,170669,-,3927,0,0,1,0,7,0,2,0,7
GENE.2776,chr10,172723,176430,-,3708,0,0,0,0,7,0,2,0,7
GENE.2777,chr10;chr10,177921;178507,178321;178870,+;+,765,371,371,371,374,372,361,363,361,372
GENE.2778,chr10;chr10,179344;180215,179940;180226,-;-,609,839,839,840,853,913,702,825,702,913
GENE.2779,chr10;chr10;chr10;chr10;chr10;chr10;chr10;chr10;chr10;chr10,182244;182385;182791;183149;183738;184174;184396;184786;186784;186973,182289;182552;183027;183530;184041;184309;184641;186639;186855;187100,+;+;+;+;+;+;+;+;+;+,3573,0,0,4,0,5,0,218,0,5
GENE.278,chr2,120524,124102,+,3579,15966,15986,16108,18406,17140,13361,15308,13153,16872
GENE.2780,chr10;chr10,187669;194617,194372;196954,-;-,9042,56079,56079,56088,56335,56776,51626,53355,51625,56772
GENE.2781,chr10,199452,202844,-,3393,1792,1790,1799,1826,1820,1604,1606,1604,1820
GENE.2782,chr10,207000,209642,-,2643,5484,5484,5484,5494,5536,4698,5185,4698,5536
GENE.2783,chr10,213986,214594,-,609,208,208,208,210,213,168,187,168,213
GENE.2784,chr10;chr10;chr10;chr10;chr10;chr10,215717;216128;218818;219060;219273;219633,215805;218672;218975;219164;219488;219759,+;+;+;+;+;+,3240,0,0,0,0,6,2,1,2,6
GENE.2785,chr10;chr10;chr10;chr10,220018;220537;220762;221221,220350;220637;220998;221353,-;-;-;-,804,238,238,238,244,239,218,227,218,239
GENE.2786,chr10;chr10;chr10,221945;222281;222931,222152;222595;223430,+;+;+,1023,0,0,0,0,6,0,0,0,6
GENE.2787,chr10,224248,225207,+,960,848,848,848,858,874,582,767,582,874
GENE.2788,chr10,225456,227705,-,2250,0,0,5,0,4,2,7,2,4
GENE.2789,chr10,228798,232193,+,3396,30518,30518,30523,30736,30613,28629,29564,28629,30613
GENE.279,chr2,127994,128314,+,321,0,0,0,0,0,0,0,0,0
GENE.2790,chr10;chr10;chr10,232422;232563;232750,232470;232630;232818,-;-;-,186,0,0,0,0,1,0,0,0,1
GENE.2791,chr10;chr10,233285;234283,234125;234473,-;-,1032,16,16,16,16,18,15,18,15,18
GENE.2792,chr10;chr10,234795;235736,235585;235745,-;-,801,2344,2344,2344,2372,2347,2178,2255,2178,2347
GENE.2793,chr10,237506,242245,-,4740,11360,11361,11361,11384,11537,10248,10945,10248,11537
GENE.2794,chr10,244145,246535,-,2391,0,0,3,0,4,1,0,1,4
GENE.2795,chr10;chr10,247495;249417,249289;249940,-;-,2319,0,0,0,0,3,0,7,0,3
GENE.2796,chr10;chr10,251579;252360,252128;252490,+;+,681,0,0,0,0,2,0,0,0,2
GENE.2797,chr10,253704,255611,+,1908,210,210,210,216,230,200,312,200,230
GENE.2798,chr10;chr10,256117;256572,256269;257699,-;-,1281,699,699,699,707,710,663,677,663,710
GENE.2799,chr10;chr10;chr10;chr10;chr10,259060;259361;259719;259873;260208,259130;259520;259779;260020;260304,-;-;-;-;-,537,0,0,1,0,2,0,0,0,2
GENE.28,chrM,5202,5283,-,82,0,0,0,0,0,0,0,0,0
GENE.280,chr2;chr2;chr2,129342;129605;129804,129521;129690;133563,-;-;-,4026,16518,16534,16618,17336,16718,15229,15786,14298,16680
GENE.2800,chr10;chr10;chr10,262150;262465;262947,262259;262627;262997,-;-;-,324,0,0,0,0,1,0,0,0,1
GENE.2801,chr10;chr10;chr10;chr10;chr10;chr10,265750;265922;266083;266221;266391;266695,265803;265948;266126;266290;266485;266836,-;-;-;-;-;-,432,504,504,504,514,508,496,489,496,508
GENE.2802,chr10,267219,269831,-,2613,1738,1738,1738,1742,1763,1566,1669,1566,1763
GENE.2803,chr10,270535,271497,+,963,0,0,0,0,0,0,4,0,0
GENE.2804,chr10,272243,272824,-,582,1158,1158,1158,1166,1168,925,1086,925,1168
GENE.2805,chr10;chr10,274091;274383,274198;275426,+;+,1152,1830,1830,1830,1864,1858,1734,1782,1734,1858
GENE.2806,chr10;chr10;chr10;chr10,277621;278072;278353;278663,277638;278209;278431;279168,+;+;+;+,741,219,220,219,222,228,206,213,206,228
GENE.2807,chr10;chr10;chr10;chr10;chr10;chr10;chr10;chr10,281459;281891;282048;282251;282348;282533;282785;283012,281666;281950;282121;282252;282437;282573;282876;283104,+;+;+;+;+;+;+;+,660,0,0,0,0,3,0,0,0,3
GENE.2808,chr10;chr10;chr10;chr10;chr10;chr10;chr10;chr10,284577;284882;285093;285266;285406;285621;285816;286083,284653;284954;285149;285330;285506;285685;285940;286302,+;+;+;+;+;+;+;+,783,841,841,841,871,884,775,811,775,884
GENE.2809,chr10;chr10;chr10;chr10,286522;286841;286966;287380,286659;286892;287032;287473,-;-;-;-,351,67,67,67,71,67,55,62,55,67
GENE.281,chr2;chr2;chr2,129342;129605;129804,129521;129687;133563,-;-;-,4023,16518,16534,16618,17336,16718,15229,15786,14298,16680
GENE.2810,chr10;chr10;chr10;chr10;chr10,288383;289170;290198;290443;290738,289000;290017;290310;290556;290826,-;-;-;-;-,1782,0,0,0,0,14,0,0,0,14
GENE.2811,chr10;chr10,293850;295223,295013;295999,+;+,1941,0,1,0,0,2,0,1,0,2
GENE.2812,chr10,296906,297565,+,660,1222,1222,1222,1266,1366,947,1188,947,1366
GENE.2813,chr10,298361,298687,+,327,0,0,0,0,0,1,1,1,0
GENE.2814,chr10,299280,299609,+,330,0,0,0,0,8,0,0,0,8
GENE.2815,chr10,301126,305919,-,4794,0,3,15,2,9,0,2,0,9
GENE.2816,chr10,311397,314516,-,3120,4540,4540,4542,4580,4569,4236,4277,4236,4569
GENE.2817,chr10,316649,318280,+,1632,0,0,0,0,3,0,0,0,3
GENE.2818,chr10,321011,328150,+,7140,4848,4848,4862,4892,4944,4258,4982,4258,4944
GENE.2819,chr10,331246,342807,+,11562,115622,115617,115678,116056,117063,102566,110756,102473,117061
GENE.282,chr2,135523,137139,+,1617,2156,2156,2157,2160,2193,1983,2091,1983,2193
GENE.2820,chr10,343733,344899,-,1167,1264,1264,1264,1274,1313,1181,1234,1181,1313
GENE.2821,chr10,346407,346514,+,108,0,0,0,0,0,0,0,0,0
GENE.2822,chr10;chr10,347206;348622,348506;348667,-;-,1347,0,0,0,0,2,0,0,0,2
GENE.2823,chr10,351703,355593,+,3891,0,0,14,0,27,0,66,0,27
GENE.2824,chr10,357345,358463,+,1119,648,648,651,652,657,624,647,624,657
GENE.2825,chr10;chr10;chr10,360625;361082;362385,360913;362034;362480,-;-;-,1338,3276,3276,3276,3281,3328,2916,3188,2916,3328
GENE.2826,chr10,365737,367146,-,1410,1104,1104,1104,1104,1125,966,1065,966,1125
GENE.2827,chr10;chr10,369199;370103,369804;370225,-;-,729,208,208,208,216,215,199,196,199,215
GENE.2828,chr10,371293,372117,+,825,0,0,0,0,1,0,0,0,1
GENE.2829,chr10,372519,374072,+,1554,3672,3672,3675,3740,3758,3348,3551,3348,3758
GENE.283,chr2;chr2;chr2;chr2,137557;137684;138050;138353,137575;137909;138130;138389,-;-;-;-,363,24,24,24,31,24,21,24,21,24
GENE.2830,chr10,374864,377611,+,2748,0,0,3,0,7,0,7,0,7
GENE.2831,chr10,377906,379708,-,1803,3890,3889,3890,4222,3923,3280,3793,3280,3923
GENE.2832,chr10,381361,382449,+,1089,676,677,676,676,682,513,651,513,682
GENE.2833,chr10;chr10;chr10;chr10,383044;383398;384316;384680,383135;384214;384420;384793,-;-;-;-,1128,141,141,141,143,145,110,130,110,145
GENE.2834,chr10,386976,388442,+,1467,6246,6245,6258,6290,6423,5344,5949,5344,6423
GENE.2835,chr10,389504,391165,-,1662,1690,1690,1691,1696,1822,1289,1489,1289,1822
GENE.2836,chr10;chr10,393765;394044,393852;397993,-;-,4038,1786,1786,1793,1834,1842,1537,1698,1537,1842
GENE.2837,chr10;chr10,399207;401680,401447;401778,+;+,2340,1942,1942,1943,1946,2009,1794,1895,1794,2009
GENE.2838,chr10;chr10,401876;402376,402181;402711,-;-,642,1074,1074,1074,1100,1081,1000,1032,1000,1081
GENE.2839,chr10,403679,404575,+,897,0,0,0,0,4,0,0,0,4
GENE.284,chr2;chr2;chr2;chr2;chr2;chr2;chr2;chr2;chr2;chr2,138927;139121;139373;139515;139674;139993;140297;140534;140719;141119,138986;139172;139415;139582;139776;140153;140344;140595;140911;141192,+;+;+;+;+;+;+;+;+;+,864,616,616,617,626,671,453,536,453,671
GENE.2840,chr10,405017,410536,-,5520,0,0,0,0,28,1,0,1,28
GENE.2841,chr10;chr10;chr10,414732;415103;415306,415003;415164;415328,+;+;+,357,13,13,13,15,13,12,12,12,13
GENE.2842,chr10;chr10;chr10;chr10;chr10;chr10,415404;416027;416258;416433;416654;417282,415496;416136;416347;416555;417142;417471,-;-;-;-;-;-,1095,0,0,1,0,2,0,0,0,2
GENE.2843,chr10;chr10;chr10;chr10;chr10;chr10;chr10;chr10,417705;417896;418096;418371;418686;418932;419060;419293,417713;417932;418163;418568;418733;418982;419132;419318,+;+;+;+;+;+;+;+,510,1129,1129,1129,1161,1146,926,1111,926,1146
GENE.2844,chr10;chr10,420185;420464,420260;421056,-;-,669,0,0,0,0,1,0,0,0,1
GENE.2845,chr10;chr10;chr10;chr10;chr10;chr10;chr10,422961;423231;423418;423637;423876;424104;424303,423082;423282;423478;423758;424021;424209;424365,+;+;+;+;+;+;+,672,193,193,193,195,196,186,186,186,196
GENE.2846,chr10,424866,425765,-,900,234,234,234,234,248,213,228,213,248
GENE.2847,chr10;chr10;chr10;chr10;chr10,426601;426797;427741;427938;428084,426666;427572;427836;427986;428146,+;+;+;+;+,1050,2054,2054,2054,2095,2109,1447,1882,1447,2109
GENE.2848,chr10;chr10;chr10;chr10,429204;429588;429773;430068,429416;429662;429846;430140,-;-;-;-,435,496,496,496,566,532,391,479,391,532
GENE.2849,chr10;chr10,432505;432854,432739;435570,-;-,2952,0,0,2,0,4,0,6,0,4
GENE.285,chr2,141625,147564,-,5940,8830,8830,8849,8878,8980,7578,8417,7578,8976
GENE.2850,chr10;chr10;chr10;chr10,436958;437190;437407;437625,437086;437246;437481;437708,+;+;+;+,345,36,36,36,44,38,34,36,34,38
GENE.2851,chr10;chr10;chr10;chr10,436958;437194;437407;437625,437090;437246;437481;437708,+;+;+;+,345,36,36,36,44,38,34,36,34,38
GENE.2852,chr10,438446,440380,+,1935,7270,7270,7273,7506,7652,5559,7095,5559,7652
GENE.2853,chr10,441140,441955,-,816,1300,1300,1300,1300,1307,1257,1265,1257,1307
GENE.2854,chr10,443874,444401,-,528,354,354,354,356,369,320,344,320,369
GENE.2855,chr10,445164,447125,-,1962,1912,1912,1912,1920,1958,1681,1859,1681,1958
GENE.2856,chr10,449154,450323,+,1170,2340,2340,2347,2348,2464,1829,2160,1829,2464
GENE.2857,chr10,455398,458817,+,3420,0,0,1,0,27,77,97,77,27
GENE.2858,chr10;chr10;chr10;chr10;chr10;chr10,460335;460589;460821;461100;461374;461713,460460;460728;460902;461261;461500;461993,-;-;-;-;-;-,918,143,143,143,145,147,125,138,125,147
GENE.2859,chr10;chr10;chr10;chr10;chr10;chr10;chr10;chr10;chr10,463493;464832;465113;465326;465588;465741;465886;466127;466424,464656;464973;465173;465436;465649;465778;465969;466227;467006,+;+;+;+;+;+;+;+;+,2346,999,999,999,1005,1010,904,933,904,1010
GENE.286,chr2,149524,156981,-,7458,0,0,6,0,21,2,0,2,20
GENE.2860,chr10;chr10,468071;469485,469182;469536,-;-,1164,2815,2815,2815,2821,3019,2445,2582,2445,3019
GENE.2861,chr10;chr10,470979;471700,471548;471933,+;+,804,0,0,0,0,1,0,7,0,1
GENE.2862,chr10;chr10,472546;473179,472916;473386,-;-,579,838,836,838,850,843,763,812,763,843
GENE.2863,chr10;chr10;chr10,475327;476246;476547,475911;476339;476563,-;-;-,696,0,0,0,0,0,0,0,0,0
GENE.2864,chr10,478758,480539,-,1782,0,2,0,0,8,0,0,0,8
GENE.2865,chr10,482527,484194,-,1668,0,0,0,0,5,0,0,0,5
GENE.2866,chr10;chr10;chr10,487252;491405;491735,491272;491606;491828,+;+;+,4317,8002,8002,8001,8034,8115,6706,7547,6706,8115
GENE.2867,chr10,492550,495144,+,2595,0,0,1,0,8,0,52,0,8
GENE.2868,chr10;chr10,496331;497444,497343;497573,-;-,1143,540,540,540,544,575,509,527,509,575
GENE.2869,chr10;chr10;chr10;chr10,500210;500455;500653;500900,500288;500521;500747;502221,+;+;+;+,1563,1829,1829,1829,1867,1846,1775,1947,1775,1846
GENE.287,chr2,158137,159660,-,1524,0,0,0,0,4,0,0,0,4
GENE.2870,chr10;chr10,502634;504158,504061;506392,-;-,3663,0,0,1,0,12,0,7,0,12
GENE.2871,chr10,511084,514278,+,3195,8094,8094,8095,8174,8168,7041,7656,7041,8168
GENE.2872,chr10,515721,517607,-,1887,0,0,6,0,7,0,0,0,7
GENE.2873,chr10;chr10;chr10;chr10;chr10;chr10;chr10;chr10;chr10;chr10;chr10,518542;518673;518876;519474;519804;520046;520237;520624;520868;521072;521325,518570;518786;519356;519699;519868;520129;520419;520731;520942;521172;522252,-;-;-;-;-;-;-;-;-;-;-,2394,0,0,0,0,40,0,0,0,40
GENE.2874,chr10;chr10;chr10;chr10,526840;530911;531181;531358,530765;530989;531242;531448,+;+;+;+,4158,5356,5356,5358,5376,5461,4621,5268,4621,5461
GENE.2875,chr10,533109,539825,+,6717,34214,34214,34221,34298,34625,29974,32882,29974,34625
GENE.2876,chr10;chr10;chr10,540622;541108;541583,540854;541338;541694,+;+;+,576,77,77,78,78,83,76,76,76,83
GENE.2877,chr10;chr10;chr10;chr10;chr10,542359;542856;543069;544154;544777,542427;542943;544050;544472;544779,+;+;+;+;+,1461,0,0,0,0,6,0,13,0,6
GENE.2878,chr10,545679,548903,-,3225,0,0,0,0,7,0,18,0,7
GENE.2879,chr10;chr10;chr10;chr10;chr10;chr10;chr10,550839;551040;551224;551369;551573;551828;552221,550894;551106;551259;551433;551749;552110;552571,-;-;-;-;-;-;-,1035,2046,2046,2046,2077,2050,1944,1956,1944,2050
GENE.288,chr2,160514,161242,+,729,324,324,324,330,324,255,314,255,324
GENE.2880,chr10,555160,559527,+,4368,29346,29346,29349,29404,29748,26153,27854,26153,29748
GENE.2881,chr10;chr10,560538;560924,560777;563353,+;+,2670,4457,4457,4457,4473,4728,3981,4278,3981,4728
GENE.2882,chr10;chr10,565805;572786,572669;573060,+;+,7140,0,0,3,0,30,0,48,0,30
GENE.2883,chr10,574129,575103,+,975,980,980,980,988,990,840,883,840,990
GENE.2884,chr10,576579,580478,+,3900,0,0,2,0,11,0,69,0,11
GENE.2885,chr10,581354,589090,-,7737,0,0,1,0,25,1,0,1,25
GENE.2886,chr10,595308,596222,+,915,0,0,0,0,8,0,0,0,8
GENE.2887,chr10;chr10;chr10;chr10;chr10;chr10;chr10;chr10;chr10;chr10;chr10,596497;596700;596888;597316;597477;597974;599048;599554;599819;600171;600361,596544;596757;597146;597391;597870;598889;599424;599604;600037;600224;600413,-;-;-;-;-;-;-;-;-;-;-,2505,0,0,0,0,15,0,0,0,15
GENE.2888,chr10,600970,607809,-,6840,20786,20786,20789,20822,21098,19280,20102,19280,21098
GENE.2889,chr10,611213,612199,+,987,3156,3156,3156,3170,3209,2520,2975,2520,3209
GENE.289,chr2;chr2;chr2;chr2,162065;162207;162697;162897,162078;162374;162786;162900,-;-;-;-,276,0,0,0,0,0,0,0,0,0
GENE.2890,chr10,612685,613875,-,1191,0,0,0,0,5,2,0,2,5
GENE.2891,chr10;chr10;chr10,614872;616680;617523,616536;616834;617736,-;-;-,2034,6209,6209,6209,6377,6226,5848,6040,5848,6226
GENE.2892,chr10;chr10;chr10,614872;616680;617523,616536;616831;617736,-;-;-,2031,6209,6209,6209,6377,6226,5848,6040,5848,6226
GENE.2893,chr10;chr10,614872;616680,616536;616796,-;-,1782,5900,5898,5898,6054,5913,5543,5732,5543,5913
GENE.2894,chr10,618440,619993,+,1554,3416,3416,3417,3436,3450,2928,3358,2928,3448
GENE.2895,chr10,621305,623626,+,2322,5360,5360,5361,5390,5656,4049,4962,4049,5656
GENE.2896,chr10,624048,625895,-,1848,0,0,2,0,4,1,0,1,4
GENE.2897,chr10;chr10,627044;628899,628644;629040,-;-,1743,4361,4361,4362,4384,4400,3411,4048,3411,4400
GENE.2898,chr10;chr10;chr10;chr10;chr10;chr10;chr10;chr10;chr10,629909;630201;630461;630636;630845;630998;631180;631554;631995,630064;630333;630528;630708;630918;631052;631400;631714;632061,-;-;-;-;-;-;-;-;-,1008,401,401,401,423,411,343,384,343,411
GENE.2899,chr10;chr10;chr10;chr10;chr10;chr10;chr10,630310;630636;630845;630998;631180;631554;631995,630333;630708;630918;631052;631400;631714;632061,-;-;-;-;-;-;-,675,339,339,339,358,346,289,322,289,346
GENE.29,chrM,5284,5340,-,57,0,0,0,0,0,0,0,0,0
GENE.290,chr2,164269,164340,+,72,0,0,0,0,0,0,0,0,0
GENE.2900,chr10;chr10;chr10;chr10;chr10,633682;633891;634049;634412;635194,633768;633923;634185;635069;635286,+;+;+;+;+,1008,1548,1548,1548,1552,1560,1401,1511,1401,1560
GENE.2901,chr10;chr10,637138;637714,637180;639011,+;+,1341,0,0,0,0,16,0,0,0,16
GENE.2902,chr10,641390,642751,+,1362,20,20,20,20,22,19,20,19,22
GENE.2903,chr10,643558,644331,-,774,0,0,0,0,7,0,0,0,7
GENE.2904,chr10,646054,647736,+,1683,0,0,0,0,4,0,0,0,4
GENE.2905,chr10;chr10,650898;653379,653183;653567,-;-,2475,0,0,0,0,5,0,0,0,5
GENE.2906,chr10;chr10;chr10,656709;656997;658830,656789;658547;659027,-;-;-,1830,1869,1867,1869,1876,1941,1663,1763,1663,1941
GENE.2907,chr10;chr10,661742;663998,663841;664201,-;-,2304,1018,1018,1026,1020,1050,894,980,894,1050
GENE.2908,chr10;chr10,665658;666514,666407;666654,-;-,891,0,0,0,0,16,0,0,0,16
GENE.2909,chr10;chr10,669202;671650,671490;671853,-;-,2493,25126,25126,25128,25376,25227,23607,23959,23607,25227
GENE.291,chr2,166144,168051,+,1908,8302,8302,8302,8342,8446,7363,7962,7363,8446
GENE.2910,chr10;chr10,675293;676268,676087;676417,-;-,945,0,0,0,0,1,0,0,0,1
GENE.2911,chr10,682182,682508,-,327,0,0,0,0,3,0,0,0,3
GENE.2912,chr10,685578,688862,+,3285,0,0,0,0,9,1,0,1,9
GENE.2913,chr10,689888,690820,-,933,2156,2156,2156,2198,2170,1845,1895,1845,2170
GENE.2914,chr10;chr10,692426;694153,693952;694218,+;+,1593,264,264,264,266,271,237,261,237,271
GENE.2915,chr10;chr10,694840;696676,696527;696709,-;-,1722,13276,13282,13276,13854,13498,10573,12479,10573,13498
GENE.2916,chr10,694840,696591,-,1752,13276,13282,13276,13854,13498,10573,12479,10573,13498
GENE.2917,chr10;chr10;chr10;chr10;chr10;chr10;chr10;chr10,697970;698221;698433;698668;698914;699188;699369;699761,698071;698301;698496;698811;699005;699264;699480;699823,-;-;-;-;-;-;-;-,735,699,699,699,727,716,574,671,574,716
GENE.2918,chr10;chr10;chr10,701746;702071;702294,701892;702199;702422,+;+;+,405,176,176,176,178,183,154,167,154,183
GENE.2919,chr10,705537,708452,+,2916,0,0,7,0,5,0,52,0,5
GENE.292,chr2;chr2,168682;168855,168719;170136,-;-,1320,5082,5092,5730,7900,7070,6061,4824,6061,7070
GENE.2920,chr10,709507,710826,+,1320,0,0,0,0,6,0,8,0,6
GENE.2921,chr10;chr10;chr10,711016;711151;711388,711039;711266;714658,-;-;-,3411,7708,7708,7715,7856,7768,6660,7176,6660,7768
GENE.2922,chr10;chr10,715878;716157,716000;717437,+;+,1404,1982,1982,1982,1992,1998,1765,1925,1765,1998
GENE.2923,chr10,718454,720136,+,1683,558,558,574,560,576,483,579,483,576
GENE.2924,chr10,720551,721399,+,849,0,0,0,0,1,0,0,0,1
GENE.2925,chr10;chr10,721734;721919,721821;728331,-;-,6501,4228,4228,4232,4234,4277,3897,4036,3663,4275
GENE.2926,chr10,729809,732856,-,3048,9944,9979,10902,15634,14214,10152,8968,10149,14214
GENE.2927,chr10;chr10;chr10;chr10,734722;734886;735073;735286,734779;734934;735112;735738,+;+;+;+,600,0,0,0,0,1,0,0,0,1
GENE.2928,chr10;chr10;chr10;chr10;chr10,735921;736140;736396;736652;736798,736010;736217;736508;736690;736813,-;-;-;-;-,336,0,0,0,0,1,0,0,0,1
GENE.2929,chr10,737692,743406,-,5715,0,0,3,0,21,4,16,4,21
GENE.293,chr2;chr2;chr2;chr2;chr2;chr2;chr2;chr2;chr2;chr2;chr2;chr2,171563;171882;172168;172665;172872;173089;173359;173580;173848;174067;174232;174514,171721;171977;172532;172761;172910;173196;173430;173670;173959;174108;174280;174912,-;-;-;-;-;-;-;-;-;-;-;-,1629,2429,2429,2429,2451,2483,1919,2279,1919,2483
GENE.2930,chr10,747028,748887,+,1860,0,0,0,0,7,0,13,0,6
GENE.2931,chr10;chr10,750215;752474,752149;752665,+;+,2127,0,0,0,0,7,0,28,0,7
GENE.2932,chr10,752760,754910,-,2151,0,0,0,0,7,0,51,0,7
GENE.2933,chr10;chr10,757795;764970,764823;765158,+;+,7218,0,0,5,0,25,0,200,0,17
GENE.2934,chr10,766168,771954,-,5787,0,0,5,0,18,0,4,0,18
GENE.2935,chr10,773531,774490,+,960,1038,1038,1038,1046,1041,942,969,942,1041
GENE.2936,chr10;chr10;chr10,774929;780164;780361,779997;780256;780487,-;-;-,5289,0,0,1,0,8,0,3,0,8
GENE.2937,chr10;chr10,786503;786806,786626;787008,+;+,327,3,3,3,6,4,3,3,3,4
GENE.2938,chr10;chr10;chr10;chr10;chr10;chr10;chr10;chr10;chr10;chr10;chr10;chr10;chr10;chr10;chr10;chr10;chr10;chr10;chr10;chr10;chr10;chr10;chr10;chr10;chr10,787745;788115;788465;788818;789125;789326;789612;789887;790142;790361;790589;790855;791082;791505;791792;792210;792446;792901;793254;793489;793894;794110;794380;794641;795155,787906;788250;788627;789016;789258;789493;789742;790002;790222;790436;790707;790919;791288;791625;792020;792335;792765;793108;793358;793807;793975;794271;794483;794767;795220,-;-;-;-;-;-;-;-;-;-;-;-;-;-;-;-;-;-;-;-;-;-;-;-;-,3726,8724,8736,8724,9547,8836,8080,8429,8080,8836
GENE.2939,chr10;chr10;chr10;chr10;chr10;chr10;chr10;chr10;chr10;chr10;chr10;chr10;chr10;chr10;chr10;chr10;chr10;chr10;chr10;chr10;chr10;chr10;chr10;chr10;chr10,787745;788115;788465;788818;789125;789330;789612;789887;790142;790361;790589;790855;791082;791505;791792;792210;792446;792901;793254;793489;793894;794110;794380;794641;795155,787906;788250;788627;789016;789262;789493;789742;790002;790222;790436;790707;790919;791288;791625;792020;792335;792765;793108;793358;793807;793975;794271;794483;794767;795220,-;-;-;-;-;-;-;-;-;-;-;-;-;-;-;-;-;-;-;-;-;-;-;-;-,3726,8724,8736,8724,9547,8836,8080,8429,8080,8836
GENE.294,chr2,176567,178300,+,1734,0,0,0,0,2,0,0,0,2
GENE.2940,chr10,796291,799923,+,3633,1856,1856,1857,1912,1890,1681,1857,1681,1890
GENE.2941,chr10,800278,803502,-,3225,4570,4578,4675,5302,5255,4820,4357,3698,5047
GENE.2942,chr10,804328,807582,-,3255,4688,4626,4693,4792,4746,4167,4119,4167,4746
GENE.2943,chr10,808618,808992,-,375,0,0,0,0,0,0,0,0,0
GENE.2944,chr10;chr10;chr10;chr10;chr10;chr10;chr10;chr10;chr10;chr10,811106;811397;811679;811850;811994;812325;812495;812905;813156;813394,811224;811496;811756;811890;812147;812399;812572;813020;813272;813484,-;-;-;-;-;-;-;-;-;-,969,0,0,0,0,9,0,0,0,9
GENE.2945,chr10;chr10;chr10,814352;814608;814955,814468;814793;814957,-;-;-,306,0,0,0,0,2,0,0,0,2
GENE.2946,chr10;chr10;chr10,816066;818137;818804,817787;818717;818972,-;-;-,2472,0,1,0,0,6,0,0,0,6
GENE.2947,chr10,819830,822139,+,2310,0,0,1,0,15,0,21,0,15
GENE.2948,chr10;chr10,822602;824489,824302;824593,-;-,1806,101,101,102,101,116,87,94,87,116
GENE.2949,chr10,825451,826971,+,1521,2302,2302,2302,2306,2332,2111,2247,2111,2332
GENE.295,chr2;chr2,178955;181103,180924;181526,+;+,2394,10072,10072,10073,10184,10194,8885,9440,8885,10194
GENE.2950,chr10;chr10;chr10,827488;827660;828016,827553;827782;834231,+;+;+,6405,10787,10787,10791,10895,11070,9367,10158,9357,10886
GENE.2951,chr10;chr10;chr10,835292;838932;839597,838801;839127;839700,+;+;+,3810,0,0,2,0,15,1,47,1,15
GENE.2952,chr10;chr10;chr10;chr10;chr10;chr10;chr10;chr10;chr10;chr10;chr10,840212;840664;840835;841340;841501;841648;841866;842051;842196;842340;843092,840454;840730;841224;841419;841547;841743;841946;842093;842275;842823;843403,+;+;+;+;+;+;+;+;+;+;+,1923,2235,2235,2235,2311,2256,2175,2166,2175,2256
GENE.2953,chr10;chr10;chr10;chr10;chr10,845086;845294;845593;845811;846045,845173;845444;845680;845881;846192,-;-;-;-;-,546,0,0,0,0,8,0,0,0,8
GENE.2954,chr10;chr10;chr10;chr10,848859;849042;849797;850169,848953;849539;850029;850404,-;-;-;-,1062,956,956,958,970,983,850,879,850,983
GENE.2955,chr10,851000,856285,-,5286,0,0,2,0,13,0,1,0,13
GENE.2956,chr10,857673,859742,-,2070,9032,9032,9034,9056,9161,8089,8261,8089,9161
GENE.2957,chr10;chr10,860960;861525,861399;862449,-;-,1365,3418,3418,3418,3454,3431,3280,3303,3280,3431
GENE.2958,chr10;chr10;chr10;chr10;chr10;chr10;chr10,863907;864126;864685;865012;866104;866295;866499,863999;864509;864794;865890;866171;866376;866742,+;+;+;+;+;+;+,1860,0,0,1,0,14,0,0,0,14
GENE.2959,chr10,867635,869677,-,2043,0,0,0,0,4,1,2,1,4
GENE.296,chr2,182228,189115,-,6888,10768,10774,10770,10930,10973,9651,10286,9641,10957
GENE.2960,chr10,871095,871886,+,792,518,518,518,522,536,477,501,477,536
GENE.2961,chr10;chr10;chr10;chr10;chr10,873208;873597;874202;887427;894669,873466;874032;887026;894510;894869,-;-;-;-;-,20805,4324,4327,4336,4328,4491,3889,4288,3889,4490
GENE.2962,chr10;chr10;chr10;chr10,896865;897152;897438;897636,896901;897273;897530;903608,-;-;-;-,6225,0,1,1,0,26,0,8,0,26
GENE.2963,chr10,905473,912345,-,6873,0,3,12,0,21,3,13,3,20
GENE.2964,chr10;chr10,919772;921473,921311;924213,+;+,4281,7066,7066,7068,7110,7173,6375,6800,6375,7173
GENE.2965,chr10;chr10,925280;925990,925818;926230,-;-,780,211,212,211,216,212,206,206,206,212
GENE.2966,chr10;chr10;chr10,926831;927042;927915,926896;927759;929020,-;-;-,1890,4080,4080,4081,4106,4122,3560,3939,3560,4122
GENE.2967,chr10;chr10;chr10;chr10;chr10;chr10,932697;932954;933634;933913;934084;934253,932841;933385;933752;934000;934148;934381,+;+;+;+;+;+,978,5890,5890,5890,5966,5969,5510,5625,5510,5969
GENE.2968,chr10;chr10;chr10;chr10,939938;941391;941912;942133,941282;941477;941994;942234,-;-;-;-,1617,4200,4200,4204,4230,4255,3413,3937,3413,4255
GENE.2969,chr10,944398,946089,-,1692,13190,13190,13190,13202,13382,12286,12859,12286,13382
GENE.297,chr2;chr2;chr2;chr2;chr2,192818;193328;193649;193864;194161,193200;193490;193718;194039;194199,+;+;+;+;+,831,996,996,996,1010,1031,912,982,912,1031
GENE.2970,chr10,948477,951152,+,2676,0,0,2,0,11,0,3,0,10
GENE.2971,chr10,951752,952579,-,828,842,842,843,848,849,766,789,766,849
GENE.2972,chr10,955883,958357,+,2475,2738,2738,2738,2938,2787,2447,2615,2447,2787
GENE.2973,chr10;chr10;chr10;chr10,958939;959242;959531;959810,959034;959345;959600;959896,-;-;-;-,357,0,0,0,0,1,0,0,0,1
GENE.2974,chr10,961066,962307,-,1242,0,0,2,0,17,0,17,0,17
GENE.2975,chr10,963497,980560,-,17064,88050,88050,88072,88300,90354,77329,83807,77123,90350
GENE.2976,chr10,982231,983202,+,972,28,28,28,28,28,24,25,24,28
GENE.2977,chr10;chr10;chr10;chr10,984228;984469;984965;985325,984253;984546;985094;985330,-;-;-;-,240,1,1,1,1,1,1,1,1,1
GENE.2978,chr10;chr10;chr10;chr10;chr10;chr10;chr10,985350;985536;986027;986201;986503;986760;986956,985425;985575;986066;986420;986604;986836;986988,+;+;+;+;+;+;+,588,105,105,105,111,105,104,103,104,105
GENE.2979,chr10,987017,987310,-,294,0,0,0,0,0,0,0,0,0
GENE.298,chr2,194826,196916,-,2091,3456,3456,3456,3490,3548,2878,3196,2878,3548
GENE.2980,chr10;chr10;chr10;chr10;chr10;chr10;chr10;chr10,987358;987663;988129;989033;989617;989834;989973;990125,987414;987826;988837;989435;989725;989870;990008;990148,-;-;-;-;-;-;-;-,1539,0,0,1,0,6,2,0,2,6
GENE.2981,chr10,991147,993420,+,2274,0,0,2,0,13,0,24,0,13
GENE.2982,chr10;chr10,994322;994730,994536;996788,+;+,2274,360,360,360,370,370,312,348,312,370
GENE.2983,chr10,997475,1007461,-,9987,19416,19416,19427,19578,19946,16859,18278,16857,19936
GENE.2984,chr10,1014896,1016596,+,1701,9278,9278,9288,9350,9348,7608,8789,7608,9348
GENE.2985,chr10,1017201,1020515,-,3315,5918,5921,5950,6212,6385,5310,5407,5179,5753
GENE.2986,chr10,1021292,1021774,-,483,208,208,208,210,214,190,205,190,214
GENE.2987,chr10,1022505,1022897,+,393,0,0,0,0,1,0,0,0,1
GENE.2988,chr10;chr10,1023205;1023507,1023350;1024869,-;-,1509,1631,1631,1631,1659,1657,1392,1526,1392,1657
GENE.2989,chr10,1026120,1026914,+,795,2214,2214,2214,2462,2421,1575,2124,1575,2420
GENE.299,chr2;chr2;chr2;chr2,197219;197367;197740;197984,197281;197465;197841;198043,-;-;-;-,324,27,27,27,29,27,20,16,20,27
GENE.2990,chr10;chr10;chr10;chr10;chr10;chr10,1027128;1027340;1027487;1027683;1028160;1028741,1027175;1027384;1027591;1027895;1028423;1029367,-;-;-;-;-;-,1302,0,0,0,0,9,0,0,0,9
GENE.2991,chr10,1030044,1031534,+,1491,2240,2240,2241,2240,2257,2068,2179,2068,2257
GENE.2992,chr10,1034685,1039079,+,4395,5586,5702,5865,8154,6625,5761,5432,5743,6625
GENE.2993,chr10,1040289,1045004,-,4716,8828,8831,9069,10570,9746,8473,8374,8473,9746
GENE.2994,chr10;chr10;chr10;chr10;chr10;chr10;chr10,1045608;1045805;1046029;1048200;1049120;1049371;1049615,1045685;1045918;1048019;1048595;1049243;1049464;1049760,-;-;-;-;-;-;-,2943,2238,2239,2262,2361,2338,2146,2178,2146,2338
GENE.2995,chr10,1052844,1055333,+,2490,12222,12222,12221,12318,12368,10547,11088,10547,12368
GENE.2996,chr10,1055744,1057030,-,1287,0,0,1,0,4,0,0,0,4
GENE.2997,chr10,1057890,1060658,-,2769,3830,3829,3830,3966,3891,3275,3535,3275,3885
GENE.2998,chr10;chr10;chr10;chr10;chr10;chr10;chr10;chr10;chr10;chr10;chr10;chr10;chr10,1061399;1061727;1063645;1064316;1064537;1064708;1065052;1065367;1065529;1065883;1066226;1066380;1066704,1061496;1063463;1064200;1064434;1064590;1064924;1065264;1065428;1065714;1066101;1066299;1066539;1067085,-;-;-;-;-;-;-;-;-;-;-;-;-,4077,0,3,1,0,17,2,44,2,17
GENE.2999,chr10;chr10;chr10;chr10;chr10;chr10;chr10;chr10;chr10;chr10;chr10,1067652;1067864;1068666;1069091;1069340;1072623;1073670;1076337;1076704;1080080;1086382,1067737;1068381;1068925;1069239;1072451;1073540;1076174;1076552;1079526;1086185;1086992,-;-;-;-;-;-;-;-;-;-;-,17304,15140,15141,15156,15268,15421,13465,14272,13465,15414
GENE.3,chrM,72,125,+,54,0,0,0,0,0,0,0,0,0
GENE.30,chrM,5341,5378,-,38,0,0,0,0,0,0,0,0,0
GENE.300,chr2,198353,199570,-,1218,1988,1988,1988,1990,2004,1640,1877,1640,2004
GENE.3000,chr10,1088214,1088417,+,204,0,0,0,0,1,0,0,0,1
GENE.3001,chr10,1088931,1089494,+,564,122,122,122,124,132,112,115,112,132
GENE.3002,chr10;chr10;chr10,1089997;1090231;1090441,1090024;1090308;1090538,-;-;-,204,0,0,0,0,0,0,0,0,0
GENE.3003,chr10;chr10;chr10;chr10;chr10;chr10;chr10;chr10;chr10;chr10;chr10;chr10;chr10;chr10;chr10,1091436;1091649;1091841;1092057;1092311;1092450;1092794;1092959;1093122;1093556;1093803;1093988;1094146;1094416;1095037,1091471;1091687;1091948;1092128;1092349;1092701;1092859;1092997;1093451;1093700;1093897;1094053;1094241;1094787;1097277,-;-;-;-;-;-;-;-;-;-;-;-;-;-;-,3996,14579,14580,14580,14814,14793,13081,14084,13081,14793
GENE.3004,chr10;chr10;chr10,1098455;1098806;1099751,1098640;1099579;1099882,-;-;-,1092,1273,1273,1273,1301,1306,1119,1138,1119,1306
GENE.3005,chr10;chr10;chr10;chr10;chr10,1101818;1102268;1102497;1102856;1103013,1102011;1102370;1102577;1102916;1103158,+;+;+;+;+,585,0,0,0,0,2,0,0,0,2
GENE.3006,chr10,1103464,1105230,-,1767,4180,4180,4180,4196,4198,3970,4088,3970,4198
GENE.3007,chr10,1106086,1109451,+,3366,0,1,3,0,12,1,192,1,12
GENE.3008,chr10,1109794,1111605,-,1812,372,372,373,374,418,333,361,333,418
GENE.3009,chr10,1112423,1112635,-,213,0,0,0,0,0,0,0,0,0
GENE.301,chr2,200482,204048,-,3567,0,0,1,0,20,1,0,1,20
GENE.3010,chr10,1113495,1118573,-,5079,2644,2644,2714,2984,2925,2545,2544,2545,2925
GENE.3011,chr10;chr10,1122962;1123309,1123024;1124037,+;+,792,0,0,0,0,5,0,0,0,5
GENE.3012,chr10,1125283,1126167,+,885,26,26,27,26,28,26,26,26,28
GENE.3013,chr10,1126523,1131958,-,5436,38184,38182,38191,38482,38724,34180,34778,34162,38695
GENE.3014,chr10,1133838,1136156,-,2319,3080,3080,3082,3104,3093,2942,2968,2942,3093
GENE.3015,chr10,1138002,1139564,+,1563,0,0,0,0,4,0,0,0,4
GENE.3016,chr10;chr10;chr10,1140589;1141902;1142584,1141506;1142146;1142602,-;-;-,1182,0,0,0,0,10,1,1,1,10
GENE.3017,chr10;chr10,1145823;1146547,1146107;1146795,-;-,534,0,0,0,0,6,0,0,0,6
GENE.3018,chr10;chr10,1147866;1148168,1148038;1148213,+;+,219,0,0,0,0,2,0,0,0,2
GENE.3019,chr10;chr10;chr10;chr10;chr10;chr10;chr10;chr10;chr10,1148316;1148869;1149049;1149273;1149408;1149561;1149720;1149891;1150126,1148687;1148961;1149173;1149335;1149468;1149644;1149760;1150019;1150168,-;-;-;-;-;-;-;-;-,1011,0,0,0,0,3,0,0,0,3
GENE.302,chr2,205889,207403,-,1515,1502,1502,1502,1506,1525,1173,1368,1173,1525
GENE.3020,chr10;chr10;chr10;chr10;chr10,1150663;1150932;1151061;1151349;1151671,1150782;1150975;1151138;1151463;1151853,-;-;-;-;-,540,166,166,166,249,168,160,161,160,168
GENE.3021,chr10;chr10;chr10;chr10;chr10,1150663;1150932;1151061;1151349;1151667,1150782;1150975;1151138;1151459;1151853,-;-;-;-;-,540,166,166,166,249,168,160,161,160,168
GENE.3022,chr10,1153271,1154431,-,1161,0,0,1,0,3,0,0,0,3
GENE.3023,chr10;chr10;chr10;chr10;chr10;chr10;chr10;chr10;chr10;chr10;chr10,1156648;1156804;1156960;1157269;1157446;1157685;1157889;1158208;1158514;1158686;1158882,1156701;1156848;1157050;1157340;1157505;1157745;1157934;1158398;1158586;1158751;1158980,+;+;+;+;+;+;+;+;+;+;+,858,0,0,0,0,1,0,0,0,1
GENE.3024,chr10;chr10;chr10;chr10;chr10;chr10;chr10;chr10;chr10;chr10;chr10;chr10;chr10,1160031;1160240;1160636;1161027;1161375;1161551;1161765;1162116;1162465;1162648;1162802;1162973;1163279,1160074;1160444;1160867;1161238;1161438;1161666;1161988;1162333;1162525;1162713;1162857;1163113;1163421,+;+;+;+;+;+;+;+;+;+;+;+;+,1782,0,1,0,0,6,0,0,0,6
GENE.3025,chr10,1163786,1165615,+,1830,0,0,0,0,7,0,1,0,7
GENE.3026,chr10,1166046,1166870,-,825,2444,2444,2444,2460,2450,2292,2320,2292,2450
GENE.3027,chr10,1168010,1168957,-,948,120,120,120,120,137,114,118,114,137
GENE.3028,chr10,1169940,1171391,+,1452,314,314,321,362,336,293,536,290,336
GENE.3029,chr10;chr10;chr10,1172129;1174761;1174967,1174535;1174839;1174997,-;-;-,2517,2479,2480,2484,2497,2495,2293,2328,2293,2494
GENE.303,chr2,209583,210833,-,1251,2010,2010,2011,2014,2124,1707,1914,1707,2124
GENE.3030,chr10;chr10;chr10;chr10,1176461;1176716;1177046;1177683,1176536;1176901;1177132;1177849,-;-;-;-,516,0,0,0,0,1,0,0,0,1
GENE.3031,chr10,1181005,1182501,+,1497,2920,2920,2921,2922,2967,2765,2888,2765,2967
GENE.3032,chr10;chr10,1183487;1183747,1183591;1183995,-;-,354,6,6,6,8,6,6,6,6,6
GENE.3033,chr10;chr10,1184728;1185824,1185714;1185946,-;-,1110,606,606,606,614,641,496,566,496,641
GENE.3034,chr10;chr10;chr10;chr10;chr10;chr10;chr10;chr10,1187503;1187711;1188152;1188410;1188476;1188767;1188887;1189358,1187709;1188149;1188407;1188473;1188765;1188884;1189356;1189589,-;-;-;-;-;-;-;-,2076,556,556,556,592,568,439,528,439,568
GENE.3035,chr10;chr10;chr10;chr10,1190426;1194580;1194764;1194930,1194427;1194630;1194814;1195016,+;+;+;+,4191,25760,25769,25761,27465,26091,22460,24566,22453,26091
GENE.3036,chr10;chr10;chr10;chr10,1190426;1194580;1194770;1194930,1194427;1194630;1194814;1195016,+;+;+;+,4185,25760,25769,25761,27465,26091,22460,24566,22453,26091
GENE.3037,chr10,1195677,1197344,+,1668,0,0,0,0,10,60,33,0,9
GENE.3038,chr10,1197825,1200032,-,2208,0,0,1,0,7,1,0,1,7
GENE.3039,chr10,1200894,1202399,-,1506,0,0,0,0,3,0,3,0,3
GENE.304,chr2;chr2,211348;211681,211465;212627,+;+,1065,44,45,44,44,50,37,40,37,50
GENE.3040,chr10,1204346,1204762,-,417,0,0,0,0,0,0,0,0,0
GENE.3041,chr10,1206302,1207405,+,1104,0,0,0,0,6,2,0,2,6
GENE.3042,chr10;chr10;chr10,1208198;1210471;1210849,1210213;1210719;1210914,-;-;-,2331,0,0,1,0,5,0,0,0,4
GENE.3043,chr10,1211658,1212971,-,1314,758,758,758,758,774,613,691,613,774
GENE.3044,chr10,1217348,1222441,+,5094,50642,48647,51807,65314,58793,47093,48674,47059,58776
GENE.3045,chr10;chr10;chr10;chr10,1223375;1223527;1223720;1223937,1223390;1223581;1223819;1224167,+;+;+;+,402,0,0,0,0,0,0,0,0,0
GENE.3046,chr10;chr10;chr10;chr10,1224519;1226121;1226680;1226846,1225958;1226249;1226736;1229092,-;-;-;-,3873,0,0,1,0,23,1,0,1,23
GENE.3047,chr10,1230561,1231913,-,1353,3264,3264,3265,3266,3367,2861,3089,2861,3367
GENE.3048,chr10,1233667,1237002,-,3336,0,0,6,0,48,0,2,0,23
GENE.3049,chr10;chr10,1241767;1242857,1242482;1242977,-;-,837,0,0,0,0,4,0,0,0,4
GENE.305,chr2,212982,214508,-,1527,3436,2858,3437,3480,3477,3238,3243,3238,3477
GENE.3050,chr10,1244215,1245396,+,1182,0,0,0,0,1,0,0,0,1
GENE.3051,chr10,1245880,1247676,-,1797,1386,1386,1386,1424,1435,1133,1326,1133,1435
GENE.3052,chr10,1248533,1249306,+,774,338,338,338,340,344,291,300,291,344
GENE.3053,chr10,1250045,1250683,+,639,716,716,716,734,727,570,683,570,727
GENE.3054,chr10,1251151,1251807,-,657,0,0,0,0,5,0,0,0,5
GENE.3055,chr10,1253417,1254070,-,654,1560,1560,1560,1568,1586,1490,1529,1490,1586
GENE.3056,chr10;chr10,1254843;1255456,1255266;1255586,-;-,555,0,0,0,0,0,0,0,0,0
GENE.3057,chr10,1257384,1258478,+,1095,1462,1462,1462,1464,1477,1167,1326,1167,1477
GENE.3058,chr10,1260310,1263069,+,2760,29824,29842,29836,31586,30281,27676,28593,24447,30105
GENE.3059,chr10;chr10;chr10;chr10;chr10;chr10;chr10;chr10,1265079;1265300;1265429;1265714;1265911;1266066;1266275;1266539,1265141;1265347;1265569;1265793;1265974;1266161;1266352;1268785,+;+;+;+;+;+;+;+,2817,13635,13634,13639,14703,13919,11440,12724,11320,13911
GENE.306,chr2;chr2;chr2;chr2,214838;216175;216937;217132,216054;216786;217008;217348,-;-;-;-,2118,8720,8720,8722,8904,8794,8039,8045,8039,8794
GENE.3060,chr10;chr10;chr10;chr10;chr10;chr10;chr10;chr10,1265079;1265300;1265429;1265714;1265911;1266066;1266275;1266539,1265162;1265347;1265569;1265793;1265974;1266161;1266352;1268785,+;+;+;+;+;+;+;+,2838,13635,13634,13639,14703,13919,11440,12724,11320,13911
GENE.3061,chr10;chr10;chr10;chr10;chr10;chr10,1270528;1272270;1272662;1272896;1273416;1273845,1272116;1272558;1272733;1273225;1273589;1274144,+;+;+;+;+;+,2754,0,0,12,0,12,1,119,1,12
GENE.3062,chr10,1275863,1278577,+,2715,3262,3282,3385,4358,3929,3060,3218,3055,3915
GENE.3063,chr10;chr10;chr10;chr10,1281252;1281555;1281778;1281962,1281435;1281647;1281823;1281989,+;+;+;+,351,50,50,50,56,57,44,43,44,57
GENE.3064,chr10;chr10;chr10,1282405;1283421;1283931,1283285;1283690;1284057,-;-;-,1278,4956,4956,4957,4966,4988,4368,4654,4368,4988
GENE.3065,chr10;chr10;chr10;chr10;chr10,1284588;1285074;1286198;1286651;1287218,1284827;1286095;1286393;1286925;1287287,-;-;-;-;-,1803,3393,3393,3393,3425,3408,3032,3242,3032,3408
GENE.3066,chr10;chr10,1287715;1287944,1287823;1290045,-;-,2211,5016,5016,5016,5056,5179,4165,4807,4165,5179
GENE.3067,chr10,1293499,1297071,+,3573,110,112,111,110,124,96,155,96,124
GENE.3068,chr10;chr10;chr10;chr10;chr10,1298327;1298520;1298726;1298865;1299007,1298354;1298633;1298781;1298921;1299141,-;-;-;-;-,390,0,0,0,0,1,0,0,0,1
GENE.3069,chr10,1299794,1302409,+,2616,0,0,1,0,9,2,0,2,9
GENE.307,chr2;chr2;chr2;chr2,217882;218290;218533;218850,218097;218423;218715;218907,-;-;-;-,591,457,457,457,477,480,347,440,347,480
GENE.3070,chr10;chr10;chr10;chr10;chr10;chr10;chr10,1302594;1302808;1302964;1303183;1303431;1304304;1304710,1302660;1302877;1303051;1303224;1304180;1304500;1304881,-;-;-;-;-;-;-,1386,0,0,0,0,10,0,0,0,10
GENE.3071,chr10;chr10;chr10,1306241;1306820;1307175,1306446;1307047;1307532,-;-;-,792,48,48,48,51,51,43,44,41,51
GENE.3072,chr10,1308873,1309925,+,1053,570,570,570,572,577,530,553,530,577
GENE.3073,chr10,1310421,1312082,-,1662,26,26,27,38,32,32,26,32,32
GENE.3074,chr10;chr10;chr10;chr10,1313255;1314053;1314270;1314602,1313833;1314152;1314400;1314721,-;-;-;-,930,2992,2990,2992,3020,3107,2915,2957,2915,3107
GENE.3075,chr10,1315718,1320949,-,5232,23634,23634,23642,23862,23948,21675,22560,21675,23830
GENE.3076,chr10,1321694,1323379,+,1686,1706,1706,1706,1714,1751,1395,1572,1395,1751
GENE.3077,chr10,1324132,1328436,-,4305,2828,2828,2841,2834,3030,2509,2686,2509,3030
GENE.3078,chr10,1335222,1336289,+,1068,1070,1070,1071,1072,1075,910,1005,910,1075
GENE.3079,chr10;chr10;chr10,1338124;1338384;1338631,1338242;1338445;1338818,-;-;-,369,13,13,13,13,17,13,13,13,17
GENE.308,chr2;chr2;chr2;chr2;chr2;chr2,219690;221054;221260;221450;221760;222173,220936;221147;221355;221618;221920;222256,+;+;+;+;+;+,1851,374,374,376,378,376,305,354,305,376
GENE.3080,chr10,1339762,1340628,+,867,4048,4048,4049,4068,4082,3401,3882,3401,4082
GENE.3081,chr10,1341646,1343775,+,2130,4148,4148,4148,4506,4218,3526,3964,3526,4218
GENE.3082,chr10,1344150,1346897,-,2748,0,0,1,0,2,0,0,0,2
GENE.3083,chr10;chr10;chr10,1348433;1349326;1349625,1349138;1349430;1350280,+;+;+,1467,2062,2062,2062,2140,2094,1657,1973,1657,2094
GENE.3084,chr10;chr10;chr10;chr10;chr10;chr10;chr10;chr10,1351197;1351834;1351989;1352118;1352277;1352477;1352641;1352782,1351701;1351895;1352027;1352179;1352356;1352540;1352678;1353284,+;+;+;+;+;+;+;+,1353,1858,1858,1864,1888,1911,1606,1726,1606,1911
GENE.3085,chr10;chr10;chr10;chr10;chr10,1354454;1354819;1355049;1355335;1355522,1354602;1354947;1355216;1355414;1355571,-;-;-;-;-,576,120,120,120,120,126,118,118,118,126
GENE.3086,chr10,1359318,1361309,-,1992,2092,2092,2092,2096,2189,1818,2006,1818,2189
GENE.3087,chr10;chr10;chr10;chr10;chr10,1362149;1362350;1362536;1362660;1362877,1362248;1362414;1362571;1362688;1363069,-;-;-;-;-,423,405,405,405,429,424,419,401,419,424
GENE.3088,chr10,1363474,1364118,+,645,98,98,98,100,117,91,94,91,117
GENE.3089,chr10,1365099,1366691,+,1593,4212,4212,4213,4230,4240,3934,4052,3934,4240
GENE.309,chr2,223478,224851,+,1374,0,0,0,0,7,0,0,0,7
GENE.3090,chr10,1367294,1369189,-,1896,1934,1934,1934,1938,1989,1811,1891,1811,1989
GENE.3091,chr10;chr10;chr10;chr10;chr10;chr10;chr10;chr10,1370731;1370899;1374950;1375135;1375298;1375530;1375698;1376000,1370770;1374814;1375036;1375187;1375400;1375586;1375845;1376131,+;+;+;+;+;+;+;+,4536,23328,23329,23335,23514,23751,18663,21861,18663,23751
GENE.3092,chr10,1376827,1377759,-,933,1942,1942,1942,1964,1980,1808,1893,1808,1980
GENE.3093,chr10,1378759,1379295,+,537,0,0,0,0,0,0,0,0,0
GENE.3094,chr10;chr10;chr10;chr10;chr10;chr10;chr10;chr10;chr10;chr10;chr10;chr10,1380028;1380220;1380444;1380681;1380913;1381098;1381251;1381419;1381581;1381827;1382058;1382211,1380080;1380327;1380588;1380814;1381000;1381161;1381300;1381469;1381693;1381919;1382130;1382249,+;+;+;+;+;+;+;+;+;+;+;+,1011,0,0,1,0,6,0,0,0,6
GENE.3095,chr10,1383450,1386119,+,2670,3288,3288,3289,3294,3297,3118,3150,3118,3297
GENE.3096,chr10,1386649,1389630,-,2982,1384,1384,1384,1388,1413,1204,1308,1204,1413
GENE.3097,chr10,1391445,1393130,+,1686,320,320,320,322,341,278,303,278,341
GENE.3098,chr10,1394839,1396596,+,1758,9368,13440,24617,26234,2218,51950,8738,51733,2218
GENE.3099,chr10,1399195,1402896,+,3702,8468,8516,8725,11376,9486,7840,7921,6907,9458
GENE.31,chrM,5379,5446,-,68,0,0,0,0,0,0,0,0,0
GENE.310,chr2;chr2;chr2,225562;225984;226197,225814;226080;226245,-;-;-,399,220,220,220,230,222,198,198,198,222
GENE.3100,chr10,1404195,1405259,+,1065,936,936,937,936,940,905,914,905,940
GENE.3101,chr10,1407276,1408391,+,1116,0,1,1,0,4,0,0,0,4
GENE.3102,chr10,1409281,1410555,+,1275,328,328,328,334,333,262,315,262,333
GENE.3103,chr10,1413200,1415293,+,2094,2116,2116,2118,2124,2179,1899,2057,1899,2179
GENE.3104,chr10,1420533,1422671,+,2139,1004,1490,1981,1204,800,3183,978,3171,798
GENE.3105,chr10,1423983,1425683,+,1701,7710,8173,8749,11732,10764,8781,7135,6578,10200
GENE.3106,chr10,1427127,1428344,+,1218,1318,1318,1318,1318,1323,1038,1147,1036,1323
GENE.3107,chr10,1432498,1434786,+,2289,4000,4000,4000,4002,4122,3466,3842,3466,4122
GENE.3108,chr10,1436316,1439804,+,3489,5174,5496,7492,13878,4321,9471,4863,9426,4321
GENE.3109,chr10,1441901,1443568,+,1668,0,0,1,0,9,2,28,2,9
GENE.311,chr2,228025,229932,+,1908,0,0,0,0,7,0,0,0,7
GENE.3110,chr10;chr10;chr10,1444441;1444758;1445185,1444550;1444965;1445529,+;+;+,663,711,711,711,771,727,573,685,573,727
GENE.3111,chr10;chr10;chr10,1444441;1444758;1445189,1444550;1444969;1445529,+;+;+,663,713,713,713,772,728,574,687,574,728
GENE.3112,chr10;chr10;chr10;chr10;chr10;chr10;chr10;chr10,1445916;1446139;1446306;1446545;1446724;1446923;1447165;1447448,1445945;1446206;1446427;1446642;1446810;1446987;1447279;1447495,-;-;-;-;-;-;-;-,633,1698,1698,1698,1738,1702,1651,1633,1651,1702
GENE.3113,chr10;chr10;chr10;chr10;chr10;chr10;chr10;chr10;chr10,1448692;1448906;1449089;1449300;1449549;1450652;1450992;1451183;1451484,1448742;1449009;1449146;1449386;1450488;1450836;1451076;1451282;1451646,-;-;-;-;-;-;-;-;-,1773,261,261,261,267,270,245,249,245,270
GENE.3114,chr10;chr10;chr10,1452599;1452806;1453166,1452612;1452996;1458006,-;-;-,5046,27747,27748,27749,27837,28089,24335,26066,24335,28089
GENE.3115,chr10;chr10;chr10;chr10,1462351;1462633;1462864;1463116,1462446;1462731;1462909;1469555,+;+;+;+,6681,21745,21745,21750,21829,22194,19353,20678,19353,22190
GENE.3116,chr10,1469990,1472227,-,2238,4702,4702,4702,4712,4714,4282,4489,4282,4714
GENE.3117,chr10;chr10;chr10;chr10;chr10;chr10;chr10;chr10;chr10;chr10;chr10;chr10,1473514;1473846;1474059;1474248;1474553;1474786;1474984;1475157;1475383;1475732;1476166;1476605,1473749;1473960;1474160;1474456;1474686;1474892;1475049;1475262;1475598;1476033;1476443;1476860,+;+;+;+;+;+;+;+;+;+;+;+,2127,5376,5376,5379,5444,5404,4891,5057,4891,5404
GENE.3118,chr10,1477940,1478845,-,906,1374,1374,1377,1390,1451,1144,1307,1144,1451
GENE.3119,chr10,1481763,1485353,-,3591,0,0,2,0,12,1,12,1,12
GENE.312,chr2;chr2;chr2;chr2;chr2,231141;231384;231618;232099;232421,231234;231484;231702;232327;232529,+;+;+;+;+,618,814,816,814,867,833,633,739,633,833
GENE.3120,chr10,1487959,1490088,+,2130,0,0,0,0,4,0,6,0,4
GENE.3121,chr10;chr10;chr10,1491414;1491734;1492631,1491556;1492503;1494378,+;+;+,2661,0,0,1,0,5,0,10,0,5
GENE.3122,chr10;chr10;chr10,1495973;1496241;1496565,1496075;1496361;1496658,+;+;+,318,9,9,9,10,19,9,9,9,19
GENE.3123,chr10;chr10;chr10;chr10;chr10;chr10;chr10;chr10;chr10;chr10;chr10;chr10;chr10;chr10;chr10;chr10;chr10,1497096;1497335;1497516;1497700;1498004;1498416;1498711;1498882;1499168;1499430;1499700;1499886;1500040;1500757;1501172;1501389;1501791,1497194;1497370;1497608;1497791;1498305;1498549;1498794;1498955;1499314;1499597;1499760;1499954;1500558;1501041;1501267;1501599;1502155,-;-;-;-;-;-;-;-;-;-;-;-;-;-;-;-;-,2835,0,0,0,0,31,0,51,0,31
GENE.3124,chr10;chr10;chr10;chr10,1502955;1503406;1503704;1504173,1503122;1503516;1503823;1504322,-;-;-;-,549,0,0,1,0,14,0,0,0,14
GENE.3125,chr10;chr10;chr10;chr10,1505835;1506289;1506550;1506779,1505871;1506428;1506614;1506896,+;+;+;+,360,26,26,26,26,26,24,25,24,26
GENE.3126,chr10;chr10;chr10;chr10,1505835;1506289;1506547;1506779,1505871;1506428;1506614;1506896,+;+;+;+,363,26,26,26,26,26,24,25,24,26
GENE.3127,chr10,1507582,1510524,-,2943,6566,6566,6566,6592,6590,5877,6133,5875,6590
GENE.3128,chr10;chr10,1511342;1511723,1511405;1511835,+;+,177,1,1,1,2,6,1,1,1,6
GENE.3129,chr10;chr10;chr10;chr10;chr10;chr10;chr10;chr10;chr10,1512190;1512473;1512713;1512974;1513208;1513482;1513931;1514159;1514375,1512280;1512585;1512829;1513093;1513312;1513814;1514029;1514239;1514416,-;-;-;-;-;-;-;-;-,1101,2391,2391,2391,2455,2398,2105,2115,2105,2398
GENE.313,chr2;chr2;chr2;chr2;chr2;chr2,231141;231384;231618;231859;232099;232421,231234;231484;231702;231909;232327;232529,+;+;+;+;+;+,669,818,820,818,871,846,636,742,636,846
GENE.3130,chr10;chr10,1519021;1519347,1519233;1547825,+;+,28692,0,1,6,0,50,17,5,4,43
GENE.3131,chr10;chr10,1548455;1549522,1549369;1549731,-;-,1125,0,0,0,0,1,0,0,0,1
GENE.3132,chr10;chr10,1551497;1552969,1552849;1553172,-;-,1557,1834,1834,1834,1842,1844,1641,1741,1641,1844
GENE.3133,chr10;chr10,1554529;1555493,1555401;1555702,-;-,1083,4222,4222,4222,4306,4246,3889,4092,3889,4246
GENE.3134,chr10;chr10,1557816;1558159,1558013;1560696,+;+,2736,0,0,0,0,4,0,0,0,4
GENE.3135,chr10,1562809,1563888,+,1080,0,0,0,0,4,0,0,0,4
GENE.3136,chr10;chr10;chr10,1568709;1569060;1571735,1568909;1571519;1571815,+;+;+,2742,11052,11052,11052,11136,11116,9742,10421,9742,11116
GENE.3137,chr10;chr10,1574060;1574437,1574248;1575948,+;+,1701,0,4250,4127,6926,4415,3918,248,3918,4415
GENE.3138,chr10;chr10,1576441;1576887,1576788;1576991,-;-,453,68,418,412,346,439,391,42,391,437
GENE.3139,chr10,1581698,1582711,-,1014,0,0,0,0,0,0,0,0,0
GENE.314,chr2;chr2;chr2,232729;233011;233339,232781;233182;233476,-;-;-,363,15,15,15,15,16,14,15,14,16
GENE.3140,chr10,1587152,1588498,-,1347,538,792,935,1348,921,878,237,878,921
GENE.3141,chr10,1590146,1590973,+,828,0,3438,3300,4398,3378,3014,22,3014,3378
GENE.3142,chr10;chr10,1591578;1592299,1592204;1592367,-;-,696,144,176,186,286,194,169,95,169,194
GENE.3143,chr10;chr10,1594503;1595209,1595126;1595277,-;-,693,0,2876,2546,3076,2849,2363,6,2363,2849
GENE.3144,chr10;chr10,1596487;1596748,1596555;1597605,+;+,927,295,3378,3233,4964,3491,3077,146,3077,3491
GENE.3145,chr10;chr10,1599900;1600070,1599971;1601077,+;+,1080,0,0,0,0,2,6,2,6,2
GENE.3146,chr10;chr10,1602935;1603129,1603003;1603989,+;+,930,0,0,1,0,6,0,2,0,5
GENE.3147,chr10;chr10,1605930;1606105,1605998;1606953,+;+,918,0,0,0,0,2,0,0,0,2
GENE.3148,chr10;chr10,1609063;1609355,1609131;1610422,+;+,1137,738,740,744,748,814,586,660,586,814
GENE.3149,chr10;chr10,1612530;1612758,1612598;1613735,+;+,1047,0,6,4,24,30,12,7,10,9
GENE.315,chr2;chr2;chr2;chr2,235237;235535;238482;238737,235257;238219;238596;238816,+;+;+;+,2901,21886,21886,21889,22216,22236,20460,20936,20460,22236
GENE.3150,chr10;chr10,1615804;1616072,1615857;1617070,+;+,1053,870,894,877,896,897,819,766,819,897
GENE.3151,chr10;chr10,1619086;1619333,1619154;1620244,+;+,981,2159,2263,2159,2165,2276,1964,2040,1947,2261
GENE.3152,chr10;chr10,1622368;1622620,1622421;1623684,+;+,1119,0,3,0,0,3,34,14,8,3
GENE.3153,chr10;chr10,1625772;1625991,1625825;1626824,+;+,888,0,25,340,26,371,592,23,39,370
GENE.3154,chr10;chr10,1628914;1629157,1628982;1630023,+;+,936,5541,5721,5486,5559,6177,4272,5207,3438,6116
GENE.3155,chr10;chr10,1632398;1632607,1632451;1633665,+;+,1113,0,0,0,0,1,11,11,9,1
GENE.3156,chr10;chr10,1635596;1635829,1635649;1636779,+;+,1005,0,1,0,0,1,1,2,0,1
GENE.3157,chr10;chr10,1639171;1639457,1639224;1640518,+;+,1116,0,11,4,4,17,10,4,8,17
GENE.3158,chr10;chr10,1642401;1644600,1643636;1649948,-;-,6585,446,451,448,520,464,477,454,477,464
GENE.3159,chr11;chr11,24160;30363,29472;31598,+;+,6549,0,17,9,32,25,36,16,36,25
GENE.316,chr2,239246,243796,-,4551,0,0,0,0,16,1,0,1,16
GENE.3160,chr11;chr11,32666;34671,33934;42386,-;-,8985,0,2,1,0,15,33,9,33,15
GENE.3161,chr11;chr11,45056;45265,45109;46233,+;+,1023,0,27,25,42,27,95,29,95,27
GENE.3162,chr11;chr11,48112;48390,48165;49307,+;+,972,217,217,215,217,238,181,205,181,238
GENE.3163,chr11;chr11,51623;52683,52537;52751,-;-,984,0,158,158,250,162,152,2,152,162
GENE.3164,chr11;chr11,54423;55252,55148;55371,-;-,846,0,0,0,0,0,0,0,0,0
GENE.3165,chr11;chr11,56792;57046,56860;57840,+;+,864,3142,3140,3141,3141,3152,2998,3038,2998,3152
GENE.3166,chr11;chr11,59550;59702,59618;60328,+;+,696,0,0,0,26,3,18,1,18,3
GENE.3167,chr11;chr11,60928;61395,61392;61769,-;-,840,3056,3155,3118,3278,3218,3034,2770,2928,3218
GENE.3168,chr11,64441,64842,+,402,426,683,1052,856,886,930,110,930,886
GENE.3169,chr11;chr11,66686;67912,67681;67965,-;-,1050,4077,4093,4079,4083,4172,3158,3722,3158,4162
GENE.317,chr2;chr2;chr2;chr2,245358;246057;246251;246491,245734;246135;246335;246699,+;+;+;+,750,0,0,0,0,1,0,0,0,1
GENE.3170,chr11;chr11,70081;71221,71082;71289,-;-,1071,443,652,649,659,659,614,290,614,659
GENE.3171,chr11;chr11,73244;74374,74167;74442,-;-,993,304,306,307,306,356,318,279,318,351
GENE.3172,chr11;chr11,76820;77929,77830;78000,-;-,1083,1386,2378,2368,2422,2311,2135,14,2135,2311
GENE.3173,chr11;chr11,80306;81356,81163;81424,-;-,927,1401,3163,2897,4300,3304,2514,147,2514,3304
GENE.3174,chr11;chr11,82633;82792,82701;83415,+;+,693,0,2720,2470,3162,2782,2008,41,2008,2782
GENE.3175,chr11;chr11,85629;85792,85697;86418,+;+,696,238,368,356,526,392,369,139,369,392
GENE.3176,chr11,87041,87889,-,849,3662,7687,6520,7748,8324,6535,150,6380,8324
GENE.3177,chr11,90446,90874,+,429,156,290,434,390,413,484,4,460,413
GENE.3178,chr11,96964,99609,+,2646,0,0,0,0,1,0,0,0,1
GENE.3179,chr11;chr11,104300;104505,104404;104852,+;+,453,354,414,416,424,440,381,38,381,438
GENE.318,chr2,249030,250727,+,1698,534,534,538,534,572,484,537,484,572
GENE.3180,chr11;chr11,105357;107047,106868;107235,-;-,1701,8181,8073,7927,8215,8291,6039,4059,6039,8291
GENE.3181,chr11;chr11,110027;111349,111193;111429,-;-,1248,0,0,0,0,0,0,0,0,0
GENE.3182,chr11,114591,116573,-,1983,0,0,0,0,15,0,0,0,15
GENE.3183,chr11;chr11,119412;121345,121124;121506,-;-,1875,10024,10024,10024,10044,10567,9026,9509,9026,10567
GENE.3184,chr11;chr11,123818;124533,124429;124736,-;-,816,300,300,300,304,309,253,289,253,309
GENE.3185,chr11,128789,129064,+,276,0,0,0,0,0,0,0,0,0
GENE.3186,chr11,131703,131987,-,285,0,0,0,0,1,0,0,0,1
GENE.3187,chr11;chr11,136661;136944,136809;137442,+;+,648,0,0,1,0,5,0,0,0,5
GENE.3188,chr11;chr11,138646;138948,138834;139034,+;+,276,0,0,0,0,0,0,0,0,0
GENE.3189,chr11;chr11,140048;140602,140204;140801,-;-,357,8,8,8,8,9,7,6,7,9
GENE.319,chr2;chr2;chr2;chr2;chr2,252394;252757;253401;253989;254818,252507;253306;253484;254815;262443,+;+;+;+;+,9201,0,1,3,0,40,0,132,0,40
GENE.3190,chr11,143353,143425,+,73,0,0,0,0,0,0,0,0,0
GENE.3191,chr11,144841,144939,-,99,0,0,0,0,0,0,0,0,0
GENE.3192,chr11,146427,150815,+,4389,15278,15304,15888,20024,18378,16809,14708,16809,18378
GENE.3193,chr11;chr11;chr11;chr11;chr11;chr11;chr11;chr11;chr11;chr11;chr11;chr11;chr11,151196;151932;152160;152375;152533;152643;152824;152986;153200;153418;153746;153895;154020,151738;152035;152189;152402;152543;152688;152854;153088;153285;153633;153770;153923;154519,-;-;-;-;-;-;-;-;-;-;-;-;-,1752,7236,7236,7236,7464,7644,5974,6868,5974,7644
GENE.3194,chr11,156614,158113,+,1500,2724,2724,2724,2726,2815,2573,2671,2573,2815
GENE.3195,chr11,160115,160852,+,738,0,0,0,0,2,1,0,1,2
GENE.3196,chr11,163985,174100,+,10116,0,1,6,0,44,0,240,0,44
GENE.3197,chr11,175248,175433,+,186,0,0,0,0,1,1,0,1,1
GENE.3198,chr11;chr11;chr11,175608;175800;176080,175660;175919;177778,-;-;-,1872,0,0,0,0,5,0,0,0,5
GENE.3199,chr11;chr11;chr11;chr11,179461;180351;180810;180997,180231;180450;180850;181128,-;-;-;-,1044,359,359,359,365,362,321,326,321,362
GENE.32,chrM,5447,5507,-,61,0,0,0,0,0,0,0,0,0
GENE.320,chr2,263037,267347,-,4311,0,0,1,0,16,0,7,0,16
GENE.3200,chr11;chr11;chr11;chr11;chr11,182383;182588;182840;183178;183429,182424;182707;183079;183261;187223,-;-;-;-;-,4281,4614,4614,4615,4640,4680,4147,4405,4147,4680
GENE.3201,chr11;chr11,190800;194261,194127;194358,-;-,3426,0,0,4,0,17,2,38,2,17
GENE.3202,chr11;chr11,196767;198070,197755;198355,+;+,1275,4426,4426,4426,4448,4539,3760,3778,3760,4539
GENE.3203,chr11,199103,201037,-,1935,4904,4904,4904,4938,5119,3983,4460,3983,5119
GENE.3204,chr11,202330,204261,+,1932,0,0,3,0,2,0,13,0,2
GENE.3205,chr11;chr11;chr11;chr11;chr11;chr11,204593;204733;204853;205101;205279;205684,204640;204782;204956;205164;205462;205794,-;-;-;-;-;-,561,290,290,290,294,294,274,280,274,294
GENE.3206,chr11;chr11;chr11;chr11;chr11;chr11,204593;204733;204853;205101;205279;205684,204640;204782;204950;205164;205462;205794,-;-;-;-;-;-,555,290,290,290,294,294,274,280,274,294
GENE.3207,chr11;chr11;chr11;chr11;chr11;chr11;chr11;chr11;chr11,207440;207978;208433;208661;208863;209057;209261;209446;209659,207851;208310;208546;208730;208925;209133;209320;209496;209732,+;+;+;+;+;+;+;+;+,1254,0,0,0,0,5,0,0,0,5
GENE.3208,chr11,214825,219687,+,4863,3472,3472,3511,3694,3675,3161,3331,3161,3675
GENE.3209,chr11,221818,222129,-,312,0,0,0,0,0,0,0,0,0
GENE.321,chr2;chr2,270078;270421,270199;270619,-;-,321,2,2,2,2,2,2,2,2,2
GENE.3210,chr11,226065,226418,+,354,0,0,0,0,0,0,0,0,0
GENE.3211,chr11;chr11;chr11;chr11;chr11;chr11;chr11;chr11;chr11;chr11;chr11;chr11,228159;228291;228475;228651;228856;229156;229324;229564;229769;229930;230118;230634,228194;228352;228551;228768;228937;229202;229373;229622;229849;229994;230451;231014,-;-;-;-;-;-;-;-;-;-;-;-,1392,2993,2993,3004,3076,3149,2597,2748,2597,3147
GENE.3212,chr11;chr11,231847;232125,231925;234238,-;-,2193,0,0,2,0,9,5,1,2,9
GENE.3213,chr11;chr11,235597;237095,236379;237097,-;-,786,1319,1319,1319,1325,1403,1191,1272,1191,1403
GENE.3214,chr11;chr11;chr11,239687;240111;240465,240008;240155;240613,+;+;+,516,407,407,407,423,409,390,399,390,409
GENE.3215,chr11,241184,243517,-,2334,8608,8608,8607,8620,8849,7697,8334,7697,8849
GENE.3216,chr11,247451,248971,+,1521,1544,1544,1553,1546,1577,1346,1485,1346,1577
GENE.3217,chr11;chr11;chr11;chr11;chr11;chr11;chr11;chr11;chr11,250918;251119;251400;251656;251897;252097;252381;252622;252830,250948;251264;251509;251771;251939;252248;252481;252680;252872,+;+;+;+;+;+;+;+;+,801,854,854,854,890,857,813,820,813,857
GENE.3218,chr11,254523,254921,+,399,0,0,0,0,2,0,0,0,2
GENE.3219,chr11,255714,257141,-,1428,3876,3876,3877,3906,3898,3489,3729,3489,3898
GENE.322,chr2,271594,273009,+,1416,0,0,0,0,10,0,0,0,10
GENE.3220,chr11;chr11;chr11;chr11,258779;258963;259378;259703,258869;259258;259521;259981,+;+;+;+,810,2105,2105,2105,2143,2254,1938,2034,1938,2254
GENE.3221,chr11;chr11;chr11,260867;263045;263271,262779;263116;263331,+;+;+,2046,28050,28045,28049,28474,28670,22752,26940,22752,28670
GENE.3222,chr11;chr11;chr11;chr11;chr11;chr11;chr11,263604;263778;263989;264187;264389;264626;265914,263634;263885;264060;264266;264464;265803;266570,-;-;-;-;-;-;-,2202,6572,6577,6579,6632,6629,5623,6245,5422,6623
GENE.3223,chr11,267547,267897,+,351,0,0,0,0,3,4,0,4,3
GENE.3224,chr11;chr11;chr11,268244;268462;273546,268348;273415;274552,-;-;-,6066,0,0,13,0,15,1,0,0,15
GENE.3225,chr11,275726,279667,+,3942,7884,7885,7889,7938,8052,6985,7580,6985,8052
GENE.3226,chr11,279920,282994,-,3075,0,0,0,0,23,0,0,0,23
GENE.3227,chr11;chr11;chr11;chr11;chr11;chr11;chr11;chr11,283869;287798;288003;288434;288636;288802;289004;289174,287683;287837;288332;288505;288683;288861;289093;289224,+;+;+;+;+;+;+;+,4506,8393,8231,8397,8479,8518,7315,8072,7315,8514
GENE.3228,chr11;chr11,289667;290089,289975;290286,+;+,507,0,0,1,0,1,0,0,0,1
GENE.3229,chr11;chr11;chr11;chr11,291680;291843;292049;292381,291685;291884;292259;292502,+;+;+;+,381,4,4,4,4,6,4,4,4,6
GENE.323,chr2,273689,274507,-,819,90,90,92,90,95,75,83,75,95
GENE.3230,chr11;chr11;chr11;chr11;chr11;chr11;chr11;chr11;chr11;chr11;chr11,294151;294687;295014;295290;295480;295772;296144;296319;296489;296707;296932,294565;294931;295199;295380;295677;296017;296221;296387;296566;296819;296979,+;+;+;+;+;+;+;+;+;+;+,1767,0,0,2,0,10,0,3,0,10
GENE.3231,chr11;chr11;chr11;chr11;chr11;chr11;chr11;chr11,297823;298093;298534;298711;298874;299100;299276;299450,297909;298426;298632;298766;299014;299162;299352;300734,+;+;+;+;+;+;+;+,2142,130,130,132,132,143,118,123,118,143
GENE.3232,chr11,301283,311287,-,10005,0,0,16,0,20,0,27,0,20
GENE.3233,chr11,317819,318871,-,1053,0,0,0,0,4,0,0,0,4
GENE.3234,chr11;chr11;chr11;chr11;chr11,320128;320337;320513;320747;321036,320157;320391;320620;320851;321205,-;-;-;-;-,468,578,578,578,588,579,560,562,560,579
GENE.3235,chr11,321886,325323,-,3438,0,0,2,0,9,0,0,0,9
GENE.3236,chr11,326881,328812,+,1932,3412,3412,3413,3416,3617,3032,3252,3032,3617
GENE.3237,chr11;chr11,329867;332578,332329;335601,-;-,5487,5472,5472,5481,5552,5545,4740,5068,4733,5545
GENE.3238,chr11,343913,349351,-,5439,0,0,7,0,28,5,2,0,28
GENE.3239,chr11,352556,354262,+,1707,0,0,1,0,3,0,201,0,3
GENE.324,chr2;chr2,275540;275981,275844;276494,-;-,819,1046,1048,1046,1052,1052,855,948,855,1052
GENE.3240,chr11;chr11;chr11,356083;360183;360333,360059;360210;360434,+;+;+,4107,0,0,0,0,12,0,3,0,12
GENE.3241,chr11,361408,361902,+,495,0,0,0,0,1,0,0,0,1
GENE.3242,chr11;chr11,362421;362681,362537;362887,+;+,324,0,0,0,0,2,0,0,0,2
GENE.3243,chr11,365093,366100,+,1008,1682,1682,1684,1690,1749,1598,1632,1598,1749
GENE.3244,chr11;chr11;chr11,367316;367603;367963,367357;367683;368823,+;+;+,984,0,0,1,0,7,0,0,0,7
GENE.3245,chr11,369675,370706,-,1032,0,0,0,0,3,0,0,0,3
GENE.3246,chr11,373238,374860,-,1623,0,0,0,0,5,0,0,0,5
GENE.3247,chr11;chr11,377740;378122,377932;378396,+;+,468,1523,1523,1523,1541,1544,1284,1484,1284,1544
GENE.3248,chr11,379247,380638,+,1392,1020,1020,1023,1034,1040,918,1109,918,1040
GENE.3249,chr11,381154,381259,-,106,0,0,0,0,0,0,0,0,0
GENE.325,chr2;chr2;chr2,275540;275981;276558,275844;276441;276577,-;-;-,786,1046,1048,1046,1052,1052,855,948,855,1052
GENE.3250,chr11;chr11,382569;385911,385732;387150,-;-,4404,0,0,3,0,9,0,39,0,9
GENE.3251,chr11;chr11;chr11;chr11,387748;388232;388877;389531,388013;388679;389230;389620,-;-;-;-,1158,0,0,1,0,4,0,0,0,4
GENE.3252,chr11,390441,390508,-,68,0,0,0,0,0,0,0,0,0
GENE.3253,chr11;chr11;chr11;chr11;chr11;chr11,390644;390809;391302;391501;391965;392828,390687;390925;391407;391671;392333;393331,-;-;-;-;-;-,1311,7498,7498,7498,7690,7634,6244,6929,6244,7634
GENE.3254,chr11,391061,391145,-,85,4,4,4,4,5,4,4,4,5
GENE.3255,chr11,391758,391840,-,83,6,6,6,6,6,6,6,6,6
GENE.3256,chr11,392510,392712,-,203,8,8,8,8,8,8,6,8,8
GENE.3257,chr11,395252,395336,-,85,0,0,0,0,0,0,0,0,0
GENE.3258,chr11;chr11,397124;397480,397166;397775,+;+,339,7,7,7,7,7,7,7,7,7
GENE.3259,chr11;chr11,398659;399008,398688;399226,+;+,249,69,69,69,78,71,65,67,65,71
GENE.326,chr2;chr2,277494;277973,277828;278456,-;-,819,964,964,964,978,1100,752,902,752,1100
GENE.3260,chr11,400686,403238,+,2553,9130,9130,9132,9160,9407,8105,8881,8103,9381
GENE.3261,chr11;chr11,405495;409308,409074;409717,+;+,3990,5220,5220,5221,5284,5346,4465,4954,4465,5346
GENE.3262,chr11;chr11;chr11;chr11,410202;410827;411060;411316,410687;410899;411126;411355,-;-;-;-,666,959,958,959,963,962,867,879,867,962
GENE.3263,chr11;chr11;chr11,414797;415281;415529,415106;415394;419556,+;+;+,4452,0,0,11,0,27,0,230,0,27
GENE.3264,chr11;chr11,422057;422398,422188;425418,+;+,3153,70,70,87,70,81,60,138,60,81
GENE.3265,chr11;chr11;chr11;chr11;chr11,425904;426151;426306;426564;426777,426049;426232;426426;426663;426864,-;-;-;-;-,537,436,436,436,461,443,425,422,425,443
GENE.3266,chr11;chr11;chr11;chr11,428362;428581;429696;430027,428398;429515;429839;430047,+;+;+;+,1137,5698,5698,5698,5805,5786,4540,5472,4540,5786
GENE.3267,chr11;chr11;chr11;chr11;chr11;chr11;chr11,430157;430324;430571;430723;430897;431185;431415,430201;430449;430630;430801;431031;431283;431476,-;-;-;-;-;-;-,606,95,96,95,95,95,94,95,94,95
GENE.3268,chr11,431906,433645,-,1740,0,0,3,0,9,0,2,0,9
GENE.3269,chr11,434802,436541,+,1740,1218,1218,1220,1218,1243,1115,1211,1115,1243
GENE.327,chr2;chr2;chr2,281907;287127;287281,287016;287189;287345,+;+;+,5238,42306,42306,42307,42608,42895,36335,40051,36335,42895
GENE.3270,chr11,437171,438220,-,1050,0,1,0,0,7,0,0,0,7
GENE.3271,chr11;chr11,439698;440014,439815;441680,-;-,1785,7345,7345,7345,7357,7559,6412,7075,6412,7559
GENE.3272,chr11,442959,443828,-,870,4586,4586,4586,4592,4594,4389,4434,4389,4594
GENE.3273,chr11,445233,445799,-,567,162,162,165,162,164,153,154,153,164
GENE.3274,chr11;chr11,446020;446415,446264;446559,-;-,390,19,19,19,19,19,13,15,13,19
GENE.3275,chr11;chr11;chr11;chr11,448912;451225;451422;451681,450942;451321;451510;451698,+;+;+;+,2235,60,60,61,62,68,49,54,49,68
GENE.3276,chr11,452459,454861,-,2403,0,0,0,0,1,1,0,1,1
GENE.3277,chr11;chr11,455669;456467,456208;456994,+;+,1068,662,662,662,664,672,599,632,599,672
GENE.3278,chr11;chr11;chr11,457936;458717;459102,458488;458778;459197,+;+;+,711,726,726,726,741,733,683,687,683,733
GENE.3279,chr11;chr11;chr11;chr11,459776;459971;460236;460587,459797;460043;460325;460620,+;+;+;+,219,23,23,23,26,24,21,21,21,24
GENE.328,chr2,288183,288665,-,483,682,682,683,688,700,446,615,446,700
GENE.3280,chr11,462290,469672,+,7383,0,0,4,0,30,0,17,0,30
GENE.3281,chr11,470541,471608,+,1068,332,332,333,332,339,298,321,298,339
GENE.3282,chr11;chr11,471946;472279,472087;474674,-;-,2538,0,0,1,0,18,0,0,0,18
GENE.3283,chr11,475880,476455,+,576,0,0,0,0,3,0,0,0,3
GENE.3284,chr11,477484,478320,+,837,346,346,346,348,352,298,327,298,352
GENE.3285,chr11,478823,480946,-,2124,0,0,5,0,11,0,170,0,11
GENE.3286,chr11;chr11;chr11;chr11,481851;482580;482812;485760,482477;482645;485526;485831,+;+;+;+,3480,1138,1138,1138,1152,1201,1024,1096,1024,1201
GENE.3287,chr11,486329,487666,+,1338,5534,5534,5535,5560,5597,5008,5150,5008,5597
GENE.3288,chr11;chr11;chr11;chr11;chr11;chr11;chr11;chr11;chr11,487822;487970;488237;488484;488794;489087;489328;489847;490050,487874;488096;488321;488704;488993;489237;489394;489929;490154,-;-;-;-;-;-;-;-;-,1092,7845,7845,7845,7938,7860,7586,7556,7586,7860
GENE.3289,chr11;chr11;chr11;chr11;chr11;chr11;chr11,492091;493471;495738;496287;496774;497746;498629,493315;495633;496163;496535;497598;498516;510738,+;+;+;+;+;+;+,17769,85945,85946,85949,86225,87317,76200,81892,76200,87317
GENE.329,chr2;chr2;chr2;chr2;chr2,290168;290445;291685;292345;292526,290349;291541;292208;292403;292703,-;-;-;-;-,2040,16463,16463,16470,16554,16552,15300,15650,15300,16552
GENE.3290,chr11,511105,511761,-,657,0,0,0,0,4,0,0,0,4
GENE.3291,chr11;chr11,517311;517896,517610;517985,+;+,390,0,0,0,0,0,0,0,0,0
GENE.3292,chr11,519189,520220,+,1032,6662,6662,6662,6692,6729,6117,6438,6117,6729
GENE.3293,chr11;chr11;chr11;chr11,521122;522169;522446;522680,521912;522303;522541;522824,-;-;-;-,1167,3317,3317,3317,3361,3329,3114,3196,3114,3329
GENE.3294,chr11,524492,526588,+,2097,0,0,0,0,9,0,0,0,9
GENE.3295,chr11,527572,528702,+,1131,914,914,914,914,929,865,897,865,929
GENE.3296,chr11,529493,530563,+,1071,984,984,986,988,1010,837,959,837,1010
GENE.3297,chr11,531177,533285,-,2109,2860,2860,2860,2866,2932,2442,2696,2442,2932
GENE.3298,chr11,534973,536499,-,1527,2706,2706,2709,2712,2747,2318,2602,2318,2747
GENE.3299,chr11;chr11,537647;538181,538057;538297,+;+,528,210,210,210,224,218,142,184,142,218
GENE.33,chrM,5508,5548,-,41,0,0,0,0,0,0,0,0,0
GENE.330,chr2;chr2;chr2;chr2,294273;296452;296725;297583,296317;296586;297351;297616,-;-;-;-,2841,2786,2786,2786,2786,2826,2379,2592,2367,2824
GENE.3300,chr11;chr11;chr11;chr11,539903;540161;540625;541242,539969;540340;541068;541387,+;+;+;+,837,559,559,559,584,569,499,543,499,569
GENE.3301,chr11;chr11;chr11;chr11,539903;540167;540625;541242,539969;540340;541068;541387,+;+;+;+,831,559,559,559,584,569,499,543,499,569
GENE.3302,chr11;chr11;chr11;chr11;chr11;chr11;chr11;chr11;chr11;chr11;chr11,542330;542599;542873;543077;543298;543513;543728;543947;544141;544409;544642,542446;542760;542942;543173;543412;543599;543809;544015;544230;544517;544765,-;-;-;-;-;-;-;-;-;-;-,1122,1469,1469,1469,1529,1498,1274,1392,1274,1498
GENE.3303,chr11,546632,546979,+,348,0,0,0,0,0,0,0,0,0
GENE.3304,chr11,547383,549296,-,1914,2992,2993,2991,3000,3073,2692,2895,2692,3073
GENE.3305,chr11,549866,551152,+,1287,1406,1406,1406,1410,1447,1305,1338,1305,1447
GENE.3306,chr11,552259,553266,+,1008,0,0,0,0,2,0,12,0,2
GENE.3307,chr11;chr11;chr11;chr11;chr11;chr11;chr11;chr11;chr11,555514;555929;556328;556648;557062;557487;557700;558077;558502,555802;556202;556556;556914;557372;557593;557923;558308;558668,+;+;+;+;+;+;+;+;+,2100,12672,12672,12672,12832,12848,10542,11608,10542,12848
GENE.3308,chr11;chr11;chr11;chr11;chr11;chr11;chr11;chr11,558924;559193;559545;559787;560092;560352;560697;560904,559091;559345;559694;559918;560262;560543;560786;561032,-;-;-;-;-;-;-;-,1185,897,898,897,913,973,805,867,805,973
GENE.3309,chr11,562017,569459,+,7443,2256,2257,2258,2266,2308,2019,2195,2019,2308
GENE.331,chr2;chr2;chr2;chr2,298897;301166;301403;302531,301052;301300;302173;302564,-;-;-;-,3096,0,0,2,0,13,6,127,0,12
GENE.3310,chr11;chr11;chr11,570017;570410;570618,570260;570506;570714,+;+;+,438,42,42,42,46,43,40,40,40,43
GENE.3311,chr11;chr11;chr11;chr11;chr11;chr11;chr11;chr11;chr11;chr11;chr11;chr11;chr11,571007;571114;571327;571509;571670;571790;571949;572104;572256;572443;572695;572873;573165,571029;571215;571427;571549;571691;571855;571994;572136;572333;572512;572757;573009;573306,-;-;-;-;-;-;-;-;-;-;-;-;-,924,1570,1570,1570,1664,1580,1579,1545,1579,1580
GENE.3312,chr11;chr11;chr11;chr11;chr11;chr11;chr11,576773;577193;578828;579083;579373;579955;580217,576902;578593;578983;579187;579814;580042;580276,+;+;+;+;+;+;+,2382,0,0,0,0,11,0,4,0,11
GENE.3313,chr11,581250,582698,-,1449,3524,3569,3548,3600,4088,3693,2910,3687,4088
GENE.3314,chr11,584328,585806,-,1479,0,0,1,0,1,5,1,0,1
GENE.3315,chr11;chr11;chr11;chr11,588169;588687;589039;589252,588449;588903;589087;589400,+;+;+;+,696,186,186,186,190,189,154,166,154,189
GENE.3316,chr11;chr11;chr11,589707;590383;590618,590204;590460;590629,-;-;-,588,653,652,653,657,656,623,632,623,656
GENE.3317,chr11,592130,593584,-,1455,530,913,912,1108,1441,1305,482,1305,1441
GENE.3318,chr11,596289,597203,-,915,1860,1860,1860,1892,1873,1675,1767,1675,1873
GENE.3319,chr11;chr11;chr11;chr11;chr11;chr11;chr11;chr11;chr11;chr11,600176;600373;600652;600979;601301;601431;601609;601778;601952;602109,600242;600522;600776;601161;601337;601471;601677;601816;602015;602215,+;+;+;+;+;+;+;+;+;+,882,0,0,0,0,4,0,0,0,4
GENE.332,chr2;chr2;chr2;chr2,303593;305700;306016;306994,305580;305840;306846;307027,-;-;-;-,2994,0,0,1,0,26,0,0,0,7
GENE.3320,chr11;chr11;chr11,602983;603303;606843,603173;606641;606918,-;-;-,3606,0,0,0,0,7,0,0,0,7
GENE.3321,chr11,607902,613394,-,5493,1358,1358,1360,1368,1391,1108,1275,1108,1391
GENE.3322,chr11;chr11;chr11;chr11;chr11;chr11;chr11,615744;616002;616224;616434;616700;616901;617085,615853;616056;616337;616549;616754;617008;617186,-;-;-;-;-;-;-,660,992,993,992,1098,994,957,942,957,994
GENE.3323,chr11;chr11;chr11;chr11;chr11;chr11,615744;616002;616434;616700;616901;617085,615853;616056;616549;616754;617008;617186,-;-;-;-;-;-,546,989,990,989,1095,991,954,940,954,991
GENE.3324,chr11;chr11;chr11;chr11;chr11;chr11,618312;618514;618688;618996;619479;619678,618389;618566;618796;619117;619519;619778,+;+;+;+;+;+,504,351,351,351,355,357,322,338,322,357
GENE.3325,chr11,619893,621350,-,1458,1694,1694,1694,1698,1707,1596,1648,1596,1707
GENE.3326,chr11,624370,625737,+,1368,0,0,1,0,2,0,0,0,2
GENE.3327,chr11;chr11,626709;629316,629162;629432,-;-,2571,19376,19377,19379,19574,19894,17341,18356,17341,19894
GENE.3328,chr11,630779,632881,-,2103,0,0,0,0,8,0,0,0,8
GENE.3329,chr11;chr11;chr11;chr11,636094;638842;639080;639413,638502;638930;639203;639511,-;-;-;-,2721,0,0,0,0,5,0,0,0,5
GENE.333,chr2;chr2;chr2;chr2,308847;311120;311366;312122,310975;311254;311956;312155,-;-;-;-,2889,573,573,578,577,663,529,565,480,578
GENE.3330,chr11;chr11;chr11;chr11;chr11;chr11;chr11,644100;644342;644508;644803;644966;645149;645483,644209;644399;644648;644886;645047;645257;645537,-;-;-;-;-;-;-,639,0,0,1,0,2,0,0,0,2
GENE.3331,chr11;chr11;chr11;chr11;chr11,646922;647230;647470;647632;647854,647076;647339;647527;647670;651343,-;-;-;-;-,3852,0,2,2,0,21,0,34,0,21
GENE.3332,chr11,652579,653976,+,1398,0,0,1,0,11,0,36,0,11
GENE.3333,chr11;chr11,654871;655102,654906;660420,+;+,5355,2528,2469,2531,2623,2582,2210,2397,2210,2582
GENE.3334,chr11,662000,662386,+,387,0,0,0,0,1,0,0,0,1
GENE.3335,chr11,664163,665356,+,1194,590,590,591,598,607,517,587,517,594
GENE.3336,chr11,666037,667722,-,1686,6358,6359,6359,6470,6408,5368,5997,5368,6408
GENE.3337,chr11;chr11;chr11;chr11;chr11;chr11,668368;668649;668853;669061;669265;669411,668475;668725;668908;669131;669333;669491,+;+;+;+;+;+,462,0,0,0,0,2,0,0,0,2
GENE.3338,chr11;chr11;chr11;chr11;chr11,668368;668649;668853;669061;669411,668475;668725;668908;669131;669491,+;+;+;+;+,393,0,0,0,0,2,0,0,0,2
GENE.3339,chr11;chr11,670711;671398,671237;671515,-;-,645,98,98,98,98,101,91,96,91,101
GENE.334,chr2;chr2;chr2;chr2,313449;315623;315900;316708,315448;315775;316505;316741,-;-;-;-,2793,0,0,1,0,14,6,0,0,13
GENE.3340,chr11,674299,677349,-,3051,43326,43327,43327,43442,44181,36866,40457,36781,44181
GENE.3341,chr11;chr11,678752;682992,682877;683281,+;+,4416,10862,10862,10868,10892,11071,9563,10195,9562,11071
GENE.3342,chr11;chr11,683860;684239,684084;684616,-;-,603,0,0,0,0,10,1,0,1,10
GENE.3343,chr11;chr11,687235;687496,687416;687781,+;+,468,88,88,88,88,88,74,85,74,88
GENE.3344,chr11,688766,691558,-,2793,0,0,1,0,11,0,1,0,11
GENE.3345,chr11,694655,699121,+,4467,9386,9431,9434,10962,9794,8298,8886,8298,9794
GENE.3346,chr11,699869,700789,-,921,556,556,556,562,560,462,524,462,560
GENE.3347,chr11,703175,704959,+,1785,6644,6636,6645,6738,6947,4816,6078,4816,6947
GENE.3348,chr11,705556,707382,-,1827,3100,3100,3102,3114,3296,2856,2924,2751,3294
GENE.3349,chr11;chr11;chr11;chr11;chr11;chr11;chr11;chr11;chr11;chr11;chr11;chr11;chr11;chr11;chr11;chr11;chr11;chr11,708526;708696;708882;709220;709516;709694;710311;710588;710825;711024;711194;711411;711602;711848;712145;712394;712577;712714,708550;708749;708973;709372;709563;710095;710415;710716;710879;711106;711290;711494;711735;711956;712287;712457;712608;712863,-;-;-;-;-;-;-;-;-;-;-;-;-;-;-;-;-;-,1959,5919,5919,5922,6056,5997,5452,5709,5452,5997
GENE.335,chr2;chr2;chr2;chr2,317596;320016;320241;321277,319880;320171;321083;321310,-;-;-;-,3318,6532,6532,6530,6562,6881,5679,6187,5595,6701
GENE.3350,chr11;chr11;chr11;chr11;chr11;chr11;chr11,714117;714622;714864;715071;715288;715612;716102,714425;714764;714933;715137;715384;715915;716287,-;-;-;-;-;-;-,1176,2494,2494,2494,2548,2545,2287,2364,2287,2545
GENE.3351,chr11;chr11;chr11;chr11;chr11;chr11;chr11,716795;717364;717481;717760;717895;718119;718315,717133;717413;717626;717785;717948;718152;718412,+;+;+;+;+;+;+,747,157,157,157,162,158,134,147,134,158
GENE.3352,chr11,718650,719765,-,1116,1972,1972,1973,1972,2023,1788,1892,1788,2021
GENE.3353,chr11;chr11;chr11;chr11,720992;721703;721884;722037,721600;721771;721943;722273,+;+;+;+,975,0,0,0,0,1,0,4,0,1
GENE.3354,chr11;chr11,722717;722890,722769;723289,-;-,453,504,504,504,514,507,475,475,475,507
GENE.3355,chr11,724855,725739,-,885,200,200,200,230,212,171,186,171,212
GENE.3356,chr11,727896,734339,+,6444,0,1,13,0,33,1,227,1,33
GENE.3357,chr11;chr11;chr11,736069;737113;737508,736962;737301;737735,+;+;+,1311,7596,7596,7596,7708,7613,7365,7459,7365,7613
GENE.3358,chr11,738513,741671,-,3159,0,1,0,0,11,0,1,0,11
GENE.3359,chr11,744874,745932,+,1059,1748,1748,1748,1750,1759,1632,1687,1632,1759
GENE.336,chr2;chr2;chr2;chr2,322338;324582;324892;325690,324478;324722;325560;325723,-;-;-;-,2985,0,0,0,0,14,1,59,0,10
GENE.3360,chr11,746854,747456,-,603,616,616,617,620,653,431,516,431,653
GENE.3361,chr11,749152,754401,+,5250,0,0,7,0,11,8,308,8,11
GENE.3362,chr11;chr11;chr11;chr11;chr11;chr11,756192;759028;759291;759477;759707;760271,758886;759164;759351;759577;759760;760435,+;+;+;+;+;+,3213,0,0,1,0,28,1,0,1,28
GENE.3363,chr11;chr11;chr11,761695;761884;762182,761728;761965;762818,+;+;+,753,0,0,0,0,9,0,0,0,9
GENE.3364,chr11;chr11,765033;765539,765197;765625,+;+,252,32,31,32,33,33,30,31,30,33
GENE.3365,chr11;chr11,766759;767121,767008;768460,+;+,1590,50,50,50,50,54,46,48,46,54
GENE.3366,chr11;chr11,769252;770383,770182;770600,-;-,1149,4751,4751,4751,4785,4879,4188,4573,4188,4879
GENE.3367,chr11;chr11,772539;774968,774839;775042,+;+,2376,3934,3934,3935,3944,4028,3438,3694,3438,4028
GENE.3368,chr11;chr11;chr11;chr11;chr11;chr11,775233;775471;775869;776119;776268;783524,775295;775671;776006;776166;783339;783639,-;-;-;-;-;-,7638,27595,27737,28064,32115,29796,26307,26497,26285,29770
GENE.3369,chr11,784592,788350,-,3759,19686,19687,19695,19794,19735,17728,17663,17728,19735
GENE.337,chr2;chr2;chr2;chr2;chr2;chr2;chr2;chr2;chr2;chr2;chr2;chr2;chr2;chr2;chr2;chr2,327932;328121;328323;328549;328775;328965;329168;329331;329520;329748;330127;330413;330562;330935;331108;331310,328021;328157;328414;328672;328843;329038;329229;329403;329593;330010;330218;330455;330796;331012;331177;335203,+;+;+;+;+;+;+;+;+;+;+;+;+;+;+;+,5370,0,0,0,0,28,0,48,0,28
GENE.3370,chr11,790011,790262,+,252,0,0,0,0,2,0,0,0,2
GENE.3371,chr11,790267,790608,+,342,0,0,1,0,7,0,0,0,7
GENE.3372,chr11;chr11;chr11;chr11;chr11;chr11,792197;792892;793128;793476;793671;793892,792648;793009;793292;793537;793701;793945,+;+;+;+;+;+,882,2978,2978,2978,3021,3075,2302,2619,2302,3075
GENE.3373,chr11;chr11;chr11;chr11,794254;795631;799004;799555,795459;798823;799232;799561,-;-;-;-,4635,5570,5570,5572,5580,5740,5097,5279,5097,5740
GENE.3374,chr11;chr11,800781;801255,801044;801458,-;-,468,151,151,151,153,152,117,140,117,152
GENE.3375,chr11;chr11,801945;805746,805636;807081,-;-,5028,11514,11514,11556,12648,11990,10323,11228,10317,11990
GENE.3376,chr11;chr11,810210;810726,810393;812290,+;+,1749,3993,3993,3993,4021,4061,3230,3824,3230,4061
GENE.3377,chr11,812583,814130,-,1548,0,0,0,0,2,0,0,0,2
GENE.3378,chr11;chr11;chr11,815386;815568;816202,815433;815887;816322,-;-;-,489,1056,1056,1056,1072,1079,826,987,826,1079
GENE.3379,chr11,820073,822520,+,2448,0,0,0,0,7,0,0,0,7
GENE.338,chr2;chr2;chr2;chr2;chr2;chr2;chr2;chr2;chr2;chr2;chr2;chr2;chr2;chr2;chr2;chr2,327932;328121;328323;328553;328775;328965;329168;329331;329520;329748;330127;330413;330562;330935;331108;331310,328021;328157;328418;328672;328843;329038;329229;329403;329593;330010;330218;330455;330796;331012;331177;335203,+;+;+;+;+;+;+;+;+;+;+;+;+;+;+;+,5370,0,0,0,0,28,0,48,0,28
GENE.3380,chr11,823239,829313,-,6075,2336,2336,2341,2336,2381,2129,2213,2129,2381
GENE.3381,chr11,835889,837466,-,1578,0,0,0,0,5,0,0,0,5
GENE.3382,chr11;chr11;chr11,838380;839675;839971,839538;839828;840100,-;-;-,1443,0,0,0,0,17,0,0,0,17
GENE.3383,chr11;chr11;chr11,840728;840930;841189,840828;841111;842450,-;-;-,1545,3316,3316,3316,3352,3342,3068,3164,3068,3342
GENE.3384,chr11;chr11;chr11;chr11;chr11;chr11;chr11;chr11;chr11;chr11;chr11,842991;843239;843488;843637;843805;844064;844221;844398;844733;845253;845522,843140;843372;843544;843711;843932;844118;844307;844627;845017;845366;845547,-;-;-;-;-;-;-;-;-;-;-,1341,6464,6464,6466,6612,6543,5557,6200,5557,6543
GENE.3385,chr11,846929,848014,+,1086,1188,1188,1188,1190,1189,1086,1129,1086,1189
GENE.3386,chr11;chr11;chr11;chr11;chr11;chr11;chr11,849335;851472;851633;851866;852077;852248;852499,851375;851514;851780;851960;852131;852349;852570,+;+;+;+;+;+;+,2556,0,0,0,0,16,0,30,0,16
GENE.3387,chr11,853355,859225,+,5871,0,0,5,0,11,1,109,1,11
GENE.3388,chr11;chr11;chr11;chr11;chr11;chr11;chr11;chr11;chr11;chr11;chr11;chr11;chr11;chr11;chr11;chr11;chr11;chr11;chr11;chr11;chr11;chr11,860134;861348;862112;862416;862908;863315;864017;864212;864480;864612;864858;865213;865571;865913;866329;866554;866850;867102;867258;867610;867815;868069,861141;862033;862306;862748;863106;863881;864101;864361;864486;864731;865110;865470;865819;866145;866447;866733;867004;867162;867485;867717;867967;868220,+;+;+;+;+;+;+;+;+;+;+;+;+;+;+;+;+;+;+;+;+;+,5499,22078,22078,22084,22746,22782,19498,20748,18678,21980
GENE.3389,chr11,868388,869152,-,765,76,76,78,78,78,73,73,73,78
GENE.339,chr2,335679,336581,-,903,0,0,0,0,4,0,16,0,4
GENE.3390,chr11;chr11;chr11;chr11;chr11;chr11,872031;875562;876694;877196;877364;877634,875355;876505;877015;877272;877504;877678,+;+;+;+;+;+,4854,25728,25728,25727,25813,26309,22242,24894,22240,26309
GENE.3391,chr11;chr11;chr11,878969;882082;895204,881786;894949;895273,+;+;+,15756,0,0,12,0,67,3,212,3,67
GENE.3392,chr11,895967,903370,-,7404,8194,8195,8201,8274,8367,7280,7574,7278,8366
GENE.3393,chr11;chr11,909366;909632,909470;916324,+;+,6798,20342,20357,20684,21972,21864,19075,19292,17930,21864
GENE.3394,chr11;chr11;chr11,918228;920693;921010,920502;920802;921069,+;+;+,2445,3131,3131,3134,3151,3221,2761,3090,2759,3221
GENE.3395,chr11,921823,923892,+,2070,6908,6912,6958,7852,7175,5897,6504,5360,6519
GENE.3396,chr11;chr11,925728;926623,926493;927524,+;+,1668,5154,5154,5154,5216,5193,4633,4932,4633,5193
GENE.3397,chr11,929354,933364,-,4011,18348,18348,18355,18600,18643,15666,16192,15548,18637
GENE.3398,chr11,936084,938222,+,2139,0,0,0,0,18,2,11,2,18
GENE.3399,chr11;chr11,938950;939478,939267;939612,+;+,453,25,25,25,25,25,22,23,22,25
GENE.34,chrM,5547,5576,-,30,0,0,0,0,0,0,0,0,0
GENE.340,chr2,337558,342966,+,5409,0,0,1,0,25,0,120,0,25
GENE.3400,chr11,940527,944333,+,3807,110,110,120,110,126,97,118,97,126
GENE.3401,chr11;chr11;chr11,945470;945813;945990,945644;945916;946148,+;+;+,438,1228,1228,1228,1258,1230,1127,1151,1127,1230
GENE.3402,chr11;chr11;chr11;chr11;chr11,948591;949413;949921;950359;950566,949171;949756;950147;950462;950707,+;+;+;+;+,1398,0,0,0,0,6,0,0,0,6
GENE.3403,chr11,951382,956343,-,4962,0,1,0,0,17,0,0,0,17
GENE.3404,chr11;chr11;chr11;chr11,957514;958270;959001;959157,958119;958842;959038;959199,-;-;-;-,1260,5172,5172,5172,5284,5308,4609,4930,4609,5308
GENE.3405,chr11;chr11;chr11,962156;963649;963862,963541;963743;963958,+;+;+,1578,44,44,46,44,65,43,111,43,65
GENE.3406,chr11;chr11;chr11,964675;965043;965264,964919;965144;965360,-;-;-,444,506,506,506,516,520,479,500,479,520
GENE.3407,chr11,966980,968806,+,1827,3076,3076,3076,3084,3167,2843,2944,2843,3167
GENE.3408,chr11,970105,971376,-,1272,0,0,0,0,5,0,0,0,5
GENE.3409,chr11;chr11,974493;974664,974523;975538,-;-,906,162,162,162,164,176,118,159,118,176
GENE.341,chr2,343308,349340,-,6033,0,0,4,0,31,0,11,0,31
GENE.3410,chr11;chr11;chr11,976880;977275;977869,977051;977775;977936,-;-;-,741,0,0,0,0,5,0,0,0,5
GENE.3411,chr11;chr11;chr11;chr11,981945;982184;982603;983026,981947;982334;982762;983086,+;+;+;+,375,17,17,17,19,24,16,17,16,24
GENE.3412,chr11;chr11;chr11;chr11;chr11;chr11;chr11,983951;984202;984360;984582;984788;985043;985264,984076;984273;984411;984682;984884;985111;985619,-;-;-;-;-;-;-,873,1126,1126,1126,1148,1136,1014,1035,1014,1136
GENE.3413,chr11,986630,988120,+,1491,2626,2626,2626,2714,2685,2373,2473,2373,2685
GENE.3414,chr11;chr11;chr11;chr11,989159;989645;990037;990241,989484;989902;990108;990301,-;-;-;-,717,0,0,0,0,3,0,0,0,3
GENE.3415,chr11,991863,996458,+,4596,11398,11398,11398,11438,11774,9634,10858,9634,11774
GENE.3416,chr11;chr11,997923;999329,999116;999547,-;-,1413,590,590,590,654,612,474,534,474,612
GENE.3417,chr11,1001182,1001562,-,381,0,0,0,0,3,0,0,0,3
GENE.3418,chr11;chr11,1003226;1003612,1003394;1003694,-;-,252,0,0,0,0,3,0,0,0,3
GENE.3419,chr11;chr11;chr11;chr11;chr11;chr11,1004780;1005685;1006037;1006233;1006673;1007009,1005584;1005886;1006122;1006539;1006936;1007354,-;-;-;-;-;-,2010,706,706,709,738,729,616,679,616,729
GENE.342,chr2;chr2;chr2,352836;353086;353482,352881;353306;353628,+;+;+,414,304,304,304,310,312,281,303,281,312
GENE.3420,chr11;chr11;chr11;chr11,1008409;1008815;1009349;1009670,1008542;1009189;1009434;1010853,-;-;-;-,1779,5999,5999,5999,6169,6041,5401,5751,5401,6041
GENE.3421,chr11,1013466,1013747,+,282,0,0,0,0,0,0,0,0,0
GENE.3422,chr11,1014334,1017375,-,3042,4666,4667,4670,4714,4830,4169,4387,4108,4830
GENE.3423,chr11;chr11,1018366;1018632,1018452;1022495,-;-,3951,2991,2991,2992,3029,3020,2705,2879,2705,3020
GENE.3424,chr11;chr11,1023790;1024293,1024056;1024496,-;-,471,86,86,86,87,90,82,81,82,90
GENE.3425,chr11;chr11;chr11;chr11;chr11,1026976;1028770;1028979;1029166;1029488,1028560;1028817;1029025;1029282;1029544,+;+;+;+;+,1854,0,0,1,0,8,0,0,0,8
GENE.3426,chr11;chr11;chr11,1030679;1030907;1031338,1030762;1031224;1031481,+;+;+,546,274,274,274,278,277,241,261,241,277
GENE.3427,chr11,1033062,1037168,+,4107,0,0,2,0,26,1,38,1,26
GENE.3428,chr11,1037643,1039691,-,2049,0,0,0,0,11,0,0,0,11
GENE.3429,chr11;chr11;chr11;chr11;chr11;chr11;chr11;chr11;chr11;chr11;chr11;chr11;chr11;chr11;chr11;chr11;chr11;chr11;chr11,1040790;1042181;1042371;1042632;1042833;1043029;1043179;1043329;1043456;1043631;1043902;1044416;1044566;1044724;1044935;1045263;1045518;1045749;1046031,1042020;1042215;1042481;1042721;1042931;1043079;1043232;1043370;1043497;1043702;1044312;1044466;1044619;1044786;1045051;1045334;1045562;1045832;1046087,-;-;-;-;-;-;-;-;-;-;-;-;-;-;-;-;-;-;-,2781,0,1,0,0,13,1,6,1,13
GENE.343,chr2,354621,356117,+,1497,404,404,404,412,415,336,397,336,415
GENE.3430,chr11,1049921,1052665,+,2745,11432,11431,11433,11592,11803,9946,11097,9946,11803
GENE.3431,chr11;chr11;chr11;chr11,1053642;1053818;1054063;1054325,1053699;1053920;1054153;1054333,-;-;-;-,261,0,0,0,0,1,0,0,0,1
GENE.3432,chr11;chr11;chr11;chr11;chr11;chr11;chr11,1056198;1056689;1056930;1057205;1057419;1057622;1058003,1056515;1056793;1057048;1057282;1057490;1057741;1058054,-;-;-;-;-;-;-,864,1016,1016,1016,1044,1026,961,969,961,1026
GENE.3433,chr11,1060262,1060783,-,522,456,456,469,504,476,301,414,301,476
GENE.3434,chr11;chr11,1062718;1062942,1062793;1063072,+;+,207,0,0,0,0,2,0,0,0,2
GENE.3435,chr11,1063670,1064551,-,882,1348,1348,1348,1348,1358,1253,1314,1253,1358
GENE.3436,chr11;chr11;chr11,1065785;1066109;1066441,1065949;1066294;1066569,+;+;+,480,0,0,0,0,1,0,0,0,1
GENE.3437,chr11;chr11;chr11;chr11;chr11;chr11;chr11;chr11;chr11;chr11;chr11;chr11;chr11;chr11;chr11,1067197;1067518;1067740;1067918;1068193;1068416;1068590;1068784;1068961;1069168;1069342;1069555;1069704;1069899;1070121,1067351;1067620;1067813;1068004;1068283;1068481;1068676;1068877;1069042;1069225;1069410;1069606;1069761;1069998;1070219,+;+;+;+;+;+;+;+;+;+;+;+;+;+;+,1275,0,0,0,0,9,0,0,0,9
GENE.3438,chr11;chr11;chr11;chr11;chr11;chr11;chr11;chr11;chr11;chr11,1071752;1072034;1072376;1072594;1072794;1072977;1073199;1073390;1073582;1073755,1071829;1072257;1072478;1072683;1072827;1073104;1073291;1073434;1073621;1073813,+;+;+;+;+;+;+;+;+;+,894,0,0,0,0,6,0,0,0,6
GENE.3439,chr11;chr11;chr11,1074626;1075188;1075355,1074864;1075241;1076405,-;-;-,1344,2253,2253,2253,2297,2308,1960,2183,1960,2308
GENE.344,chr2;chr2;chr2;chr2;chr2;chr2,356645;356888;357126;357357;357621;357930,356713;357000;357280;357437;357738;358014,-;-;-;-;-;-,621,1358,1362,1358,1394,1359,1305,1306,1305,1359
GENE.3440,chr11,1077288,1081550,-,4263,20310,19996,20314,20800,20854,18348,19074,18322,20852
GENE.3441,chr11;chr11;chr11,1083321;1084683;1085030,1084472;1084727;1085062,-;-;-,1230,19,19,19,19,21,18,19,18,21
GENE.3442,chr11;chr11;chr11;chr11,1087314;1091933;1092249;1092668,1091829;1092090;1092506;1093105,+;+;+;+,5370,5077,5077,5077,5140,5144,4566,4964,4496,5106
GENE.3443,chr11;chr11;chr11;chr11,1087314;1091933;1092249;1092668,1091829;1092051;1092506;1093105,+;+;+;+,5331,5077,5077,5077,5140,5144,4566,4964,4496,5106
GENE.3444,chr11;chr11;chr11,1094909;1095313;1095815,1095159;1095691;1095931,-;-;-,747,560,560,560,570,568,524,536,524,568
GENE.3445,chr11,1097117,1097527,+,411,316,316,316,316,317,296,300,296,317
GENE.3446,chr11;chr11;chr11;chr11;chr11,1098167;1098387;1098593;1099325;1101675,1098256;1098461;1099112;1101471;1103555,-;-;-;-;-,4713,703,703,703,719,741,612,669,612,741
GENE.3447,chr11;chr11;chr11;chr11;chr11;chr11;chr11;chr11;chr11;chr11;chr11,1104216;1104393;1104532;1104805;1105020;1105210;1105625;1105769;1106006;1106223;1106449,1104268;1104418;1104692;1104903;1105105;1105481;1105696;1105856;1106104;1106340;1106505,-;-;-;-;-;-;-;-;-;-;-,1131,0,0,0,0,5,0,0,0,5
GENE.3448,chr11,1107786,1109942,+,2157,0,0,0,0,1,0,7,0,1
GENE.3449,chr11,1110436,1112115,-,1680,4284,4284,4284,4358,4343,3790,4085,3790,4343
GENE.345,chr2;chr2;chr2;chr2;chr2;chr2;chr2,356501;356649;356888;357126;357357;357621;357930,356552;356713;357000;357280;357437;357738;358014,-;-;-;-;-;-;-,669,1358,1362,1358,1394,1359,1305,1306,1305,1359
GENE.3450,chr11,1113996,1115477,+,1482,0,0,0,0,2,0,0,0,2
GENE.3451,chr11;chr11;chr11;chr11,1118249;1119316;1120225;1120603,1119094;1119973;1120506;1120685,+;+;+;+,1869,0,0,0,0,13,0,0,0,13
GENE.3452,chr11;chr11;chr11;chr11,1121930;1122325;1122925;1123220,1122145;1122795;1123045;1123377,+;+;+;+,966,2336,2336,2336,2374,2358,2173,2182,2173,2358
GENE.3453,chr11,1125952,1127310,+,1359,638,638,638,638,678,565,611,565,678
GENE.3454,chr11;chr11;chr11;chr11,1128774;1129508;1130114;1130760,1129136;1129840;1130545;1130813,+;+;+;+,1182,0,0,1,0,2,1,0,1,2
GENE.3455,chr11,1131294,1136834,-,5541,3488,3488,3490,3532,3570,3033,3329,3033,3570
GENE.3456,chr11,1138075,1139979,-,1905,4346,4346,4346,4440,4400,3955,4214,3955,4400
GENE.3457,chr11;chr11;chr11;chr11;chr11,1141486;1143215;1143446;1143608;1143815,1143030;1143277;1143520;1143664;1143910,+;+;+;+;+,1836,0,0,0,0,7,0,6,0,7
GENE.3458,chr11,1144754,1148770,+,4017,18510,18511,18512,19044,18825,16630,17515,16613,18825
GENE.3459,chr11,1149976,1150518,-,543,0,0,0,0,3,0,42,0,3
GENE.346,chr2,359142,359849,+,708,1726,1726,1726,1730,1794,1617,1673,1617,1794
GENE.3460,chr11,1152379,1153227,+,849,56,56,56,56,57,53,54,53,57
GENE.3461,chr11,1156437,1158266,+,1830,614,614,614,624,628,549,572,549,628
GENE.3462,chr11,1159366,1162188,-,2823,38914,38915,38920,39114,39179,37094,37249,37069,39179
GENE.3463,chr11,1163094,1163357,-,264,0,0,0,0,4,0,0,0,4
GENE.3464,chr11,1165221,1166171,+,951,184,184,184,190,193,161,180,161,193
GENE.3465,chr11,1166588,1166687,+,100,0,0,0,0,0,0,0,0,0
GENE.3466,chr11,1166812,1166914,+,103,0,0,0,0,0,0,0,0,0
GENE.3467,chr11,1168879,1170198,+,1320,3854,3854,3855,3858,4038,3186,3751,3186,4038
GENE.3468,chr11;chr11;chr11;chr11;chr11;chr11;chr11,1171680;1173028;1174737;1174907;1175101;1175403;1175605,1172708;1174557;1174823;1174969;1175181;1175450;1175724,+;+;+;+;+;+;+,2958,7639,7637,7640,7741,7769,6714,7365,6714,7769
GENE.3469,chr11;chr11;chr11;chr11;chr11;chr11,1176441;1178795;1179007;1179217;1179402;1179567,1178629;1178896;1179078;1179309;1179473;1179705,+;+;+;+;+;+,2667,2022,2022,2026,2176,2079,1884,1959,1884,2079
GENE.347,chr2,360828,368354,+,7527,19442,19443,19444,19562,19973,15271,18336,15271,19973
GENE.3470,chr11,1180160,1185616,-,5457,0,0,8,0,19,2,76,2,19
GENE.3471,chr11;chr11,1187604;1189416,1188980;1189562,+;+,1524,0,0,0,0,3,0,0,0,3
GENE.3472,chr11;chr11,1190123;1194228,1194073;1194335,+;+,4059,0,0,2,0,10,0,9,0,10
GENE.3473,chr11,1194524,1195036,-,513,756,756,756,776,761,717,617,717,761
GENE.3474,chr11,1195988,1198309,-,2322,4226,4227,4227,4276,4262,3818,4055,3818,4262
GENE.3475,chr11;chr11;chr11;chr11;chr11;chr11,1199253;1199673;1200148;1200554;1201215;1201611,1199458;1199820;1200279;1200886;1201346;1201805,+;+;+;+;+;+,1146,0,0,11,0,10,0,8,0,10
GENE.3476,chr11,1201922,1203619,-,1698,0,0,3,0,2,0,13,0,2
GENE.3477,chr11;chr11,1204297;1206758,1206572;1209587,-;-,5106,40272,40272,40280,41096,40678,35820,38103,35820,40678
GENE.3478,chr11,1210686,1211456,-,771,0,0,0,0,3,0,0,0,3
GENE.3479,chr11,1216521,1224812,+,8292,2488,2489,2515,2498,2556,2226,2612,2226,2556
GENE.348,chr2,370438,379845,+,9408,638,638,640,638,760,546,609,546,760
GENE.3480,chr11;chr11;chr11;chr11;chr11,1225688;1225881;1226040;1226164;1226425,1225786;1225949;1226078;1226317;1226474,-;-;-;-;-,411,4,4,4,4,4,3,4,3,4
GENE.3481,chr11,1227220,1231950,-,4731,12630,12630,12657,12660,12916,10736,11778,10696,12916
GENE.3482,chr11,1234061,1236391,-,2331,14768,14764,14768,14952,15146,13120,14143,13120,15146
GENE.3483,chr11,1239900,1242548,+,2649,3308,3307,3326,3326,3415,2846,3171,2846,3413
GENE.3484,chr11,1243226,1246618,-,3393,0,0,12,0,14,1,3,1,14
GENE.3485,chr11;chr11,1248310;1250175,1249886;1250232,-;-,1635,112,112,112,112,121,91,103,91,121
GENE.3486,chr11,1253073,1253894,+,822,0,0,0,0,4,0,0,0,4
GENE.3487,chr11,1255286,1259671,-,4386,3922,3922,4047,5050,4587,4225,3732,4225,4587
GENE.3488,chr11,1261759,1266078,+,4320,10984,10984,10985,11038,11104,10091,10474,10091,11104
GENE.3489,chr11;chr11,1266250;1267455,1267280;1267584,-;-,1161,1249,1249,1249,1273,1277,1172,1189,1172,1277
GENE.349,chr2;chr2;chr2,381130;382252;383071,382168;382877;383445,-;-;-,2040,250,250,250,258,270,208,236,208,270
GENE.3490,chr11,1268455,1269456,+,1002,130,130,130,130,131,127,128,127,131
GENE.3491,chr11,1271204,1271980,+,777,1990,1990,1990,2004,1999,1821,1876,1821,1999
GENE.3492,chr11,1273407,1274009,+,603,478,478,478,478,481,432,442,432,481
GENE.3493,chr11,1275574,1275663,+,90,0,0,0,0,0,0,0,0,0
GENE.3494,chr11;chr11,1277346;1280488,1280369;1280637,+;+,3174,6766,6766,6783,6822,6902,6012,6416,6010,6902
GENE.3495,chr11;chr11,1281284;1281732,1281600;1287633,-;-,6219,19128,19512,19312,19662,19808,17268,18107,16368,19748
GENE.3496,chr11,1290501,1291601,+,1101,926,926,927,926,938,786,846,786,938
GENE.3497,chr11,1293856,1295724,+,1869,4158,4158,4159,4160,4167,3924,3974,3924,4167
GENE.3498,chr11;chr11,1296801;1297786,1297565;1298199,+;+,1179,0,0,0,0,13,1,2,1,12
GENE.3499,chr11,1298474,1300600,-,2127,7168,7168,7171,7310,7325,5755,6447,5755,7325
GENE.35,chrM,5577,5771,-,195,0,0,0,0,0,0,0,0,0
GENE.350,chr2;chr2;chr2;chr2;chr2;chr2;chr2;chr2,384865;385079;385368;385556;385752;386031;386224;386448,384984;385204;385427;385644;385869;386133;386302;386580,-;-;-;-;-;-;-;-,828,0,0,0,0,2,0,0,0,2
GENE.3500,chr11;chr11,1302173;1303426,1302604;1305987,+;+,2994,21987,21987,21988,22084,22213,18739,20421,18732,22207
GENE.3501,chr11;chr11,1309024;1310937,1310740;1311793,+;+,2574,10591,10591,10591,10653,10749,9493,10191,9493,10749
GENE.3502,chr11;chr11,1313257;1313767,1313545;1317173,+;+,3696,0,0,2,0,19,0,0,0,19
GENE.3503,chr11,1320114,1322105,+,1992,0,0,1,0,14,0,19,0,14
GENE.3504,chr11,1323043,1324314,-,1272,3330,3330,3330,3332,3347,3141,3222,3141,3347
GENE.3505,chr11,1326747,1332164,+,5418,14638,14638,14641,14758,14934,12615,14083,12615,14934
GENE.3506,chr11,1333536,1340219,+,6684,23898,23898,23918,24010,24127,21408,22619,21179,24127
GENE.3507,chr11;chr11;chr11;chr11;chr11;chr11,1340486;1340752;1340937;1341149;1341390;1341617,1340623;1340811;1341041;1341241;1341454;1341680,-;-;-;-;-;-,525,0,0,1,0,0,0,0,0,0
GENE.3508,chr11;chr11,1344303;1349594,1349367;1349763,+;+,5235,0,0,6,0,32,0,312,0,32
GENE.3509,chr11,1350621,1355789,-,5169,0,0,2,0,13,0,0,0,13
GENE.351,chr2;chr2,387273;388063,387906;388151,+;+,723,273,273,273,277,278,251,257,251,278
GENE.3510,chr11;chr11,1359364;1362625,1362428;1364113,-;-,4554,13747,13747,13749,13759,13993,12140,13027,12140,13993
GENE.3511,chr11;chr11,1367186;1368720,1368559;1368809,+;+,1464,419,419,420,421,439,395,403,395,439
GENE.3512,chr11,1369619,1371667,+,2049,2872,2872,2873,2888,2905,2593,3103,2593,2905
GENE.3513,chr11;chr11;chr11;chr11;chr11;chr11;chr11,1372311;1372572;1372828;1373023;1373319;1373656;1373794,1372373;1372697;1372909;1373190;1373467;1373703;1373859,+;+;+;+;+;+;+,702,1054,1054,1055,1082,1182,912,959,912,1182
GENE.3514,chr11;chr11;chr11;chr11,1373052;1373319;1373656;1373794,1373190;1373467;1373703;1373859,+;+;+;+,402,741,741,741,767,862,607,653,607,862
GENE.3515,chr11;chr11;chr11,1373052;1373319;1373656,1373190;1373467;1373712,+;+;+,345,741,741,741,767,862,607,653,607,862
GENE.3516,chr11,1374592,1376661,-,2070,0,0,0,0,11,0,5,0,11
GENE.3517,chr11,1378290,1379852,-,1563,0,0,0,0,3,0,0,0,3
GENE.3518,chr11,1381015,1382244,-,1230,0,1,0,0,4,0,0,0,4
GENE.3519,chr11,1384378,1385115,-,738,120,120,120,120,121,113,113,113,121
GENE.352,chr2;chr2;chr2;chr2;chr2;chr2;chr2,388424;388716;388945;389268;389427;389742;390504,388457;388784;389162;389336;389618;390404;390611,-;-;-;-;-;-;-,1353,0,0,0,0,16,0,0,0,16
GENE.3520,chr11;chr11;chr11;chr11;chr11,1387091;1387422;1387578;1387782;1388743,1387163;1387484;1387664;1388471;1388909,-;-;-;-;-,1080,0,0,0,0,17,0,0,0,17
GENE.3521,chr11;chr11;chr11;chr11;chr11,1390064;1390676;1390986;1391272;1392029,1390489;1390855;1391130;1391832;1396173,+;+;+;+;+,5457,0,0,9,0,70,0,48,0,70
GENE.3522,chr11;chr11,1396433;1396651,1396543;1396764,-;-,225,0,0,0,0,1,0,0,0,1
GENE.3523,chr11,1397506,1397985,+,480,64,64,65,66,72,61,61,61,72
GENE.3524,chr11;chr11;chr11;chr11;chr11;chr11;chr11;chr11;chr11;chr11,1398486;1398636;1398849;1399086;1399297;1399572;1399788;1400023;1400293;1400499,1398519;1398729;1398965;1399143;1399405;1399694;1399917;1400103;1400334;1400601,-;-;-;-;-;-;-;-;-;-,891,2839,2839,2839,3037,2872,2397,2634,2397,2872
GENE.3525,chr11;chr11,1403906;1404248,1404047;1414512,+;+,10407,120242,120266,122083,133434,130289,113470,115449,112940,130285
GENE.3526,chr11,1415406,1417214,+,1809,0,0,3,0,26,0,56,0,26
GENE.3527,chr11;chr11;chr11;chr11;chr11,1417466;1418076;1418471;1418694;1418943,1417877;1418322;1418594;1418821;1420071,-;-;-;-;-,2040,11169,11169,11171,11267,11310,9883,10315,9883,11310
GENE.3528,chr11;chr11,1422744;1422978,1422816;1426201,+;+,3297,4174,4174,4177,4190,4331,3845,4207,3845,4331
GENE.3529,chr11,1427011,1429671,-,2661,2016,2016,2022,2052,2064,1868,1822,1868,2064
GENE.353,chr2,391275,392789,-,1515,1520,1520,1521,1538,1527,1325,1410,1325,1527
GENE.3530,chr11;chr11;chr11;chr11;chr11;chr11;chr11;chr11,1433141;1433481;1433737;1434199;1434388;1434684;1434913;1435095,1433276;1433580;1434063;1434271;1434536;1434753;1434953;1435170,-;-;-;-;-;-;-;-,972,24,24,24,24,32,21,22,21,32
GENE.3531,chr11;chr11;chr11;chr11;chr11;chr11;chr11;chr11;chr11,1431881;1433156;1433481;1433737;1434199;1434388;1434684;1434913;1435095,1431898;1433276;1433580;1434063;1434271;1434536;1434753;1434953;1435170,-;-;-;-;-;-;-;-;-,975,24,24,24,24,32,21,22,21,32
GENE.3532,chr11,1441503,1445471,+,3969,11218,11219,11239,11270,11535,9329,10638,9329,11535
GENE.3533,chr11;chr11;chr11;chr11;chr11;chr11;chr11,1446489;1446683;1447092;1447234;1447458;1447672;1447869,1446546;1446926;1447151;1447334;1447544;1447750;1448505,+;+;+;+;+;+;+,1266,1675,1674,1675,1723,1684,1606,1622,1606,1684
GENE.3534,chr11;chr11;chr11;chr11;chr11;chr11,1446489;1446683;1447234;1447458;1447672;1447869,1446546;1446926;1447334;1447544;1447750;1448505,+;+;+;+;+;+,1206,1674,1674,1674,1720,1683,1605,1621,1605,1683
GENE.3535,chr11;chr11;chr11;chr11;chr11,1449690;1449870;1450051;1450237;1450668,1449731;1449928;1450147;1450365;1451450,-;-;-;-;-,1110,1935,1935,1935,1945,1970,1609,1847,1609,1970
GENE.3536,chr11;chr11,1456151;1459035,1458891;1460319,+;+,4026,27971,27971,27973,28071,28234,25332,26704,25332,28234
GENE.3537,chr11,1461301,1461498,-,198,0,0,0,0,0,0,0,0,0
GENE.3538,chr11,1462168,1463070,+,903,0,0,0,0,6,2,0,2,6
GENE.3539,chr11,1463811,1465058,-,1248,1440,1440,1439,1464,1528,1325,1405,1325,1528
GENE.354,chr2;chr2;chr2;chr2;chr2;chr2;chr2;chr2,394237;394560;394996;395450;395969;396202;396412;396669,394404;394853;395204;395771;396093;396284;396532;398745,-;-;-;-;-;-;-;-,3399,7434,7433,7435,7512,7495,6415,6991,6415,7495
GENE.3540,chr11,1466197,1468266,-,2070,0,0,0,0,11,0,0,0,11
GENE.3541,chr11,1470600,1471877,-,1278,2074,2074,2074,2076,2111,1748,1982,1748,2111
GENE.3542,chr11;chr11,1473505;1473702,1473608;1474116,-;-,519,0,0,0,0,1,0,0,0,1
GENE.3543,chr11;chr11,1474667;1476524,1476322;1476838,-;-,1971,4683,4683,4686,4773,4697,4373,4548,4365,4697
GENE.3544,chr11,1477643,1479850,+,2208,628,628,628,630,649,555,627,555,649
GENE.3545,chr11;chr11,1480900;1481466,1481294;1481526,-;-,456,590,590,590,594,617,519,593,519,617
GENE.3546,chr11;chr11,1483375;1485552,1485356;1485858,+;+,2289,0,0,0,0,11,1,0,1,11
GENE.3547,chr11,1487594,1496143,+,8550,9736,9740,9747,9836,9870,8847,10037,8847,9870
GENE.3548,chr11,1497134,1497514,+,381,0,0,0,0,4,0,0,0,4
GENE.3549,chr11;chr11,1498208;1498623,1498421;1498969,+;+,561,221,221,221,225,239,183,219,183,239
GENE.355,chr2,400153,401859,-,1707,1052,1054,1052,1052,1086,966,985,844,1076
GENE.3550,chr11,1499137,1499571,-,435,232,232,232,232,246,198,218,198,246
GENE.3551,chr11,1501011,1513691,-,12681,1290,1292,1298,1302,1389,1125,1388,1125,1389
GENE.3552,chr11,1518464,1521238,+,2775,15396,15395,15398,15660,15505,13419,14822,13419,15505
GENE.3553,chr11;chr11;chr11,1522359;1522619;1524278,1522459;1524032;1524346,-;-;-,1584,0,1,0,0,3,0,0,0,3
GENE.3554,chr11;chr11;chr11;chr11,1525654;1531248;1531477;1531663,1531065;1531326;1531516;1531744,-;-;-;-,5613,0,1,5,0,16,0,55,0,16
GENE.3555,chr11;chr11;chr11;chr11;chr11;chr11;chr11,1533252;1533416;1533651;1534085;1534378;1535306;1535688,1533271;1533574;1533968;1534213;1535119;1535531;1539856,-;-;-;-;-;-;-,5763,12104,12104,12113,12176,12397,10559,11607,10559,12395
GENE.3556,chr11,1540804,1544163,+,3360,0,13,1,80,15,0,2,0,15
GENE.3557,chr11,1546288,1547469,+,1182,112,112,112,112,117,108,112,108,117
GENE.3558,chr11,1548186,1553561,+,5376,0,1,2,0,36,1,74,1,34
GENE.3559,chr11;chr11,1554154;1554675,1554474;1555505,-;-,1152,415,415,415,417,429,391,403,391,429
GENE.356,chr2;chr2,404281;406082,405380;406355,-;-,1374,1874,1874,1879,1897,1893,1598,1729,1598,1893
GENE.3560,chr11;chr11;chr11,1556744;1557317;1563935,1557124;1563786;1565045,-;-;-,7962,0,0,2,0,63,0,21,0,63
GENE.3561,chr11,1569604,1573189,+,3586,182,184,182,188,205,163,213,163,205
GENE.3562,chr11;chr11;chr11;chr11;chr11;chr11;chr11,1576132;1576431;1576658;1576781;1577005;1577258;1577796,1576278;1576533;1576689;1576849;1577111;1577554;1578978,-;-;-;-;-;-;-,1938,702,706,702,746,786,655,682,655,786
GENE.3563,chr11;chr11;chr11,1577407;1577482;1577796,1577410;1577554;1578978,-;-;-,1260,702,706,702,746,783,655,681,655,783
GENE.3564,chr11,1580594,1582483,+,1890,220,220,220,222,229,183,208,183,229
GENE.3565,chr11,1582995,1584512,-,1518,3436,3436,3436,3454,3524,3165,3317,3165,3524
GENE.3566,chr11,1585393,1592034,-,6642,0,0,2,0,26,0,20,0,26
GENE.3567,chr11;chr11;chr11;chr11,1593966;1594314;1594631;1594864,1594175;1594514;1594728;1594951,+;+;+;+,597,891,891,891,912,892,875,878,875,892
GENE.3568,chr11;chr11,1595767;1597243,1597093;1597718,+;+,1803,1775,1775,1775,1951,1843,1499,1679,1499,1843
GENE.3569,chr11;chr11;chr11;chr11,1598550;1598932;1599147;1599567,1598705;1599014;1599228;1599632,-;-;-;-,387,0,0,0,0,3,0,0,0,3
GENE.357,chr2,407900,408438,+,539,24,24,24,32,26,15,20,15,26
GENE.3570,chr11;chr11,1601257;1603075,1602596;1603078,-;-,1344,4705,4705,4705,5139,4715,4087,4193,4087,4715
GENE.3571,chr11,1605321,1606406,+,1086,414,414,414,414,415,395,399,395,415
GENE.3572,chr11;chr11,1608006;1608430,1608329;1608609,+;+,504,0,0,0,0,4,0,0,0,4
GENE.3573,chr11;chr11;chr11;chr11;chr11,1610100;1614533;1615102;1615545;1615720,1614440;1614956;1615391;1615616;1615809,+;+;+;+;+,5217,5793,5796,5794,5878,5879,4946,5507,4946,5879
GENE.3574,chr11,1616416,1621890,-,5475,6478,6478,6510,6744,6749,5881,6057,5881,6749
GENE.3575,chr11,1623447,1630274,-,6828,5434,5435,5482,5728,5554,4735,4846,4642,5530
GENE.3576,chr11,1633920,1636331,+,2412,3520,3520,3520,3530,3560,2977,3415,2977,3560
GENE.3577,chr11;chr11;chr11;chr11;chr11;chr11,1637103;1637291;1638946;1641756;1642590;1642931,1637127;1638641;1641588;1642440;1642790;1643392,-;-;-;-;-;-,5367,0,0,4,0,32,1,141,1,32
GENE.3578,chr11,1644911,1647382,+,2472,1166,1166,1166,1176,1196,979,1131,979,1196
GENE.3579,chr11,1649321,1657012,+,7692,0,0,0,0,37,0,286,0,37
GENE.358,chr2,409983,410228,+,246,0,0,0,0,1,0,0,0,1
GENE.3580,chr11;chr11,1657507;1657818,1657681;1657978,-;-,336,0,0,0,0,0,0,0,0,0
GENE.3581,chr11;chr11,1659070;1659735,1659483;1662359,-;-,3039,4574,4574,4574,4622,4619,4226,4350,4226,4619
GENE.3582,chr11;chr11;chr11;chr11;chr11,1663621;1664099;1664328;1664523;1664729,1663872;1664198;1664440;1664597;1665250,+;+;+;+;+,1062,1869,1869,1869,1948,1882,1555,1799,1555,1882
GENE.3583,chr11;chr11;chr11;chr11;chr11;chr11;chr11;chr11;chr11;chr11;chr11;chr11;chr11;chr11,1665761;1665985;1666135;1666309;1666542;1666734;1666841;1666991;1667234;1667422;1667597;1667739;1667852;1668094,1665899;1666035;1666172;1666438;1666637;1666751;1666898;1667091;1667310;1667449;1667618;1667749;1667925;1668162,+;+;+;+;+;+;+;+;+;+;+;+;+;+,912,2778,2777,2779,2838,2877,2342,2624,2342,2877
GENE.3584,chr11,1668302,1669081,-,780,0,0,0,0,1,0,0,0,1
GENE.3585,chr11;chr11;chr11;chr11;chr11,1669951;1670856;1671088;1671270;1671475,1670668;1670901;1671169;1671327;1671512,+;+;+;+;+,942,692,692,692,696,698,650,664,650,698
GENE.3586,chr11;chr11;chr11;chr11;chr11;chr11;chr11,1672519;1672951;1673187;1673566;1673828;1673976;1674267,1672814;1673022;1673450;1673705;1673879;1674045;1674557,-;-;-;-;-;-;-,1185,0,0,1,0,9,0,0,0,9
GENE.3587,chr11,1676255,1677769,-,1515,18,19,18,18,23,14,17,14,23
GENE.3588,chr11,1679078,1681156,+,2079,8644,8644,8648,8688,8900,7729,8402,7729,8900
GENE.3589,chr11,1681868,1690084,-,8217,9092,9095,9096,9112,9189,8159,8660,8158,9189
GENE.359,chr2;chr2;chr2,412275;412492;412701,412295;412602;412859,+;+;+,291,0,0,0,0,1,0,0,0,1
GENE.3590,chr11;chr11;chr11,1692897;1693768;1694074,1693581;1693837;1694137,-;-;-,819,457,457,457,461,473,394,445,394,473
GENE.3591,chr11;chr11;chr11,1695507;1695766;1701113,1695623;1700989;1701258,+;+;+,5487,14595,14596,14598,14661,14843,12718,13755,12718,14839
GENE.3592,chr11;chr11,1702089;1703631,1703489;1703642,-;-,1413,1831,1831,1831,1874,1842,1656,1759,1656,1842
GENE.3593,chr11;chr11;chr11,1705696;1706226;1706432,1705858;1706304;1706573,-;-;-,384,4,5,5,5,4,4,4,4,4
GENE.3594,chr11;chr11,1708066;1708528,1708336;1708679,-;-,423,431,431,431,448,489,354,414,354,489
GENE.3595,chr11,1710325,1712172,-,1848,12296,12296,12298,12328,13099,10775,11804,10775,13099
GENE.3596,chr11,1713081,1713974,+,894,0,0,0,0,3,0,0,0,3
GENE.3597,chr11,1715283,1716806,+,1524,2558,2558,2560,2668,2693,2138,2466,2138,2693
GENE.3598,chr11,1717546,1718694,+,1149,0,0,0,0,7,0,0,0,7
GENE.3599,chr11,1720047,1724861,-,4815,35522,35522,35536,35802,36968,30065,33466,29970,36962
GENE.36,chrM,5772,5854,-,83,0,0,0,0,0,0,0,0,0
GENE.360,chr2;chr2;chr2,412275;412492;412701,412295;412537;412741,+;+;+,108,0,0,0,0,0,0,0,0,0
GENE.3600,chr11;chr11,1729793;1730058,1729916;1730899,+;+,966,834,834,834,842,859,693,776,693,859
GENE.3601,chr11,1731899,1732900,-,1002,920,920,920,920,1004,814,910,814,1004
GENE.3602,chr11;chr11;chr11;chr11;chr11;chr11,1735126;1735417;1735796;1735995;1736278;1736567,1735141;1735500;1735880;1736090;1736458;1736572,+;+;+;+;+;+,468,0,0,0,0,8,0,0,0,8
GENE.3603,chr11;chr11,1737256;1737479,1737341;1740029,-;-,2637,1102,1102,1108,1124,1113,979,1072,979,1113
GENE.3604,chr11,1740935,1741828,-,894,622,621,626,644,628,568,584,568,628
GENE.3605,chr11;chr11;chr11;chr11;chr11;chr11,1742589;1743379;1744395;1745303;1745706;1746122,1743031;1744232;1745119;1745494;1745877;1746306,+;+;+;+;+;+,2571,10261,10261,10260,10355,10463,9098,10036,9098,10463
GENE.3606,chr11,1748439,1751138,+,2700,9150,9150,9152,9162,9248,8281,8809,8281,9248
GENE.3607,chr11;chr11;chr11,1751577;1752198;1753203,1751921;1752961;1753269,-;-;-,1176,0,0,0,0,2,1,0,1,2
GENE.3608,chr11;chr11,1755438;1755801,1755551;1755935,+;+,249,19,19,19,20,21,17,17,17,21
GENE.3609,chr11;chr11;chr11,1756557;1756812;1757036,1756679;1756913;1757182,-;-;-,372,7,7,7,7,9,6,6,6,9
GENE.361,chr2;chr2,413278;413428,413334;421137,-;-,7767,23394,23394,23401,23506,23694,20598,22169,20598,23693
GENE.3610,chr11;chr11,1757488;1757822,1757631;1758637,-;-,960,1206,1206,1206,1212,1235,1034,1108,1034,1235
GENE.3611,chr11;chr11,1759257;1759869,1759322;1759922,-;-,120,15,15,15,19,15,13,13,13,15
GENE.3612,chr11,1762256,1766650,+,4395,478,483,512,632,583,498,509,498,583
GENE.3613,chr11,1768328,1769344,+,1017,0,0,3,0,0,0,0,0,0
GENE.3614,chr11,1770949,1771902,+,954,1460,1460,1460,1472,1466,1341,1424,1341,1466
GENE.3615,chr11;chr11;chr11;chr11;chr11,1772350;1772656;1772983;1773323;1773478,1772428;1772822;1773127;1773369;1773819,-;-;-;-;-,780,0,0,1,0,2,0,0,0,2
GENE.3616,chr11,1774750,1776726,+,1977,0,0,0,0,1,1,5,1,1
GENE.3617,chr11;chr11;chr11;chr11,1777525;1778348;1778522;1778913,1778025;1778413;1778562;1778928,-;-;-;-,624,0,0,1,0,2,0,0,0,2
GENE.3618,chr11;chr11;chr11;chr11;chr11;chr11,1780084;1780649;1781046;1781309;1781466;1781659,1780554;1780893;1781187;1781373;1781536;1782398,-;-;-;-;-;-,1734,0,0,1,0,3,0,0,0,3
GENE.3619,chr11,1783357,1786563,-,3207,0,1,1,0,8,0,0,0,8
GENE.362,chr2;chr2,423063;424223,424004;424654,-;-,1374,2259,2259,2260,2265,2280,2145,2200,2145,2280
GENE.3620,chr11,1789323,1795370,-,6048,0,0,12,0,32,1,5,1,32
GENE.3621,chr11;chr11;chr11;chr11,1798776;1799054;1799294;1799610,1798854;1799122;1799348;1799670,-;-;-;-,264,0,0,0,0,4,0,0,0,4
GENE.3622,chr11;chr11;chr11;chr11,1800544;1800735;1800929;1801248,1800570;1800781;1801065;1803550,-;-;-;-,2514,19846,19846,19846,19964,20228,17650,19168,17650,20227
GENE.3623,chr11;chr11;chr11,1807359;1809800;1810084,1809650;1809962;1810130,+;+;+,2502,5082,5082,5082,5099,5132,4647,4904,4647,5132
GENE.3624,chr11;chr11;chr11,1810290;1810477;1810724,1810317;1810619;1812442,-;-;-,1890,9549,9549,9549,9873,9591,8212,8953,8212,9591
GENE.3625,chr11,1813419,1814573,+,1155,752,752,772,752,785,664,720,664,784
GENE.3626,chr11,1814957,1817704,-,2748,0,0,1,0,5,1,14,1,5
GENE.3627,chr11;chr11;chr11;chr11;chr11;chr11;chr11;chr11;chr11;chr11;chr11,1818594;1818753;1819129;1819305;1819494;1819685;1819826;1819999;1820208;1820389;1820659,1818615;1819036;1819221;1819370;1819555;1819731;1819868;1820090;1820236;1820450;1820743,+;+;+;+;+;+;+;+;+;+;+,885,0,0,0,0,2,0,0,0,2
GENE.3628,chr11,1821032,1822969,-,1938,0,0,0,0,3,0,0,0,3
GENE.3629,chr11;chr11;chr11;chr11;chr11;chr11;chr11;chr11,1824148;1824297;1824487;1824763;1824899;1825042;1825261;1825454,1824170;1824369;1824579;1824793;1824923;1825136;1825322;1825579,-;-;-;-;-;-;-;-,528,0,0,0,0,1,0,0,0,1
GENE.363,chr2;chr2;chr2;chr2,425689;425995;426209;426476,425855;426074;426299;426497,+;+;+;+,360,0,0,0,0,2,0,0,0,2
GENE.3630,chr11;chr11,1826203;1826398,1826305;1826792,-;-,498,502,502,502,508,514,487,476,487,514
GENE.3631,chr11;chr11,1828240;1828345,1828264;1829054,-;-,735,0,0,0,0,1,0,0,0,1
GENE.3632,chr11,1830464,1831417,+,954,2052,2052,2052,2082,2112,1744,1978,1744,2112
GENE.3633,chr11;chr11;chr11;chr11,1834401;1838089;1838274;1838522,1837925;1838164;1838326;1838773,+;+;+;+,3906,0,0,0,24,17,3,208,3,17
GENE.3634,chr11;chr11;chr11;chr11;chr11;chr11;chr11;chr11;chr11,1839423;1841028;1841446;1841634;1841842;1841986;1842208;1842345;1842626,1840823;1841232;1841514;1841749;1841889;1842089;1842265;1842499;1842878,-;-;-;-;-;-;-;-;-,2409,6312,6312,6312,6466,6545,5457,6107,5457,6545
GENE.3635,chr11;chr11,1843645;1852133,1851971;1853372,-;-,9567,0,0,12,0,31,0,81,0,31
GENE.3636,chr11;chr11;chr11;chr11;chr11;chr11;chr11,1856390;1856507;1856679;1856868;1857033;1857306;1857547,1856402;1856559;1856760;1856910;1857152;1857442;1857656,+;+;+;+;+;+;+,558,221,221,221,227,224,172,175,172,224
GENE.3637,chr11;chr11;chr11,1858329;1858777;1859070,1858646;1858993;1867357,-;-;-,8823,7135,7145,7162,7273,7316,6315,6772,6259,7316
GENE.3638,chr11;chr11;chr11;chr11,1870415;1870580;1870774;1870948,1870459;1870643;1870843;1871077,-;-;-;-,309,8,8,8,10,8,8,7,8,8
GENE.3639,chr11,1873147,1881414,+,8268,10396,10398,10401,10522,10671,8977,9933,8973,10671
GENE.364,chr2,427490,431530,+,4041,4476,4476,4476,4708,4575,4037,4321,4037,4575
GENE.3640,chr11,1883775,1887860,+,4086,7652,7652,7653,7694,7828,6861,7289,6861,7828
GENE.3641,chr11;chr11,1888637;1889054,1888784;1889139,-;-,234,3,3,3,4,4,1,2,1,4
GENE.3642,chr11,1889826,1892597,-,2772,4948,4948,4948,5046,4966,4453,4662,4453,4966
GENE.3643,chr11;chr11;chr11;chr11;chr11,1893436;1893629;1893835;1894074;1894377,1893507;1893714;1893910;1894163;1895843,-;-;-;-;-,1791,4089,4089,4090,4132,4158,3789,3959,3789,4158
GENE.3644,chr11;chr11;chr11,1897204;1897416;1897845,1897327;1897716;1897884,+;+;+,465,0,0,0,0,3,0,0,0,3
GENE.3645,chr11;chr11;chr11;chr11;chr11,1899181;1899579;1905492;1905690;1905881,1899355;1905362;1905570;1905757;1905942,+;+;+;+;+,6168,12258,12420,13794,17348,13397,13497,11646,12997,13277
GENE.3646,chr11;chr11;chr11;chr11,1899181;1899579;1905476;1905690,1899355;1905362;1905570;1905695,+;+;+;+,6060,12240,12402,13776,17330,13370,13479,11628,12979,13250
GENE.3647,chr11,1907055,1907708,-,654,646,646,646,646,677,575,624,575,677
GENE.3648,chr11,1909210,1913499,-,4290,0,0,2,0,13,1,0,1,13
GENE.3649,chr11,1916392,1918050,+,1659,0,0,0,0,9,0,1,0,9
GENE.365,chr2;chr2;chr2;chr2;chr2,432041;432636;432929;433426;433963,432508;432823;433304;433610;434086,-;-;-;-;-,1341,2486,2486,2486,2528,2526,2233,2345,2233,2526
GENE.3650,chr11,1920268,1920811,+,544,0,246,206,560,256,201,6,201,256
GENE.3651,chr11,1922656,1922928,+,273,0,1,33,0,31,33,7,33,31
GENE.3652,chr11,1925942,1933150,+,7209,0,11646,11146,13688,11857,10759,101,10759,11857
GENE.3653,chr11;chr11,1934333;1935511,1935373;1935582,-;-,1113,1058,1058,1058,1058,1084,872,1007,872,1084
GENE.3654,chr11;chr11,1941348;1941670,1941547;1942588,+;+,1119,0,0,0,0,1,0,0,0,1
GENE.3655,chr11,1945778,1946047,+,270,0,0,0,0,0,0,0,0,0
GENE.3656,chr11;chr11,1950210;1952149,1951913;1968726,+;+,18282,12148,12305,12614,14104,13647,11820,11556,11786,13571
GENE.3657,chr11;chr11,1972400;1972714,1972591;1973874,+;+,1353,944,1086,1240,2058,1769,1402,914,779,1715
GENE.3658,chr11;chr11,1972400;1972717,1972591;1973874,+;+,1350,944,1086,1240,2058,1769,1402,914,779,1715
GENE.3659,chr11;chr11,1976407;1976724,1976598;1979804,+;+,3273,18272,18278,18277,19112,18420,16048,17448,16048,18418
GENE.366,chr2,436050,436994,+,945,0,0,0,0,1,0,0,0,1
GENE.3660,chr11;chr11;chr11,1982354;1982515;1984173,1982410;1984065;1984247,+;+;+,1683,1816,1816,1816,1828,1819,1670,1728,1670,1819
GENE.3661,chr11;chr11,1985870;1986571,1986430;1986639,-;-,630,0,0,0,0,9,0,0,0,9
GENE.3662,chr11;chr11;chr11,1991359;1992869;1993827,1992867;1993687;1994018,-;-;-,2520,8228,8228,8232,8262,8412,7455,7867,7455,8412
GENE.3663,chr11;chr11,2001068;2001325,2001223;2003313,+;+,2145,2004,2004,2004,2006,2046,1808,1892,1808,2046
GENE.3664,chr11,2004754,2005011,+,258,0,0,0,0,1,0,0,0,1
GENE.3665,chr11;chr11,2006706;2006954,2006774;2007829,+;+,945,462,464,462,464,494,425,446,425,494
GENE.3666,chr11;chr11,2009875;2010045,2009943;2010902,+;+,927,230,230,231,230,231,194,220,194,231
GENE.3667,chr11;chr11,2012989;2013276,2013057;2014316,+;+,1110,900,900,900,902,904,857,887,857,904
GENE.3668,chr11,2015649,2016509,-,861,2606,2606,2606,2614,2615,2535,2548,2535,2615
GENE.3669,chr11;chr11,2018714;2019914,2019676;2019967,-;-,1017,0,0,1,0,5,0,10,0,5
GENE.367,chr2,437755,439002,-,1248,0,0,0,0,3,0,0,0,3
GENE.3670,chr11;chr11,2021854;2022981,2022825;2023034,-;-,1026,7079,7107,7109,7171,7161,6358,6591,6358,7161
GENE.3671,chr11;chr11,2025817;2034681,2033970;2035886,+;+,9360,5320,5322,5323,5340,5370,4781,5079,4781,5370
GENE.3672,chr12;chr12,16973;23037,22048;24497,+;+,6537,4633,4638,4633,4647,4749,4122,4404,4100,4749
GENE.3673,chr12;chr12,26321;27634,27403;27687,-;-,1137,2087,2094,2088,2091,2089,1998,2012,1998,2089
GENE.3674,chr12;chr12,30078;31193,31046;31261,-;-,1038,0,1,1,0,5,1,8,1,5
GENE.3675,chr12;chr12,32703;40726,40070;41940,+;+,8583,6497,6498,6500,6511,6674,5770,6275,5770,6674
GENE.3676,chr12;chr12,43800;45053,44855;45106,-;-,1110,0,2,1,0,4,0,6,0,4
GENE.3677,chr12;chr12,46788;48802,47954;56805,-;-,9171,31655,31715,31722,32143,32250,28004,29955,28004,32250
GENE.3678,chr12,61556,64336,-,2781,2844,2844,2845,2854,2926,2444,2700,2431,2924
GENE.3679,chr12;chr12;chr12,68808;69063;70768,68885;70613;70842,-;-;-,1704,0,0,0,0,8,0,0,0,8
GENE.368,chr2,442080,442934,-,855,0,0,1,0,4,0,0,0,4
GENE.3680,chr12;chr12,73229;74376,74233;74522,-;-,1152,2400,2399,2400,2402,2430,2266,2314,2266,2430
GENE.3681,chr12;chr12,76846;78993,78732;79067,-;-,1962,6015,6023,6026,7193,6216,5096,5647,5034,6214
GENE.3682,chr12;chr12,81449;84239,83938;84451,-;-,2703,7487,7487,7489,7501,7642,6860,7218,6860,7642
GENE.3683,chr12;chr12,89934;90276,90125;90749,+;+,666,0,0,0,0,8,0,0,0,8
GENE.3684,chr12,92242,92562,+,321,0,0,0,0,2,0,0,0,2
GENE.3685,chr12;chr12,93581;96975,96798;97146,-;-,3390,3014,3014,3015,3042,3059,2707,2876,2707,3059
GENE.3686,chr12,98978,100471,+,1494,756,756,756,764,766,712,734,712,766
GENE.3687,chr12,101581,102624,-,1044,0,0,2,0,5,0,0,0,5
GENE.3688,chr12,103861,104604,-,744,22,22,22,30,28,20,20,20,28
GENE.3689,chr12,105683,106339,-,657,3040,3040,3040,3060,3043,2804,2862,2804,3043
GENE.369,chr2,443824,444608,+,785,1346,1346,1346,1370,1362,996,1151,944,1362
GENE.3690,chr12;chr12,107338;108164,107922;108202,-;-,624,218,216,218,220,230,209,217,209,230
GENE.3691,chr12;chr12;chr12;chr12;chr12;chr12;chr12,109247;109502;109814;109979;110379;110732;111088,109349;109710;109882;110178;110548;110952;112758,-;-;-;-;-;-;-,2643,0,0,3,0,5,1,42,1,5
GENE.3692,chr12;chr12;chr12;chr12;chr12;chr12;chr12,113787;114020;114311;115173;115347;115572;115811,113893;114190;114849;115247;115443;115675;115923,+;+;+;+;+;+;+,1206,551,553,551,586,562,504,508,504,562
GENE.3693,chr12;chr12;chr12;chr12;chr12;chr12;chr12,113787;114020;114311;115176;115347;115572;115811,113893;114190;114849;115247;115443;115675;115923,+;+;+;+;+;+;+,1203,551,553,551,586,562,504,508,504,562
GENE.3694,chr12,116475,117449,-,975,1008,1008,1008,1010,1014,959,982,959,1014
GENE.3695,chr12;chr12;chr12;chr12;chr12;chr12;chr12;chr12;chr12;chr12;chr12;chr12;chr12;chr12;chr12;chr12;chr12;chr12;chr12;chr12;chr12;chr12;chr12;chr12;chr12;chr12;chr12;chr12;chr12;chr12;chr12;chr12;chr12;chr12,119402;119599;119809;124003;124396;124640;124988;125182;125551;125931;126360;126528;126801;127144;127454;127755;127944;128156;128400;128917;129209;129500;130685;130993;131300;131706;132050;132299;132590;133258;137247;139436;139920;141239,119491;119686;123868;124288;124483;124869;125068;125457;125802;126228;126442;126685;126942;127364;127614;127829;128030;128249;128796;129121;129408;130492;130811;131189;131551;131893;132126;132372;133069;136786;139281;139628;141098;141499,+;+;+;+;+;+;+;+;+;+;+;+;+;+;+;+;+;+;+;+;+;+;+;+;+;+;+;+;+;+;+;+;+;+,17157,165720,165719,165752,167040,167784,149181,158508,149181,167781
GENE.3696,chr12;chr12;chr12;chr12;chr12;chr12;chr12;chr12,141642;141842;142051;142266;142496;142711;142858;143194,141740;141911;142154;142360;142601;142787;142912;143268,-;-;-;-;-;-;-;-,681,1543,1543,1551,1598,1568,1383,1322,1383,1568
GENE.3697,chr12,144046,147285,-,3240,7096,7095,7099,7270,7251,6327,6728,6327,7251
GENE.3698,chr12;chr12;chr12;chr12;chr12;chr12,148238;148467;148707;148984;149247;149521,148342;148595;148805;149112;149369;155478,-;-;-;-;-;-,6543,2508,2508,2547,2902,2781,2464,2377,2464,2781
GENE.3699,chr12;chr12;chr12;chr12;chr12,158233;159342;159506;159705;159913,159195;159394;159561;159772;160011,+;+;+;+;+,1239,3546,3546,3547,3624,3564,3275,3408,3275,3564
GENE.37,chrM,5855,5955,-,101,0,0,0,0,0,0,0,0,0
GENE.370,chr2,451751,455116,+,3366,0,0,0,0,9,0,61,0,9
GENE.3700,chr12;chr12;chr12,160716;160926;161196,160829;161042;161255,+;+;+,291,0,0,0,0,4,0,0,0,4
GENE.3701,chr12,162429,162722,-,294,0,0,0,0,1,0,0,0,1
GENE.3702,chr12,167706,171275,+,3570,2078,2078,2079,2092,2118,1803,1929,1803,2118
GENE.3703,chr12;chr12,171507;171735,171617;172136,-;-,513,917,917,919,939,923,833,859,833,923
GENE.3704,chr12;chr12,172936;173150,173038;173361,+;+,315,0,0,0,0,2,0,0,0,2
GENE.3705,chr12,173875,176853,-,2979,5768,5769,5850,6130,6050,5489,5434,5487,6050
GENE.3706,chr12,178162,181914,+,3753,644,642,652,676,696,612,876,612,696
GENE.3707,chr12,182298,183968,-,1671,884,884,888,886,891,740,773,740,891
GENE.3708,chr12;chr12;chr12,184914;185232;185615,185064;185481;185768,+;+;+,555,607,607,607,619,610,513,582,513,610
GENE.3709,chr12;chr12;chr12,187146;188299;188819,188107;188356;188842,-;-;-,1044,748,748,748,750,754,617,705,617,754
GENE.371,chr2,455579,456286,-,708,976,976,976,980,976,926,936,926,976
GENE.3710,chr12,190105,193113,-,3009,0,3,0,0,16,0,18,0,16
GENE.3711,chr12;chr12;chr12;chr12;chr12,194144;194629;194900;195099;195365,194167;194732;194969;195246;195462,+;+;+;+;+,444,0,0,0,0,1,0,0,0,1
GENE.3712,chr12;chr12;chr12;chr12;chr12;chr12;chr12,197509;197809;197996;198215;198413;198640;198814,197620;197908;198053;198279;198485;198706;198830,+;+;+;+;+;+;+,492,0,0,0,0,5,0,0,0,5
GENE.3713,chr12,198970,202239,-,3270,0,0,0,0,25,0,0,0,25
GENE.3714,chr12,202948,204837,+,1890,0,0,0,0,22,0,0,0,22
GENE.3715,chr12,205491,205976,-,486,64,64,64,64,64,63,64,63,64
GENE.3716,chr12;chr12;chr12;chr12;chr12;chr12;chr12;chr12;chr12;chr12;chr12;chr12;chr12,208165;208398;208541;208703;209128;209449;209661;209838;210029;210166;210390;210525;210767,208217;208451;208612;208803;209257;209545;209737;209924;210073;210247;210433;210605;210893,-;-;-;-;-;-;-;-;-;-;-;-;-,1050,0,0,0,0,2,0,0,0,2
GENE.3717,chr12,211517,212356,-,840,452,452,452,456,463,397,443,397,463
GENE.3718,chr12,213211,214191,+,981,0,0,3,0,6,0,0,0,6
GENE.3719,chr12;chr12;chr12;chr12;chr12,214834;215036;215256;215455;215631,214934;215113;215309;215519;215695,+;+;+;+;+,363,0,0,0,0,2,0,0,0,2
GENE.372,chr2;chr2;chr2;chr2;chr2;chr2,457130;457309;457461;457687;457913;458362,457203;457379;457589;457760;458219;458585,-;-;-;-;-;-,879,733,733,735,747,752,654,709,654,752
GENE.3720,chr12;chr12;chr12;chr12;chr12;chr12,217184;217403;217584;217704;217968;218194,217244;217465;217624;217766;218086;218239,+;+;+;+;+;+,393,14,14,14,14,15,14,14,14,15
GENE.3721,chr12;chr12;chr12,219580;221579;221861,221444;221746;222173,+;+;+,2346,0,0,0,0,14,1,19,1,14
GENE.3722,chr12;chr12;chr12;chr12;chr12,222695;224263;224474;224700;224908,224126;224364;224560;224731;224991,-;-;-;-;-,1737,956,956,956,970,973,848,913,848,973
GENE.3723,chr12,226054,227070,-,1017,612,612,612,614,633,575,600,575,628
GENE.3724,chr12,230463,231407,+,945,1092,1092,1092,1098,1120,965,1067,965,1120
GENE.3725,chr12,232389,235646,-,3258,11524,11524,11526,11560,11881,10141,10855,10141,11881
GENE.3726,chr12,242811,248168,+,5358,18010,18011,18026,18256,18237,15773,17644,15771,18237
GENE.3727,chr12;chr12;chr12;chr12;chr12;chr12;chr12;chr12,249336;249575;250122;250384;250579;250880;251162;251393,249464;249907;250280;250451;250703;250994;251227;251399,-;-;-;-;-;-;-;-,1002,1292,1293,1292,1318,1303,1214,1209,1214,1303
GENE.3728,chr12,253155,254123,+,969,0,0,0,0,8,0,45,0,8
GENE.3729,chr12;chr12;chr12;chr12,256367;262191;262510;263574,261997;262350;263415;263731,+;+;+;+,6855,39915,39911,39939,40351,41223,35317,38412,35294,41077
GENE.373,chr2;chr2;chr2;chr2;chr2;chr2;chr2;chr2,459072;459329;459593;460162;460395;460785;461049;461374,459164;459397;459927;460275;460530;460916;461140;461518,-;-;-;-;-;-;-;-,1116,3644,3644,3644,3734,3804,3226,3442,3226,3804
GENE.3730,chr12,264615,267863,-,3249,714,716,719,714,739,649,676,649,739
GENE.3731,chr12,270300,271214,-,915,5434,5434,5435,5444,5549,4840,5218,4840,5549
GENE.3732,chr12;chr12;chr12;chr12;chr12;chr12;chr12;chr12;chr12,272320;272588;272952;273132;273559;273785;274061;274274;274640,272437;272756;273029;273349;273691;273935;274188;274510;274742,-;-;-;-;-;-;-;-;-,1335,0,0,0,0,9,0,0,0,9
GENE.3733,chr12;chr12;chr12,275744;276189;279256,275912;278893;279336,-;-;-,2955,14335,14335,14334,14413,14579,12170,13158,12170,14579
GENE.3734,chr12,281020,289302,-,8283,0,0,12,0,59,3,0,3,59
GENE.3735,chr12,290836,291876,+,1041,842,842,842,848,846,815,819,815,846
GENE.3736,chr12,292424,294379,+,1956,820,820,829,890,913,774,904,774,913
GENE.3737,chr12,294997,299349,-,4353,11252,11252,11252,11268,11542,9485,10717,9485,11542
GENE.3738,chr12,301129,302826,-,1698,0,0,9,0,6,0,55,0,6
GENE.3739,chr12,308214,310397,+,2184,3514,3514,3516,3530,3528,3336,3397,3336,3528
GENE.374,chr2,463163,466900,+,3738,0,0,2,0,17,0,26,0,17
GENE.3740,chr12;chr12;chr12;chr12,310831;311110;311274;311647,310932;311172;311489;313239,+;+;+;+,1974,0,0,1,0,20,6,1,6,20
GENE.3741,chr12;chr12;chr12,313869;320975;321131,320876;321027;321908,-;-;-,7839,19216,19218,19229,19350,19413,17607,18292,17607,19407
GENE.3742,chr12,324336,326858,-,2523,0,0,0,0,3,1,0,1,3
GENE.3743,chr12,329635,337806,-,8172,33838,33837,33843,33952,34454,29692,30939,29548,34446
GENE.3744,chr12;chr12;chr12;chr12;chr12;chr12,343326;343425;343626;343765;343986;344233,343330;343449;343670;343816;344059;344361,-;-;-;-;-;-,330,0,0,0,0,8,0,0,0,8
GENE.3745,chr12;chr12,345922;346284,346153;347239,+;+,1188,358,358,358,366,360,335,341,335,360
GENE.3746,chr12;chr12;chr12,348274;348488;348916,348336;348788;349100,+;+;+,549,0,0,0,0,4,0,0,0,4
GENE.3747,chr12,349479,351284,-,1806,660,660,660,664,678,535,624,535,678
GENE.3748,chr12;chr12;chr12;chr12;chr12;chr12;chr12;chr12;chr12,351850;352163;352339;352542;352770;353007;353420;353690;353929,352066;352257;352407;352649;352853;353333;353482;353776;354006,-;-;-;-;-;-;-;-;-,1128,447,446,447,462,481,394,430,394,481
GENE.3749,chr12,354540,357446,-,2907,6842,6842,6856,6890,7058,5852,6426,5850,7058
GENE.375,chr2,467847,468476,+,630,430,430,430,430,455,400,425,400,455
GENE.3750,chr12;chr12,357915;359295,359060;359333,-;-,1185,0,0,0,0,17,0,0,0,17
GENE.3751,chr12;chr12,359995;360332,360210;360499,+;+,384,13,13,13,15,16,9,12,9,16
GENE.3752,chr12;chr12;chr12;chr12,361900;362231;375379;375734,362095;375146;375535;375874,+;+;+;+,13410,16894,16893,16902,17014,17252,14859,16405,14859,17251
GENE.3753,chr12;chr12;chr12,376552;377037;377277,376814;377144;387483,+;+;+,10578,75094,75092,75101,76286,76242,67612,71365,67610,76242
GENE.3754,chr12;chr12,388545;389040,388910;389147,+;+,474,358,358,358,369,371,338,341,338,371
GENE.3755,chr12,390932,395626,+,4695,0,0,5,0,34,10,149,10,34
GENE.3756,chr12,395986,401247,-,5262,1454,1455,1458,1458,1535,1278,1363,1278,1534
GENE.3757,chr12,402300,402527,+,228,0,0,0,0,1,0,0,0,1
GENE.3758,chr12;chr12;chr12,403350;404538;404785,404435;404618;404814,+;+;+,1197,2652,2652,2652,2666,2709,2229,2571,2229,2709
GENE.3759,chr12,405608,409150,-,3543,6030,6032,6051,6182,6198,5197,5547,5197,6186
GENE.376,chr2,469790,473491,+,3702,0,0,0,0,6,0,1,0,6
GENE.3760,chr12,415404,419732,+,4329,16036,16036,16040,16224,16354,14302,15820,14302,16354
GENE.3761,chr12;chr12,421371;421977,421649;422201,-;-,504,0,0,1,0,0,0,0,0,0
GENE.3762,chr12,423462,426011,-,2550,6824,6824,6826,6884,6986,5860,6406,5860,6986
GENE.3763,chr12;chr12;chr12;chr12,427272;427486;427721;427910,427386;427557;427791;427978,+;+;+;+,327,0,0,0,0,2,0,0,0,2
GENE.3764,chr12,428495,432880,-,4386,11578,11582,11661,11898,11888,10278,10824,10272,11882
GENE.3765,chr12,436092,438470,+,2379,0,0,1,0,12,2,57,2,12
GENE.3766,chr12;chr12;chr12,439711;439852;442055,439738;441884;442858,+;+;+,2865,12466,12466,12466,12670,12764,11018,11681,11018,12764
GENE.3767,chr12;chr12;chr12;chr12,439711;439852;441085;442055,439738;440898;441884;442858,+;+;+;+,2679,12070,12069,12070,12268,12357,10630,11281,10630,12357
GENE.3768,chr12,443680,444987,+,1308,0,0,0,0,2,0,0,0,2
GENE.3769,chr12;chr12;chr12;chr12;chr12;chr12;chr12,445625;445757;446209;446521;446646;447050;447225,445642;446041;446403;446546;446687;447084;447268,+;+;+;+;+;+;+,645,0,0,0,0,6,0,0,0,6
GENE.377,chr2,475242,477074,+,1833,5024,5025,5024,5038,5299,3877,4785,3877,5299
GENE.3770,chr12,447381,447950,-,570,106,106,106,106,116,94,96,94,116
GENE.3771,chr12,448772,451339,-,2568,24010,24010,24012,24080,24505,21958,23297,21958,24505
GENE.3772,chr12;chr12,452595;453386,453171;453828,+;+,1020,516,516,516,524,533,487,491,487,533
GENE.3773,chr12,455304,456236,-,933,2544,2544,2547,2562,2582,2303,2434,2303,2582
GENE.3774,chr12,458677,461679,-,3003,7238,7238,7240,7280,7342,5816,6762,5814,7342
GENE.3775,chr12,465115,465744,+,630,0,0,1,0,21,0,0,0,21
GENE.3776,chr12,466602,469307,-,2706,5648,5648,5654,5674,5786,5140,5431,5140,5786
GENE.3777,chr12,470229,471545,+,1317,5702,5702,5701,5742,5714,5442,5543,5442,5714
GENE.3778,chr12,472260,475457,-,3198,1188,1188,1189,1198,1210,1104,1116,1104,1210
GENE.3779,chr12;chr12;chr12,476577;476778;476948,476680;476831;478370,-;-;-,1581,622,622,625,634,629,536,597,536,629
GENE.378,chr2;chr2;chr2,477432;478927;479089,478704;479003;479091,-;-;-,1353,2245,2245,2247,2258,2265,2115,2157,2115,2265
GENE.3780,chr12,479489,479588,-,100,0,0,0,0,0,0,0,0,0
GENE.3781,chr12;chr12;chr12;chr12;chr12;chr12;chr12;chr12,480593;481540;481782;481959;482180;482343;482563;482708,481389;481657;481880;482000;482239;482393;482622;482806,+;+;+;+;+;+;+;+,1326,1167,1167,1167,1193,1192,1092,1219,1092,1192
GENE.3782,chr12;chr12;chr12,484065;484285;484699,484187;484492;489902,+;+;+,5535,12172,12180,12213,13048,12576,10498,11611,10498,12576
GENE.3783,chr12,490862,491557,+,696,1578,1578,1578,1588,1794,1229,1491,1229,1794
GENE.3784,chr12,491893,497388,-,5496,0,0,1,0,28,0,8,0,28
GENE.3785,chr12;chr12;chr12;chr12,498524;498690;498877;502184,498591;498765;502094;502229,-;-;-;-,3408,942,942,942,962,979,850,881,850,979
GENE.3786,chr12;chr12;chr12;chr12,505344;505685;505958;506400,505449;505786;506221;506662,+;+;+;+,735,301,301,301,307,306,280,295,280,306
GENE.3787,chr12,507808,508971,-,1164,0,0,0,0,25,0,0,0,25
GENE.3788,chr12;chr12,510323;519288,519058;519437,+;+,8886,24632,24632,24638,24774,24982,21940,24034,21940,24982
GENE.3789,chr12;chr12;chr12;chr12,521687;523808;524190;524401,523638;523952;524299;524470,+;+;+;+,2277,540,540,541,544,558,440,501,440,558
GENE.379,chr2;chr2;chr2,480100;480783;481194,480595;480983;481432,+;+;+,936,230,230,230,240,240,196,217,196,240
GENE.3790,chr12;chr12,526109;526663,526136;527780,+;+,1146,3344,5646,6273,14060,11000,8387,2899,1217,10984
GENE.3791,chr12,529005,532799,-,3795,8960,8958,8961,9016,9166,7864,8482,7864,9166
GENE.3792,chr12;chr12;chr12,534912;535231;535619,535061;535401;535915,-;-;-,618,0,0,0,0,2,0,0,0,2
GENE.3793,chr12,536951,538627,+,1677,0,0,13,0,15,0,84,0,15
GENE.3794,chr12,540725,542932,-,2208,0,0,0,0,7,0,40,0,7
GENE.3795,chr12;chr12;chr12;chr12;chr12;chr12;chr12;chr12;chr12,543518;543756;544004;544359;544934;545455;547752;548084;548373,543611;543857;544219;544638;545259;547656;547986;548224;548532,+;+;+;+;+;+;+;+;+,3756,0,1,0,0,13,0,17,0,13
GENE.3796,chr12,549888,550910,+,1023,210,210,210,212,219,200,202,200,219
GENE.3797,chr12,552102,553853,-,1752,0,0,0,0,15,0,0,0,15
GENE.3798,chr12;chr12;chr12;chr12,555820;556000;556318;556679,555900;556147;556460;556762,-;-;-;-,456,31,30,31,34,35,30,31,30,35
GENE.3799,chr12;chr12;chr12,556085;556318;556679,556136;556460;556762,-;-;-,279,25,24,25,28,29,24,25,24,29
GENE.38,chrX,17,88,-,72,0,0,0,0,0,0,0,0,0
GENE.380,chr2,483436,488970,+,5535,0,0,1,0,36,0,127,0,36
GENE.3800,chr12,558047,562180,-,4134,16990,16992,16993,17046,17530,15496,15943,15467,17530
GENE.3801,chr12,565966,566931,+,966,0,0,2,0,2,0,0,0,2
GENE.3802,chr12,568569,571835,-,3267,0,0,1,0,16,0,45,0,16
GENE.3803,chr12,575540,576292,+,753,598,598,598,650,606,572,813,572,606
GENE.3804,chr12,576417,576580,-,164,0,0,0,0,0,0,0,0,0
GENE.3805,chr12,577529,578365,+,837,174,174,174,174,174,169,169,169,174
GENE.3806,chr12;chr12,578470;578760,578647;578917,-;-,336,14,14,14,14,15,14,14,14,15
GENE.3807,chr12,579595,581325,-,1731,6862,6862,6863,6872,6982,5786,6364,5786,6982
GENE.3808,chr12;chr12,583089;584889,584750;585323,+;+,2097,0,0,1,0,14,0,10,0,14
GENE.3809,chr12,586809,587090,+,282,0,0,0,0,1,0,0,0,1
GENE.381,chr2;chr2,489904;490125,489977;490818,-;-,768,0,0,0,0,5,0,0,0,5
GENE.3810,chr12;chr12;chr12,588128;588541;588824,588260;588686;588982,-;-;-,438,142,142,142,146,152,136,140,136,152
GENE.3811,chr12,590194,592434,-,2241,5096,5096,5097,5106,5203,4363,4823,4363,5203
GENE.3812,chr12;chr12,595167;595448,595251;598776,-;-,3414,2134,2134,2135,2138,2159,1929,2041,1929,2159
GENE.3813,chr12;chr12,600954;601317,601146;601564,-;-,441,663,663,663,665,669,641,670,641,669
GENE.3814,chr12;chr12;chr12;chr12,602428;605428;606680;606852,605267;606525;606752;606962,+;+;+;+,4122,0,0,1,0,31,0,28,0,30
GENE.3815,chr12;chr12,607379;607581,607489;608006,-;-,537,556,556,556,558,589,461,519,461,589
GENE.3816,chr12;chr12,608542;609181,609010;610013,-;-,1302,0,0,0,0,16,0,1,0,16
GENE.3817,chr12;chr12,610271;610458,610321;610769,-;-,363,6,6,6,6,11,5,5,5,11
GENE.3818,chr12;chr12;chr12;chr12;chr12;chr12,611892;612243;612485;612658;612861;613098,612114;612392;612513;612747;612898;613128,+;+;+;+;+;+,561,0,0,0,0,1,0,0,0,1
GENE.3819,chr12;chr12;chr12;chr12;chr12,613561;613804;614030;614275;614565,613675;613933;614133;614392;614574,-;-;-;-;-,477,26,26,26,26,27,25,24,25,27
GENE.382,chr2;chr2;chr2,492616;492831;493252,492689;492985;494306,+;+;+,1284,3400,3399,3400,3408,3446,3109,3170,3109,3446
GENE.3820,chr12,615636,616100,+,465,198,198,198,198,202,186,194,186,202
GENE.3821,chr12;chr12;chr12,616782;617032;617238,616910;617082;617387,+;+;+,330,3,3,3,3,7,3,3,3,7
GENE.3822,chr12;chr12;chr12;chr12;chr12,618764;619043;619359;619712;620028,618940;619156;619562;619870;620111,+;+;+;+;+,738,0,0,0,0,7,0,0,0,7
GENE.3823,chr12,621125,621775,+,651,118,118,118,118,125,111,115,111,125
GENE.3824,chr12;chr12,623126;626177,625890;626273,+;+,2862,5325,5324,5326,5366,5404,4771,5218,4771,5404
GENE.3825,chr12,627361,628203,+,843,950,950,950,960,958,901,986,901,958
GENE.3826,chr12;chr12;chr12,629009;629318;629665,629185;629449;629667,-;-;-,312,0,0,0,0,9,0,0,0,9
GENE.3827,chr12,631161,633011,-,1851,0,1,11,0,16,2,0,2,16
GENE.3828,chr12;chr12;chr12,633892;634253;634495,633951;634351;634545,-;-;-,210,16,16,16,16,17,16,15,16,17
GENE.3829,chr12,635035,635457,+,423,290,290,290,290,316,226,278,226,316
GENE.383,chr2;chr2;chr2,495166;495882;501855,495681;501641;507854,-;-;-,12276,0,3,6,0,46,1,51,1,44
GENE.3830,chr12,635538,638879,-,3342,2146,2146,2149,2158,2181,1955,2106,1955,2180
GENE.3831,chr12,639395,640495,+,1101,514,514,514,518,537,418,514,418,535
GENE.3832,chr12,641552,643519,+,1968,0,0,3,0,3,0,62,0,3
GENE.3833,chr12,644539,646395,+,1857,16490,16490,16490,16556,16936,13773,14760,13773,16936
GENE.3834,chr12,646979,647860,+,882,0,0,0,0,4,0,20,0,4
GENE.3835,chr12;chr12;chr12;chr12;chr12,648889;649105;649660;649969;650388,648933;649563;649791;650271;650552,+;+;+;+;+,1104,2008,2008,2008,2049,2063,1830,1893,1830,2063
GENE.3836,chr12,651398,651856,-,459,100,100,100,100,101,87,93,87,101
GENE.3837,chr12,653670,656435,+,2766,0,0,0,0,6,0,42,0,6
GENE.3838,chr12,657339,658004,-,666,0,0,0,0,3,0,0,0,3
GENE.3839,chr12,659738,660286,-,549,290,290,290,290,292,246,272,246,292
GENE.384,chr2;chr2,509525;516327,516077;521746,+;+,11973,4516,4516,4529,4556,4581,4122,4331,4122,4581
GENE.3840,chr12,663061,666282,+,3222,0,0,1,0,18,0,46,0,18
GENE.3841,chr12,666884,666955,+,72,0,0,0,0,0,0,0,0,0
GENE.3842,chr12,670447,673266,+,2820,718,719,722,718,747,626,782,626,747
GENE.3843,chr12,674349,674777,-,429,0,0,0,0,1,0,0,0,1
GENE.3844,chr12;chr12;chr12;chr12;chr12;chr12;chr12;chr12,675456;675766;675941;676176;676428;676646;676972;677228,675558;675825;676073;676226;676514;676814;677003;677576,-;-;-;-;-;-;-;-,984,303,303,303,312,310,251,273,251,310
GENE.3845,chr12;chr12;chr12;chr12;chr12;chr12;chr12,675456;675941;676176;676428;676646;676972;677228,675558;676073;676226;676514;676814;677003;677576,-;-;-;-;-;-;-,924,299,299,299,308,306,247,269,247,306
GENE.3846,chr12,678602,681961,+,3360,0,0,0,0,13,0,25,0,13
GENE.3847,chr12,682837,685722,+,2886,254,254,295,422,425,240,257,240,425
GENE.3848,chr12,686307,688871,-,2565,1022,1003,1023,1030,1047,869,1008,869,1047
GENE.3849,chr12,693067,693711,+,645,308,308,308,312,335,221,302,221,335
GENE.385,chr2;chr2,522931;523471,523154;523999,+;+,753,0,0,1,0,4,0,0,0,4
GENE.3850,chr12,695559,696455,+,897,342,342,342,344,347,330,334,330,347
GENE.3851,chr12,696895,698457,-,1563,7124,7118,7087,7374,7271,6203,6454,6203,7271
GENE.3852,chr12,698771,699013,-,243,0,0,0,0,1,0,0,0,1
GENE.3853,chr12;chr12;chr12,700531;700722;700905,700583;700813;702211,+;+;+,1452,120,120,120,122,131,97,109,97,131
GENE.3854,chr12,703895,704953,+,1059,0,0,0,0,2,0,0,0,2
GENE.3855,chr12;chr12;chr12;chr12;chr12,706227;707282;707635;707976;708142,707148;707464;707790;708051;708196,+;+;+;+;+,1392,1230,1230,1230,1230,1241,1147,1187,1147,1241
GENE.3856,chr12;chr12;chr12,708936;709182;709397,708983;709269;715665,-;-;-,6405,23964,23964,23975,24056,24382,20049,22489,20049,24382
GENE.3857,chr12,717955,719820,+,1866,4276,4276,4279,4306,4365,3796,4089,3796,4364
GENE.3858,chr12;chr12;chr12;chr12;chr12;chr12;chr12;chr12;chr12;chr12,720886;721098;721339;721587;721723;721990;722175;722304;722555;722762,720978;721168;721449;721628;721856;722051;722212;722429;722627;723448,-;-;-;-;-;-;-;-;-;-,1437,2145,2145,2145,2191,2162,1914,2083,1914,2162
GENE.3859,chr12;chr12;chr12;chr12;chr12,725841;726037;726219;726527;729189,725863;726112;726370;728812;729837,-;-;-;-;-,3186,6245,6242,6246,6369,6450,5537,5989,5537,6450
GENE.386,chr2,524700,526043,-,1344,4162,4162,4162,4172,4168,3916,3962,3916,4168
GENE.3860,chr12;chr12;chr12;chr12;chr12;chr12;chr12,732174;732321;732579;732840;733086;733330;734830,732218;732447;732681;732929;733205;734487;734959,-;-;-;-;-;-;-,1773,14792,14790,14792,14905,15008,11674,14006,11674,15008
GENE.3861,chr12,736335,737825,-,1491,1028,1028,1030,1030,1065,915,975,915,1065
GENE.3862,chr12;chr12;chr12;chr12;chr12;chr12;chr12;chr12,738357;738886;739048;739214;739468;739604;739742;740084,738730;738954;739107;739262;739524;739646;739967;740255,-;-;-;-;-;-;-;-,1050,914,914,915,940,1018,841,887,841,1018
GENE.3863,chr12,740994,743147,-,2154,1438,1438,1440,1464,1489,1068,1259,1068,1480
GENE.3864,chr12,746002,754926,+,8925,0,0,2,0,47,0,52,0,47
GENE.3865,chr12,757649,763642,+,5994,0,0,4,0,27,1,315,1,27
GENE.3866,chr12,764448,765151,+,704,1406,1406,1406,1438,1415,1240,1370,1240,1415
GENE.3867,chr12;chr12,766654;768756,767982;774197,-;-,6771,13220,13220,13220,13244,13396,11431,12352,11431,13396
GENE.3868,chr12;chr12;chr12,776510;778065;778834,778062;778831;779933,-;-;-,3420,0,0,0,0,9,0,0,0,9
GENE.3869,chr12,784018,784830,+,813,332,332,332,332,350,279,313,279,350
GENE.387,chr2,528249,531923,+,3675,18746,18746,18747,18850,19032,17006,17858,17006,19032
GENE.3870,chr12;chr12;chr12;chr12,785571;785811;786023;790624,785663;785885;790472;790673,-;-;-;-,4668,0,0,15,0,26,4,0,4,26
GENE.3871,chr12,792877,793449,-,573,278,278,278,280,282,219,245,219,282
GENE.3872,chr12,795157,795318,+,162,0,0,0,0,0,0,0,0,0
GENE.3873,chr12,796500,797183,+,684,1436,1436,1437,1442,1476,1316,1432,1316,1476
GENE.3874,chr12,798304,799611,-,1308,7140,7140,7145,7244,7475,5896,6903,5896,7475
GENE.3875,chr12,802544,804400,+,1857,72,72,74,72,92,66,75,66,92
GENE.3876,chr12;chr12;chr12;chr12;chr12;chr12;chr12;chr12,804963;805081;805414;805492;805933;806425;806470;806584,805078;805412;805489;805930;806422;806467;806582;806698,-;-;-;-;-;-;-;-,1724,2254,2254,2254,2382,2275,1735,2166,1735,2275
GENE.3877,chr12;chr12;chr12;chr12;chr12,807560;808039;815431;815911;816166,807903;815317;815782;816014;816204,+;+;+;+;+,8118,31218,31218,31221,31440,31725,27257,30009,27256,31725
GENE.3878,chr12,816909,818468,+,1560,0,0,0,0,4,0,4,0,4
GENE.3879,chr12,818703,819659,-,957,476,476,479,492,478,416,442,416,478
GENE.388,chr2,533253,534350,+,1098,0,0,0,0,17,1,0,1,17
GENE.3880,chr12;chr12;chr12;chr12,820586;821074;821529;822013,820814;821425;821778;822198,+;+;+;+,1017,0,0,1,0,5,0,0,0,5
GENE.3881,chr12;chr12;chr12;chr12,822958;823586;823870;824145,823234;823681;823985;824204,-;-;-;-,549,366,365,366,382,369,338,350,338,369
GENE.3882,chr12,825697,827712,-,2016,0,1,1,0,5,0,7,0,5
GENE.3883,chr12,831252,832052,-,801,752,752,752,762,757,631,709,631,757
GENE.3884,chr12,836912,843901,-,6990,2890,2890,2899,2924,3004,2571,2782,2571,2995
GENE.3885,chr12;chr12;chr12;chr12;chr12;chr12;chr12;chr12;chr12;chr12,847437;847635;847891;848025;848183;848476;848679;848849;849008;849145,847539;847717;847927;848062;848367;848573;848746;848920;849067;849183,+;+;+;+;+;+;+;+;+;+,783,0,0,0,0,10,0,0,0,10
GENE.3886,chr12;chr12;chr12;chr12,849840;850073;850302;850577,849867;850188;850402;850652,+;+;+;+,321,0,0,1,0,0,0,0,0,0
GENE.3887,chr12;chr12;chr12;chr12;chr12;chr12;chr12;chr12;chr12,851012;851900;852122;852353;852740;853099;853971;854267;854518,851720;851970;852195;852486;852815;853774;854050;854360;854739,-;-;-;-;-;-;-;-;-,2136,1927,1927,1927,1981,1987,1655,1819,1655,1987
GENE.3888,chr12,857097,858671,+,1575,0,0,0,0,8,0,0,0,8
GENE.3889,chr12,860262,862790,+,2529,1512,1512,1515,1524,1539,1329,1491,1329,1539
GENE.389,chr2,535646,536146,+,501,466,466,466,468,498,417,441,417,498
GENE.3890,chr12,863810,865186,+,1377,0,0,8,0,5,0,169,0,3
GENE.3891,chr12;chr12,865726;868488,868373;868581,+;+,2742,2632,2632,2633,2682,2650,2459,2521,2459,2650
GENE.3892,chr12,869260,871368,+,2109,74,74,76,76,104,63,67,63,104
GENE.3893,chr12,872361,874940,-,2580,0,0,0,0,5,0,1,0,5
GENE.3894,chr12,876916,878625,-,1710,0,0,1,0,7,1,0,1,7
GENE.3895,chr12,879630,881186,-,1557,3842,3842,3844,3848,3964,3262,3636,3262,3964
GENE.3896,chr12,881970,882114,-,145,0,0,0,0,0,0,0,0,0
GENE.3897,chr12,883567,886032,-,2466,4564,4564,4564,4628,4619,4296,4439,4296,4619
GENE.3898,chr12,890581,898257,+,7677,45176,45161,45158,45434,46605,38813,43064,38720,46601
GENE.3899,chr12;chr12;chr12;chr12;chr12;chr12;chr12,899198;899552;899690;899862;900052;900279;900959,899442;899618;899741;899938;900137;900377;901076,-;-;-;-;-;-;-,744,1800,1800,1800,1823,1811,1709,1728,1709,1811
GENE.39,chrX,236,1662,-,1427,552,550,552,552,580,518,516,518,580
GENE.390,chr2;chr2;chr2,537789;538286;538849,537797;538691;539420,+;+;+,987,2415,2415,2415,2439,2428,2247,2275,2247,2428
GENE.3900,chr12,907203,914501,+,7299,0,2,30,0,30,2,845,2,29
GENE.3901,chr12,918722,919336,+,615,1528,1528,1528,1536,1528,1277,1331,1277,1528
GENE.3902,chr12;chr12;chr12;chr12;chr12;chr12;chr12,920790;921058;921262;921598;921900;922147;922291,920927;921111;921375;921806;921984;922212;922416,-;-;-;-;-;-;-,792,0,0,0,0,9,0,0,0,9
GENE.3903,chr12;chr12,923527;925090,924923;925198,+;+,1506,1478,1478,1478,1500,1507,1300,1380,1300,1507
GENE.3904,chr12;chr12;chr12;chr12,925375;925513;925842;926127,925416;925709;925884;926249,-;-;-;-,405,604,604,604,638,610,468,535,468,610
GENE.3905,chr12;chr12;chr12,927825;929035;929972,928825;929339;929991,-;-;-,1326,0,0,0,0,8,0,1,0,8
GENE.3906,chr12,932917,934281,+,1365,0,0,1,0,4,1,0,1,4
GENE.3907,chr12,934971,938639,-,3669,17198,17198,17202,17288,17698,16098,16627,16098,17698
GENE.3908,chr12;chr12;chr12;chr12;chr12;chr12,941125;944949;945449;945926;946392;946620,944802;945251;945802;946233;946479;946745,+;+;+;+;+;+,4857,13792,13792,13793,13946,13923,12423,13155,12423,13923
GENE.3909,chr12;chr12;chr12;chr12,946864;947056;947400;947689,946905;947135;947514;960969,-;-;-;-,13518,0,0,12,0,61,0,22,0,61
GENE.391,chr2;chr2,540409;540877,540696;540969,-;-,381,14,14,14,14,15,14,14,14,15
GENE.3910,chr12;chr12,962631;966956,966777;967491,-;-,4683,20218,20218,20236,20268,20317,18357,18972,18357,20315
GENE.3911,chr12;chr12,968980;969954,969681;970073,+;+,822,0,0,0,0,5,0,0,0,5
GENE.3912,chr12,971268,972194,+,927,1040,1040,1041,1050,1048,960,1015,960,1048
GENE.3913,chr12,972710,973393,-,684,906,906,906,914,923,741,873,741,923
GENE.3914,chr12,974372,975541,+,1170,1278,1278,1278,1300,1309,1012,1240,1012,1309
GENE.3915,chr12;chr12;chr12;chr12,976820;977050;977372;977767,976926;977232;977537;977889,-;-;-;-,579,0,0,0,0,2,0,0,0,2
GENE.3916,chr12;chr12;chr12;chr12;chr12,981301;983673;984011;984259;984412,983370;983843;984118;984305;984475,+;+;+;+;+,2460,0,0,0,0,15,0,0,0,15
GENE.3917,chr12,988628,991255,+,2628,6076,6077,6076,6092,6192,5612,5812,5612,6192
GENE.3918,chr12;chr12,994255;995751,995354;996438,+;+,1788,1641,1641,1642,1691,1650,1476,1587,1476,1650
GENE.3919,chr12;chr12,998353;998712,998610;999275,+;+,822,0,0,0,0,4,0,4,0,4
GENE.392,chr2;chr2;chr2,541086;541224;541445,541131;541310;541548,-;-;-,237,0,0,0,0,1,0,0,0,1
GENE.3920,chr12;chr12;chr12;chr12;chr12,1000679;1000873;1001227;1001456;1001837,1000795;1000981;1001313;1001729;1001945,-;-;-;-;-,696,0,0,0,0,4,1,0,1,4
GENE.3921,chr12,1003201,1007586,-,4386,11646,11646,11652,11686,11802,9453,10892,9453,11800
GENE.3922,chr12,1009289,1010251,+,963,508,508,508,512,510,479,484,479,510
GENE.3923,chr12;chr12,1010832;1011287,1011096;1011342,-;-,321,0,0,0,0,2,0,0,0,2
GENE.3924,chr12;chr12;chr12,1012310;1012558;1014395,1012400;1014199;1017848,-;-;-,5187,0,0,2,0,9,0,8,0,9
GENE.3925,chr12;chr12;chr12;chr12,1018506;1018930;1020154;1023921,1018780;1019965;1023845;1024008,+;+;+;+,5091,0,0,0,0,19,1,6,1,19
GENE.3926,chr12,1024455,1028018,-,3564,5770,5770,5774,5824,6019,4907,5488,4907,5991
GENE.3927,chr12;chr12,1029862;1031178,1030691;1031388,+;+,1041,7138,7135,7138,7265,7250,5943,6402,5943,7250
GENE.3928,chr12,1031825,1032565,-,741,0,0,1,20,2,0,0,0,2
GENE.3929,chr12;chr12,1033551;1034866,1034635;1035112,+;+,1332,0,0,0,0,4,0,28,0,4
GENE.393,chr2;chr2;chr2;chr2,541811;542425;543101;543724,541919;542933;543430;543807,+;+;+;+,1032,9,9,10,9,15,9,9,9,15
GENE.3930,chr12;chr12;chr12;chr12;chr12,1035261;1035417;1035571;1035955;1036217,1035316;1035486;1035731;1036074;1038155,-;-;-;-;-,2346,2355,2355,2356,2445,2376,2020,2213,2020,2376
GENE.3931,chr12,1039410,1043915,-,4506,8818,8818,8819,8830,9027,7666,8280,7666,9017
GENE.3932,chr12;chr12;chr12,1045995;1046279;1049560,1046018;1049405;1049831,+;+;+,3423,10692,10692,10692,10731,10808,9366,9973,9366,10808
GENE.3933,chr12,1050280,1052400,-,2121,0,0,3,0,6,1,6,1,6
GENE.3934,chr12;chr12,1053296;1053844,1053583;1056282,-;-,2727,22759,22759,22760,22893,22922,20048,21648,20048,22922
GENE.3935,chr12,1058202,1059152,+,951,994,994,994,998,997,955,969,955,997
GENE.3936,chr12,1059718,1061469,-,1752,1400,1400,1402,1400,1476,1221,1284,1221,1476
GENE.3937,chr12,1065796,1066683,+,888,462,462,462,462,466,442,448,442,466
GENE.3938,chr12;chr12;chr12;chr12;chr12,1067470;1067662;1067850;1069526;1071070,1067508;1067707;1069048;1070572;1071309,-;-;-;-;-,2571,5408,5408,5409,5674,5496,4475,5112,4475,5496
GENE.3939,chr12,1072459,1076976,+,4518,0,0,3,0,37,2,140,2,37
GENE.394,chr2;chr2;chr2;chr2;chr2,543802;544050;544624;545563;545812,543891;544386;545409;545648;545895,-;-;-;-;-,1383,3473,3473,3473,3502,3519,2955,3240,2955,3519
GENE.3940,chr12;chr12,1077868;1078598,1078483;1078776,-;-,795,0,0,0,0,4,0,0,0,4
GENE.3941,chr12,1081198,1083108,+,1911,5994,5994,5994,6022,6212,4717,5694,4717,6212
GENE.3942,chr12;chr12;chr12;chr12;chr12,1085387;1085858;1086685;1086909;1087193,1085467;1086583;1086795;1087064;1087264,+;+;+;+;+,1146,0,0,1,0,2,0,0,0,2
GENE.3943,chr12,1088536,1090023,-,1488,3320,3320,3320,3328,3388,2819,3166,2819,3388
GENE.3944,chr12,1092160,1092651,-,492,0,0,0,0,5,0,0,0,5
GENE.3945,chr12,1093543,1095771,-,2229,9674,9674,9674,9688,9892,8534,9263,8534,9892
GENE.3946,chr12;chr12,1098129;1104197,1104002;1104223,+;+,5901,9106,9106,9112,9162,9297,8078,8837,8078,9297
GENE.3947,chr12,1105251,1108739,+,3489,11228,11229,11233,11356,11438,9963,10865,9963,11438
GENE.3948,chr12,1109151,1112669,-,3519,0,0,24,0,34,0,8,0,23
GENE.3949,chr12;chr12,1114025;1114925,1114767;1121093,-;-,6912,14128,14127,14143,14444,14269,13050,13434,13050,14269
GENE.395,chr2;chr2;chr2;chr2;chr2;chr2;chr2;chr2;chr2;chr2;chr2;chr2,546482;546928;547175;547426;547638;547846;548039;548369;548583;548861;549432;553897,546784;547043;547307;547548;547757;547890;548216;548431;548708;549258;553685;555294,-;-;-;-;-;-;-;-;-;-;-;-,7257,0,0,13,0,14,1,0,1,14
GENE.3950,chr12;chr12,1124788;1128124,1127918;1128340,+;+,3348,10045,10045,10137,11060,10610,9198,9783,9198,10605
GENE.3951,chr12;chr12;chr12,1128939;1129870;1131137,1129712;1130861;1131686,-;-;-,2316,0,0,3,0,14,0,74,0,14
GENE.3952,chr12,1134370,1137648,-,3279,0,1,0,0,10,1,0,1,10
GENE.3953,chr12,1138608,1140302,+,1695,8750,8755,9153,11164,10666,9370,8481,9370,10666
GENE.3954,chr12,1140943,1141386,+,444,330,330,330,338,334,293,324,293,334
GENE.3955,chr12;chr12;chr12,1141583;1142301;1142922,1142199;1142754;1143194,-;-;-,1344,3557,3557,3559,3603,3598,2820,3130,2820,3598
GENE.3956,chr12,1143660,1146116,+,2457,0,0,6,0,8,0,45,0,8
GENE.3957,chr12;chr12,1148111;1151233,1151055;1151461,+;+,3174,6440,6440,6447,6854,6635,6881,6283,5523,6527
GENE.3958,chr12,1153352,1157557,+,4206,11032,14790,16735,13428,12599,17215,10233,17215,12599
GENE.3959,chr12;chr12;chr12,1158554;1158709;1158953,1158582;1158799;1160062,+;+;+,1230,4319,4319,4318,4403,4480,3414,4134,3414,4480
GENE.396,chr2;chr2,557048;557523,557338;557696,+;+,465,556,556,556,569,559,534,539,534,559
GENE.3960,chr12,1160729,1162960,-,2232,10916,10585,10916,10952,11100,9135,9990,9123,11096
GENE.3961,chr12;chr12,1165508;1168931,1168697;1169148,+;+,3408,10310,10310,10314,10444,10540,9337,9821,9337,10539
GENE.3962,chr12,1169557,1179186,-,9630,0,0,25,6,80,0,129,0,76
GENE.3963,chr12;chr12;chr12;chr12;chr12;chr12;chr12;chr12;chr12;chr12;chr12;chr12;chr12;chr12;chr12;chr12;chr12;chr12;chr12;chr12;chr12,1180670;1180921;1181101;1181381;1181550;1181769;1181969;1182255;1182410;1182591;1182793;1183040;1183211;1183572;1183733;1184027;1184353;1184517;1184676;1184899;1185235,1180760;1180988;1181232;1181457;1181618;1181853;1182130;1182275;1182478;1182716;1182897;1183103;1183421;1183632;1183930;1184167;1184412;1184564;1184763;1185056;1185483,-;-;-;-;-;-;-;-;-;-;-;-;-;-;-;-;-;-;-;-;-,2283,1503,1502,1503,1525,1515,1271,1367,1271,1515
GENE.3964,chr12,1186415,1191919,+,5505,0,0,0,0,17,0,15,0,17
GENE.3965,chr12,1192888,1199214,-,6327,22038,22038,22050,22136,22329,19865,20897,19865,22329
GENE.3966,chr12,1203582,1204752,+,1171,3954,3954,3954,4122,3957,3676,3789,3676,3957
GENE.3967,chr12,1204991,1207963,+,2973,0,0,1,0,16,0,114,0,16
GENE.3968,chr12;chr12,1208912;1209271,1208990;1209542,+;+,351,11,11,11,11,14,11,11,11,14
GENE.3969,chr12;chr12,1211788;1212022,1211874;1213563,+;+,1629,4965,4965,4965,4982,5111,3925,4553,3925,5111
GENE.397,chr2,558585,560594,+,2010,0,0,0,0,12,0,111,0,12
GENE.3970,chr12;chr12,1214043;1214321,1214139;1217715,-;-,3492,0,0,2,0,21,0,121,0,21
GENE.3971,chr12;chr12;chr12,1218181;1218486;1218692,1218261;1218578;1218766,+;+;+,249,0,0,0,0,0,0,0,0,0
GENE.3972,chr12;chr12;chr12;chr12,1219136;1219363;1219634;1226219,1219222;1219432;1226054;1226465,-;-;-;-,6825,0,1,7,0,24,0,2,0,24
GENE.3973,chr12;chr12;chr12;chr12;chr12;chr12;chr12;chr12;chr12;chr12;chr12;chr12;chr12;chr12;chr12;chr12;chr12;chr12;chr12;chr12;chr12;chr12;chr12;chr12,1228063;1228466;1228776;1228936;1229193;1229345;1229499;1229650;1229792;1229989;1230237;1230511;1230672;1230901;1231110;1231269;1231550;1231694;1231853;1232057;1232200;1232457;1232723;1232970,1228377;1228549;1228853;1229079;1229249;1229402;1229545;1229677;1229832;1230085;1230325;1230569;1230744;1230999;1231180;1231392;1231618;1231750;1231917;1232105;1232323;1232560;1232827;1233005,-;-;-;-;-;-;-;-;-;-;-;-;-;-;-;-;-;-;-;-;-;-;-;-,2073,0,2,0,0,4,0,0,0,4
GENE.3974,chr12;chr12;chr12;chr12;chr12;chr12;chr12;chr12;chr12;chr12;chr12;chr12;chr12;chr12;chr12;chr12;chr12;chr12;chr12;chr12;chr12;chr12;chr12,1228063;1228466;1228776;1228936;1229345;1229499;1229650;1229792;1229989;1230237;1230511;1230672;1230901;1231110;1231269;1231550;1231694;1231853;1232057;1232200;1232457;1232723;1232970,1228377;1228549;1228853;1229079;1229402;1229545;1229677;1229832;1230085;1230325;1230569;1230744;1230999;1231180;1231392;1231618;1231750;1231917;1232105;1232323;1232560;1232827;1233005,-;-;-;-;-;-;-;-;-;-;-;-;-;-;-;-;-;-;-;-;-;-;-,2016,0,2,0,0,4,0,0,0,4
GENE.3975,chr12;chr12;chr12;chr12;chr12;chr12;chr12;chr12;chr12;chr12;chr12,1233696;1234050;1234391;1234715;1234905;1235195;1235565;1235767;1236114;1236376;1241189,1233934;1234227;1234529;1234790;1235014;1235360;1235649;1235957;1236241;1240970;1241287,+;+;+;+;+;+;+;+;+;+;+,6006,42932,43015,43715,47694,47655,41798,40991,40813,47655
GENE.3976,chr12,1242025,1243599,-,1575,3148,3148,3150,3158,3216,2702,2925,2702,3216
GENE.3977,chr12;chr12;chr12,1245535;1245921;1248520,1245634;1248517;1249170,+;+;+,3348,0,1,2,0,15,0,13,0,15
GENE.3978,chr12;chr12,1249768;1250037,1249923;1250657,-;-,777,1238,1238,1238,1248,1243,1211,1222,1211,1243
GENE.3979,chr12;chr12;chr12;chr12;chr12,1251914;1252354;1252591;1252818;1253005,1252224;1252480;1252629;1252901;1253067,-;-;-;-;-,624,175,175,175,175,186,170,171,170,186
GENE.398,chr2,561122,564622,-,3501,6208,6209,6211,6448,6423,5179,5915,5173,6421
GENE.3980,chr12,1253973,1255481,-,1509,0,0,0,0,6,0,0,0,6
GENE.3981,chr12;chr12,1256690;1257210,1256925;1258104,+;+,1131,0,0,0,0,2,0,0,0,2
GENE.3982,chr12,1259620,1262088,+,2469,2142,2142,2144,2148,2203,1789,2243,1789,2203
GENE.3983,chr12;chr12,1263661;1263929,1263750;1265593,+;+,1755,0,0,5,0,5,0,40,0,5
GENE.3984,chr12,1267368,1270181,+,2814,0,0,2,0,16,0,2,0,16
GENE.3985,chr12;chr12;chr12;chr12;chr12;chr12;chr12;chr12,1271140;1271254;1271444;1271651;1271809;1271959;1272176;1272655,1271154;1271313;1271566;1271712;1271858;1272065;1272488;1274855,+;+;+;+;+;+;+;+,2931,0,1,28,0,9,0,99,0,7
GENE.3986,chr12;chr12;chr12;chr12;chr12;chr12;chr12,1276257;1276437;1276750;1276973;1277287;1277491;1277688,1276305;1276575;1276833;1277174;1277355;1277542;1277734,+;+;+;+;+;+;+,642,383,383,383,391,385,368,372,368,385
GENE.3987,chr12,1278460,1279611,-,1152,0,0,2,0,2,0,0,0,2
GENE.3988,chr12,1286498,1289356,-,2859,2672,2672,2672,2684,2738,2364,2549,2364,2738
GENE.3989,chr12;chr12;chr12,1290685;1291107;1296898,1290882;1296571;1297069,-;-;-,5835,5762,5761,5763,5788,5935,5082,5487,5021,5897
GENE.399,chr2;chr2,566121;566269,566123;567894,+;+,1629,222,222,223,224,233,190,195,190,233
GENE.3990,chr12,1299608,1300027,+,420,142,142,142,144,144,117,120,117,144
GENE.3991,chr12,1301098,1304604,-,3507,0,1,0,0,22,2,0,2,22
GENE.3992,chr12;chr12,1306524;1306835,1306593;1306968,-;-,204,2,2,2,3,2,2,2,2,2
GENE.3993,chr12,1314696,1320170,+,5475,0,0,13,0,39,0,872,0,39
GENE.3994,chr12,1321980,1325240,+,3261,16010,16010,16011,16112,16842,14038,15244,14038,16842
GENE.3995,chr12;chr12,1325484;1325759,1325573;1327339,-;-,1671,348,348,348,348,356,337,339,337,356
GENE.3996,chr12;chr12,1328311;1330355,1329450;1331371,-;-,2157,0,0,0,0,8,0,0,0,8
GENE.3997,chr12;chr12,1333134;1333429,1333204;1334896,+;+,1539,10298,10298,10298,10320,10374,9446,9982,9446,10374
GENE.3998,chr12;chr12;chr12,1336272;1336605;1337124,1336425;1336834;1337213,+;+;+,474,54,54,54,56,62,55,66,55,62
GENE.3999,chr12,1337710,1338816,-,1107,1342,1342,1342,1358,1380,1241,1321,1241,1380
GENE.4,chrM,126,165,+,40,0,0,0,0,0,0,0,0,0
GENE.40,chrX,1709,1779,-,71,0,0,0,0,0,0,0,0,0
GENE.400,chr2;chr2;chr2;chr2,568529;568699;569171;569376,568565;569048;569259;573315,-;-;-;-,4416,6947,6947,6948,7049,7073,5928,6567,5928,7073
GENE.4000,chr12;chr12,1339845;1343038,1342783;1343314,-;-,3216,6076,6084,6078,6122,6245,5334,5711,5000,6129
GENE.4001,chr12,1344263,1345351,+,1089,1056,1056,1056,1066,1125,917,1007,917,1125
GENE.4002,chr12;chr12;chr12;chr12;chr12;chr12;chr12;chr12;chr12;chr12;chr12;chr12;chr12;chr12;chr12;chr12;chr12,1346052;1346400;1346650;1346885;1347057;1347231;1347394;1347596;1347831;1347981;1348170;1348523;1348683;1348852;1349017;1349227;1349409,1346303;1346498;1346753;1346940;1347104;1347286;1347447;1347688;1347885;1348052;1348254;1348610;1348764;1348935;1349121;1349291;1350512,+;+;+;+;+;+;+;+;+;+;+;+;+;+;+;+;+,2502,0,0,1,0,16,0,0,0,16
GENE.4003,chr12;chr12;chr12,1350645;1350797;1350987,1350683;1350889;1351283,-;-;-,429,366,366,366,372,372,325,330,325,372
GENE.4004,chr12;chr12;chr12;chr12;chr12;chr12;chr12;chr12;chr12,1351482;1351824;1352010;1352349;1352532;1352700;1352847;1353048;1353569,1351528;1351893;1352198;1352424;1352580;1352746;1352936;1353365;1354104,-;-;-;-;-;-;-;-;-,1422,2540,2540,2543,2580,2562,2387,2462,2387,2562
GENE.4005,chr12,1355317,1357728,-,2412,598,598,598,610,631,522,570,522,631
GENE.4006,chr12,1359169,1359576,+,408,0,0,0,0,1,0,0,0,1
GENE.4007,chr12;chr12,1360631;1363866,1363575;1370637,-;-,9717,42792,42594,42821,43778,43421,37514,39233,37514,43346
GENE.4008,chr12;chr12,1360631;1363887,1363575;1370637,-;-,9696,42792,42594,42821,43778,43421,37514,39233,37514,43346
GENE.4009,chr12,1375346,1379587,+,4242,0,0,3,0,18,2,9,2,18
GENE.401,chr2;chr2,575155;575966,575704;576054,-;-,639,0,0,2,0,0,0,0,0,0
GENE.4010,chr12;chr12;chr12;chr12,1380094;1380408;1380577;1381109,1380268;1380469;1380920;1382378,-;-;-;-,1851,0,0,0,0,8,0,103,0,8
GENE.4011,chr12;chr12;chr12,1385707;1401933;1402181,1401831;1402089;1402218,+;+;+,16320,50112,50135,50515,53268,52965,45936,47627,45684,52957
GENE.4012,chr12,1403139,1404884,+,1746,1698,1698,1698,1744,1717,1526,1686,1526,1717
GENE.4013,chr12;chr12;chr12,1405182;1405768;1405893,1405673;1405820;1405968,-;-;-,621,216,217,216,218,220,195,200,195,220
GENE.4014,chr12;chr12;chr12,1407674;1410751;1410995,1410589;1410879;1411030,+;+;+,3081,0,0,1,0,12,0,2,0,9
GENE.4015,chr12;chr12,1411607;1411989,1411756;1413104,-;-,1266,2224,2223,2224,2230,2237,2032,2118,2032,2237
GENE.4016,chr12,1414414,1426104,+,11691,0,0,17,0,41,0,704,0,41
GENE.4017,chr12;chr12;chr12,1427398;1430376;1431472,1430374;1431470;1433600,+;+;+,6201,4046,4047,4047,4074,4104,3669,4272,3669,4104
GENE.4018,chr12;chr12,1433820;1435028,1434726;1435995,-;-,1875,0,0,2,0,6,0,0,0,6
GENE.4019,chr12;chr12;chr12;chr12;chr12;chr12,1436790;1437005;1437254;1437454;1437577;1437915,1436897;1437102;1437360;1437501;1437751;1439349,-;-;-;-;-;-,1971,5537,5534,5537,5594,5606,5071,5392,5071,5606
GENE.402,chr2,578662,586164,+,7503,53628,55497,55780,62056,61208,56323,51294,49012,61046
GENE.4020,chr12,1439896,1441050,-,1155,2518,2518,2518,2526,2529,2351,2414,2351,2529
GENE.4021,chr12,1441736,1445128,-,3393,19500,19507,19648,20530,20919,17626,18572,17626,20919
GENE.4022,chr12;chr12,1446375;1450104,1449913;1450335,-;-,3771,0,0,0,0,24,0,0,0,24
GENE.4023,chr12;chr12;chr12;chr12;chr12,1452606;1456245;1456433;1456700;1457090,1456115;1456337;1456579;1456801;1457227,+;+;+;+;+,3990,0,0,0,0,8,0,0,0,8
GENE.4024,chr12;chr12;chr12,1458233;1458570;1459105,1458269;1458910;1459182,+;+;+,456,0,0,0,0,1,0,0,0,1
GENE.4025,chr12;chr12;chr12,1459834;1460419;1461240,1460299;1461061;1461486,+;+;+,1356,888,888,888,908,896,820,842,820,896
GENE.4026,chr12;chr12,1462209;1462491,1462312;1462602,-;-,216,0,0,0,0,1,0,0,0,1
GENE.4027,chr12;chr12,1464219;1464450,1464269;1467572,-;-,3174,0,1,0,0,19,1,5,1,19
GENE.4028,chr12,1470713,1475701,+,4989,11804,11807,11814,11882,12193,10512,11766,10502,12182
GENE.4029,chr12,1476529,1480014,-,3486,16728,16734,17176,18996,19010,16732,15852,16716,19010
GENE.403,chr2;chr2;chr2,586765;587119;587387,586839;587238;589051,-;-;-,1860,3724,3724,3726,3757,3767,3360,3563,3360,3767
GENE.4030,chr12,1481002,1482942,+,1941,3602,3602,3605,3624,3669,2711,3359,2711,3669
GENE.4031,chr12;chr12;chr12,1484306;1484427;1484688,1484308;1484528;1485911,+;+;+,1329,0,0,0,0,3,5,0,5,3
GENE.4032,chr12,1487084,1488691,+,1608,4614,4614,4614,4654,4648,3722,4054,3722,4648
GENE.4033,chr12;chr12;chr12;chr12;chr12;chr12;chr12;chr12;chr12;chr12;chr12;chr12;chr12;chr12,1489319;1489571;1489799;1490034;1490946;1493551;1493968;1494478;1494746;1494944;1495241;1495510;1495698;1496085,1489480;1489652;1489952;1490775;1493370;1493797;1494340;1494612;1494835;1495086;1495391;1495614;1495952;1497065,-;-;-;-;-;-;-;-;-;-;-;-;-;-,6045,0,0,5,0,39,1,10,1,38
GENE.4034,chr12;chr12;chr12;chr12;chr12,1497687;1498126;1498332;1498576;1498754,1497834;1498214;1498457;1498650;1501411,-;-;-;-;-,3096,0,0,6,0,17,0,14,0,17
GENE.4035,chr12,1502836,1504068,+,1233,676,676,676,676,731,608,635,608,731
GENE.4036,chr12,1506932,1508269,-,1338,0,0,24,0,4,0,2,0,4
GENE.4037,chr12,1512200,1516516,-,4317,0,0,8,0,19,0,0,0,19
GENE.4038,chr12,1520327,1521604,+,1278,0,0,0,0,3,0,0,0,3
GENE.4039,chr12;chr12;chr12,1522463;1522800;1524290,1522538;1524198;1524632,+;+;+,1818,6437,6435,6437,6471,6519,5443,6005,5443,6519
GENE.404,chr2,590501,591421,+,921,0,1,0,0,12,0,0,0,12
GENE.4040,chr12,1525407,1526216,-,810,2020,2020,2021,2108,2091,1778,1941,1778,2091
GENE.4041,chr12;chr12,1527455;1527953,1527831;1528034,-;-,459,416,416,416,416,424,396,408,396,424
GENE.4042,chr12,1529821,1531347,-,1527,2852,2852,2852,2858,2857,2684,2720,2684,2857
GENE.4043,chr12;chr12;chr12,1532248;1533780;1534053,1533595;1533936;1534077,+;+;+,1530,10715,10713,10717,10741,11039,8609,10031,8609,11039
GENE.4044,chr12;chr12;chr12,1534519;1534864;1535048,1534725;1534943;1535879,-;-;-,1119,527,527,527,533,535,498,503,498,535
GENE.4045,chr12;chr12,1538138;1540252,1540041;1540408,+;+,2061,6432,6432,6433,6500,6457,5868,6225,5868,6451
GENE.4046,chr12,1540766,1549144,-,8379,140428,138465,141851,151854,146906,127619,132821,127117,146864
GENE.4047,chr12,1550324,1556071,+,5748,8740,8740,8775,9326,8947,7520,8353,7520,8947
GENE.4048,chr12;chr12;chr12,1556299;1556542;1557021,1556389;1556777;1557617,-;-;-,924,215,215,215,216,220,194,205,194,220
GENE.4049,chr12;chr12;chr12,1558909;1559161;1559724,1558939;1559546;1560623,+;+;+,1317,0,1,1,0,11,0,0,0,11
GENE.405,chr2,594196,599340,+,5145,52610,52599,52633,52842,53382,47193,50253,47193,53382
GENE.4050,chr12,1561534,1566579,-,5046,18268,18269,18278,18364,18585,16969,17706,16969,18583
GENE.4051,chr12;chr12;chr12,1568605;1569016;1570450,1568834;1570174;1570569,+;+;+,1509,152,152,152,154,160,138,153,138,160
GENE.4052,chr12;chr12,1572371;1572971,1572416;1573557,+;+,633,868,868,868,888,874,742,797,742,874
GENE.4053,chr12;chr12,1575197;1575403,1575302;1575518,+;+,222,0,0,0,0,0,0,0,0,0
GENE.4054,chr12,1577181,1580747,+,3567,9250,9260,9311,9750,9462,8044,8397,7816,9452
GENE.4055,chr12;chr12;chr12,1581984;1582346;1582981,1582044;1582724;1582987,+;+;+,447,476,476,476,488,480,405,418,405,480
GENE.4056,chr12,1583909,1584595,-,687,0,0,0,0,6,0,0,0,6
GENE.4057,chr12;chr12,1586261;1587367,1587210;1587466,-;-,1050,0,0,0,0,2,0,0,0,2
GENE.4058,chr12,1589169,1592072,+,2904,0,0,0,0,13,0,15,0,13
GENE.4059,chr12;chr12;chr12;chr12;chr12,1592402;1592568;1592806;1593175;1593419,1592452;1592686;1592976;1593318;1593632,-;-;-;-;-,699,754,754,754,762,765,692,705,692,765
GENE.406,chr2;chr2;chr2;chr2;chr2;chr2;chr2;chr2;chr2,599829;599997;600187;600357;600562;600804;600961;601134;601487,599882;600049;600253;600452;600675;600867;601046;601279;601712,-;-;-;-;-;-;-;-;-,906,818,818,818,848,826,699,733,699,826
GENE.4060,chr12;chr12;chr12,1594826;1600209;1600418,1600084;1600279;1600526,+;+;+,5439,6210,6210,6355,6952,6747,5624,5805,5556,6747
GENE.4061,chr12,1601515,1602696,-,1182,4316,4316,4316,4328,4427,3742,4188,3742,4427
GENE.4062,chr12;chr12;chr12;chr12;chr12,1605107;1605348;1605850;1606070;1607274,1605125;1605446;1605888;1607164;1607539,+;+;+;+;+,1518,3728,3728,3729,3799,3880,3289,3562,3289,3880
GENE.4063,chr12,1610363,1612741,+,2379,0,0,20,0,23,0,38,0,23
GENE.4064,chr12,1615323,1616852,-,1530,5798,5798,5799,5812,6130,5028,5479,5022,6130
GENE.4065,chr12,1621237,1623705,-,2469,13572,13572,13572,13616,13683,12117,12305,12117,13683
GENE.4066,chr12;chr12,1626773;1627758,1627411;1627928,+;+,810,0,0,0,0,4,0,0,0,4
GENE.4067,chr12,1634695,1642428,+,7734,1412,1412,1420,1422,1474,1288,2004,1288,1474
GENE.4068,chr12,1645219,1645836,+,618,1308,1308,1308,1324,1339,1125,1270,1125,1339
GENE.4069,chr12,1646612,1647151,-,540,0,0,0,0,1,0,0,0,1
GENE.407,chr2;chr2,605045;605403,605237;609325,+;+,4116,40944,41166,42296,44668,45181,41381,39356,36007,45143
GENE.4070,chr12,1648667,1651687,+,3021,6888,6888,6890,6908,6933,6141,6543,6141,6933
GENE.4071,chr12,1652936,1653844,-,909,3298,3298,3298,3314,3347,2343,3002,2343,3347
GENE.4072,chr12,1655487,1658129,+,2643,356,356,364,356,374,300,346,300,374
GENE.4073,chr12,1660451,1677754,+,17304,0,0,5,0,59,0,514,0,59
GENE.4074,chr12,1678438,1681536,-,3099,11560,11557,11572,11762,11732,10430,10913,10430,11732
GENE.4075,chr12,1682835,1684460,+,1626,4472,4472,4472,4482,4566,4074,4369,4074,4566
GENE.4076,chr12,1685094,1685411,-,318,0,0,0,0,0,0,0,0,0
GENE.4077,chr12;chr12;chr12;chr12,1688606;1689178;1690040;1690347,1689175;1690038;1690345;1691162,-;-;-;-,2553,1196,1196,1196,1206,1247,1041,1136,1041,1247
GENE.4078,chr12;chr12,1694150;1701705,1700707;1703087,+;+,7941,0,0,7,4,35,52,57,50,31
GENE.4079,chr12;chr12,1704512;1711060,1709944;1712490,+;+,6864,9490,9588,9563,9692,9658,9297,8580,9291,9647
GENE.408,chr2;chr2;chr2;chr2;chr2;chr2;chr2;chr2;chr2;chr2;chr2;chr2;chr2;chr2;chr2,610625;610872;612764;613019;613250;613453;613649;613831;613980;614114;614326;614534;614697;614868;615181,610685;612646;612889;613126;613319;613493;613688;613872;614032;614191;614388;614575;614755;614970;615372,+;+;+;+;+;+;+;+;+;+;+;+;+;+;+,2853,0,1,5,0,9,2,53,2,9
GENE.4080,chr12,1715841,1715980,-,140,0,0,0,0,0,0,0,0,0
GENE.4081,chr12;chr12,1719574;1726116,1725312;1727456,+;+,7080,0,0,2,0,50,5,16,3,45
GENE.4082,chr12;chr12;chr12;chr12,1728774;1729015;1729573;1729957,1728821;1729570;1729955;1730007,+;+;+;+,1038,1111,1111,1113,1113,1154,800,1012,800,1152
GENE.4083,chr12,1731821,1731955,-,135,0,0,0,0,0,0,0,0,0
GENE.4084,chr12;chr12,1735543;1742005,1741002;1743408,+;+,6864,1551,2041,2026,2103,2130,2291,1397,2283,2114
GENE.4085,chr12,1745285,1745422,-,138,0,0,0,0,5,0,0,0,5
GENE.4086,chr12;chr12,1746444;1747909,1747765;1747993,-;-,1407,2113,2113,2113,2125,2184,1700,2003,1700,2184
GENE.4087,chr12;chr12;chr12,1748873;1755866;1756183,1755644;1755968;1756237,-;-;-,6930,0,0,2,0,27,0,72,0,27
GENE.4088,chr12,1757517,1759199,-,1683,7664,7664,7665,7694,7889,6851,7195,6851,7889
GENE.4089,chr12,1760416,1766391,-,5976,49302,49303,49306,50062,49761,44982,46231,44982,49745
GENE.409,chr2,616772,619429,-,2658,8022,8022,8023,8242,8208,7331,7772,7331,8208
GENE.4090,chr12,1771996,1773258,-,1263,278,278,278,278,288,244,272,241,288
GENE.4091,chr12;chr12;chr12;chr12;chr12;chr12;chr12,1774901;1775055;1775474;1775749;1776058;1776220;1776442,1774913;1775267;1775552;1775948;1776120;1776281;1776582,+;+;+;+;+;+;+,771,3283,3283,3283,3476,3366,3113,3172,3113,3366
GENE.4092,chr12;chr12,1778154;1778566,1778318;1779411,+;+,1011,179,179,179,180,182,161,166,161,182
GENE.4093,chr12,1780012,1782648,-,2637,9292,9293,9293,9316,9342,8625,8646,8625,9338
GENE.4094,chr12,1784380,1786410,+,2031,1534,1538,1577,1684,1668,1533,1485,1533,1668
GENE.4095,chr12,1787236,1788831,-,1596,0,0,0,0,8,0,0,0,8
GENE.4096,chr12,1790557,1790763,+,207,0,0,0,0,2,0,0,0,2
GENE.4097,chr12,1791156,1793075,+,1920,5082,5082,5082,5104,5144,4838,5074,4838,5144
GENE.4098,chr12;chr12;chr12;chr12;chr12;chr12;chr12,1793532;1793750;1793907;1794129;1794295;1794516;1794681,1793650;1793798;1794000;1794190;1794320;1794571;1794835,-;-;-;-;-;-;-,561,151,151,151,154,154,144,145,144,154
GENE.4099,chr12;chr12;chr12;chr12,1795845;1796155;1796868;1797374,1796009;1796493;1797229;1797860,+;+;+;+,1353,0,0,0,0,53,0,0,0,53
GENE.41,chrX,1809,1880,+,72,0,0,0,0,0,0,0,0,0
GENE.410,chr2;chr2;chr2;chr2;chr2;chr2;chr2,622524;622789;622939;623143;623715;624073;624250,622582;622840;623014;623529;623944;624108;624306,-;-;-;-;-;-;-,897,423,423,425,427,427,399,427,399,427
GENE.4100,chr12,1798643,1799788,+,1146,0,0,0,0,10,0,0,0,10
GENE.4101,chr12;chr12,1800562;1802221,1802037;1802310,+;+,1566,394,394,394,394,395,323,349,323,395
GENE.4102,chr12;chr12,1803653;1804073,1803655;1804483,+;+,414,264,264,264,264,291,212,256,212,291
GENE.4103,chr12;chr12;chr12;chr12,1805380;1806734;1807013;1807339,1806587;1806826;1807073;1807356,-;-;-;-,1380,2006,2006,2007,2010,2026,1581,1718,1581,2026
GENE.4104,chr12;chr12;chr12,1808878;1809283;1809566,1808935;1809455;1809622,-;-;-,288,6,6,6,6,6,6,5,6,6
GENE.4105,chr12,1811790,1812698,+,909,0,0,0,0,2,0,0,0,2
GENE.4106,chr12,1813507,1814235,-,729,3038,3038,3038,3070,3062,2719,2770,2719,3062
GENE.4107,chr12,1815311,1815562,+,252,0,0,0,0,0,0,0,0,0
GENE.4108,chr12;chr12,1816069;1816275,1816134;1816448,-;-,240,0,0,0,0,0,0,0,0,0
GENE.4109,chr12,1818738,1820069,+,1332,5342,5342,5342,5376,5483,5044,5226,5044,5483
GENE.411,chr2,626976,627710,+,735,630,630,630,632,634,606,621,606,634
GENE.4110,chr12;chr12;chr12;chr12;chr12;chr12;chr12;chr12,1820881;1821034;1821187;1821308;1821511;1821864;1822314;1822530,1820925;1821086;1821222;1821365;1821619;1822090;1822400;1822595,-;-;-;-;-;-;-;-,681,0,0,0,0,3,0,0,0,3
GENE.4111,chr12;chr12;chr12,1825959;1826413;1826738,1826058;1826513;1826884,+;+;+,348,14,14,14,14,17,13,13,13,17
GENE.4112,chr12,1829660,1831057,+,1398,1984,1984,1994,2056,2023,1598,1887,1596,2023
GENE.4113,chr12;chr12;chr12;chr12,1831484;1831640;1831824;1831998,1831521;1831690;1831895;1832949,-;-;-;-,1113,0,0,0,0,3,1,0,1,3
GENE.4114,chr12;chr12;chr12;chr12;chr12;chr12,1834064;1834593;1834887;1837000;1839282;1840353,1834335;1834661;1836648;1839159;1840175;1840736,-;-;-;-;-;-,5541,0,0,2,0,20,0,30,0,20
GENE.4115,chr12;chr12;chr12,1842399;1842697;1845461,1842561;1845261;1845651,-;-;-,2919,0,0,2,0,7,0,3,0,7
GENE.4116,chr12;chr12;chr12;chr12;chr12,1847677;1851162;1851453;1851793;1852112,1851055;1851272;1851638;1851962;1852156,+;+;+;+;+,3891,14073,14073,14077,14187,14278,12507,13413,12507,14278
GENE.4117,chr12,1852844,1855681,-,2838,5656,5656,5662,5692,5683,5194,5157,5194,5683
GENE.4118,chr12,1857849,1858090,+,242,0,0,0,0,0,0,0,0,0
GENE.4119,chr12;chr12,1859656;1863799,1863615;1863846,+;+,4008,4785,4785,4810,4835,4868,4194,4733,4194,4868
GENE.412,chr2,628642,631308,-,2667,1544,1544,1544,1552,1567,1424,1459,1424,1567
GENE.4120,chr12,1864229,1866661,-,2433,0,0,0,0,5,1,2,1,5
GENE.4121,chr12,1868533,1869531,-,999,0,0,0,0,8,0,0,0,8
GENE.4122,chr12;chr12;chr12,1871919;1872184;1872864,1871986;1872736;1872911,+;+;+,669,0,0,0,0,0,0,5,0,0
GENE.4123,chr12;chr12;chr12;chr12;chr12;chr12;chr12;chr12;chr12,1873194;1873366;1873532;1873801;1874088;1874290;1874505;1874933;1875178,1873217;1873418;1873665;1873973;1874164;1874359;1874746;1875057;1875287,-;-;-;-;-;-;-;-;-,1008,1107,1107,1107,1134,1110,1012,1016,1012,1110
GENE.4124,chr12;chr12;chr12;chr12;chr12;chr12,1877039;1879202;1879379;1879634;1879784;1879975,1879038;1879260;1879452;1879667;1879841;1880041,+;+;+;+;+;+,2292,2,2,3,2,12,2,38,2,12
GENE.4125,chr12,1880036,1881406,-,1371,1212,1212,1212,1216,1227,1137,1165,1137,1227
GENE.4126,chr12;chr12,1883469;1883752,1883519;1887681,+;+,3981,13192,13192,13196,13290,13276,11681,12790,11681,13276
GENE.4127,chr12,1888250,1892698,-,4449,0,2,0,0,9,3,0,3,9
GENE.4128,chr12;chr12;chr12;chr12,1893069;1893224;1893523;1893784,1893120;1893408;1893639;1893903,+;+;+;+,474,0,0,0,0,1,0,0,0,1
GENE.4129,chr12,1894942,1895967,+,1026,0,0,0,0,5,0,0,0,5
GENE.413,chr2,634589,637507,-,2919,5306,5248,5316,5770,5426,4867,5067,4865,5426
GENE.4130,chr12;chr12;chr12;chr12;chr12;chr12;chr12;chr12;chr12;chr12;chr12,1896891;1897220;1897521;1897695;1897890;1898076;1898226;1898427;1898632;1898805;1899070,1896939;1897263;1897595;1897793;1897938;1898134;1898265;1898503;1898685;1898873;1899837,+;+;+;+;+;+;+;+;+;+;+,1383,3134,3134,3136,3209,3156,2754,2918,2754,3156
GENE.4131,chr12,1900249,1905066,-,4818,1016,1016,1019,1052,1047,843,925,799,1043
GENE.4132,chr12,1907045,1907960,+,916,0,1,0,0,1,0,0,0,1
GENE.4133,chr12;chr12;chr12,1908149;1908405;1908718,1908207;1908594;1909764,+;+;+,1296,0,0,2,0,7,0,0,0,7
GENE.4134,chr12,1910963,1911898,+,936,742,742,742,750,748,684,715,684,748
GENE.4135,chr12;chr12;chr12;chr12,1912457;1913522;1914295;1914538,1913393;1913891;1914381;1914595,+;+;+;+,1452,41,41,41,42,47,37,40,37,47
GENE.4136,chr12;chr12,1915749;1917651,1917493;1917798,+;+,1893,3382,3382,3382,3446,3492,2957,3290,2957,3492
GENE.4137,chr12,1920784,1921914,+,1131,938,938,938,940,951,829,891,829,951
GENE.4138,chr12;chr12;chr12;chr12;chr12;chr12;chr12;chr12;chr12;chr12,1925642;1926038;1926505;1926707;1926915;1927638;1928440;1928771;1928928;1929226,1925863;1926368;1926598;1926785;1927497;1928341;1928619;1928832;1929126;1929438,+;+;+;+;+;+;+;+;+;+,2667,0,0,0,0,9,0,0,0,9
GENE.4139,chr12,1931970,1932584,+,615,1344,1344,1344,1344,1348,1314,1319,1314,1348
GENE.414,chr2,640400,642694,+,2295,15462,15463,17008,16722,16886,22522,14523,22520,16886
GENE.4140,chr12,1933761,1935467,-,1707,0,0,0,0,8,0,0,0,8
GENE.4141,chr12,1936522,1937694,+,1173,702,703,702,706,711,631,646,631,711
GENE.4142,chr12,1938643,1939965,+,1323,110,110,114,110,112,91,109,91,112
GENE.4143,chr12;chr12;chr12;chr12,1941365;1941930;1942205;1942420,1941828;1942061;1942322;1942491,+;+;+;+,786,3145,3145,3145,3159,3891,2008,2756,2008,3891
GENE.4144,chr12;chr12,1943358;1944848,1944609;1945803,-;-,2208,1037,1037,1037,1061,1091,820,982,820,1091
GENE.4145,chr12;chr12;chr12;chr12;chr12;chr12,1946914;1947222;1947447;1947685;1947983;1948667,1947116;1947344;1947584;1947752;1948487;1948733,+;+;+;+;+;+,1104,2117,2127,2118,2164,2140,1934,2021,1934,2140
GENE.4146,chr12;chr12;chr12;chr12;chr12;chr12,1946914;1947222;1947447;1947685;1947983;1948667,1947116;1947344;1947572;1947752;1948487;1948733,+;+;+;+;+;+,1092,2117,2127,2118,2164,2140,1934,2021,1934,2140
GENE.4147,chr12;chr12,1949594;1950185,1950028;1950493,+;+,744,730,730,730,736,732,715,718,715,732
GENE.4148,chr12,1950989,1951513,-,525,0,0,0,0,4,0,0,0,4
GENE.4149,chr12;chr12,1952568;1954469,1954007;1954624,+;+,1596,4469,4469,4469,4491,4494,3986,4182,3986,4494
GENE.415,chr2,643106,644317,-,1212,0,0,0,0,2,0,0,0,2
GENE.4150,chr12,1955124,1956038,-,915,0,0,0,0,5,0,0,0,5
GENE.4151,chr12,1959612,1962341,+,2730,0,0,0,0,5,0,0,0,5
GENE.4152,chr12,1962774,1964258,-,1485,0,0,0,0,2,0,0,0,2
GENE.4153,chr12,1964862,1966025,-,1164,2768,2768,2769,2792,2821,2591,2693,2591,2821
GENE.4154,chr12;chr12;chr12;chr12;chr12;chr12;chr12;chr12,1968163;1968465;1968714;1969074;1969244;1969527;1969842;1970101,1968243;1968573;1968882;1969129;1969297;1969731;1969966;1971074,+;+;+;+;+;+;+;+,1773,3684,3684,3684,3750,3990,3125,3330,3125,3990
GENE.4155,chr12,1972438,1973076,+,639,804,804,804,824,804,776,795,776,804
GENE.4156,chr12,1973584,1974246,+,663,472,472,472,476,472,408,424,408,472
GENE.4157,chr12,1975172,1976437,+,1266,0,0,2,0,1,0,10,0,1
GENE.4158,chr12,1977865,1978938,+,1074,2638,2638,2638,2644,2739,2491,2565,2491,2739
GENE.4159,chr12,1979786,1980199,-,414,0,0,0,0,1,0,0,0,1
GENE.416,chr2;chr2,645929;646115,645980;650085,+;+,4023,11688,11688,11688,11722,11936,10330,11346,10330,11936
GENE.4160,chr12,1981906,1982763,+,858,52,52,52,54,60,46,57,46,60
GENE.4161,chr12,1983480,1984349,-,870,3876,3876,3876,3908,4104,3590,3781,3590,4104
GENE.4162,chr12;chr12;chr12,1988237;1990413;1990700,1990315;1990528;1990745,+;+;+,2241,187,187,187,191,193,176,202,176,193
GENE.4163,chr12,1994775,2000744,+,5970,0,0,10,0,13,1,386,0,12
GENE.4164,chr12,2001987,2002271,+,285,0,0,0,0,0,0,0,0,0
GENE.4165,chr12,2002723,2004030,-,1308,0,0,1,0,1,0,0,0,1
GENE.4166,chr12,2005175,2007193,-,2019,1348,1348,1348,1356,1356,1237,1285,1237,1356
GENE.4167,chr12;chr12;chr12,2008194;2008482;2009628,2008259;2009513;2009708,+;+;+,1179,0,0,0,0,13,0,0,0,13
GENE.4168,chr12;chr12,2010428;2011017,2010885;2011101,+;+,543,265,265,265,265,269,258,262,258,269
GENE.4169,chr12,2012643,2015726,+,3084,1640,1640,1645,1656,1668,1407,2068,1407,1668
GENE.417,chr2,650663,653362,-,2700,0,0,0,0,3,0,0,0,3
GENE.4170,chr12,2016325,2016756,-,432,0,0,1,0,1,0,0,0,1
GENE.4171,chr12;chr12;chr12;chr12;chr12,2017364;2017625;2017817;2018019;2018257,2017405;2017657;2017915;2018111;2018469,-;-;-;-;-,480,679,678,679,693,686,672,664,672,686
GENE.4172,chr12;chr12;chr12,2018995;2019334;2021720,2019029;2021557;2022007,-;-;-,2547,0,0,0,0,7,0,3,0,7
GENE.4173,chr12,2023455,2026181,-,2727,0,1,4,0,11,0,81,0,11
GENE.4174,chr12;chr12;chr12;chr12,2030910;2031235;2031452;2031703,2031061;2031351;2031528;2039852,-;-;-;-,8496,29623,29627,29631,30329,29938,26588,27651,26587,29938
GENE.4175,chr12,2041293,2043212,-,1920,31646,30697,31664,32044,31855,29861,28680,27215,31815
GENE.4176,chr12,2044120,2044626,+,507,0,0,0,0,1,0,0,0,1
GENE.4177,chr12,2045070,2054429,-,9360,22298,22297,22303,22340,23054,19072,21227,19072,23054
GENE.4178,chr12;chr12;chr12;chr12;chr12;chr12,2059108;2061741;2062038;2062364;2062704;2062967,2061337;2061940;2062185;2062475;2062872;2063227,+;+;+;+;+;+,3120,6210,6210,6213,6254,6279,5498,5909,5498,6279
GENE.4179,chr12;chr12,2064987;2065150,2064989;2066040,+;+,894,2533,2533,2534,2537,2541,2336,2432,2336,2541
GENE.418,chr2;chr2;chr2;chr2;chr2;chr2;chr2;chr2;chr2;chr2,654918;655082;655282;655548;655658;655860;656056;656377;656634;656781,654966;655172;655369;655583;655750;655921;656190;656486;656692;656840,-;-;-;-;-;-;-;-;-;-,783,2034,2034,2039,2104,2043,1996,1985,1996,2043
GENE.4180,chr12,2067400,2069370,+,1971,5050,5050,5050,5084,5166,4746,4880,4746,5166
GENE.4181,chr12;chr12;chr12;chr12;chr12;chr12,2070094;2070245;2070477;2070684;2070835;2070979,2070162;2070372;2070552;2070755;2070868;2071073,+;+;+;+;+;+,474,524,524,524,542,525,468,472,468,525
GENE.4182,chr12,2071602,2073641,-,2040,1414,1414,1415,1416,1426,1266,1325,1266,1426
GENE.4183,chr12;chr12,2075792;2076122,2075929;2076517,+;+,534,0,0,0,0,0,1,0,1,0
GENE.4184,chr12;chr12,2077718;2078131,2077904;2082887,+;+,4944,14910,14910,14920,14944,15397,12788,14234,12788,15397
GENE.4185,chr12,2083353,2084318,-,966,0,1,0,0,0,2,0,2,0
GENE.4186,chr12;chr12;chr12;chr12;chr12;chr12;chr12;chr12,2085370;2085553;2085795;2085978;2086312;2086479;2086660;2086892,2085426;2085622;2085833;2086060;2086371;2086560;2086761;2086959,-;-;-;-;-;-;-;-,561,36,36,36,38,37,36,35,36,37
GENE.4187,chr12;chr12;chr12,2089484;2089872;2090077,2089697;2089918;2090220,+;+;+,405,0,0,0,0,2,0,0,0,2
GENE.4188,chr12;chr12;chr12,2092087;2092263;2092549,2092120;2092354;2094231,+;+;+,1809,7010,7009,7010,7033,7080,6429,6725,6429,7080
GENE.4189,chr12;chr12;chr12;chr12;chr12;chr12;chr12,2095062;2095234;2095467;2095710;2095964;2096205;2096456,2095139;2095343;2095575;2095800;2096072;2096287;2096508,-;-;-;-;-;-;-,633,1196,1196,1198,1282,1200,1097,1153,1097,1200
GENE.419,chr2,658636,664629,+,5994,22428,22484,23561,29834,26663,21129,20931,19331,25717
GENE.4190,chr12,2097436,2098845,-,1410,0,0,0,0,5,0,0,0,5
GENE.4191,chr12,2099852,2101969,+,2118,10708,10710,10708,10786,10751,9392,10030,9392,10751
GENE.4192,chr12,2103117,2105255,+,2139,1722,1722,1722,1790,1825,1313,1727,1313,1825
GENE.4193,chr12;chr12;chr12,2106216;2106404;2108096,2106242;2107858;2108293,-;-;-,1680,2696,2696,2696,2718,2706,2441,2482,2441,2706
GENE.4194,chr12,2108960,2110927,-,1968,0,5,0,0,2,0,1,0,2
GENE.4195,chr12,2112878,2112950,+,73,0,0,0,0,0,0,0,0,0
GENE.4196,chr12,2113730,2113801,-,72,0,0,0,0,0,0,0,0,0
GENE.4197,chr12;chr12;chr12;chr12;chr12;chr12;chr12;chr12,2114628;2119036;2120487;2120877;2121431;2121693;2121963;2122364,2118827;2120280;2120734;2121278;2121556;2121827;2122130;2122487,-;-;-;-;-;-;-;-,6648,0,0,2,0,18,2,1,2,18
GENE.4198,chr12,2125435,2126571,+,1137,1254,1254,1254,1260,1294,1198,1221,1198,1294
GENE.4199,chr12;chr12,2128400;2128568,2128438;2128786,-;-,258,0,0,0,0,1,0,0,0,1
GENE.42,chrX,1891,1969,-,79,0,0,0,0,0,0,0,0,0
GENE.420,chr2,664984,668532,-,3549,2530,2530,2526,2518,2650,2117,2265,2117,2650
GENE.4200,chr12;chr12;chr12;chr12,2136053;2136261;2137552;2138284,2136110;2137550;2138282;2144874,+;+;+;+,8670,0,0,1,0,18,1,55,1,18
GENE.4201,chr12;chr12,2145266;2146425,2146258;2146616,-;-,1185,0,0,0,0,2,0,0,0,2
GENE.4202,chr12,2150554,2151915,+,1362,1150,1150,1150,1168,1197,947,1080,947,1197
GENE.4203,chr12;chr12,2154618;2154964,2154809;2156124,+;+,1353,0,0,0,0,12,0,0,0,12
GENE.4204,chr12;chr12,2159573;2159864,2159701;2161615,+;+,1881,0,0,0,0,2,0,1,0,2
GENE.4205,chr12;chr12,2162707;2163080,2162982;2163145,-;-,342,0,0,0,0,0,0,0,0,0
GENE.4206,chr12;chr12,2168181;2168413,2168243;2169759,+;+,1410,10478,10478,10478,10492,10523,9241,9970,9241,10523
GENE.4207,chr12;chr12,2171342;2171621,2171479;2172349,+;+,867,0,0,0,0,2,0,2,0,2
GENE.4208,chr12;chr12,2173799;2174245,2174140;2174322,-;-,420,0,0,0,0,0,0,0,0,0
GENE.4209,chr12;chr12;chr12,2175329;2175552;2175751,2175412;2175748;2176087,+;+;+,618,240,258,263,342,292,216,247,216,292
GENE.421,chr2;chr2,668985;669221,669047;669841,-;-,684,376,376,376,378,377,349,339,349,377
GENE.4210,chr12,2180419,2182869,+,2451,0,0,0,0,3,0,0,0,3
GENE.4211,chr12;chr12,2183464;2184100,2184027;2184168,-;-,633,248,253,244,264,272,236,109,236,272
GENE.4212,chr12;chr12,2188760;2189378,2189375;2189613,+;+,852,0,0,0,0,1,0,0,0,1
GENE.4213,chr12;chr12,2190483;2191693,2191532;2191770,-;-,1128,0,0,0,0,3,0,0,0,3
GENE.4214,chr12;chr12,2196157;2196400,2196288;2197122,+;+,855,342,710,620,726,737,542,68,542,737
GENE.4215,chr12;chr12;chr12,2198926;2199150;2199556,2199057;2199554;2199846,+;+;+,828,2318,2642,2607,2784,2675,2454,1774,2454,2675
GENE.4216,chr12;chr12,2201495;2201703,2201551;2202686,+;+,1041,0,7,10,186,6,144,20,144,6
GENE.4217,chr12;chr12,2204724;2204896,2204792;2205714,+;+,888,432,439,433,432,435,409,410,386,435
GENE.4218,chr12;chr12,2207830;2208114,2207883;2209115,+;+,1056,0,60,52,61,69,121,18,121,68
GENE.4219,chr12;chr12,2211543;2211715,2211611;2212554,+;+,909,1887,2164,2125,2277,2811,2450,1424,2423,2802
GENE.422,chr2,670413,674558,+,4146,5498,5498,5502,5510,5552,4996,5265,4996,5552
GENE.4220,chr12;chr12,2214671;2214949,2214739;2216019,+;+,1140,0,0,0,0,1,0,2,0,1
GENE.4221,chr12;chr12,2218452;2218667,2218505;2219533,+;+,921,2132,2135,2132,2176,2247,1999,2035,1999,2247
GENE.4222,chr12;chr12,2221835;2222009,2221903;2222848,+;+,909,1124,1610,1585,1686,2236,1945,741,1939,2218
GENE.4223,chr12;chr12,2224997;2226148,2225923;2226201,-;-,981,1899,1899,1899,1905,2080,1316,1795,1314,2076
GENE.4224,chr12;chr12,2228632;2229687,2229531;2229740,-;-,954,0,1,3,2,6,2,1,1,4
GENE.4225,chr12,2232691,2232903,+,213,0,0,0,0,0,0,0,0,0
GENE.4226,chr12;chr12,2234600;2234827,2234671;2235792,+;+,1038,290,294,290,294,295,275,281,275,295
GENE.4227,chr12;chr12,2238210;2238419,2238263;2239417,+;+,1053,464,516,512,522,521,513,393,513,521
GENE.4228,chr12;chr12,2241271;2243488,2242602;2248962,-;-,6807,0,4,3,4,21,34,11,34,21
GENE.4229,chr13;chr13,21364;27474,26538;28787,+;+,6489,18286,21505,20589,21586,21875,18602,10204,18602,21875
GENE.423,chr2,675431,677599,+,2169,4438,4438,4439,4470,4467,3908,4152,3908,4467
GENE.4230,chr13;chr13,30605;31828,31597;31881,-;-,1047,765,773,761,771,780,687,739,687,780
GENE.4231,chr13;chr13,33959;35899,35155;44742,-;-,10041,73167,73168,73169,73243,75419,62836,68960,62836,75417
GENE.4232,chr13;chr13,47583;47792,47636;48769,+;+,1032,3101,3481,3442,3740,3501,3373,2737,3373,3501
GENE.4233,chr13;chr13,50662;50916,50715;51857,+;+,996,2804,2804,2804,2808,2831,2619,2752,2619,2831
GENE.4234,chr13;chr13,54067;55188,55032;55259,-;-,1038,0,0,2,0,4,0,0,0,4
GENE.4235,chr13;chr13,57109;58369,58164;58422,-;-,1110,0,0,3,0,2,0,0,0,2
GENE.4236,chr13;chr13;chr13,60097;60504;60754,60407;60634;61172,-;-;-,861,68,983,1529,1714,1752,1667,26,1667,1752
GENE.4237,chr13;chr13,62515;63479,63372;63547,-;-,927,808,808,810,822,831,753,799,753,831
GENE.4238,chr13;chr13,65548;66760,66600;66816,-;-,1110,835,1598,1547,2469,1638,1543,564,1543,1638
GENE.4239,chr13;chr13,68484;69280,69185;69411,-;-,834,1008,2096,1950,2604,2135,1836,32,1836,2135
GENE.424,chr2;chr2,678487;679042,678756;683703,+;+,4932,0,0,0,0,13,0,3,0,13
GENE.4240,chr13;chr13,73099;74225,74043;74413,-;-,1134,2007,2083,2233,4839,2755,2262,1897,2027,2697
GENE.4241,chr13;chr13;chr13,78614;79167;79441,79165;79328;79470,-;-;-,744,0,0,1,0,2,0,0,0,2
GENE.4242,chr13;chr13,82718;82948,82792;84018,+;+,1146,946,946,946,958,955,840,910,840,953
GENE.4243,chr13;chr13,85563;86436,86300;86624,-;-,927,1575,1575,1575,1599,1602,1448,1522,1448,1602
GENE.4244,chr13;chr13;chr13;chr13,89319;89525;89737;89956,89392;89607;89815;93352,-;-;-;-,3633,1036,1036,1036,1044,1070,938,985,938,1070
GENE.4245,chr13;chr13,99548;99853,99616;100521,+;+,738,1001,1001,1001,1024,1013,770,910,770,1013
GENE.4246,chr13;chr13,102842;106985,106849;109471,+;+,6495,0,0,0,0,31,0,7,0,31
GENE.4247,chr13;chr13,109695;110185,109976;110268,-;-,366,70,70,70,74,73,58,66,58,73
GENE.4248,chr13;chr13,112792;113609,113523;113815,-;-,939,0,0,0,0,9,1,1,1,9
GENE.4249,chr13,121636,122289,-,654,0,0,0,0,0,0,0,0,0
GENE.425,chr2,686485,688545,+,2061,740,741,755,740,773,648,785,648,770
GENE.4250,chr13,123726,124415,-,690,858,858,858,870,867,769,791,769,867
GENE.4251,chr13;chr13,126611;127036,126873;127141,-;-,369,0,0,0,0,3,0,0,0,3
GENE.4252,chr13;chr13;chr13;chr13;chr13;chr13;chr13;chr13;chr13,129717;129854;130030;130228;130414;130556;130689;130887;131011,129758;129899;130106;130290;130473;130584;130782;130891;131086,-;-;-;-;-;-;-;-;-,492,236,236,236,240,246,219,210,219,246
GENE.4253,chr13;chr13;chr13;chr13,131849;135444;136039;138618,135332;135924;138328;140594,-;-;-;-,8232,39763,39761,39768,39875,40423,35893,37210,35893,40420
GENE.4254,chr13,142860,144095,-,1236,732,732,733,734,739,664,684,664,739
GENE.4255,chr13;chr13;chr13,145174;149499;150069,149318;149924;150198,+;+;+,4701,0,0,0,0,24,0,188,0,24
GENE.4256,chr13;chr13,150783;151217,150948;151635,-;-,585,65,65,65,65,67,51,62,51,67
GENE.4257,chr13,154992,157394,+,2403,0,0,0,0,14,0,0,0,14
GENE.4258,chr13;chr13;chr13,158144;158370;158596,158205;158478;158778,+;+;+,354,28,28,28,29,30,28,28,28,30
GENE.4259,chr13;chr13,159024;159414,159190;159915,+;+,669,96,96,98,98,110,83,91,83,110
GENE.426,chr2;chr2;chr2;chr2;chr2;chr2;chr2,690311;690474;690716;690961;691295;691682;692805,690346;690513;690837;691020;691489;692401;695783,+;+;+;+;+;+;+,4152,1483,1483,1486,1499,1491,1382,1413,1382,1491
GENE.4260,chr13;chr13;chr13;chr13;chr13,160488;160905;161149;161357;161630,160775;160989;161256;161471;161660,-;-;-;-;-,627,953,952,956,984,964,910,910,910,964
GENE.4261,chr13;chr13;chr13;chr13,160488;160905;161357;161630,160775;160989;161471;161660,-;-;-;-,519,940,939,940,966,947,898,897,898,947
GENE.4262,chr13,162917,163879,+,963,0,0,0,0,15,1,52,1,15
GENE.4263,chr13,165013,168081,-,3069,3066,3066,3071,3136,3091,2905,2852,2824,3081
GENE.4264,chr13;chr13,169874;170183,170029;175789,-;-,5763,52646,52610,52650,53080,53270,48373,49584,48216,53270
GENE.4265,chr13;chr13,178783;179237,179049;179353,+;+,384,0,0,0,0,0,0,0,0,0
GENE.4266,chr13;chr13;chr13;chr13;chr13;chr13,180549;180727;180990;181249;181422;181711,180582;180833;181026;181314;181508;184517,+;+;+;+;+;+,3138,7768,7769,7770,7846,7862,6738,7235,6738,7862
GENE.4267,chr13,184845,212660,-,27816,76366,76366,76395,77248,77421,68358,72023,68356,77405
GENE.4268,chr13;chr13;chr13;chr13;chr13,215291;215493;215671;215983;216240,215383;215588;215858;216125;216331,+;+;+;+;+,612,0,0,0,0,3,0,0,0,3
GENE.4269,chr13;chr13;chr13;chr13,216652;216868;217061;217204,216758;216955;217114;220029,-;-;-;-,3075,0,0,3,0,10,7,2,7,10
GENE.427,chr2;chr2;chr2;chr2;chr2;chr2;chr2,690311;690474;690716;690961;691295;691682;692805,690346;690513;690837;691020;691471;692401;695783,+;+;+;+;+;+;+,4134,1483,1483,1486,1499,1491,1382,1413,1382,1491
GENE.4270,chr13;chr13,221816;224524,224357;224720,-;-,2739,0,0,6,0,4,0,6,0,4
GENE.4271,chr13;chr13,226669;227021,226805;228290,-;-,1407,7768,7768,7770,8015,7851,6619,7245,6619,7851
GENE.4272,chr13;chr13;chr13,226669;227021;228846,226805;228262;228873,-;-;-,1407,7765,7765,7767,8013,7848,6616,7244,6616,7848
GENE.4273,chr13,231083,231724,+,642,1464,1464,1467,1666,1474,1413,1433,1413,1474
GENE.4274,chr13;chr13,232493;232813,232699;234447,-;-,1842,6192,6192,6192,6240,6223,5546,5684,5546,6223
GENE.4275,chr13,235800,236435,-,636,1292,1290,1292,1306,1301,1045,1166,1045,1301
GENE.4276,chr13,237361,241233,+,3873,5624,5625,5628,5652,5715,4820,5426,4820,5711
GENE.4277,chr13;chr13;chr13;chr13;chr13;chr13,241657;242002;242257;242631;242870;243149,241872;242181;242459;242727;242954;243192,+;+;+;+;+;+,825,517,517,518,530,573,460,486,460,573
GENE.4278,chr13,243655,243772,-,118,0,0,0,0,0,0,0,0,0
GENE.4279,chr13;chr13;chr13;chr13,245199;245526;245777;246125,245269;245612;245948;246175,+;+;+;+,381,29,29,29,32,31,28,27,28,31
GENE.428,chr2,696193,699561,-,3369,0,0,0,0,2,47,62,1,2
GENE.4280,chr13,247312,251751,+,4440,17298,17298,17300,17350,17928,15185,16582,15185,17928
GENE.4281,chr13,252526,253788,-,1263,964,964,965,966,1060,866,939,866,1060
GENE.4282,chr13,255130,256116,+,987,0,0,0,0,1,0,0,0,1
GENE.4283,chr13;chr13,256430;256773,256597;267182,-;-,10578,85901,85901,85921,86193,87351,74974,80957,74974,87351
GENE.4284,chr13;chr13,268785;269183,269059;270737,-;-,1830,10369,10369,10371,10435,10781,9194,9978,9194,10781
GENE.4285,chr13,271411,273726,+,2316,0,0,0,0,9,0,0,0,9
GENE.4286,chr13;chr13,274073;274416,274280;275200,-;-,993,417,417,417,417,447,389,406,389,447
GENE.4287,chr13,277139,277729,+,591,12,12,12,14,14,11,11,11,14
GENE.4288,chr13,278294,279133,+,840,1176,1176,1176,1192,1191,1104,1157,1104,1191
GENE.4289,chr13;chr13,279990;281113,280828;281701,-;-,1428,2071,2068,2071,2097,2246,1585,1906,1585,2246
GENE.429,chr2,701245,702894,+,1650,2906,2906,2906,2916,2911,2399,2614,2342,2911
GENE.4290,chr13,283475,287500,+,4026,0,0,2,0,17,2,8,2,17
GENE.4291,chr13,288163,288561,+,399,0,1,0,0,0,0,0,0,0
GENE.4292,chr13,289564,291000,-,1437,174,174,174,174,180,150,164,150,180
GENE.4293,chr13;chr13;chr13;chr13;chr13;chr13;chr13,293442;293750;295484;295859;296036;296335;296530,293651;295393;295697;295920;296139;296425;296607,+;+;+;+;+;+;+,2403,0,0,0,0,9,0,10,0,9
GENE.4294,chr13,297178,298359,-,1182,5012,5012,5012,5016,5068,4754,4843,4754,5066
GENE.4295,chr13,300988,313929,+,12942,0,1,4,0,39,1,96,1,39
GENE.4296,chr13;chr13;chr13,315042;315634;316722,315453;316526;316784,-;-;-,1368,1473,1473,1473,1481,1540,1247,1384,1247,1540
GENE.4297,chr13;chr13;chr13;chr13,318332;318462;318655;318830,318386;318524;318710;319735,-;-;-;-,1080,0,0,3,0,5,0,0,0,5
GENE.4298,chr13,320815,322017,-,1203,288,288,288,316,292,271,281,271,292
GENE.4299,chr13;chr13,323472;324974,324762;325032,+;+,1350,282,282,283,282,283,255,267,255,283
GENE.43,chrX,1977,2048,-,72,0,0,0,0,0,0,0,0,0
GENE.430,chr2;chr2;chr2;chr2,703090;703291;704045;705195,703202;703795;704964;706587,-;-;-;-,2931,90,90,90,92,106,80,160,80,106
GENE.4300,chr13;chr13;chr13,325215;325509;325770,325265;325593;326371,-;-;-,738,760,760,760,762,767,636,669,636,767
GENE.4301,chr13,327893,330928,+,3036,16444,16478,16859,19448,18832,16464,15771,16464,18832
GENE.4302,chr13,331558,332526,-,969,4400,4400,4400,4492,4412,3920,4024,3920,4412
GENE.4303,chr13,333597,335489,+,1893,4530,4530,4530,4578,4663,4009,4338,4009,4663
GENE.4304,chr13;chr13,335852;336687,336438;337263,-;-,1164,213,213,214,214,233,187,205,187,233
GENE.4305,chr13,338189,338455,-,267,0,0,0,0,6,0,0,0,6
GENE.4306,chr13;chr13,339927;341780,341677;341888,-;-,1860,6904,6904,6904,6914,6983,6406,6714,6406,6983
GENE.4307,chr13,344525,348232,+,3708,1424,1424,1430,1430,1479,1245,1443,1245,1478
GENE.4308,chr13;chr13;chr13,348743;348959;349399,348818;349178;350788,-;-;-,1686,0,0,0,0,12,0,0,0,12
GENE.4309,chr13;chr13,351840;354667,354348;354818,-;-,2661,12078,12078,12080,12528,12158,9903,10932,9903,12158
GENE.431,chr2,707738,709393,+,1656,11588,11588,11588,11784,11704,10294,11279,10294,11704
GENE.4310,chr13,356709,359201,+,2493,0,0,2,0,8,0,9,0,7
GENE.4311,chr13,360169,360627,+,459,0,0,0,0,0,0,0,0,0
GENE.4312,chr13;chr13,361166;368468,368265;368495,-;-,7128,0,0,0,0,48,0,13,0,48
GENE.4313,chr13;chr13,372260;372565,372426;372646,+;+,249,0,0,0,0,2,0,0,0,2
GENE.4314,chr13;chr13,373487;380976,380833;392072,-;-,18444,0,2,14,2,112,1,106,1,108
GENE.4315,chr13,393857,394936,-,1080,706,706,708,706,735,556,675,556,735
GENE.4316,chr13,396734,400951,-,4218,16586,16587,16589,16712,17004,14491,15891,14491,17004
GENE.4317,chr13,401577,403400,+,1824,2916,3046,3242,5578,4122,3084,2745,2702,4122
GENE.4318,chr13;chr13;chr13;chr13;chr13;chr13;chr13;chr13;chr13;chr13;chr13;chr13;chr13,403788;404067;404214;404373;404527;404707;404990;405243;405492;405683;405843;405991;406184,403886;404127;404273;404409;404621;404857;405050;405356;405552;405741;405906;406081;406703,-;-;-;-;-;-;-;-;-;-;-;-;-,1473,2276,2276,2280,2384,2348,1940,2186,1940,2348
GENE.4319,chr13,408580,412101,-,3522,0,0,7,0,29,0,0,0,28
GENE.432,chr2,709799,715252,-,5454,15938,15938,16054,16940,16928,13966,13942,13846,16902
GENE.4320,chr13,415916,416998,-,1083,246,246,246,246,253,234,238,234,253
GENE.4321,chr13;chr13;chr13,418820;419275;419963,418999;419424;420121,+;+;+,489,148,148,148,153,149,117,134,117,149
GENE.4322,chr13,419513,419819,+,307,7,7,7,9,8,7,7,7,8
GENE.4323,chr13;chr13;chr13,424232;426753;427010,426632;426808;427036,+;+;+,2484,3350,3350,3352,3380,3475,2957,3300,2957,3474
GENE.4324,chr13,427457,429643,-,2187,0,0,0,0,14,0,7,0,14
GENE.4325,chr13,431892,435875,+,3984,20100,20102,20109,20698,20447,17869,19049,17414,20435
GENE.4326,chr13,436676,437305,-,630,1600,1600,1600,1632,1616,1468,1546,1468,1616
GENE.4327,chr13,438510,439376,+,867,0,0,0,0,3,0,0,0,3
GENE.4328,chr13,440265,445283,+,5019,4696,4697,4704,4708,4802,4157,4668,4155,4800
GENE.4329,chr13;chr13,445611;446577,446446;446658,-;-,918,0,0,1,0,1,0,0,0,1
GENE.433,chr2;chr2;chr2,715798;716160;716494,716033;716293;716549,-;-;-,426,185,185,185,187,190,178,180,178,190
GENE.4330,chr13,447424,448101,+,678,336,336,336,348,350,282,327,282,350
GENE.4331,chr13,448907,449668,+,762,34,34,34,34,41,29,31,29,41
GENE.4332,chr13,450398,453415,+,3018,0,0,0,0,14,0,0,0,14
GENE.4333,chr13;chr13,454061;454311,454169;454636,+;+,435,96,96,96,108,108,89,92,89,108
GENE.4334,chr13,455792,456535,-,744,2614,2614,2614,2710,2631,2335,2448,2335,2631
GENE.4335,chr13,458961,462368,+,3408,6776,6776,6779,6826,6914,6118,6544,6116,6914
GENE.4336,chr13,463385,464002,-,618,0,0,0,0,2,0,0,0,2
GENE.4337,chr13;chr13;chr13;chr13;chr13;chr13,465091;465340;465511;465716;466047;466312,465143;465376;465567;465839;466158;466552,-;-;-;-;-;-,624,2170,2170,2170,2208,2275,1782,1996,1782,2275
GENE.4338,chr13,468232,468663,-,432,0,0,0,0,2,0,0,0,2
GENE.4339,chr13;chr13;chr13,470595;470830;471076,470706;470948;475002,-;-;-,4158,12626,12640,12995,16984,14909,13224,12018,13206,14909
GENE.434,chr2;chr2,717692;717928,717784;718281,+;+,447,346,346,346,348,356,330,335,330,356
GENE.4340,chr13,476223,477134,+,912,1546,1546,1546,1548,1599,1423,1471,1423,1599
GENE.4341,chr13;chr13,477424;477748,477582;477852,-;-,264,9,9,9,9,10,9,9,9,10
GENE.4342,chr13,479353,480840,+,1488,1012,1012,1013,1124,1034,857,960,857,1034
GENE.4343,chr13,481499,483082,-,1584,8456,8456,8461,8468,8476,8143,8205,8143,8476
GENE.4344,chr13;chr13;chr13,484205;485167;485410,484996;485256;485463,+;+;+,936,836,836,836,838,859,745,789,745,859
GENE.4345,chr13,487511,488824,+,1314,1994,1994,1994,1996,2037,1563,1862,1563,2037
GENE.4346,chr13;chr13,489927;491541,491120;491609,-;-,1263,3977,3977,3977,3983,4002,3639,3727,3639,4001
GENE.4347,chr13,494453,496294,+,1842,11758,11758,11759,11780,11953,10256,11374,10256,11953
GENE.4348,chr13,497534,498013,-,480,184,184,184,184,189,180,179,180,189
GENE.4349,chr13,501790,505047,+,3258,8258,8258,8259,8274,8717,6962,7699,6962,8717
GENE.435,chr2;chr2;chr2;chr2;chr2,720437;721895;722144;722395;722602,721654;721994;722262;722472;722661,+;+;+;+;+,1575,0,0,0,0,9,0,0,0,9
GENE.4350,chr13,507900,509735,+,1836,6018,6018,6018,6022,6097,5443,5813,5443,6097
GENE.4351,chr13,511396,512607,+,1212,0,0,0,0,6,0,0,0,6
GENE.4352,chr13;chr13,513068;517057,516799;517326,-;-,4002,2804,2804,2804,2812,2839,2537,2704,2537,2838
GENE.4353,chr13;chr13;chr13,518107;519014;519290,518828;519095;519367,+;+;+,882,670,670,671,672,689,602,651,602,689
GENE.4354,chr13,519599,520441,-,843,80,80,84,80,82,72,74,72,82
GENE.4355,chr13,521050,524436,+,3387,3524,3524,3527,3546,3582,3042,3422,3042,3580
GENE.4356,chr13,526863,527060,-,198,0,0,0,0,1,0,0,0,1
GENE.4357,chr13,529976,531265,+,1290,0,0,0,0,6,0,0,0,6
GENE.4358,chr13,532270,533958,-,1689,0,0,0,0,4,0,0,0,4
GENE.4359,chr13;chr13,536702;544459,543722;544523,-;-,7086,0,5,3,0,21,1,0,1,21
GENE.436,chr2;chr2;chr2;chr2;chr2;chr2;chr2,723747;724873;728594;728930;729149;729359;729744,724604;728449;728721;728995;729259;729562;729932,-;-;-;-;-;-;-,5133,2711,2712,2711,2756,2787,2314,2563,2314,2787
GENE.4360,chr13;chr13;chr13,548586;548884;549193,548645;548942;552841,+;+;+,3768,12526,12526,12533,12636,12615,10960,12034,10960,12615
GENE.4361,chr13;chr13,553752;554113,553843;554251,-;-,231,3,3,3,3,3,3,3,3,3
GENE.4362,chr13;chr13,556285;565194,564983;565251,+;+,8757,18420,18419,18431,18582,18883,16505,17672,16505,18883
GENE.4363,chr13,566236,568233,+,1998,0,1,0,0,6,0,0,0,6
GENE.4364,chr13;chr13;chr13,568664;569050;569413,568908;569323;569535,+;+;+,642,398,398,398,604,411,289,377,289,411
GENE.4365,chr13,569840,572332,-,2493,0,0,2,0,9,0,0,0,9
GENE.4366,chr13;chr13,573169;577363,577265;578479,-;-,5214,0,0,7,0,14,0,26,0,14
GENE.4367,chr13,579526,585615,-,6090,0,0,1,0,31,0,5,0,31
GENE.4368,chr13,587015,587809,-,795,2444,2444,2444,2460,2584,2244,2374,2244,2584
GENE.4369,chr13;chr13,588800;598688,598524;599198,-;-,10236,0,0,18,0,44,1,32,1,44
GENE.437,chr2;chr2;chr2;chr2,731120;731548;731754;732171,731387;731623;731972;732312,-;-;-;-,705,28,28,28,28,30,22,28,22,30
GENE.4370,chr13,600666,601868,-,1203,2580,2580,2580,2624,2600,2390,2456,2390,2600
GENE.4371,chr13,602983,606600,+,3618,4932,4932,4932,4946,4955,4545,4655,4545,4955
GENE.4372,chr13,607794,610052,+,2259,536,536,540,536,582,440,514,440,582
GENE.4373,chr13,611332,618888,+,7557,0,1,6,0,25,0,262,0,25
GENE.4374,chr13,619131,620525,-,1395,3194,3194,3194,3196,3224,2717,3058,2717,3224
GENE.4375,chr13;chr13,621387;621720,621598;621876,-;-,369,2,2,2,2,5,2,2,2,5
GENE.4376,chr13;chr13;chr13;chr13,622691;623008;623355;623570,622876;623178;623472;623715,-;-;-;-,621,314,314,314,320,319,301,308,301,319
GENE.4377,chr13,624785,626011,+,1227,5086,5086,5086,5100,5140,4533,4866,4533,5140
GENE.4378,chr13;chr13;chr13;chr13,626481;628143;628308;628552,627926;628175;628369;628675,-;-;-;-,1665,3887,3887,3887,3956,3910,3652,3678,3239,3898
GENE.4379,chr13;chr13,629766;630130,629984;630444,-;-,534,672,672,672,676,679,655,657,655,679
GENE.438,chr2,734272,734595,+,324,0,0,0,0,0,0,0,0,0
GENE.4380,chr13;chr13;chr13;chr13;chr13,632336;632575;633034;633402;633647,632365;632659;633169;633492;634510,+;+;+;+;+,1206,0,0,0,0,3,0,0,0,3
GENE.4381,chr13;chr13,636812;637326,637169;637612,+;+,645,343,343,343,345,343,329,331,329,343
GENE.4382,chr13,638286,639389,+,1104,34,34,39,34,50,32,34,32,50
GENE.4383,chr13,639681,642890,-,3210,2418,2418,2418,2428,2459,2203,2292,2203,2459
GENE.4384,chr13;chr13,644714;645034,644788;646392,+;+,1434,0,0,2,0,7,0,0,0,7
GENE.4385,chr13;chr13;chr13;chr13;chr13,647986;648241;650040;650225;650457,648026;649262;650067;650338;650511,-;-;-;-;-,1260,3596,3596,3596,3624,3628,3408,3532,3408,3628
GENE.4386,chr13;chr13;chr13;chr13,652794;653067;653351;653662,652975;653157;653452;653838,-;-;-;-,552,0,0,0,0,2,0,41,0,2
GENE.4387,chr13;chr13;chr13;chr13;chr13;chr13;chr13;chr13;chr13,655207;655483;655609;656067;656293;656465;656679;656865;657211,655275;655529;655704;656146;656347;656523;656718;656999;657259,-;-;-;-;-;-;-;-;-,630,659,659,659,688,659,660,634,660,659
GENE.4388,chr13,658595,659545,+,951,0,0,0,0,9,0,0,0,9
GENE.4389,chr13,660018,661262,-,1245,2264,2264,2264,2268,2268,2196,2268,2196,2268
GENE.439,chr2,735438,736997,-,1560,596,596,596,598,600,548,562,548,600
GENE.4390,chr13;chr13;chr13;chr13,663741;667311;667567;667870,667127;667400;667728;667929,+;+;+;+,3699,0,0,5,0,10,1,120,1,10
GENE.4391,chr13;chr13;chr13;chr13;chr13;chr13;chr13;chr13;chr13;chr13;chr13;chr13;chr13,668360;668600;668749;668918;669096;669259;669422;669518;669717;669858;670016;670271;670603,668429;668641;668831;668960;669155;669328;669440;669618;669762;669933;670057;670462;670745,-;-;-;-;-;-;-;-;-;-;-;-;-,987,0,0,0,0,1,0,0,0,1
GENE.4392,chr13,673717,678522,+,4806,0,0,0,0,13,0,22,0,13
GENE.4393,chr13;chr13,680039;680355,680212;680855,+;+,675,0,0,0,0,7,0,0,0,7
GENE.4394,chr13;chr13;chr13;chr13;chr13,681363;681503;681739;681880;682066,681410;681571;681800;681931;682149,-;-;-;-;-,315,0,0,0,0,1,0,0,0,1
GENE.4395,chr13;chr13;chr13;chr13;chr13;chr13;chr13,683084;683289;683504;683686;683937;684089;684375,683159;683410;683580;683802;683994;684223;684476,+;+;+;+;+;+;+,687,145,144,144,148,151,133,137,133,151
GENE.4396,chr13,685951,688671,+,2721,0,1,1,0,13,0,93,0,13
GENE.4397,chr13;chr13;chr13,691014;691367;691550,691049;691445;694125,+;+;+,2691,2568,2570,2589,2764,2618,2352,2432,2238,2614
GENE.4398,chr13;chr13;chr13,695732;696165;696878,695896;696763;697985,+;+;+,1872,0,0,1,0,7,0,0,0,7
GENE.4399,chr13;chr13;chr13;chr13;chr13;chr13;chr13,698218;698477;698745;698880;699151;699345;699758,698370;698582;698799;699046;699240;699481;699922,-;-;-;-;-;-;-,873,1585,1585,1585,1605,1589,1471,1546,1471,1589
GENE.44,chrX,2050,2121,-,72,0,0,0,0,0,0,0,0,0
GENE.440,chr2,738860,739852,+,993,512,512,512,512,549,385,465,385,549
GENE.4400,chr13,701047,703923,-,2877,34094,34091,34096,34288,35196,29495,32258,29494,35094
GENE.4401,chr13,708346,710268,+,1923,14294,14294,14295,14380,14369,12986,13470,12986,14369
GENE.4402,chr13,711944,714961,+,3018,5132,5132,5133,5146,5264,4541,4883,4541,5264
GENE.4403,chr13,721961,729979,+,8019,3010,3011,3039,3068,3144,2467,2982,2467,3140
GENE.4404,chr13;chr13;chr13;chr13;chr13,730859;731693;731862;732064;732279,731544;731765;731927;732114;732293,-;-;-;-;-,891,2985,2985,2986,3079,3056,2392,2752,2392,3056
GENE.4405,chr13,733245,733862,+,618,516,516,516,532,529,372,430,372,529
GENE.4406,chr13,734604,734873,-,270,0,0,0,0,0,0,0,0,0
GENE.4407,chr13;chr13;chr13;chr13;chr13;chr13;chr13,735538;737034;737259;737449;737608;737827;737985,736883;737165;737300;737524;737728;737888;738068,+;+;+;+;+;+;+,1863,0,0,1,0,12,0,9,0,12
GENE.4408,chr13,738480,738953,-,474,346,346,346,346,354,337,338,337,354
GENE.4409,chr13;chr13,740527;741020,740529;741454,+;+,438,255,255,255,266,261,244,244,244,261
GENE.441,chr2;chr2;chr2;chr2,741014;741954;742153;742341,741831;742018;742218;742459,+;+;+;+,1068,1388,1388,1390,1402,1401,1090,1229,1090,1401
GENE.4410,chr13,741926,744850,-,2925,6150,6150,6150,6252,6275,5588,5839,5587,6275
GENE.4411,chr13,745947,746525,-,579,306,306,306,314,328,248,298,248,328
GENE.4412,chr13,748387,748971,-,585,264,264,265,276,265,251,252,251,265
GENE.4413,chr13,750316,751518,+,1203,458,458,458,458,460,430,445,430,460
GENE.4414,chr13,753910,759432,+,5523,0,0,10,0,17,1,34,1,17
GENE.4415,chr13;chr13,760326;760879,760721;764139,-;-,3657,0,0,1,0,28,1,0,1,28
GENE.4416,chr13;chr13;chr13;chr13;chr13;chr13;chr13;chr13,766140;766334;766508;766734;766974;767211;767385;767723,766181;766399;766654;766847;767071;767275;767491;767770,+;+;+;+;+;+;+;+,687,980,982,980,1018,1048,867,912,867,1048
GENE.4417,chr13,768049,769650,+,1602,442,442,442,446,472,389,417,389,472
GENE.4418,chr13,770646,772895,-,2250,1018,1018,1018,1018,1036,881,993,881,1036
GENE.4419,chr13,774790,776745,-,1956,0,0,0,0,18,0,0,0,18
GENE.442,chr2,743289,745712,-,2424,13212,13213,13216,13400,13245,12337,11523,12319,13245
GENE.4420,chr13,779934,781679,+,1746,6200,6200,6201,6206,6250,5378,5942,5378,6250
GENE.4421,chr13,784110,786992,+,2883,0,0,48,0,25,1,1,1,25
GENE.4422,chr13,789437,791848,+,2412,0,0,4,0,5,0,528,0,5
GENE.4423,chr13,792381,794987,-,2607,0,0,0,0,54,0,0,0,53
GENE.4424,chr13,795939,798353,-,2415,8600,8600,8602,8706,8746,7273,8325,7242,8746
GENE.4425,chr13;chr13;chr13;chr13;chr13;chr13;chr13;chr13;chr13;chr13,801712;803993;804222;804462;804749;804996;805190;805386;805529;805784,803863;804063;804368;804587;804914;805076;805275;805441;805610;806029,+;+;+;+;+;+;+;+;+;+,3213,17355,17355,17354,17585,17389,15796,16333,15796,17389
GENE.4426,chr13,807219,807443,+,225,0,0,0,0,1,0,0,0,1
GENE.4427,chr13,810187,815088,+,4902,0,0,0,0,20,2,64,2,20
GENE.4428,chr13,815822,818398,-,2577,2464,2464,2464,2480,2530,2259,2584,2259,2530
GENE.4429,chr13,820741,821178,+,438,0,0,0,0,3,0,0,0,3
GENE.443,chr2;chr2;chr2;chr2,747566;747980;748306;749042,747816;748031;748743;749365,-;-;-;-,1065,716,716,716,732,722,636,682,636,722
GENE.4430,chr13,822078,826547,-,4470,908,908,915,914,918,836,897,836,918
GENE.4431,chr13,829534,833310,+,3777,6378,6378,6384,6402,6496,5228,5983,5228,6496
GENE.4432,chr13;chr13;chr13;chr13;chr13,834180;834353;834587;834839;835135,834250;834498;834706;834906;835308,-;-;-;-;-,579,208,208,208,210,212,194,197,194,212
GENE.4433,chr13,836563,838446,+,1884,5678,5678,5679,5696,5713,5119,5533,5119,5713
GENE.4434,chr13,838848,840965,-,2118,0,0,0,0,10,0,1,0,10
GENE.4435,chr13,841671,842750,-,1080,2578,2578,2578,2588,2582,2479,2496,2479,2582
GENE.4436,chr13;chr13;chr13;chr13;chr13;chr13,843639;843965;844330;844674;844850;845025,843686;844079;844596;844729;844912;845111,+;+;+;+;+;+,636,0,0,0,0,0,0,0,0,0
GENE.4437,chr13;chr13;chr13;chr13;chr13,847090;847303;847490;848088;848330,847129;847351;847914;848170;848383,+;+;+;+;+,651,0,0,2,0,2,0,0,0,2
GENE.4438,chr13,849662,853990,+,4329,0,0,3,0,24,0,0,0,24
GENE.4439,chr13;chr13;chr13,854932;855104;855334,854961;855209;856463,+;+;+,1266,9729,9729,9731,9791,9807,8007,9082,8007,9807
GENE.444,chr2,750049,751737,-,1689,0,0,0,0,3,0,0,0,3
GENE.4440,chr13;chr13;chr13;chr13,857147;857302;857495;857809,857173;857369;857641;857944,-;-;-;-,378,24,24,24,24,29,24,24,24,29
GENE.4441,chr13,859299,861347,+,2049,10182,10182,10185,10230,10224,9567,9838,9567,10224
GENE.4442,chr13;chr13;chr13;chr13,861442;861673;862258;871174,861513;862146;870896;872332,-;-;-;-,10344,18507,18647,19092,20975,20118,17970,17447,16710,20112
GENE.4443,chr13;chr13;chr13,875265;875455;875731,875288;875550;875847,+;+;+,237,6,6,6,6,7,5,6,5,7
GENE.4444,chr13,876221,886264,-,10044,31196,31196,31203,31368,31812,26325,29890,26314,31812
GENE.4445,chr13;chr13;chr13;chr13;chr13;chr13;chr13;chr13;chr13;chr13;chr13;chr13,887271;887475;887830;888053;888188;888348;888531;888776;889047;889293;889431;889637,887322;887595;887943;888099;888241;888435;888639;888849;889189;889341;889458;889699,+;+;+;+;+;+;+;+;+;+;+;+,942,1413,1413,1413,1427,1424,1300,1343,1300,1424
GENE.4446,chr13;chr13;chr13;chr13;chr13;chr13;chr13;chr13;chr13,890106;890387;890896;891327;891955;892253;892618;892874;893104,890295;890790;891159;891737;892116;892357;892717;892978;894782,-;-;-;-;-;-;-;-;-,3420,0,0,0,0,24,0,0,0,24
GENE.4447,chr13;chr13;chr13;chr13;chr13;chr13;chr13;chr13;chr13,890106;890387;890896;891327;891955;892253;892614;892874;893104,890295;890790;891159;891737;892116;892353;892717;892978;894782,-;-;-;-;-;-;-;-;-,3420,0,0,0,0,24,0,0,0,24
GENE.4448,chr13;chr13;chr13;chr13;chr13;chr13;chr13;chr13;chr13,897716;898091;898358;898689;898926;899207;899510;899859;900220,897977;898239;898539;898793;899127;899344;899740;900074;901044,+;+;+;+;+;+;+;+;+,2310,0,0,0,0,10,1,0,1,10
GENE.4449,chr13;chr13,902383;904780,904590;905166,+;+,2595,3334,3336,3334,3362,3415,2889,3151,2889,3415
GENE.445,chr2;chr2,752966;753269,753100;753439,+;+,306,0,0,0,0,2,0,0,0,2
GENE.4450,chr13;chr13;chr13;chr13,908503;909166;909381;909545,909044;909244;909444;909639,+;+;+;+,780,0,0,0,0,13,0,3,0,13
GENE.4451,chr13,911667,912545,-,879,0,0,0,0,0,0,0,0,0
GENE.4452,chr13;chr13;chr13;chr13,916360;917898;918231;918478,917706;918055;918306;918594,+;+;+;+,1698,4909,4909,4910,4939,4943,4012,4470,4012,4943
GENE.4453,chr13;chr13;chr13;chr13;chr13,920971;927550;928092;928764;929075,927336;927902;928563;928844;929449,+;+;+;+;+,7647,0,0,8,0,45,2,251,2,45
GENE.4454,chr13;chr13;chr13;chr13;chr13;chr13;chr13;chr13;chr13;chr13,931314;936519;936936;937188;937526;937755;938602;938770;939377;943809,936313;936799;937032;937376;937626;937796;938691;939083;943562;943825,+;+;+;+;+;+;+;+;+;+,10317,0,0,8,0,65,0,223,0,65
GENE.4455,chr13;chr13;chr13;chr13,944275;944941;948857;949132,944733;948732;948951;949285,-;-;-;-,4500,0,0,3,0,93,1,11,1,93
GENE.4456,chr13;chr13;chr13,951155;951357;951611,951233;951521;952479,+;+;+,1113,244,244,244,248,252,211,233,211,252
GENE.4457,chr13;chr13;chr13;chr13;chr13;chr13,953154;953383;953618;954179;954451;954701,953286;953451;954054;954367;954564;955789,+;+;+;+;+;+,2031,1814,1814,1814,1836,1829,1678,1754,1678,1829
GENE.4458,chr13,955957,957495,-,1539,0,0,1,0,9,0,4,0,9
GENE.4459,chr13,958219,959175,-,957,480,480,480,482,503,459,464,459,503
GENE.446,chr2,755418,762560,+,7143,0,0,4,0,39,0,124,0,38
GENE.4460,chr13;chr13,960166;960491,960357;960646,+;+,348,0,0,0,0,0,0,0,0,0
GENE.4461,chr13;chr13;chr13;chr13;chr13;chr13;chr13;chr13;chr13;chr13;chr13;chr13;chr13,961213;961465;961669;961772;961949;962087;962337;962564;962706;962852;963150;963308;963533,961315;961506;961690;961798;961988;962149;962486;962576;962746;963007;963218;963344;963561,+;+;+;+;+;+;+;+;+;+;+;+;+,792,0,0,0,0,4,0,0,0,4
GENE.4462,chr13;chr13,963661;964135,963797;964690,-;-,693,296,296,296,302,304,229,245,229,304
GENE.4463,chr13;chr13,965486;966235,966012;966280,-;-,573,129,129,129,129,134,117,128,117,134
GENE.4464,chr13;chr13;chr13,968110;968461;968708,968289;968561;968798,-;-;-,372,5,5,5,5,5,4,4,4,5
GENE.4465,chr13,970278,971336,+,1059,940,940,940,954,962,801,985,801,962
GENE.4466,chr13;chr13;chr13;chr13,971847;972104;972598;973012,971931;972349;972814;973036,-;-;-;-,573,885,885,885,894,887,870,872,870,887
GENE.4467,chr13,975403,977175,+,1773,4164,4164,4168,4188,4212,3550,3978,3550,4212
GENE.4468,chr13,978965,980221,+,1257,0,0,0,0,10,2,0,2,10
GENE.4469,chr13;chr13;chr13,982611;983050;983266,982924;983111;983801,+;+;+,912,1683,1683,1683,1697,1678,1418,1503,1418,1678
GENE.447,chr2;chr2,763491;765175,764922;765191,-;-,1449,2457,2457,2457,2468,2474,2258,2336,2258,2474
GENE.4470,chr13,984596,988657,-,4062,16894,16944,18246,25482,24339,23025,15649,23025,24339
GENE.4471,chr13,989468,990598,+,1131,3594,3595,3595,3644,3653,3006,3491,3006,3653
GENE.4472,chr13,990899,995278,-,4380,11992,12388,12941,16454,15329,12688,11059,12354,15310
GENE.4473,chr13,997721,999262,+,1542,2030,2030,2030,2038,2039,1906,1940,1906,2039
GENE.4474,chr13;chr13;chr13,1000100;1001346;1001757,1001202;1001595;1001882,-;-;-,1479,0,0,1,0,11,0,0,0,11
GENE.4475,chr13;chr13;chr13,1002748;1003499;1003770,1003336;1003623;1019303,-;-;-,16248,10716,10714,10781,11448,11336,9049,9715,9049,11336
GENE.4476,chr13;chr13;chr13;chr13;chr13,1021509;1021698;1021934;1022210;1022418,1021562;1021842;1022089;1022286;1022537,+;+;+;+;+,552,0,0,1,0,8,0,0,0,8
GENE.4477,chr13;chr13;chr13;chr13;chr13;chr13;chr13;chr13,1023260;1023797;1026047;1026484;1026669;1027179;1027339;1027687,1023666;1025882;1026184;1026536;1026896;1027240;1027607;1027743,-;-;-;-;-;-;-;-,3300,6511,6509,6515,6623,6702,5821,6144,5821,6702
GENE.4478,chr13;chr13,1028492;1028766,1028613;1033629,+;+,4986,0,3,5,0,22,0,157,0,22
GENE.4479,chr13;chr13,1034900;1035598,1035525;1035637,+;+,666,1148,1148,1148,1164,1163,1055,1084,1055,1163
GENE.448,chr2,766390,767015,-,626,804,804,804,852,808,773,780,773,808
GENE.4480,chr13;chr13;chr13;chr13,1036543;1036713;1036981;1037329,1036586;1036835;1037179;1038531,-;-;-;-,1569,2032,2032,2032,2056,2058,1854,1939,1854,2058
GENE.4481,chr13,1041157,1042107,+,951,1428,1428,1428,1430,1434,1361,1379,1361,1434
GENE.4482,chr13,1042855,1043088,-,234,0,0,0,0,0,0,0,0,0
GENE.4483,chr13,1044552,1045865,-,1314,0,0,0,0,2,0,0,0,2
GENE.4484,chr13;chr13;chr13,1047848;1048636;1049239,1048339;1049027;1049359,-;-;-,1005,1019,1017,1019,1038,1044,860,973,860,1044
GENE.4485,chr13,1050915,1051319,+,405,18,18,18,18,21,15,33,15,21
GENE.4486,chr13,1052751,1063310,+,10560,41922,41924,42230,46852,43487,38288,40605,38073,43415
GENE.4487,chr13;chr13;chr13;chr13;chr13,1063944;1065677;1065816;1066067;1066345,1065558;1065719;1065961;1066199;1066411,+;+;+;+;+,2004,0,0,0,0,23,2,18,2,23
GENE.4488,chr13;chr13,1067097;1067320,1067156;1067685,+;+,426,36,36,36,36,39,30,31,30,39
GENE.4489,chr13;chr13;chr13,1068050;1068407;1068585,1068199;1068445;1068635,-;-;-,240,0,0,1,0,5,0,0,0,5
GENE.449,chr2,767584,767743,-,160,0,0,0,0,0,0,0,0,0
GENE.4490,chr13,1071146,1075747,+,4602,0,0,4,0,15,0,82,0,15
GENE.4491,chr13;chr13,1076161;1076356,1076199;1084587,-;-,8271,0,0,9,0,51,1,24,1,51
GENE.4492,chr13;chr13;chr13;chr13,1085786;1085948;1086117;1086799,1085807;1086027;1086443;1086861,-;-;-;-,492,395,395,395,409,400,357,379,357,400
GENE.4493,chr13;chr13;chr13;chr13,1087584;1087754;1088761;1089056,1087624;1088559;1088880;1089099,+;+;+;+,1011,0,0,0,0,7,0,0,0,7
GENE.4494,chr13;chr13;chr13,1090329;1090521;1090767,1090402;1090683;1091327,-;-;-,798,36,36,36,36,44,27,34,27,44
GENE.4495,chr13;chr13,1092394;1094105,1093894;1094187,-;-,1584,2109,2110,2109,2119,2177,1867,1945,1867,2177
GENE.4496,chr13;chr13;chr13;chr13;chr13;chr13;chr13;chr13;chr13;chr13,1095553;1095872;1096112;1096344;1096656;1096860;1097061;1097243;1097820;1098078,1095639;1096005;1096181;1096424;1096754;1096978;1097112;1097574;1097880;1098464,-;-;-;-;-;-;-;-;-;-,1422,0,0,0,0,12,6,0,6,12
GENE.4497,chr13,1099489,1105836,-,6348,0,1,4,0,55,0,45,0,55
GENE.4498,chr13;chr13,1107875;1122200,1121876;1122540,+;+,14343,68671,68475,68681,69223,70894,58915,65205,58812,70890
GENE.4499,chr13,1125280,1126908,+,1629,2122,2122,2126,2132,2171,1875,2036,1875,2171
GENE.45,chrX,2142,2213,+,72,0,0,0,0,1,0,0,0,1
GENE.450,chr2,767977,768058,-,82,0,0,0,0,1,0,0,0,1
GENE.4500,chr13,1127436,1128761,-,1326,600,600,600,600,626,536,566,536,626
GENE.4501,chr13,1129363,1133046,-,3684,0,0,0,0,16,1,0,1,16
GENE.4502,chr13;chr13;chr13,1134070;1134299;1134693,1134171;1134493;1138040,-;-;-,3645,5755,7467,8099,5170,5178,8499,5520,8499,5178
GENE.4503,chr13;chr13;chr13;chr13;chr13;chr13;chr13;chr13;chr13;chr13;chr13;chr13;chr13;chr13;chr13;chr13,1138558;1138846;1138958;1139092;1139313;1139442;1139597;1139760;1139955;1140098;1140326;1140498;1140668;1140880;1141140;1141324,1138589;1138871;1138998;1139155;1139329;1139476;1139662;1139807;1139976;1140203;1140391;1140540;1140721;1140988;1141207;1141561,-;-;-;-;-;-;-;-;-;-;-;-;-;-;-;-,1035,0,0,0,0,8,0,0,0,8
GENE.4504,chr13,1143157,1143915,+,759,246,246,246,254,256,239,242,239,256
GENE.4505,chr13,1145719,1151106,+,5388,12858,12860,12860,13002,13233,11287,11916,10656,13223
GENE.4506,chr13,1152603,1153511,-,909,704,705,704,728,760,614,658,614,760
GENE.4507,chr13;chr13;chr13,1155022;1155682;1156662,1155585;1156459;1157905,+;+;+,2586,0,1,2,0,19,1,0,1,19
GENE.4508,chr13,1159366,1159980,+,615,0,0,0,0,2,0,0,0,2
GENE.4509,chr13,1160461,1161276,-,816,0,0,1,0,0,0,0,0,0
GENE.451,chr2,769761,771041,+,1281,592,592,593,592,635,459,579,459,635
GENE.4510,chr13,1162620,1164302,+,1683,0,0,0,0,11,0,51,0,11
GENE.4511,chr13;chr13;chr13;chr13;chr13,1165307;1165647;1165874;1166197;1166433,1165408;1165747;1165890;1166267;1166558,+;+;+;+;+,417,1628,1627,1628,1660,1629,1606,1599,1606,1629
GENE.4512,chr13,1174191,1180832,-,6642,3142,3142,3151,3176,3217,2668,2990,2668,3217
GENE.4513,chr13,1184208,1185020,+,813,946,946,946,952,956,792,887,792,956
GENE.4514,chr13;chr13;chr13;chr13,1186619;1193365;1194230;1194917,1193203;1194024;1194706;1195201,+;+;+;+,8007,15555,15556,15579,15648,15666,13733,14881,13689,15665
GENE.4515,chr13;chr13;chr13,1196229;1196807;1197080,1196663;1196940;1197509,-;-;-,999,362,362,362,368,373,329,342,329,373
GENE.4516,chr13,1200840,1202342,-,1503,4532,4532,4533,4552,4602,3973,4276,3973,4602
GENE.4517,chr13,1204186,1207200,-,3015,0,1,6,0,33,0,35,0,17
GENE.4518,chr13;chr13;chr13;chr13;chr13;chr13;chr13;chr13;chr13,1209744;1210085;1210227;1210477;1210737;1210918;1211233;1211430;1211725,1209953;1210135;1210360;1210566;1210826;1211118;1211308;1211621;1211772,-;-;-;-;-;-;-;-;-,1092,0,0,0,0,9,0,0,0,9
GENE.4519,chr13,1213394,1213615,+,222,0,0,1,0,0,0,0,0,0
GENE.452,chr2;chr2,772316;772518,772319;772690,+;+,177,0,0,0,0,1,0,0,0,1
GENE.4520,chr13,1214907,1215728,+,822,554,554,554,558,575,440,531,440,575
GENE.4521,chr13,1215925,1217118,-,1194,2596,2596,2597,2966,2716,2018,2424,2018,2716
GENE.4522,chr13;chr13;chr13;chr13;chr13,1217917;1218104;1218458;1218697;1220084,1217983;1218316;1218579;1219913;1225535,-;-;-;-;-,7071,3819,3821,3848,3917,4000,3443,3580,3443,3993
GENE.4523,chr13;chr13;chr13;chr13,1227372;1227664;1234147;1234359,1227470;1233872;1234261;1234418,-;-;-;-,6483,62530,62530,62537,62774,63606,57048,59962,57048,63605
GENE.4524,chr13;chr13,1237200;1238156,1237738;1238429,-;-,813,0,0,0,0,4,0,0,0,4
GENE.4525,chr13,1239486,1241234,-,1749,2320,2320,2322,2342,2391,1915,2199,1915,2391
GENE.4526,chr13;chr13;chr13;chr13;chr13;chr13;chr13;chr13,1243172;1243516;1244003;1245240;1245569;1245864;1246030;1246278,1243399;1243765;1245068;1245418;1245687;1245925;1246140;1246344,+;+;+;+;+;+;+;+,2082,0,0,0,0,25,0,8,0,25
GENE.4527,chr13;chr13;chr13,1252059;1256218;1256539,1256088;1256287;1257973,+;+;+,5535,25375,25373,25383,25463,25701,22635,24708,22635,25697
GENE.4528,chr13,1258956,1259861,-,906,2634,2634,2650,2948,2767,2655,2434,2655,2759
GENE.4529,chr13,1261345,1262943,-,1599,2054,2054,2057,2076,2069,1781,1942,1781,2069
GENE.453,chr2,773335,773754,-,420,0,0,0,0,0,0,0,0,0
GENE.4530,chr13,1265137,1268763,+,3627,6412,6414,6413,6452,6520,5501,6115,5304,6510
GENE.4531,chr13,1269311,1271434,+,2124,0,0,0,0,11,0,0,0,11
GENE.4532,chr13;chr13;chr13;chr13;chr13;chr13;chr13;chr13,1272213;1272451;1272668;1272874;1273120;1273415;1273608;1273776,1272329;1272537;1272700;1272965;1273195;1273499;1273654;1273859,+;+;+;+;+;+;+;+,621,418,420,418,453,427,433,409,433,427
GENE.4533,chr13;chr13;chr13;chr13;chr13;chr13;chr13,1272213;1272451;1272874;1273120;1273415;1273608;1273776,1272329;1272537;1272965;1273195;1273499;1273654;1273859,+;+;+;+;+;+;+,588,415,417,415,449,424,431,406,431,424
GENE.4534,chr13,1274448,1275008,+,561,0,0,0,0,2,0,1,0,2
GENE.4535,chr13;chr13,1275104;1275762,1275646;1275899,+;+,681,955,955,955,1007,1008,732,911,732,1008
GENE.4536,chr13;chr13;chr13;chr13;chr13;chr13,1276089;1276771;1277065;1277279;1277622;1278264,1276348;1276902;1277100;1277336;1278021;1278373,-;-;-;-;-;-,996,0,0,1,0,6,0,0,0,6
GENE.4537,chr13;chr13;chr13;chr13;chr13,1279800;1280046;1280229;1280405;1280755,1279937;1280105;1280282;1280476;1281285,-;-;-;-;-,855,990,990,990,1034,1025,821,925,821,1025
GENE.4538,chr13;chr13;chr13;chr13,1280063;1280229;1280405;1280755,1280080;1280282;1280476;1281285,-;-;-;-,675,960,960,960,1003,993,792,895,792,993
GENE.4539,chr13,1284988,1287165,+,2178,0,0,20,0,5,0,34,0,5
GENE.454,chr2;chr2;chr2,774815;775639;775990,774916;775795;776036,+;+;+,306,2,2,2,2,5,2,2,2,5
GENE.4540,chr13,1287891,1289408,-,1518,3706,3706,3706,3712,3775,3410,3604,3410,3775
GENE.4541,chr13;chr13;chr13;chr13;chr13;chr13;chr13;chr13,1290118;1291515;1291703;1291840;1292035;1292180;1292538;1292809,1291365;1291601;1291744;1291920;1292088;1292236;1292658;1292954,+;+;+;+;+;+;+;+,1836,1414,1414,1414,1416,1437,1272,1354,1272,1437
GENE.4542,chr13;chr13,1294615;1295246,1294684;1296966,+;+,1791,1397,1398,1403,1421,1430,1170,1500,1170,1430
GENE.4543,chr13,1294943,1295022,+,80,10,10,10,12,10,10,10,10,10
GENE.4544,chr13,1297600,1299273,-,1674,0,0,0,0,5,0,0,0,5
GENE.4545,chr13;chr13;chr13;chr13;chr13;chr13;chr13;chr13;chr13;chr13,1299906;1300116;1300407;1300720;1301067;1303138;1304417;1304752;1305016;1305230,1299975;1300214;1300520;1300942;1302876;1304218;1304546;1304812;1305097;1305294,-;-;-;-;-;-;-;-;-;-,3735,7733,7733,7736,7825,7858,7054,7380,7054,7858
GENE.4546,chr13;chr13,1306654;1306785,1306662;1307999,+;+,1224,936,920,937,1008,953,729,841,729,953
GENE.4547,chr13;chr13,1309177;1309603,1309327;1310006,+;+,555,0,0,0,0,6,0,0,0,6
GENE.4548,chr13,1310771,1312216,+,1446,0,0,0,0,2,0,0,0,2
GENE.4549,chr13,1313924,1315786,+,1863,9172,9172,9174,9290,9456,7517,8849,7515,9456
GENE.455,chr2;chr2,775639;775990,775795;776036,+;+,204,2,2,2,2,5,2,2,2,5
GENE.4550,chr13;chr13;chr13;chr13,1316496;1316773;1317210;1317611,1316562;1316983;1317422;1317806,-;-;-;-,687,468,468,468,479,475,329,447,329,475
GENE.4551,chr13,1319089,1321845,-,2757,0,0,6,0,13,0,0,0,13
GENE.4552,chr13;chr13,1324012;1324509,1324137;1324802,+;+,420,101,101,102,103,116,98,100,98,116
GENE.4553,chr13,1324253,1324342,+,90,1,1,1,1,1,1,1,1,1
GENE.4554,chr13;chr13;chr13;chr13;chr13,1325913;1326093;1326485;1326830;1327355,1325963;1326354;1326597;1327071;1327532,-;-;-;-;-,846,0,0,1,0,9,0,0,0,9
GENE.4555,chr13,1329491,1331059,+,1569,2956,2956,2957,2958,3082,2525,2797,2525,3082
GENE.4556,chr13;chr13;chr13,1332299;1334111;1335432,1333970;1335283;1335592,+;+;+,3006,2098,2098,2098,2140,2143,1830,1943,1830,2143
GENE.4557,chr13,1336401,1336892,+,492,76,76,76,78,86,63,76,63,86
GENE.4558,chr13,1337117,1339693,-,2577,8682,8682,8682,8940,8835,8096,8371,8096,8835
GENE.4559,chr13,1340786,1341442,+,657,0,0,0,0,1,0,0,0,1
GENE.456,chr2;chr2,776828;777591,777369;778065,-;-,1017,1219,1219,1219,1253,1225,1074,1280,1074,1225
GENE.4560,chr13,1342012,1343805,-,1794,2264,2264,2266,2290,2278,2090,2150,2090,2278
GENE.4561,chr13,1344806,1346278,-,1473,0,0,1,0,9,0,0,0,9
GENE.4562,chr13,1348779,1349522,+,744,644,644,644,646,650,604,610,604,650
GENE.4563,chr13,1350042,1353860,-,3819,0,0,1,0,41,2,10,2,41
GENE.4564,chr13;chr13;chr13;chr13;chr13;chr13,1355285;1355507;1355754;1355965;1356476;1356817,1355368;1355567;1355872;1356032;1356542;1357194,+;+;+;+;+;+,777,30,30,30,32,40,25,29,25,40
GENE.4565,chr13,1357704,1360319,-,2616,2542,2543,2546,2558,2621,2252,2453,2252,2621
GENE.4566,chr13,1362093,1367609,+,5517,2320,2320,2320,2324,2368,2148,2234,2148,2368
GENE.4567,chr13,1368081,1368716,-,636,444,444,444,444,509,411,431,411,509
GENE.4568,chr13,1370083,1370799,+,717,0,0,0,0,3,0,0,0,3
GENE.4569,chr13,1371671,1373056,+,1386,124,124,124,126,126,108,117,108,126
GENE.457,chr2,779418,782132,-,2715,8560,8560,8560,8580,8576,7718,8048,7717,8576
GENE.4570,chr13,1373390,1377397,-,4008,0,0,3,0,104,9,41,1,104
GENE.4571,chr13,1379109,1379621,-,513,0,0,0,0,1,0,0,0,1
GENE.4572,chr13,1382631,1383335,+,705,220,220,221,222,223,196,231,196,223
GENE.4573,chr13;chr13,1385058;1387627,1387527;1389143,+;+,3987,0,0,2,0,25,0,16,0,25
GENE.4574,chr13,1390016,1391353,-,1338,0,0,1,0,5,0,18,0,5
GENE.4575,chr13,1392614,1395565,-,2952,2776,2776,2776,2782,2836,2414,2567,2414,2835
GENE.4576,chr13,1398271,1399845,+,1575,54,54,54,54,63,41,58,41,63
GENE.4577,chr13,1400897,1402276,-,1380,192,192,192,196,202,173,186,172,202
GENE.4578,chr13,1403522,1404451,-,930,20,20,20,20,22,17,21,17,22
GENE.4579,chr13;chr13,1405731;1407910,1407570;1407929,-;-,1860,5382,5382,5382,5429,5468,4903,5085,4887,5468
GENE.458,chr2;chr2,783723;784688,784469;784828,-;-,888,0,0,0,0,7,0,0,0,7
GENE.4580,chr13,1409049,1409945,-,897,0,0,0,0,2,0,0,0,2
GENE.4581,chr13,1411100,1411708,-,609,0,0,0,0,4,2,0,2,4
GENE.4582,chr13,1413102,1413947,-,846,12,12,12,12,19,9,10,9,19
GENE.4583,chr13,1414878,1415018,-,141,0,0,0,0,0,0,0,0,0
GENE.4584,chr13,1416316,1417458,-,1143,0,0,0,0,3,0,0,0,3
GENE.4585,chr13,1419086,1420141,-,1056,114,114,117,114,119,111,113,111,119
GENE.4586,chr13;chr13;chr13;chr13;chr13;chr13;chr13;chr13;chr13;chr13;chr13;chr13;chr13;chr13,1422322;1422455;1422575;1422818;1422908;1422962;1423043;1423859;1424177;1424777;1424957;1425062;1425281;1425404,1422453;1422572;1422816;1422905;1422959;1423040;1423856;1424175;1424774;1424955;1425059;1425279;1425402;1425596,-;-;-;-;-;-;-;-;-;-;-;-;-;-,3255,0,0,0,0,24,3,3,3,24
GENE.4587,chr13;chr13,1428874;1438795,1438580;1438852,-;-,9765,72478,98395,100222,101951,101752,85223,17354,85217,101752
GENE.4588,chr13;chr13,1440779;1441051,1440836;1450385,+;+,9393,33923,91434,91705,95953,93899,78480,9881,78480,93899
GENE.4589,chr13;chr13;chr13,1451489;1452570;1453187,1452415;1452867;1453443,+;+;+,1482,2819,2820,2820,2861,2899,2379,2687,2379,2899
GENE.459,chr2;chr2,786870;787848,787736;787940,-;-,960,1586,1586,1587,1586,1590,1440,1502,1440,1590
GENE.4590,chr13;chr13,1454507;1454824,1454690;1455875,+;+,1236,1524,1524,1524,1594,1571,1351,1514,1351,1571
GENE.4591,chr13;chr13;chr13,1456110;1456473;1457099,1456281;1456902;1461326,-;-;-,4830,0,0,0,0,41,0,1,0,41
GENE.4592,chr13,1462180,1463991,+,1812,0,0,0,0,4,1,9,1,4
GENE.4593,chr13,1464895,1466619,-,1725,296,296,296,296,308,270,275,270,308
GENE.4594,chr13;chr13;chr13,1469844;1470348;1471337,1470201;1471072;1471453,+;+;+,1200,0,0,0,0,16,0,0,0,16
GENE.4595,chr13;chr13;chr13,1472183;1472434;1472926,1472225;1472669;1473114,+;+;+,468,59,59,59,59,62,54,55,54,62
GENE.4596,chr13;chr13;chr13;chr13;chr13,1474274;1474974;1475215;1475399;1475623,1474884;1475054;1475262;1475513;1475661,+;+;+;+;+,894,682,682,684,690,690,610,645,610,690
GENE.4597,chr13,1476333,1477307,+,975,3694,3694,3693,3776,3735,3234,3596,3234,3735
GENE.4598,chr13;chr13;chr13;chr13;chr13;chr13;chr13;chr13;chr13,1477961;1478267;1478452;1478639;1478892;1479045;1479271;1479670;1479978,1478167;1478328;1478551;1478698;1478954;1479113;1479377;1479803;1480024,-;-;-;-;-;-;-;-;-,849,0,0,0,0,9,0,0,0,9
GENE.4599,chr13,1479501,1479598,-,98,0,0,0,0,0,0,0,0,0
GENE.46,chrX,2219,2292,+,74,0,0,0,0,0,0,0,0,0
GENE.460,chr2;chr2,791464;791899,791673;792381,+;+,693,0,0,0,0,5,0,0,0,5
GENE.4600,chr13;chr13;chr13;chr13,1480954;1481099;1481282;1481665,1480966;1481164;1481440;1481702,+;+;+;+,276,2,2,2,2,3,2,2,2,3
GENE.4601,chr13,1482361,1482837,-,477,0,0,0,0,9,0,4,0,2
GENE.4602,chr13,1486456,1487616,+,1161,0,0,0,0,3,0,0,0,3
GENE.4603,chr13;chr13,1488061;1490149,1489845;1490262,-;-,1899,12437,12437,12437,12489,12462,11709,11876,11709,12462
GENE.4604,chr13;chr13,1491265;1491579,1491432;1494308,-;-,2898,1505,1506,1508,1521,1583,1344,1496,1344,1583
GENE.4605,chr13;chr13;chr13;chr13;chr13;chr13;chr13;chr13,1495259;1495464;1495760;1495955;1496433;1496612;1496890;1497182,1495319;1495613;1495839;1496301;1496466;1496698;1496989;1497240,+;+;+;+;+;+;+;+,918,791,791,791,811,806,760,763,760,806
GENE.4606,chr13,1497877,1501494,+,3618,2836,2836,2837,2852,2887,2441,2771,2441,2887
GENE.4607,chr13;chr13,1503015;1505156,1504859;1506022,+;+,2712,0,0,3,0,19,0,0,0,19
GENE.4608,chr13;chr13;chr13,1506965;1508291;1508598,1508141;1508488;1508977,+;+;+,1755,0,0,0,0,5,0,0,0,5
GENE.4609,chr13,1509589,1519593,-,10005,2816,2961,3294,4620,3282,3571,2666,3539,3280
GENE.461,chr2;chr2,796752;797108,796949;801586,+;+,4677,806,813,880,1080,1079,942,762,928,1069
GENE.4610,chr13,1524111,1524192,-,82,0,0,0,0,1,0,0,0,1
GENE.4611,chr13;chr13;chr13;chr13,1525562;1526125;1526519;1526778,1525927;1526430;1526660;1527814,+;+;+;+,1851,2837,2837,2837,2874,2937,2496,2640,2496,2937
GENE.4612,chr13,1528502,1530208,-,1707,0,1,0,0,14,1,0,1,14
GENE.4613,chr13,1534507,1535166,+,660,868,868,868,884,907,618,825,618,907
GENE.4614,chr13;chr13;chr13;chr13;chr13;chr13;chr13;chr13;chr13;chr13;chr13;chr13;chr13;chr13;chr13;chr13;chr13;chr13;chr13;chr13,1536463;1536680;1536938;1537087;1537239;1537416;1537588;1537790;1538005;1538264;1538489;1538711;1538933;1539141;1539365;1539518;1539706;1539984;1540124;1540285,1536504;1536832;1536995;1537158;1537309;1537490;1537639;1537863;1538121;1538337;1538581;1538786;1539031;1539281;1539430;1539565;1539799;1540034;1540191;1540353,+;+;+;+;+;+;+;+;+;+;+;+;+;+;+;+;+;+;+;+,1593,3828,3828,3829,3974,3860,3677,3729,3677,3860
GENE.4615,chr13;chr13,1542080;1543634,1543243;1543981,+;+,1512,326,326,326,327,363,302,319,302,363
GENE.4616,chr13,1545070,1545735,-,666,0,0,0,0,3,0,0,0,3
GENE.4617,chr13;chr13,1548692;1549170,1548700;1550396,+;+,1236,0,0,0,0,21,0,4,0,21
GENE.4618,chr13;chr13;chr13;chr13;chr13;chr13;chr13;chr13,1550949;1551329;1551644;1551866;1552058;1552221;1552415;1552647,1551190;1551484;1551725;1551979;1552135;1552289;1552548;1553103,-;-;-;-;-;-;-;-,1332,5195,5186,5195,5311,5228,4698,4582,4698,5228
GENE.4619,chr13,1554199,1556364,+,2166,0,0,1,0,16,1,16,1,16
GENE.462,chr2;chr2,804520;804943,804714;807741,+;+,2994,64,65,65,72,77,62,61,62,77
GENE.4620,chr13;chr13;chr13,1556659;1559322;1559610,1559197;1559501;1559734,-;-;-,2844,12210,12210,12215,12284,12381,10951,11699,10951,12381
GENE.4621,chr13,1561255,1563123,-,1869,5192,5192,5192,5330,5413,4539,4902,4539,5413
GENE.4622,chr13;chr13;chr13;chr13;chr13;chr13;chr13;chr13;chr13;chr13;chr13,1564932;1565103;1565304;1565626;1565892;1566466;1566644;1566761;1567066;1567245;1567399,1564966;1565163;1565518;1565777;1566397;1566564;1566664;1566895;1567155;1567321;1567660,-;-;-;-;-;-;-;-;-;-;-,1653,2609,2605,2609,2662,2804,2224,2488,2224,2804
GENE.4623,chr13,1568374,1571169,-,2796,3608,3608,3608,3662,3657,3198,3448,3198,3657
GENE.4624,chr13;chr13;chr13;chr13,1572631;1573059;1573389;1573622,1572924;1573189;1573443;1573723,-;-;-;-,582,0,0,0,0,2,0,0,0,2
GENE.4625,chr13,1575356,1575427,+,72,0,0,0,0,1,0,0,0,1
GENE.4626,chr13,1576926,1576997,-,72,0,0,0,0,0,0,0,0,0
GENE.4627,chr13,1583226,1584053,+,828,0,0,0,0,5,0,0,0,5
GENE.4628,chr13;chr13,1585806;1586096,1585948;1586399,-;-,447,0,0,0,0,2,0,0,0,2
GENE.4629,chr13;chr13;chr13;chr13,1587028;1587207;1587500;1587751,1587051;1587305;1587588;1587874,-;-;-;-,336,18,18,18,19,21,16,16,16,21
GENE.463,chr2;chr2,809511;810230,809984;810298,-;-,543,0,0,0,0,2,0,0,0,2
GENE.4630,chr13;chr13,1588404;1590238,1590129;1590290,+;+,1779,0,0,2,0,5,0,113,0,5
GENE.4631,chr13,1590510,1596320,-,5811,57082,57087,57102,59056,57799,51657,55083,49875,57751
GENE.4632,chr13,1597400,1597618,-,219,0,0,0,0,0,0,0,0,0
GENE.4633,chr13,1598401,1601178,+,2778,5454,5454,5459,5472,5500,5154,5307,5154,5500
GENE.4634,chr13,1601698,1603554,-,1857,990,991,1001,1052,1018,833,943,832,1010
GENE.4635,chr13,1604376,1605212,-,837,1908,1908,1908,1932,1921,1656,1818,1656,1921
GENE.4636,chr13,1605800,1605976,-,177,0,0,0,0,1,0,0,0,1
GENE.4637,chr13,1607323,1610190,+,2868,0,0,2,0,8,1,225,1,8
GENE.4638,chr13;chr13,1610715;1611864,1611746;1611989,-;-,1158,446,446,447,446,454,435,451,435,453
GENE.4639,chr13,1613197,1616805,-,3609,14696,14538,14696,14806,15135,13060,13489,13060,15135
GENE.464,chr2;chr2,813827;814580,814390;814654,-;-,639,2777,2777,2777,2867,2787,2674,2718,2674,2787
GENE.4640,chr13,1618001,1619728,-,1728,0,0,0,0,11,0,0,0,11
GENE.4641,chr13;chr13;chr13;chr13;chr13,1621292;1621688;1622108;1622353;1622658,1621573;1621909;1622166;1622418;1622718,-;-;-;-;-,690,0,0,0,0,1,0,0,0,1
GENE.4642,chr13;chr13,1624054;1624267,1624150;1624490,+;+,321,1,1,1,1,1,2,1,2,1
GENE.4643,chr13;chr13,1627311;1629407,1629300;1629480,+;+,2064,758,758,760,760,784,687,734,687,784
GENE.4644,chr13,1631333,1631406,+,74,0,0,0,0,0,0,0,0,0
GENE.4645,chr13,1632602,1632709,-,108,0,0,0,0,0,0,0,0,0
GENE.4646,chr13;chr13,1633860;1634495,1634378;1634530,-;-,555,339,339,339,343,355,316,330,316,355
GENE.4647,chr13;chr13;chr13,1636556;1636904;1637529,1636558;1637159;1637833,+;+;+,564,229,229,229,229,237,226,225,226,237
GENE.4648,chr13,1637268,1637347,+,80,4,4,4,4,4,4,4,4,4
GENE.4649,chr13,1639617,1641143,+,1527,840,837,843,844,867,739,1415,739,857
GENE.465,chr2;chr2;chr2,820429;820569;821129,820467;821126;822541,+;+;+,2010,1442,1442,1442,1482,1470,1271,1393,1271,1470
GENE.4650,chr13,1642119,1644479,+,2361,1526,1526,1528,1532,1558,1340,1646,1340,1558
GENE.4651,chr13;chr13;chr13,1645066;1645266;1645545,1645142;1645384;1645666,+;+;+,318,0,0,0,0,0,0,0,0,0
GENE.4652,chr13,1646330,1647718,-,1389,0,0,0,0,4,0,1,0,4
GENE.4653,chr13;chr13;chr13;chr13;chr13;chr13;chr13,1649113;1649300;1649532;1649732;1649906;1650329;1650609,1649180;1649370;1649611;1649797;1650205;1650446;1650649,-;-;-;-;-;-;-,744,0,0,0,0,1,0,11,0,1
GENE.4654,chr13,1653211,1654131,-,921,2114,2114,2114,2148,2151,1648,1874,1648,2151
GENE.4655,chr13,1657442,1660171,+,2730,6012,6012,6012,6036,6179,4943,5552,4943,6179
GENE.4656,chr13,1660812,1663730,-,2919,1318,1323,1338,1326,1376,1189,1255,1174,1374
GENE.4657,chr13,1664854,1665645,+,792,690,690,690,690,751,651,686,651,751
GENE.4658,chr13;chr13,1666832;1667680,1667515;1668153,-;-,1158,0,0,1,0,4,0,15,0,4
GENE.4659,chr13;chr13;chr13;chr13;chr13,1669694;1670232;1670466;1670687;1670884,1670070;1670305;1670596;1670769;1670956,-;-;-;-;-,738,1017,1017,1018,1027,1019,978,986,978,1019
GENE.466,chr2;chr2,823825;824796,824571;824864,-;-,816,0,0,3,18,0,48,0,48,0
GENE.4660,chr13;chr13;chr13,1673699;1673952;1674317,1673794;1674089;1676539,+;+;+,2457,0,0,0,0,32,0,0,0,32
GENE.4661,chr13;chr13;chr13,1677540;1677676;1677857,1677562;1677768;1677917,-;-;-,177,0,0,1,0,1,0,0,0,1
GENE.4662,chr13,1679693,1681444,+,1752,632,632,633,634,655,548,596,548,655
GENE.4663,chr13,1682393,1693969,-,11577,40408,40436,40786,44232,43061,37665,38270,37306,43053
GENE.4664,chr13;chr13;chr13;chr13,1696894;1697106;1697308;1697494,1696960;1697136;1697390;1698113,+;+;+;+,801,2216,2216,2216,2238,2238,1968,2140,1968,2238
GENE.4665,chr13,1699683,1700630,-,948,0,0,1,0,3,0,38,0,3
GENE.4666,chr13,1704570,1706123,+,1554,0,0,1,0,8,0,9,0,8
GENE.4667,chr13,1707731,1710679,-,2949,13882,13882,13892,14036,14001,11904,12729,11889,14001
GENE.4668,chr13;chr13;chr13,1714443;1714993;1716110,1714653;1715994;1719255,+;+;+,4359,15932,15931,15933,15998,16170,12800,14784,12800,16170
GENE.4669,chr13;chr13;chr13;chr13,1720319;1721165;1721379;1721550,1721011;1721242;1721408;1721672,+;+;+;+,924,256,256,256,260,258,235,244,235,258
GENE.467,chr2;chr2,831189;831424,831284;832005,+;+,678,0,0,0,0,2,1,0,1,2
GENE.4670,chr13,1721904,1723685,-,1782,5072,5072,5073,5088,5205,4820,5077,4820,5205
GENE.4671,chr13,1724817,1726997,-,2181,3460,3460,3462,3486,3506,3101,3357,3101,3506
GENE.4672,chr13,1730702,1753486,-,22785,92486,92488,92497,92656,94553,79939,86539,79939,94541
GENE.4673,chr13,1756212,1758158,+,1947,4910,4910,4911,4920,5039,3882,4664,3882,5039
GENE.4674,chr13,1759466,1761991,+,2526,2208,2208,2209,2298,2234,1846,2089,1846,2234
GENE.4675,chr13,1764190,1766607,+,2418,130,130,131,130,142,125,151,125,142
GENE.4676,chr13,1769129,1771927,+,2799,4294,4294,4301,4318,4371,3872,4086,3872,4371
GENE.4677,chr13;chr13;chr13,1774275;1778561;1779041,1778347;1778766;1779042,-;-;-,4281,0,0,6,6,13,0,12,0,13
GENE.4678,chr13,1785333,1786805,-,1473,930,930,934,930,944,840,907,840,944
GENE.4679,chr13;chr13;chr13,1787820;1788350;1788827,1788279;1788671;1788869,-;-;-,825,0,0,0,0,3,0,1,0,3
GENE.468,chr2;chr2,833805;834122,833996;834688,+;+,759,612,612,612,612,625,510,556,510,625
GENE.4680,chr13,1789425,1790672,+,1248,0,0,0,0,4,0,0,0,4
GENE.4681,chr13,1791032,1794766,-,3735,5118,5118,5118,5240,5209,4494,4877,4494,5204
GENE.4682,chr13;chr13;chr13,1796274;1796884;1797569,1796762;1797381;1797709,+;+;+,1128,1210,1210,1212,1224,1229,992,1154,992,1229
GENE.4683,chr13,1801271,1805737,+,4467,4244,4244,4261,4258,4313,3799,4463,3799,4311
GENE.4684,chr13;chr13;chr13;chr13;chr13;chr13;chr13;chr13;chr13;chr13;chr13,1807159;1807309;1807596;1807749;1807948;1808218;1808365;1808598;1808874;1809060;1809450,1807184;1807460;1807644;1807791;1808124;1808248;1808462;1808738;1808940;1809118;1809617,+;+;+;+;+;+;+;+;+;+;+,1011,2261,2262,2261,2285,2310,2043,2203,2043,2310
GENE.4685,chr13;chr13;chr13;chr13,1809736;1810038;1810164;1810330,1809933;1810071;1810213;1810521,-;-;-;-,474,56,56,56,56,56,49,50,49,56
GENE.4686,chr13,1812220,1813929,-,1710,3976,3976,3977,4052,3994,3263,3547,3262,3994
GENE.4687,chr13;chr13;chr13,1815075;1815198;1815411,1815095;1815293;1815548,-;-;-,255,0,0,0,0,0,0,0,0,0
GENE.4688,chr13;chr13;chr13;chr13,1816344;1816889;1817554;1817828,1816693;1817331;1817712;1821300,-;-;-;-,4425,5167,5167,5168,5185,5250,4588,4936,4588,5250
GENE.4689,chr13,1823190,1824026,+,837,0,0,0,0,5,0,0,0,5
GENE.469,chr2;chr2;chr2;chr2;chr2;chr2;chr2;chr2;chr2,838843;839924;840606;840757;840965;841202;841500;841746;842647,839764;840493;840659;840819;841096;841387;841658;842512;844116,+;+;+;+;+;+;+;+;+,4323,0,0,1,0,19,0,0,0,19
GENE.4690,chr13;chr13,1826411;1827143,1827016;1827649,+;+,1113,6060,6060,6061,6096,6073,5800,5941,5800,6073
GENE.4691,chr13,1828283,1829689,-,1407,0,0,0,0,9,0,0,0,9
GENE.4692,chr13;chr13,1831842;1833931,1833765;1834991,+;+,2985,0,0,2,0,17,1,0,1,16
GENE.4693,chr13;chr13;chr13;chr13;chr13;chr13;chr13,1835511;1835726;1835899;1836102;1836273;1836464;1836679,1835629;1835821;1836000;1836198;1836322;1836529;1836799,-;-;-;-;-;-;-,651,929,929,933,959,938,788,854,788,938
GENE.4694,chr13;chr13,1837752;1838170,1837903;1840105,-;-,2088,2196,2196,2197,2208,2239,2001,2107,2001,2239
GENE.4695,chr13;chr13,1843376;1843483,1843379;1844897,+;+,1419,376,376,376,378,381,347,355,347,381
GENE.4696,chr13,1845878,1846384,-,507,734,734,734,742,754,527,653,527,754
GENE.4697,chr13;chr13;chr13,1849528;1849974;1850417,1849769;1850266;1850517,+;+;+,636,227,227,227,244,231,164,201,164,231
GENE.4698,chr13,1852898,1870864,+,17967,0,1,16,0,120,0,341,0,120
GENE.4699,chr13,1871922,1873709,+,1788,940,940,940,954,986,685,894,685,986
GENE.47,chrX,2335,5029,+,2695,0,0,0,0,1,1,0,1,1
GENE.470,chr2;chr2;chr2,845600;846020;846298,846018;846131;846375,-;-;-,609,2830,2830,2831,2906,2832,2616,2738,2616,2832
GENE.4700,chr13,1874060,1874725,-,666,100,100,100,100,100,82,99,82,100
GENE.4701,chr13,1876016,1877362,-,1347,0,1,0,0,7,1,0,1,7
GENE.4702,chr13,1878875,1880194,-,1320,0,0,0,0,7,0,0,0,7
GENE.4703,chr13,1881902,1882657,+,756,848,848,848,848,857,650,725,650,857
GENE.4704,chr13;chr13;chr13;chr13;chr13;chr13;chr13,1882964;1883395;1883555;1883883;1884170;1884360;1884691,1883191;1883465;1883717;1884007;1884233;1884544;1884946,-;-;-;-;-;-;-,1092,1457,1457,1457,1519,1493,1110,1332,1110,1493
GENE.4705,chr13,1886344,1888476,+,2133,4168,3977,4168,4216,4218,3760,3972,3760,4218
GENE.4706,chr13,1889853,1891121,-,1269,188,188,188,188,193,171,182,171,193
GENE.4707,chr13;chr13;chr13;chr13;chr13;chr13,1893613;1893807;1893943;1894229;1894479;1894883,1893681;1893857;1894122;1894291;1894637;1895023,-;-;-;-;-;-,663,494,494,494,512,509,340,406,340,509
GENE.4708,chr13,1895983,1896402,+,420,264,264,264,264,266,252,257,252,266
GENE.4709,chr13;chr13,1897983;1898826,1898564;1899362,-;-,1119,0,0,0,0,6,0,0,0,6
GENE.471,chr2;chr2,848092;848277,848157;849119,+;+,909,258,258,258,262,272,225,248,225,272
GENE.4710,chr13;chr13;chr13;chr13;chr13;chr13;chr13;chr13;chr13;chr13;chr13;chr13;chr13;chr13,1902723;1903060;1903325;1903509;1903848;1904008;1904169;1904329;1904514;1904659;1904823;1904980;1905163;1905294,1902777;1903157;1903363;1903665;1903885;1904038;1904212;1904396;1904550;1904719;1904867;1905044;1905196;1905355,+;+;+;+;+;+;+;+;+;+;+;+;+;+,834,0,0,0,0,5,0,5,0,5
GENE.4711,chr13;chr13;chr13,1908960;1910658;1910828,1910549;1910731;1910885,+;+;+,1722,0,0,0,0,14,0,6,0,14
GENE.4712,chr13;chr13;chr13;chr13;chr13;chr13,1911507;1911807;1911951;1912166;1912470;1912685,1911678;1911855;1912057;1912365;1912564;1912832,+;+;+;+;+;+,771,114,114,114,116,129,92,125,92,129
GENE.4713,chr13;chr13;chr13,1912948;1913174;1913533,1913019;1913273;1918904,-;-;-,5544,0,0,1,0,32,0,9,0,32
GENE.4714,chr13;chr13;chr13;chr13,1919834;1923570;1923843;1923988,1923364;1923731;1923875;1923999,-;-;-;-,3738,905,905,905,917,929,811,873,811,929
GENE.4715,chr13;chr13;chr13;chr13;chr13;chr13;chr13;chr13;chr13,1925049;1925312;1925581;1925812;1926015;1926249;1926429;1926588;1926754,1925164;1925421;1925682;1925915;1926054;1926297;1926489;1926653;1926780,+;+;+;+;+;+;+;+;+,675,206,206,206,208,217,193,202,193,217
GENE.4716,chr13;chr13,1927449;1927710,1927512;1928260,+;+,615,70,70,70,70,84,61,66,61,84
GENE.4717,chr13;chr13;chr13,1929091;1929409;1930132,1929153;1929940;1933721,-;-;-,4185,1574,1574,1574,1596,1636,1308,1487,1308,1636
GENE.4718,chr13;chr13;chr13,1935596;1935802;1936117,1935682;1936018;1947380,-;-;-,11568,30182,30184,30303,31336,30547,26697,28385,26269,30537
GENE.4719,chr13;chr13,1950400;1950916,1950511;1951847,+;+,1044,3055,3055,3055,3060,3075,2525,2793,2525,3075
GENE.472,chr2;chr2;chr2,851052;851291;851647,851164;851644;851962,+;+;+,783,0,0,0,0,12,0,0,0,12
GENE.4720,chr13;chr13;chr13;chr13,1953304;1953548;1953730;1953908,1953359;1953609;1953782;1954852,+;+;+;+,1116,0,0,0,0,1,1,0,1,1
GENE.4721,chr13;chr13;chr13;chr13;chr13;chr13;chr13;chr13,1955254;1955462;1955623;1955757;1956182;1957127;1957389;1957713,1955300;1955542;1955682;1956024;1956957;1957246;1957538;1958358,-;-;-;-;-;-;-;-,2148,3127,3127,3127,3199,3201,2956,3062,2956,3199
GENE.4722,chr13;chr13;chr13;chr13;chr13,1959657;1960427;1963034;1965499;1965656,1960239;1962884;1965409;1965564;1965677,+;+;+;+;+,5505,0,0,2,0,27,2,43,2,27
GENE.4723,chr13,1965963,1966322,-,360,0,0,0,0,2,0,0,0,2
GENE.4724,chr13;chr13;chr13;chr13;chr13;chr13;chr13;chr13;chr13;chr13;chr13,1966890;1967239;1967427;1967705;1967873;1968038;1968257;1968465;1968772;1969008;1969280,1967088;1967330;1967573;1967780;1967925;1968130;1968388;1968643;1968909;1969178;1969427,-;-;-;-;-;-;-;-;-;-;-,1428,1024,1024,1024,1039,1065,891,982,891,1065
GENE.4725,chr13;chr13;chr13,1969769;1970039;1970363,1969848;1970159;1970752,-;-;-,591,0,0,0,0,3,0,0,0,3
GENE.4726,chr13,1971890,1974481,-,2592,0,0,5,0,17,0,0,0,17
GENE.4727,chr13,1977269,1982692,+,5424,1976,1976,1980,2082,2040,1813,1971,1809,2040
GENE.4728,chr13;chr13;chr13;chr13;chr13,1983823;1984006;1984559;1984772;1984977,1983879;1984438;1984634;1984869;1985011,+;+;+;+;+,699,351,351,366,355,359,279,331,279,359
GENE.4729,chr13;chr13,1985337;1985527,1985394;1995614,-;-,10146,6146,6146,6187,7116,6423,5401,5930,5401,6415
GENE.473,chr2;chr2,854966;855187,855034;855738,+;+,621,130,130,130,130,132,126,127,126,132
GENE.4730,chr13;chr13,1997023;1997787,1997450;1998282,+;+,924,1228,1228,1228,1228,1264,1157,1197,1157,1264
GENE.4731,chr13;chr13,1998815;1999206,1999016;1999771,+;+,768,429,429,429,431,431,377,409,377,431
GENE.4732,chr13,2000681,2002000,+,1320,1570,1570,1573,1574,1603,1316,1483,1316,1603
GENE.4733,chr13,2002429,2002989,-,561,536,536,536,554,542,454,487,454,542
GENE.4734,chr13;chr13;chr13;chr13;chr13;chr13;chr13;chr13,2003332;2003588;2003868;2004188;2004331;2004571;2004725;2004969,2003466;2003668;2003997;2004261;2004410;2004635;2004797;2005134,-;-;-;-;-;-;-;-,804,0,0,0,0,1,0,0,0,1
GENE.4735,chr13;chr13,2005962;2007748,2007510;2007950,-;-,1752,3094,3094,3094,3100,3122,2799,2876,2799,3122
GENE.4736,chr13;chr13;chr13;chr13,2009477;2009655;2009878;2010234,2009495;2009779;2009967;2010281,-;-;-;-,282,0,0,0,0,0,0,13,0,0
GENE.4737,chr13,2011168,2012085,+,918,2376,2376,2383,2428,2391,2261,2441,2261,2391
GENE.4738,chr13,2012799,2014919,+,2121,9030,9030,9037,9322,9144,7889,8525,7889,9144
GENE.4739,chr13,2015367,2018801,-,3435,4408,4408,4410,4416,4661,3926,4141,3926,4661
GENE.474,chr2;chr2;chr2;chr2,857567;857785;858090;858430,857782;858088;858427;858675,-;-;-;-,1104,0,0,4,0,14,0,0,0,14
GENE.4740,chr13;chr13,2021350;2022192,2022019;2022307,+;+,786,745,745,745,749,773,685,717,685,773
GENE.4741,chr13,2023259,2024944,+,1686,260,260,264,316,280,267,258,267,280
GENE.4742,chr13,2025366,2026106,-,741,0,0,0,0,3,0,0,0,3
GENE.4743,chr13,2027073,2028638,-,1566,0,0,1,0,8,0,7,0,8
GENE.4744,chr13;chr13;chr13;chr13,2033838;2039374;2039691;2039867,2039219;2039492;2039756;2039882,+;+;+;+,5583,18805,18805,18810,18913,18947,16510,18204,16508,18947
GENE.4745,chr13;chr13;chr13;chr13;chr13;chr13,2040405;2040627;2040882;2041090;2041279;2041468,2040455;2040738;2040955;2041153;2041360;2041555,-;-;-;-;-;-,471,549,548,548,564,594,523,536,523,594
GENE.4746,chr13,2043106,2047758,+,4653,620,620,629,628,639,522,608,522,639
GENE.4747,chr13;chr13,2048381;2049209,2049021;2049656,-;-,1089,2632,2632,2632,2652,2647,2351,2484,2351,2647
GENE.4748,chr13;chr13;chr13,2052108;2052333;2053082,2052147;2052601;2053384,+;+;+,612,138,138,138,141,141,131,132,131,141
GENE.4749,chr13,2052741,2052885,+,145,7,7,7,9,7,7,7,7,7
GENE.475,chr2;chr2,860466;860650,860534;861504,+;+,924,2090,2090,2090,2090,2099,1940,1968,1940,2099
GENE.4750,chr13,2055216,2056721,+,1506,2264,2264,2264,2266,2276,1925,2081,1925,2276
GENE.4751,chr13;chr13;chr13,2059616;2059838;2060076,2059663;2059897;2063924,+;+;+,3957,0,0,2,0,7,1,102,1,7
GENE.4752,chr13;chr13,2065373;2065793,2065448;2066409,+;+,693,241,241,242,249,246,191,363,191,246
GENE.4753,chr13;chr13,2065373;2065778,2065448;2066409,+;+,708,241,241,242,249,246,191,363,191,246
GENE.4754,chr13,2067529,2068767,-,1239,0,0,0,0,8,0,0,0,8
GENE.4755,chr13,2069317,2075337,+,6021,3884,3884,3888,3920,4008,3376,4271,3376,4006
GENE.4756,chr13,2076078,2079227,-,3150,0,0,0,0,15,0,0,0,15
GENE.4757,chr13;chr13;chr13;chr13;chr13;chr13;chr13;chr13,2080764;2081126;2081867;2082067;2082247;2082550;2082882;2083078,2080931;2081776;2081952;2082157;2082338;2082713;2082949;2083152,+;+;+;+;+;+;+;+,1395,3627,3624,3628,3696,3636,3513,3520,3513,3636
GENE.4758,chr13,2083689,2085530,-,1842,2088,2088,2088,2100,2102,1825,2000,1825,2102
GENE.4759,chr13,2087393,2092177,+,4785,14122,14122,14129,14272,14257,12848,13615,12842,14257
GENE.476,chr2;chr2;chr2,863079;863389;863774,863387;863688;863842,-;-;-,678,34,34,34,34,35,25,30,25,35
GENE.4760,chr13;chr13,2093365;2094202,2093855;2094337,-;-,627,0,0,0,0,5,0,0,0,5
GENE.4761,chr13;chr13;chr13;chr13;chr13;chr13;chr13;chr13;chr13;chr13;chr13;chr13;chr13;chr13;chr13,2096326;2096486;2096723;2096908;2097061;2097255;2097426;2097625;2097813;2097994;2098309;2098506;2098703;2098870;2099063,2096363;2096569;2096812;2096965;2097164;2097340;2097484;2097658;2097875;2098072;2098356;2098603;2098749;2098943;2099369,-;-;-;-;-;-;-;-;-;-;-;-;-;-;-,1269,2549,2549,2549,2637,2571,2217,2397,2217,2571
GENE.4762,chr13,2101485,2109086,+,7602,0,0,13,0,50,0,152,0,50
GENE.4763,chr13;chr13;chr13,2110352;2112630;2112952,2112480;2112750;2113356,+;+;+,2655,24646,24646,24646,24730,24746,22915,23796,22915,24746
GENE.4764,chr13;chr13;chr13,2114157;2115963;2116170,2115807;2116018;2116211,-;-;-,1749,3228,3228,3228,3254,3262,2891,3058,2891,3262
GENE.4765,chr13;chr13,2118361;2120734,2120586;2120913,-;-,2406,224,224,224,224,243,191,210,191,243
GENE.4766,chr13;chr13,2124272;2125073,2124931;2125270,-;-,858,124,124,124,124,131,111,112,111,131
GENE.4767,chr13;chr13,2130531;2130934,2130812;2131065,+;+,414,0,0,0,0,3,0,0,0,3
GENE.4768,chr13;chr13,2132068;2138465,2138155;2138583,-;-,6207,8799,8799,8799,8903,9145,7512,8203,7512,9145
GENE.4769,chr13,2139728,2143222,+,3495,18046,18048,18130,18670,18625,16209,17371,16209,18625
GENE.477,chr2;chr2,865916;866405,866402;866538,-;-,621,1718,1718,1710,1738,1716,1622,1682,1622,1716
GENE.4770,chr13,2144125,2145105,+,981,956,956,956,960,959,905,936,905,959
GENE.4771,chr13;chr13;chr13,2146181;2146704;2147008,2146527;2146882;2147147,-;-;-,666,447,447,447,453,456,426,428,426,456
GENE.4772,chr13,2150068,2150574,+,507,0,0,0,0,0,0,0,0,0
GENE.4773,chr13;chr13,2151402;2151843,2151611;2152373,-;-,741,636,636,636,646,640,592,608,592,640
GENE.4774,chr13;chr13;chr13;chr13,2154162;2154581;2154988;2155167,2154419;2154907;2155077;2155217,+;+;+;+,726,0,0,0,0,4,0,0,0,4
GENE.4775,chr13,2155755,2157542,-,1788,464,464,465,474,469,442,446,442,469
GENE.4776,chr13,2158129,2159199,-,1071,1274,1274,1275,1338,1319,890,1216,890,1316
GENE.4777,chr13,2160318,2162729,-,2412,3978,3978,3985,3982,4027,3642,3782,3642,4027
GENE.4778,chr13;chr13,2164239;2164575,2164456;2167416,-;-,3060,4399,4395,4399,4431,4427,3930,4184,3930,4427
GENE.4779,chr13;chr13;chr13;chr13;chr13,2169314;2169475;2169727;2170044;2170313,2169369;2169578;2169907;2170144;2170416,-;-;-;-;-,546,317,317,319,329,319,232,265,232,319
GENE.478,chr2;chr2,869508;871086,870950;871124,-;-,1482,1330,1330,1352,1418,1422,1347,1305,1347,1422
GENE.4780,chr13;chr13,2174346;2175550,2175426;2175797,+;+,1329,266,266,266,274,276,245,259,245,276
GENE.4781,chr13;chr13;chr13,2176308;2176830;2177123,2176724;2177021;2177272,-;-;-,759,1078,1078,1078,1092,1083,1047,1066,1047,1083
GENE.4782,chr13,2178639,2179862,-,1224,4334,4334,4334,4736,4429,3647,4095,3647,4429
GENE.4783,chr13,2180958,2182799,-,1842,0,0,0,0,6,1,0,1,6
GENE.4784,chr13,2184037,2185950,+,1914,5262,5262,5265,5318,5393,4463,4853,4463,5393
GENE.4785,chr13,2187435,2190224,+,2790,0,0,0,0,9,0,0,0,9
GENE.4786,chr13,2191058,2194111,-,3054,0,0,2,0,28,0,0,0,28
GENE.4787,chr13,2195449,2196978,+,1530,0,0,0,0,6,0,0,0,6
GENE.4788,chr13,2197906,2197978,-,73,0,0,0,0,0,0,0,0,0
GENE.4789,chr13,2199594,2201570,+,1977,0,0,0,0,11,0,1,0,11
GENE.479,chr2,873131,873319,+,189,0,0,0,0,0,0,0,0,0
GENE.4790,chr13;chr13,2202611;2203576,2203393;2204481,-;-,1689,0,0,0,0,4,0,0,0,4
GENE.4791,chr13,2206592,2210458,-,3867,0,0,1,0,15,1,11,1,15
GENE.4792,chr13;chr13;chr13;chr13,2214445;2214666;2214861;2215041,2214536;2214725;2214924;2215085,+;+;+;+,261,0,0,0,0,0,0,0,0,0
GENE.4793,chr13,2216346,2217563,+,1218,1238,1238,1238,1246,1253,1103,1191,1103,1253
GENE.4794,chr13,2218743,2222939,+,4197,2632,2632,2632,2638,2659,2393,2587,2393,2659
GENE.4795,chr13,2224146,2227040,-,2895,10476,10476,10476,10556,10615,9552,10079,9552,10615
GENE.4796,chr13;chr13,2228520;2229126,2228857;2229291,-;-,504,230,230,230,234,240,186,225,186,240
GENE.4797,chr13;chr13;chr13;chr13;chr13;chr13;chr13,2231883;2232081;2232402;2232650;2232838;2233017;2233183,2231930;2232254;2232552;2232719;2232892;2233061;2233248,+;+;+;+;+;+;+,609,0,0,0,0,3,0,0,0,3
GENE.4798,chr13,2235089,2238109,+,3021,2122,2122,2122,2128,2145,1987,2053,1987,2145
GENE.4799,chr13;chr13,2239261;2239655,2239498;2240004,+;+,588,521,519,521,537,565,462,508,462,565
GENE.48,chrX,5044,5116,+,73,0,0,0,0,0,0,0,0,0
GENE.480,chr2;chr2;chr2;chr2;chr2,873917;874119;874328;874545;874849,874117;874325;874543;874847;875178,-;-;-;-;-,1257,380,634,1060,1242,887,1021,293,1021,887
GENE.4800,chr13,2240970,2242412,-,1443,1914,1914,1914,1920,1958,1705,1824,1705,1958
GENE.4801,chr13;chr13;chr13;chr13;chr13;chr13;chr13,2245189;2245311;2245650;2245891;2246131;2246317;2246488,2245210;2245466;2245807;2246036;2246180;2246356;2246512,+;+;+;+;+;+;+,597,1036,1036,1036,1054,1037,981,986,981,1037
GENE.4802,chr13,2249587,2261721,+,12135,20096,20096,20142,20364,20580,18020,18960,18020,20580
GENE.4803,chr13;chr13;chr13;chr13;chr13,2263199;2263474;2263959;2264255;2264617,2263318;2263777;2264118;2264398;2264755,-;-;-;-;-,867,116,116,116,121,125,114,114,114,125
GENE.4804,chr13,2265817,2267148,-,1332,0,1072,1077,1096,1097,922,61,922,1097
GENE.4805,chr13,2268901,2270232,+,1332,1468,1466,1463,1468,1471,1256,429,1256,1471
GENE.4806,chr13;chr13;chr13;chr13;chr13;chr13;chr13,2271537;2272151;2272370;2272613;2273030;2273265;2273450,2271955;2272237;2272454;2272914;2273155;2273336;2274083,+;+;+;+;+;+;+,1725,2121,2121,2121,2219,2198,1772,1965,1772,2198
GENE.4807,chr13,2274713,2275078,+,366,0,0,0,0,0,0,0,0,0
GENE.4808,chr13,2276521,2280060,+,3540,8330,8330,8337,8414,8479,7033,7887,7033,8479
GENE.4809,chr13,2281492,2284212,+,2721,132,132,133,132,150,113,129,113,150
GENE.481,chr2,876984,877832,+,849,6504,8968,8026,9480,8915,6100,70,6100,8915
GENE.4810,chr13;chr13;chr13;chr13,2284813;2285168;2285424;2285642,2284991;2285221;2285488;2285703,+;+;+;+,360,13,13,13,13,14,11,11,11,14
GENE.4811,chr13;chr13;chr13;chr13,2286220;2286503;2286708;2286880,2286378;2286592;2286784;2290210,-;-;-;-,3657,0,0,1,0,17,0,14,0,17
GENE.4812,chr13;chr13;chr13,2291897;2292372;2292692,2291912;2292502;2294134,+;+;+,1590,4292,4292,4292,4304,4305,4084,4140,4084,4305
GENE.4813,chr13;chr13;chr13;chr13;chr13;chr13,2295637;2295823;2296051;2296276;2296514;2297101,2295655;2295962;2296125;2296341;2296946;2297156,+;+;+;+;+;+,789,95,95,95,102,101,80,90,80,101
GENE.4814,chr13;chr13,2297900;2303981,2303724;2304194,-;-,6039,0,0,1,0,16,0,1,0,16
GENE.4815,chr13,2305436,2307640,-,2205,566,566,566,578,575,528,543,528,575
GENE.4816,chr13;chr13,2309035;2313860,2313559;2314125,+;+,4791,8458,8458,8459,8602,8706,6999,7889,6999,8702
GENE.4817,chr13,2314457,2315479,-,1023,48,48,48,48,52,39,45,39,52
GENE.4818,chr13;chr13;chr13,2317002;2317350;2317650,2317114;2317461;2317844,+;+;+,420,643,637,643,671,648,570,605,570,648
GENE.4819,chr13,2318686,2320527,+,1842,10172,10172,10172,10190,10436,9103,9493,9103,10436
GENE.482,chr2;chr2,878468;879183,879088;879251,-;-,690,170,220,194,322,233,188,128,188,233
GENE.4820,chr13,2322060,2325077,+,3018,4494,4494,4496,4524,4597,3836,4158,3836,4597
GENE.4821,chr13,2326394,2326855,-,462,50,50,50,50,50,48,54,48,50
GENE.4822,chr13,2331074,2331529,+,456,90,90,90,90,91,82,88,82,91
GENE.4823,chr13;chr13;chr13;chr13;chr13;chr13;chr13;chr13;chr13;chr13;chr13;chr13;chr13;chr13;chr13,2332196;2332355;2332554;2332730;2332980;2333175;2333385;2333531;2333666;2333872;2334086;2334352;2334567;2334708;2334901,2332245;2332430;2332594;2332884;2333092;2333255;2333447;2333576;2333751;2333963;2334213;2334411;2334607;2334764;2334915,-;-;-;-;-;-;-;-;-;-;-;-;-;-;-,1104,5223,5223,5223,5516,5288,3590,4606,3590,5288
GENE.4824,chr13,2336005,2345850,-,9846,16440,16440,16448,16506,16759,14616,15313,14616,16759
GENE.4825,chr13,2347863,2349986,-,2124,1030,1030,1032,1034,1047,959,966,959,1047
GENE.4826,chr13;chr13;chr13;chr13;chr13;chr13;chr13;chr13;chr13;chr13;chr13,2350437;2350817;2351127;2351267;2351532;2351672;2351899;2352136;2352295;2352489;2352813,2350609;2350882;2351171;2351354;2351570;2351747;2351933;2352195;2352363;2352588;2352820,-;-;-;-;-;-;-;-;-;-;-,759,1010,1010,1011,1064,1015,964,967,964,1015
GENE.4827,chr13,2353681,2356902,+,3222,1814,1814,1816,1816,1874,1528,1710,1528,1874
GENE.4828,chr13;chr13,2359251;2360106,2359687;2361198,-;-,1530,737,737,737,741,769,612,712,612,769
GENE.4829,chr13,2364426,2365235,+,810,672,672,672,676,695,639,652,639,695
GENE.483,chr2;chr2,881469;882199,882092;882267,-;-,693,28,2876,2562,3070,2878,2095,8,2095,2878
GENE.4830,chr13,2371882,2377959,+,6078,10660,10660,10671,10706,10771,9331,10645,9331,10771
GENE.4831,chr13,2381165,2392261,+,11097,42930,42993,43063,44440,44782,37178,40634,36811,44342
GENE.4832,chr13;chr13;chr13,2393370;2393775;2394002,2393517;2393884;2394355,+;+;+,612,2938,2938,2938,2999,2961,2754,2823,2754,2961
GENE.4833,chr13,2395974,2402354,+,6381,0,0,4,0,27,1,148,1,27
GENE.4834,chr13,2403511,2404044,-,534,92,92,92,92,96,77,90,77,96
GENE.4835,chr13;chr13;chr13;chr13,2405249;2405380;2405782;2406140,2405289;2405641;2405943;2406217,-;-;-;-,543,0,0,0,0,2,0,1,0,2
GENE.4836,chr13;chr13;chr13;chr13;chr13;chr13;chr13,2406838;2407130;2407286;2407462;2407646;2407878;2408237,2406894;2407203;2407351;2407526;2407745;2408140;2408385,-;-;-;-;-;-;-,774,0,0,0,0,12,0,0,0,12
GENE.4837,chr13,2409348,2410466,-,1119,1304,1304,1304,1314,1312,1168,1292,1168,1312
GENE.4838,chr13,2411357,2412298,+,942,978,978,980,986,1068,900,979,900,1068
GENE.4839,chr13;chr13;chr13;chr13;chr13;chr13;chr13;chr13;chr13;chr13;chr13;chr13;chr13;chr13,2413324;2413551;2413817;2414253;2414539;2414825;2415317;2415659;2416039;2417269;2417688;2418046;2418690;2425102,2413350;2413679;2414080;2414427;2414691;2415166;2415554;2415915;2417114;2417567;2417907;2418449;2424485;2425261,+;+;+;+;+;+;+;+;+;+;+;+;+;+,9540,0,0,3,0,29,7,13,4,29
GENE.484,chr2,883452,884312,+,861,198,2874,2722,3910,2914,2375,132,2375,2912
GENE.4840,chr13;chr13;chr13;chr13;chr13,2426133;2429116;2429391;2430672;2431146,2427883;2429262;2430482;2431036;2431183,-;-;-;-;-,3393,0,0,6,0,11,0,15,0,11
GENE.4841,chr13,2435343,2438924,+,3582,10724,10724,10724,10746,10930,9778,10077,9778,10930
GENE.4842,chr13;chr13;chr13;chr13;chr13;chr13;chr13;chr13;chr13,2440438;2440938;2441129;2441440;2441702;2441983;2442220;2442614;2442901,2440704;2440980;2441313;2441550;2441863;2442060;2442441;2442706;2442909,-;-;-;-;-;-;-;-;-,1170,0,0,0,0,7,1,0,1,7
GENE.4843,chr13,2445090,2447264,-,2175,2902,2902,2905,3004,2984,2542,2793,2542,2984
GENE.4844,chr13;chr13;chr13;chr13;chr13,2450461;2453052;2453248;2453509;2453693,2452934;2453137;2453368;2453582;2453760,+;+;+;+;+,2823,9813,9812,9815,9901,9999,8598,9233,8598,9999
GENE.4845,chr13;chr13;chr13;chr13;chr13;chr13,2455261;2459826;2460018;2460199;2460472;2460878,2459745;2459879;2460107;2460297;2460575;2461424,+;+;+;+;+;+,5379,86826,86824,86748,88044,87985,76382,82769,76382,87985
GENE.4846,chr13;chr13;chr13;chr13;chr13;chr13;chr13;chr13;chr13;chr13,2462069;2462337;2462494;2462646;2462773;2462918;2463110;2463301;2463530;2463762,2462194;2462400;2462559;2462687;2462811;2462962;2463194;2463406;2463650;2463784,+;+;+;+;+;+;+;+;+;+,717,885,885,885,931,890,888,866,888,890
GENE.4847,chr13;chr13,2464135;2464502,2464349;2464718,-;-,432,930,930,931,946,932,889,894,889,932
GENE.4848,chr13;chr13;chr13;chr13;chr13;chr13;chr13;chr13;chr13;chr13;chr13;chr13,2465491;2465733;2465924;2466084;2466348;2466521;2466787;2467087;2467291;2467433;2467728;2467926,2465579;2465781;2465973;2466211;2466409;2466641;2466962;2467181;2467339;2467597;2467787;2467982,-;-;-;-;-;-;-;-;-;-;-;-,1101,1629,1629,1629,1711,1696,1329,1557,1329,1696
GENE.4849,chr13;chr13;chr13;chr13,2467128;2467433;2467728;2467926,2467181;2467597;2467787;2467982,-;-;-;-,336,612,612,612,629,621,540,585,540,621
GENE.485,chr2;chr2,886625;886795,886696;887802,+;+,1080,0,168,168,358,175,195,11,195,175
GENE.4850,chr13,2469127,2469540,-,414,308,308,308,308,310,308,308,308,310
GENE.4851,chr13;chr13,2470972;2471739,2471603;2471793,+;+,687,964,964,964,976,1036,816,935,816,1036
GENE.4852,chr13;chr13,2473530;2473825,2473545;2481626,+;+,7818,10178,10178,10178,10186,10256,9396,9819,9396,10256
GENE.4853,chr13,2482472,2483296,-,825,846,846,846,848,943,786,829,786,943
GENE.4854,chr13,2486754,2487353,+,600,292,292,292,294,296,278,279,278,296
GENE.4855,chr13;chr13;chr13;chr13;chr13;chr13;chr13,2487857;2488053;2488273;2488523;2488888;2489230;2489382,2487948;2488126;2488366;2488715;2489091;2489300;2489475,-;-;-;-;-;-;-,822,0,0,0,0,1,1,0,1,1
GENE.4856,chr13,2490386,2491837,-,1452,2668,2668,2668,2672,2741,2353,2512,2353,2741
GENE.4857,chr13,2493143,2493712,+,570,0,0,0,0,1,0,0,0,1
GENE.4858,chr13,2495924,2502070,+,6147,5902,5851,6060,6644,6542,5225,5717,5225,6542
GENE.4859,chr13;chr13,2503185;2504266,2504133;2505458,+;+,2142,1406,1406,1407,1418,1414,1279,1367,1279,1414
GENE.486,chr2;chr2,889660;889864,889728;890745,+;+,951,0,0,0,0,2,0,0,0,2
GENE.4860,chr13;chr13;chr13,2506148;2506709;2506952,2506580;2506816;2507214,+;+;+,804,1623,1623,1623,1671,1625,1561,1588,1561,1625
GENE.4861,chr13,2510355,2516474,+,6120,3016,2930,3050,3460,3208,2549,2895,2495,3206
GENE.4862,chr13;chr13,2518487;2521054,2520598;2525493,+;+,6552,0,0,3,0,26,0,10,0,26
GENE.4863,chr13;chr13,2526360;2530265,2530051;2531483,+;+,4911,0,0,5,0,36,0,83,0,36
GENE.4864,chr13,2532201,2535722,+,3522,6322,6322,6335,6564,6349,5778,6134,5778,6349
GENE.4865,chr13;chr13,2536315;2539506,2539252;2539642,+;+,3075,0,0,7,0,8,1,76,1,8
GENE.4866,chr13;chr13,2539948;2541487,2541282;2541540,-;-,1389,4810,4810,4810,4856,4824,4254,4488,4254,4824
GENE.4867,chr13;chr13,2542284;2543096,2542981;2543150,+;+,753,1596,1596,1596,1606,1703,1371,1445,1371,1703
GENE.4868,chr13;chr13,2543644;2546477,2546354;2546483,-;-,2718,0,0,1,0,5,1,0,1,5
GENE.4869,chr13;chr13;chr13,2547764;2550260;2550415,2550145;2550325;2550477,+;+;+,2511,12886,12886,12895,12948,13258,11237,12332,11237,13258
GENE.487,chr2;chr2,892856;893154,892909;894206,+;+,1107,1332,1332,1332,1340,1386,1029,1296,1029,1386
GENE.4870,chr13,2551243,2551926,-,684,0,0,1,0,1,0,1,0,1
GENE.4871,chr13,2552554,2554926,+,2373,20040,20040,20047,20384,20094,18620,19325,18620,20094
GENE.4872,chr13;chr13;chr13;chr13;chr13;chr13;chr13;chr13;chr13;chr13;chr13;chr13,2556025;2557067;2557286;2557465;2557810;2558044;2558224;2558568;2558845;2559033;2559259;2559416,2556951;2557179;2557377;2557575;2557931;2558090;2558372;2558648;2558923;2559157;2559326;2559547,+;+;+;+;+;+;+;+;+;+;+;+,2046,4101,4101,4103,4153,4113,3554,3944,3554,4113
GENE.4873,chr13,2562118,2562968,+,851,1714,1714,1714,1848,1714,1510,1554,1510,1714
GENE.4874,chr13,2564625,2567108,+,2484,4166,4166,4169,4254,4232,3709,4024,3709,4232
GENE.4875,chr13,2568556,2570946,+,2391,0,0,0,0,19,0,0,0,19
GENE.4876,chr13,2571845,2577286,-,5442,10128,10128,10131,10168,10160,8998,9534,8998,10160
GENE.4877,chr13,2579159,2582614,-,3456,0,0,2,0,47,1,38,1,47
GENE.4878,chr13,2585032,2594829,+,9798,65552,65547,65585,66600,67784,54010,61734,53953,67776
GENE.4879,chr13,2596389,2597822,+,1434,0,0,2,0,80,0,0,0,80
GENE.488,chr2;chr2,896226;896443,896294;897420,+;+,1047,0,2,0,0,4,0,10,0,3
GENE.4880,chr13,2598757,2601399,+,2643,6626,6626,6626,6652,6702,5828,6359,5828,6702
GENE.4881,chr13;chr13;chr13;chr13;chr13;chr13;chr13,2601801;2602046;2602304;2602541;2602884;2602976;2603043,2602044;2602302;2602539;2602881;2602974;2603040;2603107,+;+;+;+;+;+;+,1299,0,0,0,0,13,0,4,0,13
GENE.4882,chr13;chr13;chr13;chr13;chr13;chr13;chr13,2603463;2603755;2603962;2604158;2604321;2604592;2604830,2603528;2603829;2604045;2604217;2604402;2604699;2604972,-;-;-;-;-;-;-,618,1618,1618,1618,1664,1624,1586,1558,1586,1624
GENE.4883,chr13;chr13;chr13;chr13,2606397;2607274;2607670;2607900,2607105;2607379;2607756;2608050,-;-;-;-,1053,1773,1773,1774,1815,1790,1515,1658,1515,1790
GENE.4884,chr13,2608698,2609744,+,1047,1112,1112,1112,1136,1122,1036,1062,1036,1122
GENE.4885,chr13;chr13;chr13,2609933;2610253;2610503,2610113;2610340;2610581,-;-;-,348,16,16,16,16,18,16,16,16,18
GENE.4886,chr13,2611483,2611638,+,156,0,0,0,0,0,0,0,0,0
GENE.4887,chr13,2612422,2614644,-,2223,9084,9084,9091,9748,9192,7518,8382,7518,9192
GENE.4888,chr13,2616148,2617902,-,1755,3962,3962,3962,3968,3998,3284,3768,3284,3998
GENE.4889,chr13;chr13,2619028;2619422,2619102;2620567,+;+,1221,0,0,0,0,5,0,1,0,5
GENE.489,chr2;chr2,899430;899600,899498;900445,+;+,915,130,130,131,130,136,123,127,123,136
GENE.4890,chr13;chr13;chr13;chr13;chr13;chr13;chr13;chr13,2621261;2622346;2622515;2622658;2622787;2622981;2623205;2623823,2622204;2622394;2622583;2622717;2622846;2623085;2623425;2624000,+;+;+;+;+;+;+;+,1686,0,0,0,0,8,0,0,0,8
GENE.4891,chr13;chr13;chr13,2624553;2624881;2625087,2624710;2624937;2626098,-;-;-,1227,6423,6423,6423,6471,6459,5946,6091,5946,6459
GENE.4892,chr13;chr13;chr13;chr13,2629861;2629988;2630878;2631119,2629881;2630554;2630955;2631442,+;+;+;+,990,3640,3640,3640,3677,3691,3077,3395,3077,3691
GENE.4893,chr13;chr13,2632534;2633054,2632713;2633260,-;-,387,0,0,0,0,2,0,0,0,2
GENE.4894,chr13,2635213,2635488,+,276,0,0,0,0,1,0,0,0,1
GENE.4895,chr13;chr13,2636732;2636965,2636839;2637240,+;+,384,0,0,0,0,0,0,0,0,0
GENE.4896,chr13,2638091,2638543,+,453,368,368,368,372,372,343,360,343,372
GENE.4897,chr13;chr13;chr13;chr13,2638955;2649492;2650603;2651850,2649365;2649559;2651686;2652697,-;-;-;-,12411,7402,7403,7417,7470,7548,6368,6896,6366,7546
GENE.4898,chr13,2655277,2659065,-,3789,2182,2183,2183,2248,2219,1796,1999,1796,2219
GENE.4899,chr13,2661573,2662022,+,450,1038,1038,1038,1040,1040,986,993,986,1040
GENE.49,chrX,5142,6554,+,1413,0,0,1,0,10,1,0,1,10
GENE.490,chr2;chr2;chr2,901494;901877;902206,901874;902203;902853,+;+;+,1356,3230,3642,3708,4220,3811,3472,2333,3472,3811
GENE.4900,chr13,2663422,2665152,-,1731,6852,6852,6855,6892,6903,6176,6268,6176,6903
GENE.4901,chr13,2666666,2667781,+,1116,0,0,0,0,0,0,2,0,0
GENE.4902,chr13;chr13;chr13;chr13;chr13;chr13;chr13;chr13;chr13,2668398;2668643;2668899;2669062;2669482;2669745;2669959;2670229;2670523,2668472;2668766;2668938;2669380;2669646;2669852;2670106;2670321;2670524,-;-;-;-;-;-;-;-;-,1074,116,116,116,120,127,114,113,114,127
GENE.4903,chr13;chr13;chr13,2675590;2675797;2676093,2675626;2675943;2677966,+;+;+,2058,0,3,6,0,16,1,258,0,16
GENE.4904,chr13;chr13;chr13;chr13;chr13,2679415;2679592;2679862;2680082;2680323,2679450;2679732;2679927;2680224;2680425,-;-;-;-;-,489,53,53,53,61,57,42,47,42,57
GENE.4905,chr13,2681321,2682592,+,1272,0,0,0,0,11,0,0,0,11
GENE.4906,chr13;chr13;chr13,2683581;2684493;2684869,2684343;2684734;2684967,+;+;+,1104,0,0,0,0,1,0,0,0,1
GENE.4907,chr13;chr13;chr13;chr13,2685059;2685285;2685466;2685735,2685195;2685375;2685648;2686331,-;-;-;-,1008,180,180,180,182,196,150,192,150,196
GENE.4908,chr13,2687561,2690701,+,3141,6546,6546,6547,6578,6833,5574,6158,5574,6833
GENE.4909,chr13;chr13,2692076;2693011,2692892;2693282,+;+,1089,2288,2288,2288,2288,2293,2164,2253,2164,2293
GENE.491,chr2;chr2,904551;904837,904604;905775,+;+,993,0,7,5,5,11,5,2,5,11
GENE.4910,chr13;chr13;chr13,2693921;2694449;2694657,2694295;2694539;2694859,-;-;-,669,450,450,450,454,452,417,424,417,452
GENE.4911,chr13,2695655,2699881,+,4227,13786,13786,13789,13854,14427,12027,13089,12027,14427
GENE.4912,chr13,2701228,2704776,+,3549,4334,4334,4335,4544,4575,3710,4234,3708,4555
GENE.4913,chr13,2706499,2708442,+,1944,4944,4944,4947,4962,4968,4106,4444,4106,4968
GENE.4914,chr13;chr13;chr13;chr13,2708813;2709032;2709220;2709506,2708925;2709058;2709402;2709566,-;-;-;-,384,12,10,12,13,12,11,12,11,12
GENE.4915,chr13;chr13;chr13,2710406;2710578;2711575,2710434;2711340;2711718,-;-;-,936,0,0,0,0,8,0,0,0,8
GENE.4916,chr13;chr13,2713463;2713603,2713488;2715436,-;-,1860,0,0,3,0,4,0,0,0,4
GENE.4917,chr13;chr13;chr13;chr13;chr13;chr13,2717853;2718043;2718237;2718740;2718933;2719276,2717906;2718150;2718519;2718813;2719004;2719377,+;+;+;+;+;+,693,0,0,0,0,0,0,0,0,0
GENE.4918,chr13;chr13;chr13;chr13;chr13;chr13,2719490;2719743;2719882;2720185;2720745;2721008,2719625;2719802;2719980;2720333;2720850;2721420,-;-;-;-;-;-,963,0,0,0,0,2,0,0,0,2
GENE.4919,chr13,2722690,2725182,+,2493,18778,18778,18779,18860,19368,17003,17642,17003,19368
GENE.492,chr2;chr2,907678;907893,907746;908861,+;+,1038,396,397,399,397,415,367,387,367,413
GENE.4920,chr13,2725669,2725947,-,279,0,0,0,0,0,0,0,0,0
GENE.4921,chr13,2727425,2729155,-,1731,0,0,1,0,15,0,0,0,15
GENE.4922,chr13,2731041,2736143,-,5103,11892,11892,11894,12064,12114,10627,11037,10489,12100
GENE.4923,chr13;chr13;chr13,2739350;2739495;2739765,2739383;2739579;2740998,+;+;+,1353,2973,2973,2973,2993,3016,2542,2637,2542,3016
GENE.4924,chr13;chr13;chr13;chr13;chr13,2742585;2742828;2743920;2745178;2745527,2742655;2743601;2744958;2745345;2745862,+;+;+;+;+,2388,12800,12799,12800,12910,13206,10954,11878,10954,13206
GENE.4925,chr13,2746659,2748224,-,1566,0,1,0,0,3,0,0,0,3
GENE.4926,chr13,2749595,2756107,+,6513,7448,7448,7451,7466,7629,6525,7005,6525,7629
GENE.4927,chr13;chr13,2756529;2756875,2756668;2757997,-;-,1263,2374,2374,2374,2428,2481,1975,2248,1975,2481
GENE.4928,chr13;chr13,2759756;2759968,2759851;2768478,+;+,8607,0,2,4,0,26,0,53,0,26
GENE.4929,chr13;chr13,2769916;2773062,2772817;2773480,+;+,3321,6160,6160,6158,6193,6204,4946,5636,4946,6204
GENE.493,chr2;chr2,909350;909831,909421;911054,+;+,1296,0,1973,1691,2315,2049,1407,41,1407,2049
GENE.4930,chr13,2774191,2776884,-,2694,0,0,1,0,6,0,0,0,6
GENE.4931,chr13;chr13;chr13;chr13;chr13,2778005;2778152;2778379;2778644;2778993,2778024;2778282;2778461;2778858;2779071,-;-;-;-;-,528,0,0,0,0,1,0,0,0,1
GENE.4932,chr13,2780354,2780427,+,74,0,0,0,0,0,0,0,0,0
GENE.4933,chr13,2781080,2781151,-,72,0,0,0,0,0,0,0,0,0
GENE.4934,chr13,2781622,2781695,+,74,0,0,0,0,0,0,0,0,0
GENE.4935,chr13,2783150,2783221,-,72,0,0,0,0,0,0,0,0,0
GENE.4936,chr13,2783766,2783836,+,71,0,0,0,0,0,0,0,0,0
GENE.4937,chr13;chr13,2787972;2788554,2788361;2788913,+;+,750,2703,2703,2703,2707,2706,2407,2479,2407,2706
GENE.4938,chr13,2794237,2794851,+,615,1472,1472,1442,1510,1480,1337,1183,1337,1480
GENE.4939,chr13,2796119,2797144,+,1026,844,523,841,886,850,699,779,667,848
GENE.494,chr2;chr2,913244;913528,913297;914457,+;+,984,0,17,10,17,17,22,8,22,17
GENE.4940,chr13,2797507,2798103,+,597,448,448,438,454,448,422,420,422,448
GENE.4941,chr13,2800004,2802154,+,2151,2526,2994,2900,3366,3060,2697,228,2697,3060
GENE.4942,chr13,2802527,2802686,+,160,0,0,0,0,0,0,0,0,0
GENE.4943,chr13,2802945,2807159,+,4215,10134,10232,9848,10492,10371,9426,1399,9426,10371
GENE.4944,chr13;chr13,2808563;2809154,2809000;2809222,-;-,507,0,0,1,0,0,0,7,0,0
GENE.4945,chr13;chr13;chr13;chr13;chr13,2811706;2812266;2819764;2820015;2820227,2812263;2819334;2819851;2820088;2820270,+;+;+;+;+,7833,0,1,2,0,46,1,44,1,46
GENE.4946,chr13;chr13;chr13,2821078;2821278;2823212,2821173;2822786;2823292,+;+;+,1686,4346,4346,4346,4366,4432,3830,4215,3830,4432
GENE.4947,chr13;chr13,2824302;2825781,2825552;2825852,-;-,1323,0,0,0,0,3,0,0,0,3
GENE.4948,chr13;chr13,2829856;2830109,2829927;2830669,+;+,633,292,291,292,296,296,249,268,249,296
GENE.4949,chr13;chr13,2832952;2833204,2833086;2834322,+;+,1254,0,0,0,0,11,0,0,0,11
GENE.495,chr2;chr2,916352;918345,917581;923648,-;-,6534,0,33,21,134,41,143,24,143,41
GENE.4950,chr13;chr13,2837053;2837313,2837136;2839058,+;+,1830,0,0,0,0,7,0,0,0,7
GENE.4951,chr13;chr13,2840727;2841635,2841485;2841703,-;-,828,0,0,0,0,1,0,0,0,1
GENE.4952,chr13;chr13,2845767;2846002,2845850;2846538,+;+,621,232,264,270,358,268,274,192,274,268
GENE.4953,chr13,2850891,2853482,+,2592,0,0,0,0,26,0,1,0,26
GENE.4954,chr13;chr13;chr13,2854544;2855003;2855521,2855000;2855403;2855568,-;-;-,906,0,10,12,72,14,24,17,24,14
GENE.4955,chr13;chr13,2856586;2857255,2856632;2858026,+;+,819,0,0,0,0,2,0,0,0,2
GENE.4956,chr13;chr13,2860163;2860449,2860216;2861441,+;+,1047,0,4,7,5,10,10,23,10,10
GENE.4957,chr13;chr13,2863866;2864030,2863928;2864869,+;+,903,1242,1246,1249,1254,1251,1083,1209,1083,1251
GENE.4958,chr13;chr13,2865893;2866197,2866194;2867226,+;+,1332,0,1802,1959,3222,1893,1864,83,1864,1893
GENE.4959,chr13;chr13,2868923;2869209,2868976;2870165,+;+,1011,2795,2797,2801,2814,2868,2371,2617,2276,2868
GENE.496,chr3;chr3,36965;43172,42283;44482,+;+,6630,0,14,10,28,31,87,27,87,31
GENE.4960,chr13;chr13,2871860;2873035,2872831;2873088,-;-,1026,0,0,3,0,1,0,3,0,1
GENE.4961,chr13,2875991,2876203,+,213,0,0,0,0,0,0,0,0,0
GENE.4962,chr13;chr13,2877908;2878146,2877976;2879141,+;+,1065,0,1,0,4,5,23,2,0,5
GENE.4963,chr13;chr13,2881591;2881877,2881644;2882956,+;+,1134,2020,2029,2024,2025,2031,1954,1914,1926,2031
GENE.4964,chr13;chr13,2884786;2886998,2886114;2892340,-;-,6672,1982,2015,1984,2214,2047,1843,1910,1843,2047
GENE.4965,chr14;chr14,1393;4039,3021;5343,+;+,2934,9865,9882,9875,10073,10074,8542,8617,8542,10074
GENE.4966,chr14;chr14,7208;8485,8248;8538,-;-,1095,18,18,18,18,20,18,20,18,20
GENE.4967,chr14;chr14,10974;12049,11933;12117,-;-,1029,340,340,340,340,340,301,325,301,340
GENE.4968,chr14;chr14,14126;15310,15085;15363,-;-,1014,2096,2102,2097,2122,2201,1706,2021,1571,2201
GENE.4969,chr14;chr14,17469;18737,18416;18808,-;-,1020,4179,4180,4179,4183,4330,3849,3964,3847,4328
GENE.497,chr3;chr3,46369;47526,47295;47579,-;-,981,0,80,67,90,90,106,17,106,90
GENE.4970,chr14;chr14,20897;22179,21946;22232,-;-,1104,5658,5671,5677,5711,5715,5267,5268,5197,5715
GENE.4971,chr14;chr14,24337;25252,25149;25320,-;-,882,860,858,861,862,872,745,820,745,872
GENE.4972,chr14;chr14,27321;28360,28202;28428,-;-,951,0,0,0,0,3,1,0,0,2
GENE.4973,chr14;chr14,30083;30877,30784;31008,-;-,834,836,1942,1810,2426,2002,1597,285,1597,2002
GENE.4974,chr14;chr14,34693;35585,35427;35773,-;-,924,0,0,0,0,2,0,0,0,2
GENE.4975,chr14;chr14,41289;42956,42629;43093,-;-,1479,0,0,0,0,8,0,0,0,8
GENE.4976,chr14;chr14,46833;47019,46901;47744,+;+,795,0,0,0,0,0,0,0,0,0
GENE.4977,chr14;chr14,48912;50218,50135;50415,-;-,1422,0,0,0,0,1,0,0,0,1
GENE.4978,chr14,53411,53734,-,324,0,0,0,0,3,0,0,0,3
GENE.4979,chr14,57172,58293,-,1122,1098,1098,1102,1098,1115,891,979,891,1115
GENE.498,chr3;chr3;chr3,49772;50413;50899,50410;50896;51152,-;-;-,1377,0,1644,2634,2686,2503,2898,124,2898,2501
GENE.4980,chr14;chr14,61364;62800,62611;62988,-;-,1437,584,584,584,590,601,499,539,499,601
GENE.4981,chr14,66269,67081,-,813,1200,1200,1200,1200,1207,1150,1159,1150,1207
GENE.4982,chr14,71368,72690,+,1323,4362,4362,4362,4366,4448,3863,4112,3863,4448
GENE.4983,chr14;chr14;chr14;chr14;chr14;chr14;chr14;chr14;chr14;chr14,74188;74387;74549;74681;74986;75181;75508;75866;76325;76640,74247;74464;74594;74831;75064;75330;75647;76190;76422;76793,-;-;-;-;-;-;-;-;-;-,1281,2567,2567,2568,2664,2646,2269,2454,2269,2646
GENE.4984,chr14;chr14;chr14;chr14;chr14;chr14;chr14;chr14;chr14;chr14;chr14;chr14;chr14;chr14;chr14,77258;77415;77615;77780;77977;78193;78429;78698;78909;79120;79343;79503;79665;79930;80297,77323;77521;77668;77846;78054;78261;78543;78746;78990;79246;79413;79583;79817;80180;80423,-;-;-;-;-;-;-;-;-;-;-;-;-;-;-,1497,7879,7879,7879,8078,7898,7297,7361,7297,7898
GENE.4985,chr14,81121,83760,+,2640,4308,4308,4308,4334,4437,3863,4296,3863,4437
GENE.4986,chr14,84735,85301,+,567,144,144,144,144,145,139,140,139,145
GENE.4987,chr14,85883,87883,-,2001,5192,5192,5194,5260,5230,4474,4611,4474,5230
GENE.4988,chr14,89565,91037,-,1473,88,88,93,88,92,75,82,75,92
GENE.4989,chr14;chr14;chr14,92264;93183;93435,92524;93268;93537,-;-;-,450,536,536,536,554,539,490,525,490,539
GENE.499,chr3;chr3,52280;53205,53101;53273,-;-,891,270,272,271,270,275,208,247,208,275
GENE.4990,chr14,92792,92874,-,83,25,25,25,28,26,25,25,25,26
GENE.4991,chr14;chr14;chr14;chr14;chr14;chr14;chr14;chr14;chr14,94980;95717;95917;96148;97056;97528;97813;98055;98342,95594;95831;95994;96767;97249;97627;97901;98142;98404,-;-;-;-;-;-;-;-;-,1962,0,0,4,0,6,0,0,0,6
GENE.4992,chr14;chr14;chr14,100847;105253;105544,105158;105395;105624,+;+;+,4536,552,552,556,552,564,471,634,471,564
GENE.4993,chr14,106370,109234,+,2865,0,0,4,0,12,0,7,0,12
GENE.4994,chr14;chr14;chr14;chr14;chr14;chr14;chr14;chr14;chr14;chr14,110114;110273;110472;110618;111538;111704;111982;112265;112413;112587,110154;110330;110544;111308;111598;111829;112140;112318;112452;112645,+;+;+;+;+;+;+;+;+;+,1362,0,0,1,0,7,0,3,0,7
GENE.4995,chr14,113144,119011,-,5868,3806,3806,3827,3812,3897,3173,3420,3173,3896
GENE.4996,chr14;chr14,120069;120723,120532;121134,-;-,876,402,402,402,411,434,367,387,367,434
GENE.4997,chr14,121855,125340,-,3486,14536,14536,14533,14654,14659,12910,13987,12910,14659
GENE.4998,chr14;chr14;chr14;chr14;chr14;chr14;chr14;chr14;chr14;chr14;chr14;chr14;chr14;chr14;chr14,125986;126187;126582;126936;127122;127290;127517;127773;128117;128407;128695;128924;129109;129395;129740,126055;126422;126819;126998;127174;127337;127639;127972;128252;128539;128804;129023;129275;129502;129877,+;+;+;+;+;+;+;+;+;+;+;+;+;+;+,1923,0,0,2,0,15,0,0,0,15
GENE.4999,chr14;chr14;chr14;chr14;chr14;chr14;chr14;chr14;chr14,130022;130189;130465;130656;130972;131113;131383;131719;132080,130096;130237;130544;130776;131029;131239;131506;131876;132100,-;-;-;-;-;-;-;-;-,813,865,865,865,877,871,829,831,829,871
GENE.5,chrM,204,226,-,23,0,0,0,0,0,0,0,0,0
GENE.50,chrX,6561,6716,+,156,0,0,0,0,0,0,0,0,0
GENE.500,chr3;chr3,55390;56516,56400;56584,-;-,1080,920,920,920,922,1043,816,862,816,1043
GENE.5000,chr14;chr14;chr14,132554;132949;133117,132727;132996;133245,+;+;+,351,7,7,7,9,7,7,7,7,7
GENE.5001,chr14;chr14;chr14,133737;133950;134144,133822;134013;135073,-;-;-,1080,0,0,2,0,2,0,3,0,2
GENE.5002,chr14;chr14,136530;141394,141131;141420,-;-,4629,4256,4256,4265,4268,4377,3887,4063,3887,4377
GENE.5003,chr14,142242,143138,-,897,1340,1340,1340,1342,1342,1264,1283,1264,1342
GENE.5004,chr14;chr14,143984;144589,144408;144661,+;+,498,94,94,94,94,101,72,89,72,101
GENE.5005,chr14;chr14,145134;145547,145378;145649,-;-,348,5,5,5,5,7,5,5,5,7
GENE.5006,chr14;chr14,147961;148317,148197;148415,+;+,336,13,13,13,13,14,9,12,9,14
GENE.5007,chr14,150000,150608,+,609,0,0,0,0,0,0,0,0,0
GENE.5008,chr14,151765,152310,+,546,454,454,454,458,466,401,415,401,466
GENE.5009,chr14,153139,154545,+,1407,11706,11704,11707,11782,12754,8821,10407,8821,12754
GENE.501,chr3,58307,58519,-,213,0,0,0,0,0,0,0,0,0
GENE.5010,chr14;chr14;chr14;chr14;chr14;chr14;chr14;chr14;chr14;chr14;chr14;chr14;chr14;chr14;chr14;chr14;chr14;chr14;chr14;chr14;chr14;chr14,154855;155236;155408;155565;155777;156202;156572;156876;157180;157376;157592;157819;158023;158280;158464;158623;158826;158965;159268;159592;159772;160075,155118;155307;155473;155651;156031;156459;156723;156952;157266;157467;157716;157906;158163;158337;158522;158721;158864;159115;159467;159642;159831;160191,-;-;-;-;-;-;-;-;-;-;-;-;-;-;-;-;-;-;-;-;-;-,2598,14452,14452,14452,14838,14537,13638,13867,13638,14537
GENE.5011,chr14;chr14;chr14;chr14;chr14;chr14;chr14;chr14;chr14;chr14;chr14;chr14;chr14;chr14;chr14;chr14;chr14,154855;155236;155408;155565;155777;156202;156572;156876;157180;157376;157592;157819;158023;158280;158464;158623;158826,155118;155307;155473;155651;156031;156459;156723;156952;157266;157467;157716;157906;158163;158337;158522;158721;158855,-;-;-;-;-;-;-;-;-;-;-;-;-;-;-;-;-,2010,13265,13258,13258,13620,13333,12561,12778,12561,13333
GENE.5012,chr14;chr14;chr14;chr14;chr14;chr14;chr14;chr14;chr14;chr14;chr14;chr14;chr14;chr14;chr14;chr14;chr14;chr14;chr14;chr14,154855;155236;155408;155565;155777;156202;156572;156876;157180;157376;157592;157819;158023;158280;158464;158623;158826;158965;159268;159535,155118;155307;155473;155651;156031;156459;156723;156952;157266;157467;157716;157906;158163;158337;158522;158721;158864;159115;159448;159595,-;-;-;-;-;-;-;-;-;-;-;-;-;-;-;-;-;-;-;-,2412,14447,14447,14447,14834,14531,13633,13862,13633,14531
GENE.5013,chr14,161227,162099,-,873,0,0,0,0,4,1,0,1,4
GENE.5014,chr14,163990,166854,-,2865,0,0,3,0,10,0,1,0,10
GENE.5015,chr14,170000,170893,+,894,2150,2150,2150,2156,2191,1973,2028,1973,2191
GENE.5016,chr14;chr14;chr14;chr14;chr14,172237;172502;172796;174372;174738,172378;172602;174207;174603;174911,+;+;+;+;+,2061,0,0,3,0,6,0,3,0,6
GENE.5017,chr14;chr14;chr14;chr14;chr14;chr14;chr14,175503;175625;175850;176097;176265;176553;176791,175528;175721;175954;176166;176437;176640;179705,-;-;-;-;-;-;-,3474,8160,8189,8492,10422,9863,7152,7800,6783,9229
GENE.5018,chr14;chr14;chr14,180897;181376;181575,181287;181488;181649,+;+;+,579,330,330,330,336,332,281,298,281,332
GENE.5019,chr14,181955,185032,+,3078,0,0,1,0,35,0,11,0,35
GENE.502,chr3;chr3,61445;61662,61498;62714,+;+,1107,1576,1574,1576,1586,1584,1486,1509,1486,1584
GENE.5020,chr14;chr14;chr14;chr14,185437;186652;187001;187651,186500;186900;187517;190368,-;-;-;-,4548,0,0,3,0,26,0,0,0,26
GENE.5021,chr14,190997,192724,+,1728,1076,1076,1077,1086,1091,1017,1051,1017,1091
GENE.5022,chr14,193216,194265,-,1050,1290,1290,1290,1290,1303,1193,1251,1193,1303
GENE.5023,chr14,196327,198486,-,2160,12636,12636,12641,12738,12721,11547,11552,11449,12721
GENE.5024,chr14;chr14;chr14;chr14;chr14,200493;201096;201446;201776;203570,200919;201282;201512;203421;204143,-;-;-;-;-,2901,14492,14492,14493,14693,14647,13209,14084,13209,14647
GENE.5025,chr14;chr14,205559;208953,208837;209003,+;+,3330,19564,19594,19564,19974,20375,16499,18506,15446,20261
GENE.5026,chr14;chr14;chr14,210300;210541;210884,210354;210732;210960,+;+;+,324,0,0,0,0,10,0,0,0,10
GENE.5027,chr14,211566,215651,-,4086,0,0,3,0,18,1,8,1,18
GENE.5028,chr14,217845,226307,+,8463,0,0,17,0,56,10,704,10,54
GENE.5029,chr14,228410,229837,+,1428,0,0,0,0,13,0,48,0,13
GENE.503,chr3;chr3,64572;64872,64625;65783,+;+,966,0,8,7,40,11,3,6,3,11
GENE.5030,chr14,230864,232690,+,1827,230,230,230,230,271,209,484,209,271
GENE.5031,chr14;chr14,233001;233995,233834;237744,-;-,4584,9852,9852,9859,9890,10054,8814,9466,8812,10054
GENE.5032,chr14,239747,243772,+,4026,7234,7234,7238,7290,7435,6622,7096,6622,7435
GENE.5033,chr14,244908,245492,+,585,238,238,239,238,239,222,226,222,239
GENE.5034,chr14;chr14;chr14,246380;246787;247405,246609;247094;247721,-;-;-,855,2979,2979,2979,3009,3131,2678,2843,2678,3131
GENE.5035,chr14;chr14;chr14;chr14;chr14,251059;252176;252348;252628;252765,251935;252237;252385;252677;252826,+;+;+;+;+,1089,5765,5765,5765,5821,5776,5245,5496,5245,5776
GENE.5036,chr14,253542,257360,+,3819,7548,7548,7548,7592,7689,6442,7112,6442,7689
GENE.5037,chr14;chr14,258746;259039,258752;259988,+;+,957,725,725,725,729,764,586,672,586,764
GENE.5038,chr14;chr14,261061;261595,261425;262099,-;-,870,0,0,1,0,6,0,0,0,6
GENE.5039,chr14;chr14;chr14;chr14;chr14,264403;265278;265545;265837;266111,265152;265364;265674;265978;267074,+;+;+;+;+,2073,0,0,1,0,6,2,27,2,6
GENE.504,chr3;chr3,67928;68101,67996;68682,+;+,651,1578,1578,1578,1696,1586,1386,1421,1386,1586
GENE.5040,chr14,268108,268692,-,585,0,0,0,0,4,0,0,0,4
GENE.5041,chr14;chr14;chr14;chr14;chr14,269881;270092;270435;270634;270893,269912;270251;270521;270697;270927,+;+;+;+;+,378,1,1,1,1,1,1,3,1,1
GENE.5042,chr14,271014,277115,-,6102,42810,42810,42813,42994,43243,38742,40402,38742,43242
GENE.5043,chr14;chr14,279176;280609,280331;280673,+;+,1221,3637,3636,3637,3659,3693,3080,3521,3080,3693
GENE.5044,chr14,283086,284435,+,1350,0,0,1,0,12,0,0,0,12
GENE.5045,chr14,288297,289655,+,1359,12886,12886,12888,12898,13256,11972,12227,11832,13254
GENE.5046,chr14,293471,294832,+,1362,370,370,370,370,380,412,362,339,378
GENE.5047,chr14,297468,298823,+,1356,4964,4964,4964,4986,5081,3393,4309,3393,5079
GENE.5048,chr14,300725,305833,-,5109,0,1,16,0,31,0,46,0,31
GENE.5049,chr14,312569,312868,+,300,0,0,0,0,0,0,2,0,0
GENE.505,chr3,69460,71919,-,2460,0,0,0,0,5,0,0,0,5
GENE.5050,chr14,313975,317457,-,3483,0,0,1,0,10,0,0,0,10
GENE.5051,chr14,320274,320861,+,588,0,0,1,0,2,0,31,0,2
GENE.5052,chr14;chr14,323317;323851,323651;324172,+;+,657,216,216,216,220,221,178,201,178,221
GENE.5053,chr14;chr14,324754;325114,324947;346468,-;-,21549,79254,79254,79297,79964,80698,71516,75179,71516,80551
GENE.5054,chr14;chr14,349359;350356,350192;350415,+;+,894,1247,1247,1247,1247,1257,1157,1175,1157,1257
GENE.5055,chr14,351025,352047,-,1023,1456,1456,1456,1462,1470,1335,1393,1335,1470
GENE.5056,chr14;chr14,353263;353497,353318;355141,-;-,1701,10806,10806,10806,11158,11036,9701,10359,9701,11036
GENE.5057,chr14,356550,360188,+,3639,7426,7423,7428,7510,7671,6453,7043,6453,7671
GENE.5058,chr14;chr14;chr14,360656;360954;361494,360797;361362;361539,-;-;-,597,0,0,0,0,0,0,0,0,0
GENE.5059,chr14;chr14;chr14,360656;360954;361530,360797;361362;361539,-;-;-,561,0,0,0,0,0,0,0,0,0
GENE.506,chr3;chr3,76494;76773,76562;77474,+;+,771,0,0,0,0,6,0,26,0,6
GENE.5060,chr14,363092,364240,+,1149,320,320,320,320,323,280,307,280,323
GENE.5061,chr14;chr14;chr14;chr14,365509;366182;366488;367018,365912;366318;366725;367027,-;-;-;-,789,273,273,273,287,298,252,261,252,298
GENE.5062,chr14;chr14;chr14,370146;370336;370468,370199;370370;373006,+;+;+,2628,2866,2866,2869,2974,3019,2378,2727,2378,3017
GENE.5063,chr14,374800,377106,+,2307,7146,7146,7146,7178,7338,6529,7166,6529,7338
GENE.5064,chr14;chr14,377285;377709,377357;380182,-;-,2547,1252,1252,1253,1258,1277,1143,1213,1143,1277
GENE.5065,chr14,383188,384732,+,1545,0,0,1,0,6,0,95,0,6
GENE.5066,chr14,389592,391595,+,2004,12576,12576,12577,12592,12808,11042,12045,11042,12808
GENE.5067,chr14,392972,393850,-,879,282,282,282,286,290,227,252,227,290
GENE.5068,chr14;chr14;chr14;chr14;chr14;chr14;chr14,396010;396425;396751;396967;397192;397496;397760,396334;396580;396841;397051;397260;397611;397967,+;+;+;+;+;+;+,1050,49,49,49,49,69,47,47,47,69
GENE.5069,chr14,400418,402994,+,2577,24974,24974,24975,25094,25478,22436,24356,22436,25478
GENE.507,chr3;chr3;chr3,78195;78503;80196,78275;80056;80393,-;-;-,1833,531,531,531,535,544,437,505,437,544
GENE.5070,chr14;chr14,403652;404085,403891;417062,-;-,13218,10934,10955,11064,11726,11614,9617,10324,9613,11608
GENE.5071,chr14,420442,422790,+,2349,0,0,0,0,21,0,3,0,21
GENE.5072,chr14;chr14,423751;423921,423822;424250,-;-,402,202,202,203,218,202,191,194,191,202
GENE.5073,chr14,427191,428588,+,1398,5532,5532,5532,5536,5579,4644,5208,4644,5579
GENE.5074,chr14;chr14,429690;430056,429888;430861,-;-,1005,1402,1402,1402,1412,1453,1202,1358,1202,1453
GENE.5075,chr14;chr14;chr14;chr14;chr14;chr14;chr14,433951;434085;434286;434618;434876;435079;435247,433996;434154;434436;434729;434913;435108;435318,+;+;+;+;+;+;+,519,0,0,0,0,3,0,0,0,3
GENE.5076,chr14;chr14;chr14;chr14,437224;437448;437678;437959,437353;437594;437809;439466,+;+;+;+,1917,990,990,992,998,1028,846,924,846,1028
GENE.5077,chr14;chr14;chr14;chr14;chr14;chr14;chr14;chr14;chr14;chr14,440541;444721;445420;446436;446640;446942;447085;447260;447420;447706,444567;445328;446307;446504;446834;446992;447168;447320;447533;447773,+;+;+;+;+;+;+;+;+;+,6165,23997,24001,24019,25363,24571,21078,22851,21078,24563
GENE.5078,chr14;chr14;chr14;chr14;chr14;chr14;chr14;chr14;chr14,440541;444721;445420;446640;446942;447085;447260;447420;447706,444567;445328;446307;446834;446992;447168;447320;447533;447773,+;+;+;+;+;+;+;+;+,6096,23996,24000,24018,25362,24570,21077,22850,21077,24562
GENE.5079,chr14;chr14;chr14;chr14;chr14;chr14;chr14;chr14,447923;448158;448448;448689;448911;449293;449558;449808,448052;448298;448563;448804;449090;449434;449693;449968,-;-;-;-;-;-;-;-,1122,583,582,583,594,588,513,495,513,588
GENE.508,chr3;chr3,82011;83420,83228;83515,-;-,1314,897,897,897,905,912,808,855,808,912
GENE.5080,chr14;chr14;chr14;chr14;chr14;chr14;chr14;chr14,447990;448158;448448;448689;448911;449293;449558;449808,448014;448298;448563;448804;449090;449434;449693;449968,-;-;-;-;-;-;-;-,1017,583,582,583,594,586,513,490,513,586
GENE.5081,chr14;chr14;chr14;chr14,452175;452481;452960;453265,452329;452726;453160;454879,-;-;-;-,2217,16349,16349,16351,16525,16723,15407,15779,15407,16723
GENE.5082,chr14;chr14,458796;460900,460439;460962,+;+,1707,526,526,526,528,541,490,612,490,541
GENE.5083,chr14,461401,467451,-,6051,2914,2914,2921,2920,3060,2498,2702,2498,3060
GENE.5084,chr14;chr14,468976;469195,468997;472016,+;+,2844,485,485,486,496,520,451,457,451,520
GENE.5085,chr14,472850,474826,+,1977,0,0,2,0,8,0,4,0,8
GENE.5086,chr14,475249,477297,+,2049,0,0,2,0,8,0,56,0,8
GENE.5087,chr14,477469,478887,-,1419,684,684,691,694,706,614,654,614,706
GENE.5088,chr14,480431,481414,+,984,24,24,24,24,28,24,24,24,28
GENE.5089,chr14,482437,483399,+,963,0,0,0,0,2,0,0,0,2
GENE.509,chr3;chr3,85305;86042,85946;86131,-;-,732,36,36,36,36,36,32,34,32,36
GENE.5090,chr14,484438,487308,+,2871,11914,11914,11918,12564,12189,10366,11718,10366,12189
GENE.5091,chr14;chr14;chr14,487776;488213;490239,488073;490055;490380,-;-;-,2283,3504,3504,3504,3539,3666,2894,3364,2894,3666
GENE.5092,chr14;chr14;chr14,491494;491688;492142,491528;491950;492221,-;-;-,378,12,12,12,12,16,11,11,11,16
GENE.5093,chr14;chr14;chr14;chr14;chr14,493971;501131;503219;503897;504234,500970;503010;503697;504082;504345,-;-;-;-;-,9657,0,0,10,0,63,1,80,1,54
GENE.5094,chr14;chr14,507360;508186,507807;508868,+;+,1131,352,352,352,356,359,341,344,341,359
GENE.5095,chr14,509686,511176,-,1491,0,0,3,0,5,0,0,0,5
GENE.5096,chr14,512363,516022,+,3660,31272,31256,31283,31432,31497,27577,29594,27567,31497
GENE.5097,chr14;chr14;chr14;chr14,516574;517765;517939;518179,517620;517812;518061;518193,-;-;-;-,1233,0,16,2,0,7,2,0,2,7
GENE.5098,chr14;chr14;chr14;chr14;chr14;chr14;chr14,521209;521485;521636;521807;522032;522189;522642,521256;521534;521705;521860;522081;522559;522898,+;+;+;+;+;+;+,900,12,10,12,13,15,12,10,12,15
GENE.5099,chr14;chr14;chr14;chr14;chr14,521209;521485;521636;521807;522189,521256;521534;521705;521860;522242,+;+;+;+;+,276,6,4,6,7,9,6,4,6,9
GENE.51,chrX,6725,7030,+,306,0,0,1,0,0,0,15,0,0
GENE.510,chr3;chr3,88250;89097,88969;89231,-;-,855,1674,1674,1674,1704,1721,1342,1482,1342,1721
GENE.5100,chr14,523890,525305,-,1416,2492,2492,2492,2504,2576,2308,2393,2308,2576
GENE.5101,chr14;chr14;chr14;chr14,527132;527351;527512;527710,527169;527415;527605;529234,+;+;+;+,1722,0,0,1,0,6,0,44,0,6
GENE.5102,chr14;chr14;chr14;chr14,530135;531317;531503;531696,531185;531410;531570;531739,-;-;-;-,1257,2415,2415,2415,2459,2419,2348,2350,2348,2419
GENE.5103,chr14;chr14;chr14,532818;532984;533180,532838;533059;533289,-;-;-,207,0,0,0,0,1,0,0,0,1
GENE.5104,chr14,534057,535988,-,1932,0,0,0,0,12,1,0,1,12
GENE.5105,chr14,536796,537839,-,1044,366,366,366,366,377,322,346,322,377
GENE.5106,chr14;chr14,538869;539939,539806;540572,+;+,1572,618,618,618,634,658,483,609,483,658
GENE.5107,chr14;chr14;chr14;chr14;chr14;chr14;chr14;chr14;chr14;chr14;chr14;chr14,540677;540831;541027;541218;541673;544427;544758;545102;545268;545530;545807;545997,540759;540873;541079;541490;544258;544487;544949;545160;545342;545604;545898;546046,-;-;-;-;-;-;-;-;-;-;-;-,3642,0,0,0,0,14,0,0,0,14
GENE.5108,chr14,547954,549417,+,1464,610,610,610,620,627,530,568,530,627
GENE.5109,chr14;chr14;chr14,551862;552758;553143,552654;553017;553235,+;+;+,1146,998,998,998,1000,1005,914,947,914,1005
GENE.511,chr3;chr3,91115;93263,93112;93463,-;-,2199,3815,3821,3815,3822,3968,3266,3646,3266,3968
GENE.5110,chr14;chr14;chr14;chr14;chr14;chr14;chr14;chr14;chr14;chr14;chr14,553639;553829;553973;554269;554486;554738;554867;555068;555326;555546;555761,553697;553861;554103;554350;554590;554786;554916;555158;555382;555638;555772,-;-;-;-;-;-;-;-;-;-;-,762,0,0,0,0,7,0,0,0,7
GENE.5111,chr14,560093,562324,+,2232,0,0,7,0,8,0,304,0,8
GENE.5112,chr14,564024,565247,-,1224,462,462,464,474,515,375,449,375,488
GENE.5113,chr14,570802,571461,+,660,0,0,0,0,2,0,0,0,2
GENE.5114,chr14;chr14;chr14;chr14;chr14,575496;575866;576398;576745;577017,575760;576189;576549;576879;577055,+;+;+;+;+,915,0,0,0,0,2,0,0,0,2
GENE.5115,chr14;chr14;chr14;chr14;chr14;chr14,578369;578622;582259;586893;587215;587494,578467;582052;586674;587036;587365;587529,-;-;-;-;-;-,8277,25640,25636,25646,26228,25985,22510,24258,22510,25974
GENE.5116,chr14,590626,592188,+,1563,2384,2384,2393,2392,2504,2060,2299,2060,2504
GENE.5117,chr14,592992,597146,-,4155,0,0,1,0,14,0,2,0,14
GENE.5118,chr14;chr14,599763;600510,600197;600680,-;-,606,0,0,0,0,5,0,0,0,5
GENE.5119,chr14,601981,605559,-,3579,218,218,218,220,241,187,205,187,239
GENE.512,chr3;chr3,96568;97725,97338;97907,-;-,954,2116,2116,2121,2125,2136,1955,2031,1955,2136
GENE.5120,chr14,606380,607348,-,969,4330,4330,4330,4362,4380,3756,4198,3756,4380
GENE.5121,chr14;chr14;chr14,609205;610859;611165,610748;610964;611287,+;+;+,1773,0,0,0,0,6,1,0,1,6
GENE.5122,chr14;chr14;chr14,611865;612337;612636,611946;612444;612736,+;+;+,291,19,19,19,19,21,19,19,19,21
GENE.5123,chr14,615167,616180,+,1014,0,0,0,0,3,0,0,0,3
GENE.5124,chr14,618897,623321,+,4425,44536,44542,44698,48230,46162,40341,43164,40298,46158
GENE.5125,chr14;chr14;chr14,624486;624790;624993,624590;624873;628250,-;-;-,3447,11945,11945,11947,12073,12027,11260,11424,11260,12027
GENE.5126,chr14,629419,632895,-,3477,0,0,8,0,29,4,32,4,29
GENE.5127,chr14,634815,636533,-,1719,0,0,1,0,11,3,0,3,11
GENE.5128,chr14,640374,641519,+,1146,426,426,426,428,435,389,407,389,435
GENE.5129,chr14;chr14,642071;642512,642287;642735,-;-,441,739,739,739,747,737,572,657,572,737
GENE.513,chr3;chr3,104325;104708,104524;105281,+;+,774,857,857,857,868,920,518,695,518,920
GENE.5130,chr14;chr14;chr14;chr14,643914;644340;644624;644918,644157;644493;644816;644989,+;+;+;+,663,0,0,0,0,5,0,0,0,5
GENE.5131,chr14,645641,648454,-,2814,0,0,6,0,17,0,1,0,17
GENE.5132,chr14,650503,657345,-,6843,52338,52338,52343,52492,52807,46316,49637,45084,52766
GENE.5133,chr14;chr14,659539;660721,660609;660903,+;+,1254,292,292,292,292,309,280,282,280,309
GENE.5134,chr14;chr14;chr14;chr14;chr14;chr14;chr14;chr14;chr14;chr14;chr14;chr14;chr14;chr14;chr14,661098;661367;661611;661832;662200;662512;662810;662964;663176;663427;663649;663863;664342;664703;665008,661208;661489;661718;662002;662336;662567;662886;663075;663292;663563;663737;664116;664585;664816;665098,-;-;-;-;-;-;-;-;-;-;-;-;-;-;-,1941,0,0,0,0,8,0,0,0,8
GENE.5135,chr14,667412,668824,+,1413,0,0,0,0,11,0,31,0,11
GENE.5136,chr14,669692,678772,-,9081,9552,9552,9561,9596,9689,8310,9125,8310,9682
GENE.5137,chr14;chr14;chr14;chr14;chr14,681055;681181;681369;681618;681967,681085;681269;681441;681766;682023,-;-;-;-;-,399,0,0,0,0,0,0,0,0,0
GENE.5138,chr14,682778,684802,+,2025,400,400,400,410,469,319,373,319,469
GENE.5139,chr14;chr14;chr14;chr14,685437;685662;685961;686229,685542;685735;686084;686368,-;-;-;-,444,278,278,278,289,281,265,263,265,281
GENE.514,chr3,105913,107109,-,1197,0,0,0,0,2,0,0,0,2
GENE.5140,chr14,688592,689740,+,1149,0,0,1,0,8,0,2,0,8
GENE.5141,chr14,690451,691272,+,822,70,70,70,70,76,70,106,70,76
GENE.5142,chr14;chr14,694585;708084,707891;708177,+;+,13401,5096,5096,5144,5126,5364,4354,5898,4354,5334
GENE.5143,chr14;chr14;chr14,709670;713042;713266,712900;713141;713309,+;+;+,3375,0,0,0,0,7,1,76,1,7
GENE.5144,chr14;chr14;chr14,714708;716898;723310,716312;723307;725998,+;+;+,10704,27962,27959,27972,28186,28176,25206,27022,25206,28175
GENE.5145,chr14,726979,728379,-,1401,1562,1562,1562,1564,1608,1403,1486,1403,1608
GENE.5146,chr14,730694,744682,-,13989,1326,1327,1343,1350,1521,1140,1296,1138,1491
GENE.5147,chr14;chr14;chr14;chr14;chr14;chr14,750330;750523;750937;751237;751444;751659,750376;750808;751081;751354;751517;751684,+;+;+;+;+;+,696,928,928,928,952,984,811,883,811,984
GENE.5148,chr14;chr14,753389;753531,753394;756440,+;+,2916,3270,3270,3270,3424,3317,2740,2941,2740,3317
GENE.5149,chr14;chr14;chr14;chr14,757195;757978;758220;758440,757374;758062;758273;758555,-;-;-;-,435,445,445,445,457,454,365,370,365,454
GENE.515,chr3;chr3,107961;108156,108038;109880,-;-,1803,6602,6602,6602,6640,6715,5740,6177,5740,6715
GENE.5150,chr14;chr14;chr14;chr14;chr14;chr14;chr14;chr14;chr14;chr14,759360;759548;759913;760048;760262;760458;760723;760894;761144;761420,759443;759676;759953;760129;760355;760588;760791;760979;761273;761422,-;-;-;-;-;-;-;-;-;-,849,2183,2181,2183,2231,2249,1914,2107,1914,2249
GENE.5151,chr14,762614,773407,-,10794,31578,31578,31596,31742,31937,28186,29389,28186,31918
GENE.5152,chr14;chr14;chr14,775460;775937;776267,775820;776031;776311,+;+;+,501,0,0,0,0,2,0,0,0,2
GENE.5153,chr14,776672,777082,+,411,0,0,0,0,3,0,0,0,3
GENE.5154,chr14,778092,778163,+,72,0,0,0,0,1,0,0,0,1
GENE.5155,chr14,779377,779495,+,119,0,0,0,0,0,0,0,0,0
GENE.5156,chr14,780006,780124,+,119,0,0,0,0,0,0,0,0,0
GENE.5157,chr14,780916,781034,+,119,0,0,0,0,1,0,0,0,1
GENE.5158,chr14,782049,782361,-,313,0,0,0,0,1,0,0,0,1
GENE.5159,chr14;chr14,783078;783233,783121;785819,-;-,2631,0,0,1,0,15,0,18,0,15
GENE.516,chr3,114070,118086,+,4017,0,0,1,0,2,0,31,0,2
GENE.5160,chr14,786958,790458,-,3501,860,860,867,870,879,735,799,735,879
GENE.5161,chr14,793752,796877,+,3126,3656,3656,3656,3670,3678,3336,3576,3336,3678
GENE.5162,chr14;chr14;chr14,797709;799796;800067,799581;799869;800135,-;-;-,2016,5928,5928,5930,5966,6015,5051,5700,5051,6015
GENE.5163,chr14;chr14,802717;802884,802754;803481,+;+,636,318,318,318,326,321,246,260,246,321
GENE.5164,chr14;chr14;chr14;chr14,804425;804569;804896;805127,804479;804811;804960;811369,-;-;-;-,6606,21523,21523,21530,21731,22031,19956,20424,19956,22031
GENE.5165,chr14,813778,814413,-,636,176,176,176,176,179,168,174,168,179
GENE.5166,chr14;chr14;chr14;chr14;chr14;chr14;chr14;chr14;chr14;chr14;chr14;chr14,815324;815817;816007;816165;816323;816523;816778;816982;817146;817754;817945;818230,815654;815891;816062;816236;816385;816662;816811;817026;817542;817855;817993;818245,-;-;-;-;-;-;-;-;-;-;-;-,1380,0,0,2,0,7,0,0,0,7
GENE.5167,chr14,820068,821597,+,1530,974,974,974,1002,980,822,1171,822,980
GENE.5168,chr14;chr14;chr14,822423;823941;824135,823778;824019;824202,-;-;-,1503,4832,4832,4833,4864,4862,4297,4585,4297,4862
GENE.5169,chr14;chr14;chr14,822423;823941;824135,823778;824019;824340,-;-;-,1641,4888,4888,4889,4920,4921,4353,4647,4353,4921
GENE.517,chr3;chr3;chr3;chr3;chr3;chr3;chr3;chr3;chr3,119458;120411;121098;121261;121462;121702;121986;122290;123263,120319;120986;121151;121323;121572;121887;122144;123056;124735,+;+;+;+;+;+;+;+;+,4251,2056,3376,3343,3999,4838,4291,1520,4140,4641
GENE.5170,chr14,825612,827330,-,1719,0,0,0,0,7,0,0,0,7
GENE.5171,chr14;chr14;chr14,828904;830359;830701,830174;830469;830773,-;-;-,1455,9119,9123,9131,9318,9725,8262,8643,6992,9453
GENE.5172,chr14,832335,836684,-,4350,7456,7456,7460,7516,7621,6761,7062,6761,7616
GENE.5173,chr14,838927,842664,-,3738,6476,6476,6526,6510,6538,5471,6170,5471,6538
GENE.5174,chr14,843711,844619,+,909,1420,1420,1424,1684,1478,1325,1421,1325,1478
GENE.5175,chr14,846508,849177,+,2670,11664,11664,11665,11764,11764,10682,11256,10682,11764
GENE.5176,chr14,849819,853349,-,3531,1374,1374,1388,1540,1435,1287,1433,1287,1435
GENE.5177,chr14;chr14;chr14,854094;854376;854729,854183;854610;855963,-;-;-,1560,0,0,22,0,7,2,2,2,7
GENE.5178,chr14;chr14,860011;860284,860123;863080,+;+,2910,0,0,0,0,9,2,0,2,9
GENE.5179,chr14;chr14;chr14;chr14,863623;863879;864221;864404,863712;864053;864312;864820,-;-;-;-,774,0,0,0,0,2,0,0,0,2
GENE.518,chr3,125992,130235,-,4244,0,0,0,0,7,0,0,0,6
GENE.5180,chr14;chr14,865346;866407,866173;866805,-;-,1227,0,0,0,0,5,0,0,0,5
GENE.5181,chr14;chr14;chr14;chr14,867802;867973;868455;868769,867845;868216;868548;868920,-;-;-;-,534,839,839,839,859,846,732,749,732,846
GENE.5182,chr14,871000,874761,+,3762,9106,9106,9171,9928,9966,7258,8882,7258,9948
GENE.5183,chr14,875173,875321,-,149,0,0,0,0,1,0,0,0,1
GENE.5184,chr14;chr14;chr14,875687;876080;876385,875929;876153;876385,-;-;-,318,0,0,0,0,2,0,0,0,2
GENE.5185,chr14;chr14;chr14;chr14;chr14;chr14,877441;879411;880484;880738;881152;881368,879281;880340;880572;880788;881208;881450,-;-;-;-;-;-,3051,938,938,939,952,959,840,899,840,959
GENE.5186,chr14;chr14;chr14;chr14;chr14;chr14,881957;882107;882629;882780;883023;883627,881965;882499;882694;882836;883318;883672,-;-;-;-;-;-,867,531,531,533,567,542,461,514,461,542
GENE.5187,chr14;chr14;chr14,884398;884655;884869,884463;884724;885074,+;+;+,342,7,7,7,7,10,6,7,6,10
GENE.5188,chr14;chr14;chr14;chr14,885211;886355;887596;887837,886023;887501;887656;887870,+;+;+;+,2055,3263,3263,3265,3292,3285,2998,3220,2998,3285
GENE.5189,chr14,887932,888120,-,189,0,0,0,0,0,0,0,0,0
GENE.519,chr3,132332,133502,-,1171,2742,2742,2742,3048,2823,2387,2652,2387,2823
GENE.5190,chr14,888838,889953,-,1116,1174,1174,1174,1180,1197,1074,1101,1074,1197
GENE.5191,chr14,891140,891622,-,483,402,402,402,402,421,369,394,369,421
GENE.5192,chr14;chr14;chr14,891991;892537;892917,892071;892604;893049,-;-;-,282,0,0,0,0,1,0,0,0,1
GENE.5193,chr14,893720,894862,-,1143,0,0,1,0,10,1,0,1,10
GENE.5194,chr14,896004,896939,-,936,2076,2076,2076,2106,2100,1958,2028,1958,2100
GENE.5195,chr14,897980,899044,-,1065,7624,7624,7624,7736,7852,7035,7390,7035,7852
GENE.5196,chr14,900386,905278,+,4893,0,0,6,0,27,2,401,2,27
GENE.5197,chr14;chr14;chr14;chr14,906620;906940;907304;908629,906754;907203;908173;908892,+;+;+;+,1533,1767,1767,1767,1775,1809,1512,1720,1512,1809
GENE.5198,chr14,910227,912152,+,1926,0,0,8,0,17,36,1,36,17
GENE.5199,chr14,913819,917391,+,3573,518,518,521,518,565,459,517,459,565
GENE.52,chrX,7031,10105,+,3075,0,1,5,0,9,0,9,0,9
GENE.520,chr3;chr3;chr3;chr3;chr3;chr3;chr3;chr3;chr3,135418;136370;137062;137187;137394;137634;137900;138206;139179,136273;136945;137115;137249;137504;137819;138058;138972;140660,+;+;+;+;+;+;+;+;+,4254,4819,5332,5295,5615,6791,5987,3618,5856,6618
GENE.5200,chr14,918429,919997,-,1569,0,0,0,0,7,0,0,0,7
GENE.5201,chr14,922931,924208,+,1278,242,242,242,242,248,237,246,237,248
GENE.5202,chr14,924964,926427,-,1464,4242,4242,4242,4278,4262,4004,4054,4004,4262
GENE.5203,chr14,929503,931281,+,1779,3896,3896,3896,3916,4168,2819,3531,2819,4168
GENE.5204,chr14;chr14;chr14;chr14;chr14;chr14;chr14;chr14,933059;933420;934317;934547;934722;934930;935047;935325,933278;934222;934382;934601;934795;934959;935106;935357,+;+;+;+;+;+;+;+,1341,897,897,898,910,938,808,863,801,932
GENE.5205,chr14;chr14;chr14;chr14;chr14;chr14;chr14;chr14;chr14;chr14;chr14;chr14;chr14;chr14;chr14;chr14,936168;936500;936789;937053;937260;937580;937805;938061;938332;938961;939409;939909;940571;940824;941058;941515,936405;936638;936915;937148;937385;937659;937965;938141;938849;939118;939713;940265;940674;940928;941218;941638,+;+;+;+;+;+;+;+;+;+;+;+;+;+;+;+,2880,9214,9214,9226,9332,9356,7845,8784,7845,9356
GENE.5206,chr14;chr14;chr14;chr14,942192;942410;942565;942764,942239;942452;942644;946990,+;+;+;+,4398,0,4,18,0,32,3,133,3,31
GENE.5207,chr14;chr14,947387;947575,947478;952348,-;-,4866,26456,26463,26563,29272,27831,24716,23882,20645,27577
GENE.5208,chr14;chr14;chr14;chr14;chr14;chr14;chr14;chr14;chr14,955865;956251;956672;956855;957067;957269;957536;957816;958029,955965;956539;956728;956926;957131;957374;957598;957879;958066,+;+;+;+;+;+;+;+;+,855,0,0,0,0,6,0,0,0,6
GENE.5209,chr14,959074,963750,-,4677,0,0,9,0,36,3,18,3,32
GENE.521,chr3,141556,145653,+,4098,0,0,3,0,10,0,6,0,10
GENE.5210,chr14;chr14;chr14,967563;970934;972209,970723;972076;972311,+;+;+,4407,50529,50529,50537,51389,51146,44894,48414,44891,51146
GENE.5211,chr14,972775,972860,-,86,0,0,0,0,0,0,0,0,0
GENE.5212,chr14,973147,973225,-,79,0,0,0,0,0,0,0,0,0
GENE.5213,chr14;chr14;chr14,973853;974292;975471,973882;975073;975543,-;-;-,885,669,669,670,671,684,633,627,633,684
GENE.5214,chr14,974006,974074,-,69,5,5,5,5,5,5,5,5,5
GENE.5215,chr14,975241,975336,-,96,19,19,19,25,19,17,17,17,19
GENE.5216,chr14;chr14;chr14,977908;978199;978630,977910;978510;979166,+;+;+,852,2164,2164,2164,2178,2170,2025,2074,2025,2170
GENE.5217,chr14,979464,979605,+,142,0,0,1,0,0,0,0,0,0
GENE.5218,chr14,979767,979836,+,70,0,0,0,0,0,0,0,0,0
GENE.5219,chr14,981588,981671,+,84,0,0,0,0,0,0,2,0,0
GENE.522,chr3;chr3;chr3,146372;146770;146988,146659;146871;147056,-;-;-,459,0,0,0,0,0,0,0,0,0
GENE.5220,chr14,981881,981998,+,118,0,0,0,0,0,0,0,0,0
GENE.5221,chr14,982154,982228,+,75,0,0,1,0,0,0,0,0,0
GENE.5222,chr14,982349,982520,+,172,0,0,0,0,1,0,0,0,1
GENE.5223,chr14,982892,983018,+,127,0,0,0,0,1,0,11,0,1
GENE.5224,chr14,983341,984561,-,1221,0,0,0,0,3,0,0,0,3
GENE.5225,chr14;chr14;chr14;chr14;chr14;chr14;chr14,985365;985584;985769;986117;986351;986597;987716,985439;985669;985973;986191;986446;986943;987755,-;-;-;-;-;-;-,924,0,0,0,0,3,0,0,0,3
GENE.5226,chr14,989220,992930,+,3711,11702,11702,11708,12086,12065,9882,10654,9882,12065
GENE.5227,chr14;chr14,993652;993993,993871;994300,+;+,528,0,0,0,0,1,0,39,0,1
GENE.5228,chr14,995161,1000506,-,5346,11972,11972,11978,12314,12147,10707,11208,10705,12146
GENE.5229,chr14;chr14;chr14;chr14,1006643;1007359;1007597;1007818,1007237;1007500;1007687;1008069,+;+;+;+,1080,0,0,2,0,14,1,0,1,14
GENE.523,chr3,148046,149305,-,1260,1990,1990,1993,2002,1997,1812,1728,1812,1997
GENE.5230,chr14,1009010,1011910,+,2901,27022,27026,27102,32250,27871,22369,25420,22365,27871
GENE.5231,chr14;chr14;chr14;chr14,1012696;1012895;1013072;1013983,1012765;1012969;1013750;1014265,-;-;-;-,1107,0,0,0,0,15,0,51,0,15
GENE.5232,chr14,1016133,1016618,-,486,96,96,96,96,98,89,90,89,98
GENE.5233,chr14,1018745,1019260,-,516,146,146,146,146,148,130,134,130,148
GENE.5234,chr14,1021652,1022857,-,1206,3222,3222,3223,3246,3363,2524,2923,2524,3363
GENE.5235,chr14,1023948,1025765,-,1818,0,0,0,0,13,0,0,0,13
GENE.5236,chr14;chr14;chr14,1026262;1026585;1027036,1026380;1026803;1027144,-;-;-,447,22,22,22,22,24,19,19,19,24
GENE.5237,chr14,1027966,1029948,-,1983,0,0,0,0,18,1,0,1,18
GENE.5238,chr14,1031065,1035360,-,4296,7410,7391,7411,7608,7599,6488,6957,6488,7597
GENE.5239,chr14,1036137,1039583,-,3447,6912,6912,6913,6918,7013,6513,6683,6513,7012
GENE.524,chr3;chr3;chr3,152168;152362;152553,152245;152454;156146,-;-;-,3765,0,0,13,0,8,0,14,0,8
GENE.5240,chr14;chr14,1043057;1043904,1043618;1049590,+;+,6249,6076,6076,6094,6102,6129,5391,6293,5391,6129
GENE.5241,chr14,1050050,1050316,-,267,0,0,0,0,1,0,0,0,1
GENE.5242,chr14,1051085,1054594,+,3510,13206,13206,13208,13502,13615,11210,12542,11210,13615
GENE.5243,chr14,1056162,1060124,+,3963,0,11,51,34,32,1,202,1,26
GENE.5244,chr14;chr14,1061805;1062365,1062181;1062392,+;+,405,0,0,0,0,1,0,0,0,1
GENE.5245,chr14;chr14;chr14;chr14;chr14;chr14;chr14,1064142;1067993;1068300;1068514;1068812;1069077;1069330,1067878;1068209;1068364;1068649;1068927;1069182;1069386,+;+;+;+;+;+;+,4434,3449,3449,3454,3475,3565,3162,3374,3162,3565
GENE.5246,chr14;chr14;chr14;chr14;chr14;chr14,1077357;1077603;1078728;1079010;1079255;1079553,1077484;1078536;1078830;1079148;1079362;1079721,-;-;-;-;-;-,1581,7383,7383,7383,7421,7409,6273,6619,6273,7409
GENE.5247,chr14;chr14;chr14;chr14;chr14;chr14,1077357;1077603;1078728;1079010;1079255;1079559,1077484;1078536;1078830;1079148;1079362;1079721,-;-;-;-;-;-,1575,7383,7383,7383,7421,7409,6273,6619,6273,7409
GENE.5248,chr14,1081773,1084208,+,2436,5156,5156,5156,5168,5301,4805,4999,4805,5301
GENE.5249,chr14,1085603,1087039,+,1437,980,980,980,982,994,834,943,834,994
GENE.525,chr3,159353,161704,-,2352,14530,14530,14530,14564,14645,12575,13757,12575,14645
GENE.5250,chr14,1087436,1087627,-,192,0,0,0,0,0,0,0,0,0
GENE.5251,chr14,1088362,1089102,-,741,1066,1066,1066,1066,1067,1010,1020,1010,1067
GENE.5252,chr14,1092936,1093781,+,846,0,0,0,0,6,0,10,0,6
GENE.5253,chr14;chr14;chr14;chr14;chr14;chr14;chr14,1095686;1096386;1096873;1097091;1097294;1097479;1097660,1096195;1096730;1097000;1097140;1097368;1097543;1097731,+;+;+;+;+;+;+,1245,3423,3423,3424,3475,3438,3194,3288,3194,3438
GENE.5254,chr14,1098038,1099951,-,1914,0,0,3,0,21,2,0,1,20
GENE.5255,chr14,1101958,1104387,+,2430,6836,6836,6841,6930,6884,5790,6438,5790,6884
GENE.5256,chr14;chr14,1105200;1106403,1106221;1106514,-;-,1134,636,636,636,636,648,581,596,581,648
GENE.5257,chr14;chr14;chr14;chr14;chr14;chr14;chr14;chr14;chr14,1108430;1108689;1108870;1109149;1114222;1114491;1114678;1114968;1115323,1108585;1108741;1108985;1114076;1114389;1114552;1114769;1115217;1115470,-;-;-;-;-;-;-;-;-,5973,33096,33120,33124,36348,35954,29044,30920,28984,35908
GENE.5258,chr14;chr14;chr14;chr14;chr14,1118591;1118770;1119082;1125718;1125996,1118666;1118896;1125508;1125852;1126292,+;+;+;+;+,7062,27970,27970,27982,28342,28379,24110,26701,24110,28377
GENE.5259,chr14;chr14;chr14;chr14;chr14;chr14;chr14;chr14,1127042;1127391;1127722;1127888;1128135;1128415;1128613;1128891,1127122;1127573;1127772;1128034;1128272;1128479;1128721;1129031,+;+;+;+;+;+;+;+,915,199,199,199,206,202,189,191,189,202
GENE.526,chr3,162778,167103,-,4326,3166,3166,3167,3170,3265,2743,3050,2743,3265
GENE.5260,chr14,1129470,1130771,-,1302,814,814,818,816,899,651,801,649,855
GENE.5261,chr14;chr14;chr14,1133067;1134014;1134209,1133891;1134100;1134400,+;+;+,1104,1282,1282,1282,1460,1297,1070,1190,1070,1297
GENE.5262,chr14;chr14;chr14,1133067;1134014;1134206,1133891;1134100;1134400,+;+;+,1107,1282,1282,1282,1460,1297,1070,1190,1070,1297
GENE.5263,chr14,1134854,1139191,-,4338,4548,4548,4553,4632,4621,4073,4093,4040,4612
GENE.5264,chr14,1140579,1141292,-,714,744,744,744,750,764,605,727,605,764
GENE.5265,chr14,1142154,1143791,+,1638,2098,2098,2099,2102,2120,2029,2067,2029,2120
GENE.5266,chr14,1144518,1148078,-,3561,0,0,5,0,15,0,1,0,15
GENE.5267,chr14;chr14;chr14;chr14;chr14;chr14;chr14;chr14;chr14;chr14;chr14;chr14;chr14;chr14;chr14;chr14,1150475;1150667;1150839;1151053;1151275;1151428;1151647;1151867;1152036;1152161;1152359;1152523;1152741;1152997;1153144;1153333,1150548;1150720;1150941;1151114;1151340;1151536;1151715;1151952;1152051;1152199;1152450;1152623;1152873;1153013;1153183;1153387,-;-;-;-;-;-;-;-;-;-;-;-;-;-;-;-,1116,0,0,0,0,5,0,0,0,5
GENE.5268,chr14,1155355,1163694,+,8340,56690,56688,56731,57540,57756,49358,53314,48808,57557
GENE.5269,chr14,1164332,1166566,+,2235,0,0,0,0,9,1,0,1,9
GENE.527,chr3;chr3;chr3;chr3;chr3,169571;169789;173131;173417;174223,169572;173017;173231;173495;174300,+;+;+;+;+,3489,12325,12325,12325,12376,12470,11424,11829,11424,12470
GENE.5270,chr14,1167144,1167803,+,660,0,0,0,0,2,1,0,1,2
GENE.5271,chr14,1168236,1169336,-,1101,626,626,626,634,663,526,580,526,663
GENE.5272,chr14;chr14;chr14,1170829;1174753;1175228,1174559;1175068;1175293,+;+;+,4113,422,423,422,422,506,383,495,383,506
GENE.5273,chr14,1176770,1181092,+,4323,364,364,383,374,383,331,435,331,383
GENE.5274,chr14;chr14;chr14,1181664;1181819;1182284,1181720;1182052;1182982,-;-;-,990,2048,2048,2048,2090,2077,1804,1938,1804,2077
GENE.5275,chr14;chr14;chr14;chr14;chr14,1184910;1186181;1186486;1186712;1186940,1185475;1186331;1186560;1186776;1187042,+;+;+;+;+,960,4749,4751,4752,4814,4766,4581,4599,4581,4766
GENE.5276,chr14;chr14;chr14;chr14;chr14;chr14;chr14;chr14,1188349;1188726;1189344;1189539;1189886;1190748;1191018;1191386,1188591;1189157;1189417;1189659;1190569;1190810;1191203;1191466,+;+;+;+;+;+;+;+,1884,2498,2498,2499,2536,2516,2299,2382,2299,2516
GENE.5277,chr14,1191946,1199919,-,7974,0,0,9,0,41,1,41,1,39
GENE.5278,chr14,1201748,1204339,+,2592,5106,5106,5109,5204,5143,4673,4896,4597,5139
GENE.5279,chr14,1205088,1206416,+,1329,5172,5172,5171,5200,5379,4469,4826,4469,5379
GENE.528,chr3;chr3,175022;175799,175482;175799,-;-,462,111,111,111,112,112,96,100,96,112
GENE.5280,chr14,1207398,1210028,+,2631,2738,2738,2739,2760,2760,2516,2626,2516,2760
GENE.5281,chr14;chr14;chr14,1211012;1211247;1211386,1211105;1211294;1212776,+;+;+,1533,2017,2017,2018,2029,2066,1916,1969,1916,2066
GENE.5282,chr14,1214935,1215732,+,798,864,864,864,864,871,807,836,807,871
GENE.5283,chr14,1216653,1217171,-,519,4,4,4,4,8,4,4,4,8
GENE.5284,chr14;chr14,1218105;1218421,1218299;1218999,-;-,774,0,0,0,0,2,2,0,2,2
GENE.5285,chr14,1221775,1222818,+,1044,1472,1472,1472,1474,1480,1447,1456,1447,1480
GENE.5286,chr14,1224340,1228017,-,3678,2328,2335,2338,2348,2374,2017,2292,2017,2370
GENE.5287,chr14;chr14,1231036;1233737,1233432;1233841,+;+,2502,0,0,7,0,12,5,127,5,12
GENE.5288,chr14;chr14,1233977;1234408,1234231;1237125,-;-,2973,684,688,701,704,732,600,714,600,732
GENE.5289,chr14,1238851,1241595,-,2745,23920,23966,23929,24216,24338,21176,22462,18689,24246
GENE.529,chr3;chr3;chr3;chr3;chr3;chr3;chr3;chr3,178420;179819;180035;180216;180436;180698;180898;181089,179727;179892;180075;180331;180563;180778;180961;181127,+;+;+;+;+;+;+;+,1851,1090,1090,1090,1096,1120,983,1036,983,1120
GENE.5290,chr14,1244018,1245406,+,1389,2042,2042,2042,2078,2087,1928,1996,1928,2087
GENE.5291,chr14;chr14;chr14,1247030;1247355;1247641,1247152;1247419;1247950,+;+;+,498,21,21,21,21,22,18,21,18,22
GENE.5292,chr14;chr14;chr14,1249328;1251780;1252041,1251674;1251930;1252167,+;+;+,2625,0,0,0,0,9,1,0,1,9
GENE.5293,chr14;chr14;chr14;chr14;chr14;chr14;chr14;chr14;chr14;chr14,1253540;1255061;1255241;1255426;1255612;1255895;1256112;1256315;1256521;1256675,1254847;1255152;1255314;1255491;1255767;1255956;1256204;1256383;1256595;1256878,+;+;+;+;+;+;+;+;+;+,2199,7050,7050,7052,7110,7291,6504,6736,6504,7291
GENE.5294,chr14,1257643,1258971,-,1329,7726,7726,7728,8316,8251,6510,7336,6510,8251
GENE.5295,chr14;chr14;chr14;chr14;chr14;chr14;chr14,1260908;1261176;1261361;1261654;1262105;1262335;1262758,1260944;1261246;1261495;1261849;1262207;1262593;1262826,+;+;+;+;+;+;+,870,2117,2117,2115,2191,2193,1653,2015,1653,2193
GENE.5296,chr14;chr14,1263826;1266852,1266678;1269011,+;+,5013,4550,4550,4550,4594,4670,3921,4340,3921,4670
GENE.5297,chr14;chr14;chr14,1269368;1269740;1272100,1269534;1271924;1274667,-;-;-,4920,14322,14322,14370,14378,14632,12312,13265,12246,14449
GENE.5298,chr14;chr14;chr14;chr14;chr14;chr14;chr14;chr14;chr14;chr14;chr14;chr14;chr14;chr14;chr14;chr14;chr14;chr14,1275899;1276085;1276281;1276944;1277280;1277491;1278457;1280003;1280235;1280441;1280685;1280916;1281121;1281543;1281707;1281874;1282220;1282623,1275961;1276126;1276674;1277179;1277372;1278347;1279877;1280137;1280297;1280575;1280804;1280986;1281348;1281610;1281786;1282123;1282455;1282645,-;-;-;-;-;-;-;-;-;-;-;-;-;-;-;-;-;-,4515,8698,8698,8701,8791,8954,7139,8186,7139,8954
GENE.5299,chr14;chr14,1283570;1284829,1284669;1285063,+;+,1335,3872,3872,3872,3880,3962,3675,3761,3675,3962
GENE.53,chrX,10108,11835,+,1728,5072,5072,5074,5110,5224,4571,4777,4571,5224
GENE.530,chr3,182731,189411,+,6681,0,0,0,0,35,0,19,0,35
GENE.5300,chr14,1285667,1289254,-,3588,1460,1460,1475,1472,1493,1288,1391,1288,1493
GENE.5301,chr14;chr14;chr14,1290468;1291062;1291361,1290889;1291215;1291459,-;-;-,675,0,0,1,0,3,0,0,0,3
GENE.5302,chr14,1292885,1295086,-,2202,714,714,716,714,740,628,654,628,740
GENE.5303,chr14;chr14,1296173;1296468,1296238;1297211,-;-,810,860,860,863,862,870,849,842,849,870
GENE.5304,chr14;chr14,1298639;1298921,1298749;1298977,-;-,168,0,0,0,0,1,0,0,0,1
GENE.5305,chr14;chr14;chr14;chr14,1299894;1300280;1303237;1303496,1300131;1303087;1303331;1303726,+;+;+;+,3372,11058,11058,11061,11152,11621,9258,10521,9258,11613
GENE.5306,chr14,1304028,1307831,-,3804,9168,9168,9168,9204,9232,8319,8810,8319,9232
GENE.5307,chr14;chr14;chr14;chr14,1310041;1310456;1310660;1311730,1310237;1310537;1311562;1311834,+;+;+;+,1287,188,188,189,190,191,168,189,168,191
GENE.5308,chr14,1312304,1329577,-,17274,0,0,26,2,122,7,482,7,99
GENE.5309,chr14;chr14;chr14;chr14,1332363;1332533;1332729;1333116,1332404;1332604;1332847;1337301,-;-;-;-,4419,0,0,5,0,33,3,0,3,33
GENE.531,chr3,190180,190719,+,540,794,794,794,800,799,581,732,581,799
GENE.5310,chr14;chr14;chr14,1341689;1341897;1342200,1341757;1342043;1342289,+;+;+,306,0,0,0,0,1,0,0,0,1
GENE.5311,chr14;chr14,1342484;1343017,1342724;1348994,-;-,6219,0,0,4,0,51,4,23,4,51
GENE.5312,chr14,1350313,1358379,-,8067,30090,30092,30111,30742,30712,25775,28488,25775,30712
GENE.5313,chr14,1360002,1364558,+,4557,15452,15452,15455,15844,15769,12818,14513,12818,15769
GENE.5314,chr14;chr14;chr14;chr14;chr14;chr14,1364749;1364900;1365087;1365346;1365714;1365937,1364774;1364988;1365233;1365580;1365813;1366113,-;-;-;-;-;-,774,0,0,0,0,11,0,0,0,11
GENE.5315,chr14,1366979,1368202,+,1224,0,1,1,0,7,0,0,0,7
GENE.5316,chr14;chr14,1368815;1369718,1369185;1369796,-;-,450,443,443,443,453,446,382,404,382,446
GENE.5317,chr14,1372903,1374597,+,1695,568,568,568,568,584,466,522,466,584
GENE.5318,chr14;chr14;chr14;chr14,1375624;1376358;1376612;1376788,1376222;1376528;1376656;1376830,-;-;-;-,858,5386,5386,5387,5524,5442,4156,4881,4156,5442
GENE.5319,chr14,1378348,1402665,-,24318,145066,144934,145188,146032,148814,121190,134544,120412,148790
GENE.532,chr3,191245,192591,-,1347,2852,2852,2852,2958,2929,2515,2761,2515,2929
GENE.5320,chr14,1404312,1406198,+,1887,0,0,4,0,17,1,51,1,15
GENE.5321,chr14,1407258,1407746,-,489,0,0,0,0,4,0,0,0,4
GENE.5322,chr14,1410139,1410897,+,759,0,0,0,0,8,0,0,0,8
GENE.5323,chr14;chr14;chr14;chr14,1411737;1412426;1412693;1413019,1412276;1412555;1412928;1413096,+;+;+;+,984,819,819,819,823,825,724,765,724,825
GENE.5324,chr14,1414023,1415315,+,1293,1564,1564,1564,1566,1593,1440,1508,1440,1593
GENE.5325,chr14,1415941,1417020,-,1080,0,0,2,0,5,0,0,0,5
GENE.5326,chr14;chr14;chr14;chr14,1419383;1419617;1419865;1420203,1419472;1419692;1420046;1420934,+;+;+;+,1080,1518,1518,1518,1634,1567,1284,1453,1284,1567
GENE.5327,chr14,1421901,1431221,-,9321,25508,25507,25537,25586,25935,22770,24202,22770,25933
GENE.5328,chr14,1433738,1434310,-,573,670,670,672,672,687,503,587,503,687
GENE.5329,chr14,1436280,1437044,+,765,0,0,0,0,0,0,0,0,0
GENE.533,chr3,194430,196211,+,1782,1314,1314,1315,1318,1320,1190,1241,1190,1320
GENE.5330,chr14,1437511,1442877,-,5367,0,0,6,0,29,1,61,1,29
GENE.5331,chr14;chr14;chr14;chr14;chr14;chr14;chr14;chr14;chr14;chr14,1445085;1446158;1446425;1446584;1446770;1447057;1447255;1447973;1448321;1448615,1446050;1446268;1446484;1446684;1446940;1447089;1447361;1448148;1448445;1449491,-;-;-;-;-;-;-;-;-;-,2727,374,375,376,382,388,365,373,365,388
GENE.5332,chr14;chr14;chr14;chr14;chr14;chr14;chr14;chr14;chr14,1445085;1446158;1446584;1446770;1447057;1447255;1447973;1448321;1448615,1446050;1446268;1446684;1446940;1447089;1447361;1448148;1448445;1449491,-;-;-;-;-;-;-;-;-,2667,374,375,376,382,388,365,373,365,388
GENE.5333,chr14,1452604,1454118,+,1515,4922,4922,4922,4950,5103,4551,4756,4551,5103
GENE.5334,chr14,1454555,1455496,-,942,2492,2492,2493,2504,2603,2312,2433,2312,2603
GENE.5335,chr14,1458131,1459870,+,1740,5350,5350,5350,5362,5374,5170,5227,5170,5374
GENE.5336,chr14;chr14;chr14,1461388;1467208;1467558,1467087;1467324;1467590,+;+;+,5850,44976,44978,45004,46962,45613,36737,42415,36737,45603
GENE.5337,chr14,1467629,1474438,-,6810,17466,17466,17627,17568,18100,14409,16733,14409,18098
GENE.5338,chr14,1479777,1482758,+,2982,8372,8372,8378,8406,8527,7389,8017,7389,8527
GENE.5339,chr14;chr14,1484166;1488075,1487905;1488129,+;+,3795,0,0,2,0,29,1,410,1,29
GENE.534,chr3;chr3;chr3,196570;196826;197351,196715;197185;197438,-;-;-,594,0,0,3,0,3,0,0,0,3
GENE.5340,chr14,1488706,1490001,+,1296,1284,1284,1285,1292,1290,1243,1273,1243,1290
GENE.5341,chr14;chr14;chr14;chr14;chr14,1490654;1492775;1493375;1493754;1494186,1492510;1493205;1493549;1493823;1494214,-;-;-;-;-,2562,430,429,431,436,472,364,395,364,472
GENE.5342,chr14;chr14,1495799;1496059,1495918;1498533,-;-,2595,9052,9052,9054,9091,9203,8223,8658,8223,9203
GENE.5343,chr14,1498758,1499492,-,735,10,10,10,10,15,9,10,9,15
GENE.5344,chr14;chr14,1500128;1500445,1500209;1500965,-;-,603,1164,1164,1164,1200,1164,1067,1134,1067,1164
GENE.5345,chr14;chr14;chr14,1502648;1502896;1504827,1502705;1504437;1504861,+;+;+,1635,2113,2114,2126,2125,2130,2003,2033,2003,2130
GENE.5346,chr14;chr14;chr14,1505906;1506263;1506557,1506170;1506411;1506619,+;+;+,477,227,227,227,245,231,172,189,172,231
GENE.5347,chr14;chr14,1507359;1507855,1507667;1510089,-;-,2544,0,0,1,0,11,0,0,0,11
GENE.5348,chr14;chr14;chr14;chr14,1513938;1514359;1514529;1514938,1514276;1514440;1514722;1514961,-;-;-;-,639,1736,1736,1736,1828,1806,1627,1679,1627,1806
GENE.5349,chr14,1517070,1519370,+,2301,6230,6227,6232,6266,6306,4623,5542,4623,6306
GENE.535,chr3;chr3;chr3;chr3;chr3,198542;199825;200780;201103;201387,199725;200663;200994;201252;201584,-;-;-;-;-,2586,6863,6862,6876,7057,7002,6188,6537,6188,7002
GENE.5350,chr14,1521105,1521920,+,816,600,600,600,600,606,521,553,521,606
GENE.5351,chr14,1523286,1525046,+,1761,6406,6409,6406,6554,6510,5705,6158,5705,6510
GENE.5352,chr14,1525564,1528485,-,2922,0,0,2,0,10,1,2,1,10
GENE.5353,chr14,1530276,1530830,-,555,466,466,467,468,470,446,450,446,470
GENE.5354,chr14;chr14,1533329;1533739,1533394;1534947,+;+,1275,2890,2890,2890,2900,2902,2782,2860,2782,2902
GENE.5355,chr14,1536484,1538469,-,1986,1594,1594,1595,1598,1616,1526,1562,1526,1616
GENE.5356,chr14;chr14;chr14,1541359;1541639;1542855,1541463;1542649;1542872,-;-;-,1134,22,22,22,24,28,17,19,17,28
GENE.5357,chr14,1545135,1545239,-,105,0,0,0,0,0,0,0,0,0
GENE.5358,chr14,1546224,1546297,+,74,0,0,0,0,0,0,0,0,0
GENE.5359,chr14;chr14;chr14;chr14;chr14;chr14;chr14,1548918;1550162;1555569;1556121;1556299;1556498;1556674,1549065;1555381;1556016;1556202;1556378;1556534;1556721,+;+;+;+;+;+;+,6063,1685,1689,1696,1714,1769,1445,1972,1441,1751
GENE.536,chr3,204542,206119,+,1578,3752,3752,3753,3758,3828,3007,3511,3007,3828
GENE.5360,chr14,1557527,1560157,-,2631,3174,3175,3174,3180,3202,2840,3025,2840,3202
GENE.5361,chr14,1562232,1563065,+,834,1098,1098,1098,1102,1112,1022,1045,1022,1112
GENE.5362,chr14;chr14;chr14;chr14;chr14;chr14;chr14;chr14;chr14;chr14;chr14;chr14;chr14;chr14;chr14;chr14,1564575;1564780;1565026;1565321;1565567;1565751;1566027;1566260;1566419;1566655;1566858;1567101;1567252;1567394;1567558;1567796,1564644;1564830;1565141;1565458;1565649;1565859;1566101;1566321;1566528;1566755;1566994;1567153;1567320;1567435;1567656;1567839,+;+;+;+;+;+;+;+;+;+;+;+;+;+;+;+,1359,7487,7487,7487,7709,7785,6178,6973,6178,7785
GENE.5363,chr14;chr14;chr14;chr14,1571039;1572674;1573154;1573565,1572044;1572994;1573329;1574161,+;+;+;+,2100,0,0,0,0,9,0,0,0,9
GENE.5364,chr14,1575984,1576571,+,588,74,74,74,74,76,73,73,73,76
GENE.5365,chr14;chr14,1578193;1578804,1578528;1579175,+;+,708,187,187,187,187,191,178,185,178,191
GENE.5366,chr14;chr14;chr14;chr14;chr14,1580750;1585135;1588321;1588581;1588831,1584935;1588165;1588416;1588659;1588857,+;+;+;+;+,7419,12571,12571,12577,12617,12888,10732,11949,10732,12888
GENE.5367,chr14;chr14;chr14;chr14;chr14,1588952;1590201;1590800;1592772;1592971,1590050;1590653;1592649;1592889;1593131,+;+;+;+;+,3681,5238,5238,5247,5259,5340,4876,5095,4876,5340
GENE.5368,chr14;chr14,1594505;1594771,1594625;1600061,+;+,5412,28830,28830,28836,29006,29477,24973,26908,24973,29477
GENE.5369,chr14,1600933,1602000,-,1068,1680,1680,1680,1680,1689,1503,1599,1503,1689
GENE.537,chr3,207342,208919,-,1578,2758,2759,2758,2764,2818,2580,2663,2580,2818
GENE.5370,chr14,1608519,1611743,+,3225,2784,2784,2792,2800,2841,2558,2786,2558,2841
GENE.5371,chr14,1612521,1613063,-,543,106,106,106,108,107,94,100,94,107
GENE.5372,chr14;chr14;chr14;chr14;chr14;chr14,1613853;1614376;1614883;1615047;1615270;1615475,1614194;1614732;1614945;1615111;1615358;1615542,-;-;-;-;-;-,984,0,0,0,0,3,0,0,0,3
GENE.5373,chr14;chr14,1618819;1619568,1619317;1619794,+;+,726,33,33,33,33,34,29,33,29,34
GENE.5374,chr14;chr14,1622576;1622978,1622687;1623612,+;+,747,1366,1366,1366,1370,1414,1037,1272,1037,1414
GENE.5375,chr14;chr14;chr14;chr14;chr14,1624187;1624439;1624650;1624877;1625173,1624328;1624500;1624724;1625017;1631367,-;-;-;-;-,6615,0,0,0,0,69,0,71,0,69
GENE.5376,chr14,1633211,1636255,-,3045,0,0,2,0,16,0,90,0,16
GENE.5377,chr14;chr14;chr14;chr14;chr14;chr14,1639477;1639681;1640079;1640487;1641008;1641408,1639593;1639728;1640309;1640828;1641272;1641760,+;+;+;+;+;+,1356,45,45,41,42,44,41,41,41,44
GENE.5378,chr14;chr14;chr14;chr14;chr14;chr14,1639477;1639681;1642154;1642628;1643163;1645878,1639593;1639728;1642455;1643017;1645698;1647167,+;+;+;+;+;+,4683,1551,1551,1551,1553,1597,1331,1465,1331,1597
GENE.5379,chr14;chr14,1647673;1648101,1647921;1651694,-;-,3843,7398,7398,7400,7454,7588,6598,7042,6598,7588
GENE.538,chr3,212283,216572,+,4290,4738,4738,4745,4754,4826,4259,4765,4259,4826
GENE.5380,chr14,1654047,1655708,+,1662,10236,10235,10236,10276,10655,7405,9118,7405,10655
GENE.5381,chr14;chr14;chr14;chr14;chr14;chr14;chr14;chr14;chr14;chr14;chr14;chr14;chr14;chr14;chr14;chr14;chr14,1656434;1656649;1656897;1657043;1657265;1657446;1657679;1657888;1658173;1658394;1658596;1658767;1658949;1659179;1659308;1659475;1659706,1656493;1656765;1656962;1657144;1657359;1657500;1657767;1658083;1658274;1658483;1658651;1658860;1659044;1659211;1659372;1659515;1659740,+;+;+;+;+;+;+;+;+;+;+;+;+;+;+;+;+,1392,0,0,1,0,4,0,0,0,4
GENE.5382,chr14,1660095,1662296,-,2202,5532,5532,5533,5548,5581,4858,5247,4858,5580
GENE.5383,chr14;chr14;chr14,1665463;1666892;1667167,1666726;1666999;1667543,+;+;+,1749,423,423,424,427,430,388,422,388,430
GENE.5384,chr14;chr14;chr14;chr14;chr14;chr14,1668591;1668906;1669195;1669436;1669630;1669880,1668773;1669026;1669319;1669516;1669740;1669963,+;+;+;+;+;+,705,0,0,1,0,4,0,14,0,4
GENE.5385,chr14,1669980,1671650,-,1671,0,0,3,0,14,0,0,0,14
GENE.5386,chr14,1673386,1674069,-,684,102,102,103,102,104,91,92,91,104
GENE.5387,chr14;chr14,1678662;1678838,1678666;1679486,+;+,654,0,0,1,0,3,0,0,0,3
GENE.5388,chr14;chr14;chr14;chr14;chr14,1681791;1682020;1682228;1682565;1683047,1681910;1682080;1682470;1682773;1689157,+;+;+;+;+,6744,0,0,6,0,20,0,103,0,20
GENE.5389,chr14,1690993,1692513,+,1521,7364,7364,7364,7374,7458,6062,7001,6062,7458
GENE.539,chr3;chr3,217941;218388,218153;218489,+;+,315,0,0,0,0,0,0,0,0,0
GENE.5390,chr14;chr14;chr14;chr14,1693137;1693320;1693632;1695099,1693209;1693453;1694788;1695192,-;-;-;-,1458,116,116,116,116,137,98,109,98,137
GENE.5391,chr14,1696304,1698013,-,1710,0,0,2,0,9,0,1,0,8
GENE.5392,chr14,1700674,1702050,+,1377,0,0,0,0,3,0,86,0,3
GENE.5393,chr14;chr14;chr14,1702609;1703560;1703805,1703249;1703603;1703809,-;-;-,690,925,925,925,985,955,682,870,682,955
GENE.5394,chr14,1704594,1704797,+,204,0,0,0,0,0,0,0,0,0
GENE.5395,chr14;chr14,1705126;1705364,1705257;1705783,-;-,552,685,685,685,689,688,640,668,640,688
GENE.5396,chr14;chr14;chr14;chr14;chr14,1706520;1706812;1707030;1707270;1707493,1706584;1706872;1707106;1707376;1707512,-;-;-;-;-,330,47,47,47,53,48,42,44,42,48
GENE.5397,chr14,1708528,1711530,-,3003,0,0,0,0,8,1,0,1,8
GENE.5398,chr14;chr14,1712626;1713937,1713705;1714065,-;-,1209,8027,8027,8028,8063,8133,6913,7642,6913,8133
GENE.5399,chr14,1717171,1723512,+,6342,4138,4139,4165,4152,4298,3558,3975,3558,4298
GENE.54,chrX;chrX,11844;13417,13411;14725,+;+,2877,20584,20584,20584,20674,20844,17960,19357,17960,20844
GENE.540,chr3;chr3;chr3,219117;219431;219660,219320;219529;219872,-;-;-,516,276,276,276,284,280,265,267,265,280
GENE.5400,chr14;chr14;chr14;chr14;chr14;chr14;chr14;chr14,1724402;1724632;1724820;1725079;1725314;1725472;1725696;1727164,1724525;1724712;1724942;1725199;1725351;1725594;1727010;1727413,-;-;-;-;-;-;-;-,2175,0,0,1,0,6,0,0,0,6
GENE.5401,chr14;chr14,1730087;1730364,1730165;1740916,+;+,10632,0,0,3,0,45,1,3,1,45
GENE.5402,chr14;chr14,1742113;1742311,1742168;1749790,+;+,7536,0,1,17,0,26,0,25,0,26
GENE.5403,chr14,1750209,1751417,-,1209,964,964,964,974,988,823,893,823,988
GENE.5404,chr14,1753510,1763664,+,10155,22608,22608,22617,22720,22842,19867,21224,19867,22842
GENE.5405,chr14,1764316,1768122,-,3807,0,0,2,0,11,0,0,0,11
GENE.5406,chr14,1769626,1771350,-,1725,0,0,0,0,19,0,29,0,19
GENE.5407,chr14;chr14,1773276;1773780,1773648;1775197,+;+,1791,6075,6075,6076,6085,6171,5565,5816,5565,6171
GENE.5408,chr14;chr14;chr14,1776010;1776274;1776498,1776070;1776353;1776662,+;+;+,306,7,7,7,7,7,7,7,7,7
GENE.5409,chr14;chr14,1776958;1779483,1779293;1779606,-;-,2460,2698,2698,2701,2710,2744,2465,2581,2465,2744
GENE.541,chr3,221323,222516,-,1194,2500,2500,2890,4948,3613,3986,2449,3986,3613
GENE.5410,chr14,1780992,1783580,-,2589,20388,20388,20389,20610,20620,17497,18722,17497,20620
GENE.5411,chr14,1784933,1790629,-,5697,0,0,2,0,23,1,5,1,23
GENE.5412,chr14;chr14,1791911;1792310,1792040;1793004,-;-,825,445,445,445,445,455,400,418,400,455
GENE.5413,chr14,1794708,1795934,-,1227,6822,6822,6829,6894,6849,6582,6639,6582,6849
GENE.5414,chr14,1797288,1800071,+,2784,12388,12388,12388,12416,12768,10209,11720,10209,12768
GENE.5415,chr14;chr14;chr14;chr14,1800831;1801039;1801396;1801651,1800931;1801236;1801543;1801887,+;+;+;+,684,0,0,0,0,0,0,0,0,0
GENE.5416,chr14;chr14;chr14;chr14;chr14;chr14;chr14;chr14;chr14;chr14;chr14;chr14;chr14;chr14,1801961;1802146;1802322;1802549;1803470;1819226;1821742;1823639;1823932;1824132;1824450;1824716;1824878;1825067,1802022;1802245;1802444;1803316;1819083;1821548;1823520;1823827;1824000;1824359;1824509;1824745;1824968;1825326,-;-;-;-;-;-;-;-;-;-;-;-;-;-,21696,56090,56094,56114,56512,57478,49080,53106,49077,57444
GENE.5417,chr14;chr14;chr14,1826127;1826674;1827130,1826369;1827020;1827163,+;+;+,624,0,1,0,0,2,0,0,0,2
GENE.5418,chr14;chr14;chr14,1828579;1829113;1829912,1828792;1829726;1829962,+;+;+,879,0,0,0,0,4,1,0,1,4
GENE.5419,chr14;chr14;chr14,1831009;1832537;1832759,1832404;1832607;1832803,+;+;+,1512,2626,2626,2626,2638,2633,2424,2550,2424,2633
GENE.542,chr3;chr3;chr3,224160;225588;225733,225460;225644;225793,-;-;-,1419,3731,3731,3731,3771,3795,3305,3568,3305,3795
GENE.5420,chr14;chr14,1833782;1838495,1838354;1838598,-;-,4677,0,0,3,0,29,1,133,1,29
GENE.5421,chr14;chr14,1841029;1841261,1841062;1841592,+;+,366,1,1,1,1,2,1,1,1,2
GENE.5422,chr14;chr14;chr14;chr14,1841960;1842449;1842655;1842888,1842344;1842542;1842717;1842906,+;+;+;+,561,489,489,489,497,496,425,440,425,496
GENE.5423,chr14;chr14,1844041;1845615,1845147;1845617,-;-,1110,0,0,0,0,4,0,0,0,4
GENE.5424,chr14,1848315,1848833,+,519,166,166,166,170,173,126,169,126,173
GENE.5425,chr14,1849172,1850392,-,1221,0,0,0,0,6,1,0,1,6
GENE.5426,chr14,1851656,1855054,-,3399,2906,2906,2908,2910,2950,2607,2738,2607,2950
GENE.5427,chr14;chr14;chr14,1856700;1856900;1858917,1856761;1858836;1859308,+;+;+,2391,0,0,0,0,16,0,0,0,16
GENE.5428,chr14;chr14,1860148;1862049,1861915;1862095,+;+,1815,1313,1313,1313,1322,1379,1209,1429,1209,1379
GENE.5429,chr14,1862775,1865420,-,2646,5996,5998,5996,6134,6089,5196,5853,5196,6089
GENE.543,chr3,227057,231397,+,4341,908,908,918,944,923,780,884,780,922
GENE.5430,chr14,1867616,1868065,+,450,116,116,116,120,125,105,112,105,125
GENE.5431,chr14;chr14;chr14;chr14;chr14,1871778;1872458;1872812;1872989;1874059,1872066;1872630;1872880;1873925;1874381,+;+;+;+;+,1791,0,0,5,0,5,0,28,0,5
GENE.5432,chr14;chr14;chr14,1875421;1876065;1876712,1875960;1876417;1876874,-;-;-,1056,1464,1464,1464,1472,1514,1223,1424,1223,1514
GENE.5433,chr14;chr14;chr14,1878658;1878976;1879578,1878785;1879471;1882577,-;-;-,3624,5506,5506,5507,5650,5646,4941,5286,4941,5646
GENE.5434,chr14;chr14,1885443;1887763,1886465;1888323,+;+,1584,0,0,0,0,1,0,4,0,1
GENE.5435,chr14,1889413,1889529,+,117,0,0,0,0,0,0,0,0,0
GENE.5436,chr14;chr14,1889978;1890825,1890706;1892108,-;-,2013,7500,7500,7500,7582,7540,6839,7211,6839,7540
GENE.5437,chr14,1893200,1895017,-,1818,14624,14624,14624,14738,15261,12731,13770,12731,15261
GENE.5438,chr14,1898351,1901926,+,3576,5176,5176,5178,5200,5214,4729,4860,4729,5214
GENE.5439,chr14,1902916,1904163,-,1248,5078,5078,5079,5092,5138,4334,4895,4334,5138
GENE.544,chr3,231793,232305,-,513,166,166,166,220,167,131,157,131,167
GENE.5440,chr14,1907197,1916202,+,9006,0,1,6,0,49,1,185,1,49
GENE.5441,chr14;chr14;chr14,1917232;1917567;1917887,1917459;1917721;1918010,-;-;-,507,0,0,0,0,6,0,17,0,6
GENE.5442,chr14;chr14;chr14;chr14;chr14;chr14;chr14;chr14,1919583;1919718;1919972;1920246;1920457;1920609;1920974;1921198,1919612;1919873;1920065;1920361;1920507;1920720;1921040;1921645,-;-;-;-;-;-;-;-,1074,870,870,873,882,877,744,791,744,877
GENE.5443,chr14;chr14;chr14,1922959;1923291;1923585,1923175;1923493;1923782,+;+;+,618,0,0,0,0,1,0,0,0,1
GENE.5444,chr14;chr14;chr14,1924425;1924782;1926574,1924628;1925652;1926650,-;-;-,1152,488,488,488,490,500,467,472,467,500
GENE.5445,chr14;chr14;chr14;chr14,1929931;1930287;1930507;1931233,1929937;1930365;1931092;1931379,+;+;+;+,819,319,319,319,325,323,281,297,281,323
GENE.5446,chr14;chr14;chr14,1932421;1932671;1932942,1932514;1932752;1933200,-;-;-,435,48,48,48,50,49,44,165,44,49
GENE.5447,chr14;chr14,1933985;1934354,1934152;1935775,+;+,1590,0,0,0,0,2,0,0,0,2
GENE.5448,chr14;chr14,1936888;1937222,1937073;1937374,+;+,339,0,0,0,0,5,0,0,0,5
GENE.5449,chr14;chr14;chr14;chr14;chr14;chr14,1937706;1938016;1938292;1938489;1938686;1938872,1937845;1938163;1938352;1938586;1938754;1939117,-;-;-;-;-;-,762,0,0,0,0,4,0,0,0,4
GENE.545,chr3;chr3,234058;234297,234192;235334,-;-,1173,0,0,0,0,8,0,0,0,8
GENE.5450,chr14;chr14,1941056;1941310,1941113;1941686,+;+,435,578,578,578,584,581,551,560,551,581
GENE.5451,chr14;chr14;chr14;chr14,1942151;1942314;1942635;1942837,1942220;1942389;1942727;1942963,-;-;-;-,366,0,0,0,0,1,0,0,0,1
GENE.5452,chr14,1943936,1944964,-,1029,0,0,0,0,4,0,0,0,4
GENE.5453,chr14,1947246,1953206,+,5961,13110,13110,13117,13176,13291,11180,12562,11179,13290
GENE.5454,chr14,1954601,1957675,-,3075,15254,15254,15257,15324,15570,14157,14748,14157,15570
GENE.5455,chr14;chr14,1960033;1963860,1963757;1963962,-;-,3828,0,0,1,0,16,2,0,2,16
GENE.5456,chr14,1965175,1965762,+,588,462,462,462,478,483,318,450,318,483
GENE.5457,chr14;chr14;chr14;chr14;chr14;chr14;chr14;chr14;chr14;chr14;chr14;chr14;chr14;chr14,1966245;1966853;1968971;1969162;1969371;1969710;1969934;1970180;1970382;1970578;1970822;1971094;1971320;1971553,1966719;1968831;1969049;1969205;1969433;1969773;1970064;1970257;1970451;1970717;1970976;1971229;1971460;1971618,-;-;-;-;-;-;-;-;-;-;-;-;-;-,3621,0,0,5,0,18,0,0,0,18
GENE.5458,chr14,1972498,1977423,-,4926,11378,11378,11404,11544,11461,9979,10117,9979,11461
GENE.5459,chr14;chr14,1980319;1982899,1982665;1983107,-;-,2556,2562,2562,2564,2594,2652,2266,2483,2266,2652
GENE.546,chr3,236334,248270,-,11937,7074,7074,7088,7214,7312,6316,6796,6309,7244
GENE.5460,chr14;chr14;chr14,1984189;1984476;1984692,1984314;1984581;1995574,-;-;-,11115,6436,6437,6457,6712,6643,5649,5998,5649,6643
GENE.5461,chr14,1997542,1998303,-,762,0,0,0,0,1,0,0,0,1
GENE.5462,chr14,1999648,2000649,+,1002,0,0,2,0,3,0,0,0,3
GENE.5463,chr14;chr14,2001083;2001797,2001591;2002106,-;-,819,470,470,471,486,475,446,453,446,475
GENE.5464,chr14;chr14;chr14,2002921;2003120;2003322,2003011;2003204;2003373,-;-;-,228,0,0,0,0,2,0,0,0,2
GENE.5465,chr14;chr14;chr14,2004406;2005062;2005351,2004897;2005210;2005456,-;-;-,747,924,924,924,939,947,820,893,820,947
GENE.5466,chr14;chr14;chr14;chr14;chr14;chr14;chr14,2008431;2008824;2009206;2011796;2012018;2012260;2012423,2008485;2009110;2011637;2011913;2012082;2012320;2012494,+;+;+;+;+;+;+,3090,0,0,22,0,9,0,172,0,8
GENE.5467,chr14;chr14,2014670;2014950,2014821;2015055,+;+,258,0,0,0,0,0,0,3,0,0
GENE.5468,chr14;chr14,2017311;2017509,2017313;2019560,+;+,2055,4420,4421,4422,4428,4460,4121,4433,4121,4460
GENE.5469,chr14;chr14,2020209;2020376,2020262;2024137,-;-,3816,0,0,2,0,14,0,7,0,14
GENE.547,chr3,251242,254661,+,3420,2162,2162,2163,2198,2176,2006,2196,2006,2176
GENE.5470,chr14;chr14,2031087;2031296,2031132;2033397,+;+,2148,1784,1784,1786,1854,1851,1485,1716,1485,1851
GENE.5471,chr14,2035116,2036630,-,1515,474,474,474,476,486,434,445,434,486
GENE.5472,chr14,2038132,2041542,-,3411,0,1,0,0,25,0,2,0,25
GENE.5473,chr14,2043009,2043542,+,534,120,120,120,120,121,116,117,116,121
GENE.5474,chr14,2044007,2045029,-,1023,450,450,451,458,455,407,402,407,455
GENE.5475,chr14;chr14;chr14;chr14;chr14;chr14;chr14;chr14;chr14,2047793;2048010;2048252;2048493;2048788;2049284;2049522;2049721;2049936,2047829;2048121;2048312;2048625;2049131;2049402;2049612;2049806;2050083,+;+;+;+;+;+;+;+;+,1131,2216,2216,2216,2256,2229,2038,2160,2038,2229
GENE.5476,chr14,2051621,2053123,-,1503,0,0,0,0,8,0,0,0,8
GENE.5477,chr14;chr14,2055791;2056088,2055821;2056437,+;+,381,0,0,0,0,0,0,0,0,0
GENE.5478,chr14,2056641,2059238,+,2598,2124,2124,2128,2150,2203,1862,2017,1859,2203
GENE.5479,chr14;chr14,2059936;2063581,2063280;2065770,-;-,5535,9542,9542,9547,9610,9871,8109,8911,8109,9871
GENE.548,chr3;chr3;chr3,255276;255663;255928,255513;255806;258416,-;-;-,2871,0,0,2,0,83,18,115,0,33
GENE.5480,chr14;chr14;chr14;chr14;chr14;chr14,2067739;2067987;2068225;2068450;2073042;2073473,2067783;2068044;2068286;2072836;2073267;2073656,-;-;-;-;-;-,4962,0,0,4,0,23,0,0,0,22
GENE.5481,chr14,2075586,2077349,-,1764,2542,2542,2542,2582,2551,2236,2417,2236,2551
GENE.5482,chr14,2078488,2080350,+,1863,11916,11758,11918,13550,11964,10333,11446,10333,11964
GENE.5483,chr14,2080898,2082247,-,1350,7628,7628,7628,7674,7698,6335,7416,6335,7698
GENE.5484,chr14;chr14;chr14,2083231;2083454;2083704,2083333;2083585;2084665,+;+;+,1197,0,0,1,0,4,0,0,0,4
GENE.5485,chr14,2085105,2087519,-,2415,28658,28658,28659,29096,30092,24005,26648,24005,30092
GENE.5486,chr14,2090902,2093400,+,2499,3748,3748,3748,3750,3808,3487,3567,3487,3808
GENE.5487,chr14;chr14,2094340;2099610,2098727;2099736,-;-,4515,1408,1408,1422,1420,1470,1230,1316,1230,1470
GENE.5488,chr14;chr14;chr14;chr14;chr14;chr14;chr14;chr14;chr14;chr14;chr14,2104947;2105157;2105377;2105720;2105902;2106061;2106354;2106522;2106649;2106834;2107019,2104979;2105192;2105512;2105785;2105942;2106182;2106416;2106556;2106712;2106898;2107047,+;+;+;+;+;+;+;+;+;+;+,690,3112,3112,3112,3290,3143,2498,2922,2498,3143
GENE.5489,chr14,2108874,2112788,+,3915,4716,4715,4737,4892,5018,3910,4796,3908,5010
GENE.549,chr3;chr3;chr3,260332;260647;260889,260500;260718;261085,+;+;+,438,140,140,140,142,140,120,122,120,140
GENE.5490,chr14,2113561,2114004,-,444,168,168,168,174,169,136,160,136,169
GENE.5491,chr14;chr14,2115436;2118104,2117946;2118190,-;-,2598,6683,6683,6683,6699,7084,5906,6322,5906,7084
GENE.5492,chr14;chr14;chr14;chr14;chr14;chr14,2118947;2119088;2119289;2119633;2119924;2120276,2118994;2119168;2119434;2119717;2120092;2120280,-;-;-;-;-;-,534,907,906,907,919,934,828,893,828,934
GENE.5493,chr14;chr14;chr14;chr14,2123461;2125929;2126178;2126429,2125765;2126033;2126284;2126599,+;+;+;+,2688,9547,9546,9548,9613,9609,8526,9210,8526,9609
GENE.5494,chr14,2128168,2131257,-,3090,2028,2029,2031,2048,2083,1717,1934,1717,2081
GENE.5495,chr14,2134298,2140867,+,6570,0,0,5,0,29,0,226,0,29
GENE.5496,chr14,2141662,2142678,+,1017,2314,2314,2314,2340,2322,2030,2246,2030,2322
GENE.5497,chr14,2143302,2144876,+,1575,344,344,344,346,357,329,346,329,357
GENE.5498,chr14,2145166,2146230,-,1065,718,718,718,718,726,596,681,596,726
GENE.5499,chr14,2148421,2151123,+,2703,0,0,1,0,7,0,35,0,7
GENE.55,chrX,14738,15421,+,684,542,542,543,546,544,479,545,479,544
GENE.550,chr3,261485,273286,-,11802,107892,107877,107930,109374,110092,93980,98989,93937,109990
GENE.5500,chr14;chr14;chr14;chr14;chr14;chr14;chr14;chr14,2151823;2152006;2152196;2152413;2152638;2152852;2153228;2153577,2151899;2152059;2152233;2152519;2152679;2153056;2153302;2153614,-;-;-;-;-;-;-;-,636,706,706,706,730,713,657,664,657,713
GENE.5501,chr14;chr14;chr14;chr14;chr14;chr14;chr14,2155736;2165378;2165622;2165801;2166021;2166257;2166404,2165243;2165484;2165686;2165930;2166126;2166320;2166467,+;+;+;+;+;+;+,10044,5010,5010,5016,5054,5166,4361,5081,4361,5165
GENE.5502,chr14;chr14;chr14;chr14;chr14;chr14;chr14;chr14,2167219;2167622;2167853;2168221;2168438;2168685;2168825;2169070,2167234;2167698;2167923;2168315;2168546;2168748;2168932;2169540,+;+;+;+;+;+;+;+,1011,3498,3498,3498,3608,3503,3176,3309,3176,3503
GENE.5503,chr14;chr14;chr14;chr14,2170461;2170701;2171189;2171505,2170532;2171048;2171353;2171690,+;+;+;+,771,382,382,382,382,392,359,372,359,392
GENE.5504,chr14,2171869,2172555,-,687,34,34,34,38,35,25,33,25,35
GENE.5505,chr14,2173027,2175822,-,2796,674,674,692,698,685,588,644,588,685
GENE.5506,chr14,2176837,2178729,-,1893,0,0,2,0,7,0,0,0,7
GENE.5507,chr14;chr14;chr14;chr14;chr14;chr14;chr14;chr14;chr14;chr14;chr14;chr14;chr14;chr14;chr14;chr14;chr14;chr14,2179519;2179755;2179928;2180115;2180306;2180686;2180971;2181121;2181297;2181878;2182266;2182931;2183358;2184657;2185132;2185335;2185800;2186103,2179567;2179820;2180017;2180190;2180589;2180895;2181007;2181154;2181674;2182058;2182793;2183202;2184443;2184877;2185225;2185591;2185895;2186631,+;+;+;+;+;+;+;+;+;+;+;+;+;+;+;+;+;+,4488,0,0,1,0,14,1,3,1,14
GENE.5508,chr14,2187385,2187615,+,231,0,0,0,0,4,0,0,0,4
GENE.5509,chr14,2188178,2193949,+,5772,7202,7202,7207,7262,7267,6377,7140,6377,7267
GENE.551,chr3,275864,277717,-,1854,896,896,898,900,914,708,852,708,914
GENE.5510,chr14;chr14;chr14,2194694;2194867;2195109,2194740;2194978;2198480,-;-;-,3531,0,4,1,0,11,1,0,1,11
GENE.5511,chr14;chr14,2199371;2199694,2199533;2204708,-;-,5178,4916,4916,4919,4936,5017,4320,4597,4320,5017
GENE.5512,chr14;chr14,2207027;2207498,2207031;2208320,+;+,828,2200,2200,2200,2212,2555,1692,2039,1346,2257
GENE.5513,chr14,2209792,2212524,-,2733,3592,3592,3592,3602,3662,3206,3459,3206,3662
GENE.5514,chr14,2214910,2217795,+,2886,26260,26261,26324,26666,27072,22026,24377,22026,27070
GENE.5515,chr14,2219080,2220615,+,1536,256,256,256,256,276,244,244,244,276
GENE.5516,chr14;chr14;chr14,2221351;2221553;2221813,2221456;2221668;2221884,+;+;+,294,2,2,2,2,2,2,2,2,2
GENE.5517,chr14,2222490,2226704,-,4215,0,1,4,0,23,0,66,0,23
GENE.5518,chr14,2229284,2231581,+,2298,5656,5656,5655,5666,5714,5231,5422,5231,5714
GENE.5519,chr14,2234143,2236476,+,2334,160,160,164,162,173,136,158,136,173
GENE.552,chr3;chr3;chr3,278956;279288;279820,279105;279557;279828,-;-;-,429,0,0,0,0,1,0,0,0,1
GENE.5520,chr14,2238394,2238882,+,489,96,96,96,96,98,95,95,95,98
GENE.5521,chr14,2239538,2240227,-,690,1026,1026,1026,1038,1036,900,961,900,1036
GENE.5522,chr14,2241433,2242839,+,1407,7412,7412,7412,7436,7637,6606,7141,6606,7636
GENE.5523,chr14,2243873,2244367,+,495,90,90,90,140,98,75,86,75,98
GENE.5524,chr14,2245100,2245564,-,465,196,196,196,210,200,194,195,194,200
GENE.5525,chr14;chr14;chr14;chr14;chr14;chr14;chr14;chr14;chr14,2247245;2248076;2248346;2248576;2248736;2248908;2249105;2249323;2249643,2247913;2248245;2248411;2248605;2248804;2248963;2249125;2249366;2249750,-;-;-;-;-;-;-;-;-,1233,1249,1249,1249,1289,1272,1017,1069,1017,1272
GENE.5526,chr14;chr14;chr14,2251188;2251468;2251669,2251382;2251522;2251934,-;-;-,516,0,0,0,0,1,0,0,0,1
GENE.5527,chr14;chr14;chr14;chr14;chr14;chr14;chr14;chr14;chr14,2255062;2255207;2255358;2255559;2255822;2256140;2256282;2256502;2256677,2255070;2255244;2255470;2255672;2255910;2256201;2256345;2256565;2256741,+;+;+;+;+;+;+;+;+,618,268,268,268,324,289,264,262,264,289
GENE.5528,chr14;chr14;chr14;chr14;chr14;chr14;chr14;chr14;chr14,2255062;2255207;2255358;2255559;2255822;2256140;2256282;2256502;2256677,2255070;2255244;2255470;2255672;2255907;2256201;2256345;2256565;2256741,+;+;+;+;+;+;+;+;+,615,268,268,268,324,289,264,262,264,289
GENE.5529,chr14,2259465,2261297,+,1833,0,0,4,0,8,1,261,1,8
GENE.553,chr3,281916,285260,+,3345,8874,8874,8896,9214,9187,7450,8212,7450,9187
GENE.5530,chr14;chr14,2262739;2263048,2262833;2263801,-;-,849,0,0,0,0,2,0,0,0,2
GENE.5531,chr14;chr14;chr14;chr14,2267201;2270157;2270345;2270636,2269991;2270218;2270521;2270851,+;+;+;+,3246,0,0,0,0,17,0,22,0,17
GENE.5532,chr14,2271529,2277243,-,5715,0,0,3,0,17,0,12,0,17
GENE.5533,chr14;chr14,2278701;2281247,2281018;2282162,-;-,3234,3868,3866,3868,3912,3953,3453,3723,3453,3953
GENE.5534,chr14;chr14,2285113;2285765,2285503;2290227,+;+,4854,0,0,1,0,20,2,13,2,20
GENE.5535,chr14;chr14;chr14;chr14;chr14;chr14;chr14;chr14;chr14,2290887;2291016;2291156;2291345;2291553;2291684;2291895;2292225;2292407,2290920;2291067;2291199;2291474;2291592;2291789;2292027;2292258;2292691,-;-;-;-;-;-;-;-;-,858,116,116,116,122,119,103,98,103,119
GENE.5536,chr14;chr14,2296491;2300792,2300538;2300868,+;+,4125,4160,4158,4300,4702,4598,4220,4501,4220,4598
GENE.5537,chr14,2301456,2302844,-,1389,11010,11011,11010,11048,11229,10089,10742,10089,11229
GENE.5538,chr14,2303565,2306468,+,2904,0,0,0,0,11,0,0,0,11
GENE.5539,chr14,2306955,2308202,-,1248,438,438,439,438,441,409,425,409,441
GENE.554,chr3,285579,286112,-,534,34,34,34,34,40,30,30,30,40
GENE.5540,chr14;chr14,2309181;2312109,2311864;2312472,-;-,3048,19146,19146,19150,19624,19411,17167,18425,17026,19403
GENE.5541,chr14,2314380,2321555,+,7176,15450,15451,15459,15520,15660,13667,14725,13667,15658
GENE.5542,chr14,2321953,2322798,-,846,792,792,792,796,797,754,769,754,797
GENE.5543,chr14,2323772,2325826,-,2055,10232,10232,10234,10244,10434,8499,9154,8499,10434
GENE.5544,chr14,2329933,2332086,-,2154,0,0,0,0,25,1,0,1,25
GENE.5545,chr14;chr14;chr14;chr14;chr14;chr14,2334787;2335120;2335283;2335498;2335716;2335897,2334871;2335154;2335385;2335596;2335771;2335962,+;+;+;+;+;+,444,0,0,0,0,0,0,0,0,0
GENE.5546,chr14;chr14;chr14;chr14;chr14;chr14;chr14;chr14;chr14,2336649;2337294;2337484;2337667;2337924;2338321;2338536;2338783;2339060,2337158;2337359;2337534;2337797;2337999;2338429;2338624;2338895;2339153,-;-;-;-;-;-;-;-;-,1239,2726,2726,2726,2775,2741,2579,2608,2579,2741
GENE.5547,chr14,2340784,2343027,+,2244,4480,4480,4480,4812,4621,3524,4165,3524,4621
GENE.5548,chr14;chr14,2343640;2344191,2343926;2344218,-;-,315,18,18,18,18,18,15,16,15,18
GENE.5549,chr14,2346178,2348097,-,1920,4086,4086,4088,4096,4162,3473,3889,3473,4162
GENE.555,chr3,286906,287319,-,414,1160,1160,1160,1164,1283,853,1108,853,1283
GENE.5550,chr14,2350985,2360152,+,9168,0,0,3,0,49,0,317,0,49
GENE.5551,chr14,2360874,2362133,-,1260,7186,7186,7186,7196,7255,6466,6985,6466,7255
GENE.5552,chr14;chr14,2363578;2365241,2365109;2365370,+;+,1662,0,0,0,0,6,0,121,0,6
GENE.5553,chr14,2367287,2371723,+,4437,3900,3901,3908,3920,4046,3514,3826,3514,4046
GENE.5554,chr14,2372233,2373744,-,1512,4096,4096,4097,4140,4143,3539,3791,3539,4143
GENE.5555,chr14,2375579,2385946,+,10368,6584,6585,6592,6604,6694,5829,6254,5828,6688
GENE.5556,chr14,2387786,2389495,+,1710,4630,4630,4628,4648,4806,4054,4424,4054,4806
GENE.5557,chr14,2390726,2390902,+,177,0,0,0,0,0,0,0,0,0
GENE.5558,chr14;chr14,2391118;2391444,2391292;2391601,+;+,333,43,43,43,43,44,41,41,41,44
GENE.5559,chr14;chr14;chr14,2391783;2392178;2396577,2391894;2396397;2396831,-;-;-,4587,5912,5909,5912,5926,6091,5253,5635,5253,6091
GENE.556,chr3;chr3,288637;288948,288723;290747,-;-,1887,1276,1276,1276,1293,1316,1121,1197,1121,1315
GENE.5560,chr14,2397919,2398869,-,951,1346,1346,1346,1350,1376,1106,1299,1106,1376
GENE.5561,chr14;chr14;chr14;chr14,2400515;2404850;2405075;2405389,2404717;2404914;2405193;2405411,+;+;+;+,4410,0,0,56,0,28,0,416,0,28
GENE.5562,chr14,2406668,2410159,+,3492,10848,10848,10855,10926,10992,9495,10339,9495,10992
GENE.5563,chr14,2410954,2412015,-,1062,0,0,0,0,12,0,0,0,12
GENE.5564,chr14,2414870,2417467,-,2598,2892,2892,2895,2916,2900,2617,2638,2617,2900
GENE.5565,chr14;chr14;chr14,2418422;2418720;2418950,2418639;2418845;2419298,+;+;+,693,172,172,172,176,178,144,167,144,178
GENE.5566,chr14,2420764,2422989,+,2226,0,0,0,0,15,0,32,0,15
GENE.5567,chr14,2423907,2426300,+,2394,0,0,30,0,14,0,124,0,14
GENE.5568,chr14,2427224,2430091,-,2868,684,684,692,698,697,637,608,637,697
GENE.5569,chr14,2432177,2432746,+,570,1002,1002,1002,1014,1018,940,955,940,1018
GENE.557,chr3;chr3;chr3;chr3;chr3,292943;293090;293322;293597;293956,292980;293207;293468;293750;294548,+;+;+;+;+,1050,557,555,557,573,562,502,529,502,562
GENE.5570,chr14,2433361,2434383,-,1023,0,0,0,0,5,0,0,0,5
GENE.5571,chr14,2436695,2439616,+,2922,13476,13476,13480,13626,13778,11678,12904,11678,13778
GENE.5572,chr14;chr14,2441345;2443178,2443031;2443896,+;+,2406,0,0,3,0,11,1,101,1,11
GENE.5573,chr14;chr14;chr14;chr14;chr14;chr14;chr14;chr14,2444473;2444583;2444742;2444962;2445132;2445360;2445544;2445994,2444498;2444626;2444859;2445028;2445220;2445420;2445816;2446179,-;-;-;-;-;-;-;-,864,2282,2282,2282,2332,2302,1887,2082,1887,2302
GENE.5574,chr14;chr14;chr14;chr14,2446983;2447268;2447518;2447859,2447075;2447331;2447652;2448298,-;-;-;-,732,476,472,476,491,478,436,447,436,478
GENE.5575,chr14,2450207,2450788,-,582,0,0,0,0,1,0,0,0,1
GENE.5576,chr14,2452470,2453357,+,888,1988,1988,1988,1996,2014,1771,1944,1771,2014
GENE.5577,chr14,2454902,2455879,+,978,0,0,0,0,4,0,0,0,4
GENE.5578,chr14,2456879,2457802,-,924,2554,2554,2554,2568,2577,2504,2520,2504,2577
GENE.5579,chr14;chr14;chr14,2459214;2459521;2459929,2459315;2459586;2459964,-;-;-,204,23,21,23,24,25,23,23,23,25
GENE.558,chr3;chr3;chr3;chr3;chr3,295107;295381;295565;295769;296015,295169;295442;295631;295832;296094,-;-;-;-;-,336,37,37,37,38,43,34,32,34,43
GENE.5580,chr14;chr14;chr14;chr14;chr14;chr14;chr14;chr14;chr14,2461321;2461667;2461855;2462109;2462264;2462467;2462658;2462838;2463000,2461452;2461720;2461926;2462181;2462331;2462547;2462711;2462897;2463104,+;+;+;+;+;+;+;+;+,699,0,0,0,0,6,0,0,0,6
GENE.5581,chr14,2466091,2470989,+,4899,0,0,30,0,21,3,217,3,21
GENE.5582,chr14,2473758,2474204,+,447,0,0,0,0,8,0,0,0,8
GENE.5583,chr14;chr14;chr14;chr14,2475501;2475671;2475913;2476463,2475579;2475781;2476152;2476473,-;-;-;-,441,220,220,220,220,222,213,214,213,222
GENE.5584,chr14,2477828,2479735,-,1908,86,86,87,86,88,73,74,73,88
GENE.5585,chr14;chr14;chr14;chr14;chr14,2480440;2480731;2481045;2481284;2481841,2480595;2480927;2481166;2481539;2481916,+;+;+;+;+,807,68,68,68,70,75,62,63,62,75
GENE.5586,chr14;chr14;chr14;chr14;chr14,2480440;2480731;2481045;2481266;2481841,2480595;2480927;2481166;2481539;2481916,+;+;+;+;+,825,68,68,68,70,75,62,63,62,75
GENE.5587,chr14;chr14;chr14;chr14;chr14,2482775;2484139;2484351;2484563;2485023,2483998;2484224;2484397;2484629;2485086,+;+;+;+;+,1488,461,461,461,463,463,438,448,438,463
GENE.5588,chr14;chr14;chr14,2485864;2486042;2486343,2485918;2486186;2488620,+;+;+,2478,17900,17900,17904,18018,18277,15086,16758,15085,18263
GENE.5589,chr14,2489698,2490249,+,552,0,0,0,0,3,0,0,0,3
GENE.559,chr3,298517,300478,+,1962,0,0,0,0,12,0,0,0,12
GENE.5590,chr14,2492166,2492369,+,204,0,0,0,0,0,0,0,0,0
GENE.5591,chr14;chr14;chr14;chr14,2493400;2493542;2493856;2494598,2493447;2493678;2494474;2494762,-;-;-;-,969,0,0,0,0,3,0,0,0,3
GENE.5592,chr14;chr14;chr14;chr14;chr14;chr14;chr14,2496050;2496196;2496516;2496794;2496995;2497127;2497262,2496077;2496282;2496667;2496878;2497048;2497196;2497400,-;-;-;-;-;-;-,615,511,511,511,543,530,497,491,497,530
GENE.5593,chr14;chr14;chr14,2498047;2500018;2500295,2499863;2500144;2500384,-;-;-,2034,216,216,233,218,232,198,206,198,232
GENE.5594,chr14;chr14;chr14;chr14,2501578;2501827;2502195;2502408,2501714;2501857;2502299;2502515,-;-;-;-,381,22,22,22,22,25,22,22,22,25
GENE.5595,chr14;chr14,2504149;2512443,2512305;2512505,+;+,8220,0,0,3,0,36,0,11,0,35
GENE.5596,chr14,2514673,2517945,+,3273,2174,2174,2175,2182,2206,1836,2122,1836,2206
GENE.5597,chr14,2518392,2518757,-,366,0,0,0,0,6,1,0,1,6
GENE.5598,chr14,2519205,2523209,-,4005,0,0,4,0,14,0,54,0,14
GENE.5599,chr14,2523919,2524140,+,222,0,0,0,0,0,0,0,0,0
GENE.56,chrX,15422,15787,-,366,0,0,0,0,2,0,0,0,2
GENE.560,chr3,301007,301906,-,900,0,0,0,0,2,0,0,0,2
GENE.5600,chr14,2524921,2528994,-,4074,28274,28274,28275,28398,28646,23932,26677,23932,28646
GENE.5601,chr14,2531432,2541400,-,9969,2876,2877,2914,3052,3092,2589,2840,2589,3090
GENE.5602,chr14;chr14;chr14;chr14;chr14;chr14;chr14;chr14;chr14;chr14;chr14;chr14;chr14;chr14;chr14;chr14;chr14;chr14;chr14;chr14;chr14;chr14,2544824;2545112;2545332;2545556;2545715;2545991;2546159;2546334;2546530;2546707;2546893;2547258;2547537;2547710;2548026;2548232;2548454;2548815;2548988;2549272;2549517;2549779,2544943;2545165;2545441;2545613;2545900;2546069;2546235;2546431;2546600;2546777;2547108;2547361;2547608;2547919;2548084;2548281;2548627;2548893;2549129;2549404;2549635;2549785,-;-;-;-;-;-;-;-;-;-;-;-;-;-;-;-;-;-;-;-;-;-,2289,0,0,0,0,15,0,0,0,15
GENE.5603,chr14;chr14,2550692;2551958,2551788;2552432,+;+,1572,0,0,0,0,5,0,0,0,5
GENE.5604,chr14;chr14,2553714;2555030,2554823;2555104,-;-,1185,0,0,0,0,3,0,6,0,3
GENE.5605,chr14;chr14,2559098;2559418,2559181;2560347,+;+,1014,1548,1548,1548,1548,1553,1284,1413,1284,1553
GENE.5606,chr14,2561069,2563492,-,2424,1278,1278,1279,1292,1316,1083,1190,1083,1316
GENE.5607,chr14,2565357,2566283,-,927,72,72,72,72,80,70,72,70,80
GENE.5608,chr14;chr14;chr14;chr14;chr14;chr14;chr14;chr14,2568082;2568170;2568491;2568524;2568632;2568719;2569115;2569163,2568167;2568489;2568521;2568630;2568717;2569112;2569160;2569307,-;-;-;-;-;-;-;-,1215,814,814,814,882,853,599,732,599,853
GENE.5609,chr14;chr14,2570434;2570730,2570478;2571719,+;+,1035,241,241,243,241,264,199,224,199,264
GENE.561,chr3,302826,303083,+,258,0,0,0,0,1,0,0,0,1
GENE.5610,chr14,2572988,2574607,+,1620,3994,3994,3994,4000,4008,3809,3840,3809,4008
GENE.5611,chr14,2575326,2576336,+,1011,0,0,0,0,3,0,0,0,3
GENE.5612,chr14;chr14;chr14;chr14;chr14,2577974;2578481;2578687;2578944;2579281,2578237;2578550;2578796;2579177;2579379,+;+;+;+;+,777,1137,1137,1137,1161,1209,1031,1081,1031,1209
GENE.5613,chr14;chr14,2580115;2580391,2580252;2580486,-;-,234,0,0,0,0,2,0,0,0,2
GENE.5614,chr14,2581543,2582523,+,981,5498,5498,5499,5580,5548,4418,4820,4418,5548
GENE.5615,chr14,2583187,2583549,-,363,0,0,0,0,3,1,0,1,3
GENE.5616,chr14;chr14;chr14;chr14;chr14;chr14;chr14;chr14;chr14;chr14;chr14;chr14;chr14;chr14;chr14,2584575;2584812;2585282;2585480;2585737;2586032;2586191;2586520;2586760;2587045;2587263;2587554;2587897;2588127;2589750,2584595;2584952;2585365;2585599;2585946;2586100;2586400;2586636;2586888;2587138;2587430;2587736;2588003;2589656;2589782,-;-;-;-;-;-;-;-;-;-;-;-;-;-;-,3216,8584,8584,8611,8718,8658,7991,8353,7991,8658
GENE.5617,chr14,2592002,2594119,-,2118,5374,5374,5376,5416,5409,5050,5230,5050,5409
GENE.5618,chr14,2595869,2598571,+,2703,146,147,158,146,156,133,513,133,156
GENE.5619,chr14;chr14,2598842;2599903,2599803;2599954,-;-,1014,0,0,0,0,4,0,0,0,4
GENE.562,chr3;chr3;chr3;chr3,304317;304490;304668;304897,304395;304548;304777;304999,+;+;+;+,351,6,6,6,6,8,7,6,7,8
GENE.5620,chr14;chr14,2601441;2603867,2603758;2604305,+;+,2757,6794,6794,6799,6806,6917,5856,6514,5856,6917
GENE.5621,chr14;chr14;chr14;chr14;chr14,2604381;2604525;2604848;2605097;2605411,2604416;2604649;2604907;2605189;2605411,-;-;-;-;-,315,0,0,0,0,2,0,0,0,2
GENE.5622,chr14;chr14;chr14;chr14;chr14,2607292;2616721;2616917;2617162;2617454,2616600;2616816;2617024;2617236;2617621,+;+;+;+;+,9756,19834,19833,19849,19964,20112,17227,19140,17227,20111
GENE.5623,chr14;chr14,2619679;2623397,2623216;2624187,+;+,4329,28220,28220,28220,28280,28563,24786,26463,24786,28563
GENE.5624,chr14,2625452,2626600,-,1149,1626,1624,1626,1626,1648,1286,1556,1286,1648
GENE.5625,chr14;chr14;chr14;chr14;chr14;chr14,2628882;2629011;2629130;2629332;2629555;2629768,2628888;2629057;2629213;2629434;2629651;2629789,+;+;+;+;+;+,360,9,9,9,9,10,8,8,8,10
GENE.5626,chr14,2630558,2632678,-,2121,6046,6048,6046,6054,6086,5426,5587,5426,6086
GENE.5627,chr14,2635841,2636677,+,837,0,0,1,0,11,0,0,0,11
GENE.5628,chr14,2637566,2640169,+,2604,444,444,444,444,491,411,501,411,491
GENE.5629,chr14,2640872,2642002,-,1131,394,394,394,394,430,256,346,256,430
GENE.563,chr3;chr3,306108;307982,307706;307984,-;-,1602,2316,2316,2316,2324,2323,2194,2225,2194,2323
GENE.5630,chr14;chr14;chr14;chr14;chr14;chr14,2643004;2645057;2645457;2645704;2645873;2646037,2644901;2645309;2645592;2645778;2645931;2646192,+;+;+;+;+;+,2577,0,0,0,0,9,0,1,0,9
GENE.5631,chr14;chr14,2646603;2646978,2646819;2647033,-;-,273,2,2,2,2,6,2,2,2,6
GENE.5632,chr14,2650755,2655140,+,4386,0,0,6,0,39,1,138,1,38
GENE.5633,chr14;chr14;chr14;chr14;chr14;chr14;chr14;chr14;chr14;chr14,2655491;2655883;2656162;2656344;2656637;2656809;2656946;2657134;2657285;2657487,2655727;2656062;2656212;2656531;2656720;2656862;2657018;2657186;2657343;2657965,-;-;-;-;-;-;-;-;-;-,1458,0,0,0,0,17,3,0,3,17
GENE.5634,chr14;chr14;chr14;chr14;chr14;chr14;chr14;chr14;chr14;chr14;chr14;chr14;chr14,2658255;2658383;2658603;2658814;2659011;2659194;2659325;2659493;2659753;2659917;2660241;2660575;2660809,2658274;2658446;2658736;2658909;2659070;2659245;2659394;2659658;2659814;2660106;2660302;2660653;2660911,-;-;-;-;-;-;-;-;-;-;-;-;-,1158,0,0,0,0,5,0,0,0,5
GENE.5635,chr14;chr14;chr14;chr14;chr14;chr14,2662020;2663321;2664046;2666189;2681939;2682625,2662619;2663911;2666043;2681804;2682510;2682705,+;+;+;+;+;+,19458,110374,110373,110382,110518,112645,96355,104631,96355,112645
GENE.5636,chr14;chr14;chr14,2684141;2684673;2685003,2684152;2684794;2685534,+;+;+,666,527,527,527,528,547,412,488,412,547
GENE.5637,chr14;chr14;chr14;chr14;chr14;chr14;chr14;chr14;chr14;chr14;chr14;chr14,2686224;2686402;2686537;2686686;2686985;2687233;2687367;2687530;2687706;2687863;2688027;2688191,2686287;2686413;2686588;2686872;2687127;2687252;2687429;2687615;2687761;2687944;2688090;2688303,-;-;-;-;-;-;-;-;-;-;-;-,942,1390,1390,1392,1446,1413,1331,1302,1331,1413
GENE.5638,chr14;chr14,2690504;2693242,2693088;2693326,+;+,2670,0,0,0,0,25,1,0,1,25
GENE.5639,chr14,2694813,2704049,-,9237,862,866,873,902,962,862,812,734,924
GENE.564,chr3;chr3;chr3,310652;310865;311557,310661;311043;311805,+;+;+,438,0,0,0,0,5,0,0,0,5
GENE.5640,chr14;chr14;chr14,2709418;2712793;2713093,2712708;2712920;2713192,+;+;+,3519,94,94,95,94,111,85,153,85,111
GENE.5641,chr14,2714844,2717285,-,2442,18526,18526,18534,18594,18847,17174,17152,17051,18836
GENE.5642,chr14;chr14;chr14;chr14;chr14;chr14,2725225;2725458;2725739;2725895;2726046;2726220,2725334;2725522;2725798;2725905;2726115;2726281,+;+;+;+;+;+,378,0,0,0,0,2,0,0,0,2
GENE.5643,chr14,2726800,2727642,-,843,0,0,0,0,3,0,0,0,3
GENE.5644,chr14;chr14;chr14;chr14;chr14;chr14,2729370;2729617;2729803;2730049;2730335;2730770,2729425;2729703;2729848;2730204;2730487;2730811,+;+;+;+;+;+,540,320,320,320,330,321,308,305,308,321
GENE.5645,chr14,2731986,2734694,+,2709,1252,1252,1252,1252,1298,1061,1227,1061,1298
GENE.5646,chr14;chr14,2736908;2737271,2737103;2741325,+;+,4251,0,1,0,0,15,0,24,0,15
GENE.5647,chr14,2742387,2744969,+,2583,1050,1050,1051,1064,1097,872,1005,872,1097
GENE.5648,chr14,2745815,2747320,-,1506,706,706,716,712,714,650,675,650,714
GENE.5649,chr14,2748392,2750131,+,1740,458,458,458,462,481,419,442,419,481
GENE.565,chr3,311223,311382,+,160,0,0,0,0,0,1,0,1,0
GENE.5650,chr14,2750958,2752424,+,1467,3306,3306,3306,3310,3317,3115,3190,3115,3317
GENE.5651,chr14,2753136,2754020,-,885,0,0,1,0,1,0,0,0,1
GENE.5652,chr14;chr14;chr14,2755225;2756559;2756735,2756436;2756610;2756799,+;+;+,1329,805,805,805,813,839,716,771,716,839
GENE.5653,chr14;chr14,2757665;2759665,2759493;2764150,-;-,6315,7164,7176,7413,8102,7430,6296,6822,6189,7370
GENE.5654,chr14;chr14;chr14,2766108;2766257;2766530,2766156;2766369;2766616,+;+;+,249,0,0,0,0,3,0,0,0,3
GENE.5655,chr14;chr14;chr14,2767400;2767559;2767794,2767402;2767686;2767935,+;+;+,273,0,0,0,0,2,0,0,0,2
GENE.5656,chr14;chr14;chr14,2771101;2771344;2771586,2771250;2771441;2776308,+;+;+,4971,0,1,7,0,21,0,117,0,21
GENE.5657,chr14;chr14;chr14;chr14;chr14;chr14;chr14;chr14;chr14;chr14;chr14,2777632;2777914;2778029;2778796;2779164;2779310;2779529;2779764;2783098;2783330;2784209,2777663;2777956;2778497;2779003;2779234;2779428;2779650;2782943;2783209;2783968;2785114,+;+;+;+;+;+;+;+;+;+;+,5901,18221,18221,18222,18405,18468,17056,17427,17056,18468
GENE.5658,chr14;chr14,2786308;2794228,2793888;2794323,-;-,7677,0,1,0,0,26,3,7,3,26
GENE.5659,chr14,2802508,2803188,+,681,1300,1300,1300,1314,1302,1255,1277,1255,1302
GENE.566,chr3;chr3,312693;313262,313037;313342,-;-,426,0,0,0,0,6,0,0,0,6
GENE.5660,chr14;chr14;chr14,2803593;2803811;2804490,2803673;2804355;2804613,+;+;+,750,0,0,0,0,5,0,0,0,5
GENE.5661,chr14,2809478,2812066,+,2589,1276,1276,1276,1278,1336,1082,1144,1082,1336
GENE.5662,chr14;chr14;chr14;chr14;chr14;chr14,2812941;2813071;2813365;2813697;2813952;2814233,2812971;2813223;2813504;2813790;2814025;2814385,-;-;-;-;-;-,645,1068,1068,1068,1102,1086,987,952,987,1086
GENE.5663,chr14;chr14,2816100;2817418,2817257;2822286,+;+,6027,25996,25996,26001,26280,26576,22547,24269,22547,26576
GENE.5664,chr14;chr14;chr14;chr14,2825370;2825819;2826631;2826901,2825696;2826537;2826763;2826918,+;+;+;+,1197,0,0,0,0,17,0,0,0,17
GENE.5665,chr14,2827942,2830443,-,2502,516,517,516,518,527,445,495,445,527
GENE.5666,chr14,2831928,2834369,-,2442,5386,5386,5386,5408,5407,4931,5159,4931,5407
GENE.5667,chr14,2835603,2836151,-,549,0,0,1,0,6,0,85,0,6
GENE.5668,chr14,2837319,2838101,+,783,0,0,0,0,6,0,33,0,6
GENE.5669,chr14,2838913,2839989,-,1077,3178,3178,3178,3186,3268,2713,3014,2713,3268
GENE.567,chr3;chr3;chr3,314976;315863;316231,315617;315988;316236,-;-;-,774,0,0,0,0,0,0,0,0,0
GENE.5670,chr14,2841122,2841910,-,789,314,314,314,314,316,296,312,296,316
GENE.5671,chr14,2845203,2846516,+,1314,3502,3504,3502,3530,3530,3289,3370,3289,3530
GENE.5672,chr14,2847235,2849298,-,2064,594,594,595,608,607,505,561,505,607
GENE.5673,chr14;chr14;chr14,2852150;2861938;2862316,2861782;2862155;2862568,+;+;+,10104,47592,47613,47691,49543,49270,41277,45427,41257,48828
GENE.5674,chr14,2863914,2864531,+,618,0,0,0,0,4,0,0,0,4
GENE.5675,chr14;chr14;chr14,2865024;2865674;2866156,2865506;2865748;2866245,-;-;-,648,776,774,776,785,808,655,709,655,808
GENE.5676,chr14;chr14;chr14,2866358;2866862;2867239,2866424;2867046;2868183,+;+;+,1197,1156,1156,1156,1158,1178,1048,1087,1048,1178
GENE.5677,chr14;chr14;chr14;chr14,2868291;2868476;2868703;2869269,2868347;2868538;2868833;2869356,-;-;-;-,339,73,73,73,102,77,68,69,68,77
GENE.5678,chr14;chr14,2870069;2877367,2877210;2877589,+;+,7365,1,2,4,1,53,1,134,1,52
GENE.5679,chr14;chr14;chr14,2877586;2878035;2878703,2877689;2878430;2878748,-;-;-,546,120,120,120,121,118,108,117,108,118
GENE.568,chr3,318804,320336,+,1533,0,0,4,0,9,0,207,0,7
GENE.5680,chr14,2879458,2879904,+,447,48,48,48,48,55,47,49,47,55
GENE.5681,chr14;chr14;chr14;chr14,2880157;2880393;2880647;2880913,2880248;2880467;2880769;2881012,-;-;-;-,390,19,19,19,21,20,18,18,18,20
GENE.5682,chr14;chr14;chr14;chr14;chr14;chr14,2882766;2883055;2883353;2883610;2884023;2885595,2882851;2883200;2883507;2883767;2885437;2886082,+;+;+;+;+;+,2448,27167,27167,27167,27309,27805,25076,26206,25076,27805
GENE.5683,chr14;chr14,2886888;2887264,2887093;2888659,-;-,1602,0,0,1,0,7,0,21,0,7
GENE.5684,chr14,2890054,2891796,+,1743,1492,1492,1492,1522,1502,1272,1384,1272,1502
GENE.5685,chr14;chr14,2892221;2892887,2892395;2895999,-;-,3288,0,0,0,0,33,0,4,0,31
GENE.5686,chr14;chr14,2897916;2898397,2898242;2898657,+;+,588,485,485,485,495,499,404,475,404,499
GENE.5687,chr14,2902134,2903537,+,1404,1132,1132,1132,1136,1153,1053,1070,1053,1153
GENE.5688,chr14;chr14;chr14,2905163;2905981;2906429,2905714;2906155;2906565,-;-;-,864,0,0,0,0,6,0,13,0,6
GENE.5689,chr14;chr14;chr14;chr14;chr14;chr14,2912386;2913339;2913911;2914463;2914740;2915259,2913141;2913573;2914368;2914585;2915066;2915354,+;+;+;+;+;+,1995,0,0,0,0,11,0,0,0,11
GENE.569,chr3,321050,322162,-,1113,800,800,800,802,814,697,728,697,814
GENE.5690,chr14;chr14;chr14;chr14;chr14,2915747;2915917;2916048;2916305;2916626,2915828;2915958;2916227;2916365;2918006,-;-;-;-;-,1746,800,800,800,847,813,647,743,647,813
GENE.5691,chr14;chr14,2919190;2920806,2920623;2920871,-;-,1500,2366,2366,2366,2372,2389,1943,2252,1943,2389
GENE.5692,chr14;chr14;chr14;chr14;chr14;chr14,2922351;2922887;2923422;2923752;2924166;2924408,2922746;2923171;2923619;2924006;2924213;2924557,-;-;-;-;-;-,1332,0,0,0,0,16,0,0,0,16
GENE.5693,chr14,2926134,2929673,+,3540,0,0,1,0,13,0,10,0,13
GENE.5694,chr14,2929823,2931547,+,1725,17892,17892,17893,17928,18180,16506,17047,16506,18180
GENE.5695,chr14,2932023,2932787,+,765,1728,1728,1730,1740,1737,1518,1622,1518,1737
GENE.5696,chr14;chr14,2933162;2937686,2937454;2939779,-;-,6387,2171,2166,2174,2218,2268,1881,2011,1881,2268
GENE.5697,chr14;chr14;chr14;chr14,2940478;2940789;2941070;2941332,2940614;2940933;2941121;2941603,+;+;+;+,606,988,988,988,998,1017,901,959,901,1017
GENE.5698,chr14;chr14;chr14;chr14;chr14;chr14,2941600;2941830;2942146;2942354;2942532;2942745,2941686;2941905;2942243;2942440;2942613;2943259,-;-;-;-;-;-,945,3,3,4,3,8,2,2,2,8
GENE.5699,chr14;chr14,2945662;2952509,2952374;2952551,+;+,6756,0,0,2,0,41,0,2,0,41
GENE.57,chrX,15763,15849,-,87,0,0,0,0,1,0,0,0,1
GENE.570,chr3;chr3;chr3;chr3;chr3,322933;323205;323406;323633;324804,323011;323259;323467;324573;324836,-;-;-;-;-,1170,538,537,538,542,539,453,483,453,539
GENE.5700,chr14;chr14;chr14;chr14;chr14;chr14;chr14;chr14;chr14,2954108;2954514;2955519;2955696;2955951;2956276;2956553;2956854;2957073,2954312;2955345;2955589;2955808;2956028;2956343;2956712;2956898;2957108,+;+;+;+;+;+;+;+;+,1608,8686,8686,8682,8933,9009,7506,8222,7506,9009
GENE.5701,chr14;chr14;chr14,2957474;2957709;2961334,2957547;2961195;2961618,+;+;+,3846,0,0,2,0,40,0,0,0,40
GENE.5702,chr14;chr14;chr14,2961722;2962017;2962339,2961909;2962178;2962645,-;-;-,657,535,535,535,568,564,509,526,509,564
GENE.5703,chr14;chr14;chr14;chr14,2962986;2963181;2963415;2963944,2963069;2963287;2963742;2965086,-;-;-;-,1662,0,0,0,0,5,0,0,0,5
GENE.5704,chr14,2966749,2969334,+,2586,4596,4596,4604,4804,4854,3865,4466,3865,4854
GENE.5705,chr14;chr14;chr14;chr14;chr14;chr14;chr14,2969912;2970185;2970404;2970608;2970735;2971218;2971481,2970061;2970282;2970459;2970663;2971085;2971286;2971792,-;-;-;-;-;-;-,1092,1489,1489,1490,1553,1518,1064,1299,1064,1518
GENE.5706,chr14,2972978,2974054,+,1077,782,782,782,782,789,732,758,732,789
GENE.5707,chr14,2975115,2975492,-,378,0,0,0,0,1,0,0,0,1
GENE.5708,chr14;chr14,2976211;2977085,2976956;2978117,-;-,1779,12960,12960,12963,13068,13003,12054,12419,12054,13003
GENE.5709,chr14,2981600,2982964,+,1365,0,0,0,0,4,0,0,0,4
GENE.571,chr3;chr3;chr3,325922;326129;326296,326030;326172;328383,+;+;+,2241,7031,7031,7033,7389,7157,6198,6779,6198,7155
GENE.5710,chr14;chr14;chr14;chr14;chr14;chr14;chr14,2984062;2985336;2985946;2986202;2986425;2987500;2987786,2985186;2985657;2986060;2986263;2987339;2987654;2987932,+;+;+;+;+;+;+,2841,848,848,849,856,861,794,822,794,861
GENE.5711,chr14,2989577,2992222,+,2646,4988,4988,4988,4994,5166,4553,4835,4553,5166
GENE.5712,chr14,2993252,2995279,-,2028,0,0,2,0,9,0,2,0,9
GENE.5713,chr14,2997600,2997944,-,345,0,0,0,0,1,0,0,0,1
GENE.5714,chr14,2998594,3002355,-,3762,3434,3634,3680,5144,4140,3617,3285,3407,4132
GENE.5715,chr14,3007601,3010159,+,2559,0,0,1,0,21,0,59,0,21
GENE.5716,chr14,3011585,3017899,-,6315,28564,28564,28621,28662,29311,24975,27362,24607,29307
GENE.5717,chr14;chr14,3023228;3023508,3023374;3023726,+;+,366,10,10,10,10,10,11,10,11,10
GENE.5718,chr14;chr14;chr14,3023852;3038411;3038793,3037909;3038610;3038832,-;-;-,14298,219556,219556,219586,220454,222353,192156,203458,192154,222350
GENE.5719,chr14;chr14,3040768;3041075,3040864;3043560,+;+,2583,66,66,68,66,103,61,139,61,103
GENE.572,chr3;chr3;chr3;chr3;chr3;chr3;chr3,328787;328992;329252;329512;329679;334959;335243,328832;329116;329350;329564;334741;335026;335269,-;-;-;-;-;-;-,5481,0,0,2,0,34,0,11,0,34
GENE.5720,chr14;chr14;chr14;chr14;chr14;chr14;chr14;chr14;chr14;chr14;chr14;chr14;chr14;chr14;chr14;chr14,3044129;3044524;3045061;3045221;3045558;3045868;3046064;3046330;3046845;3047204;3047438;3049982;3053806;3054265;3054898;3055143,3044381;3044894;3045113;3045458;3045761;3045954;3046152;3046671;3047041;3047316;3049852;3053493;3054094;3054771;3055055;3055248,+;+;+;+;+;+;+;+;+;+;+;+;+;+;+;+,8934,0,0,14,0,33,9,182,9,33
GENE.5721,chr14,3055715,3057820,-,2106,4056,4056,4056,4068,4097,3648,3864,3648,4097
GENE.5722,chr14;chr14;chr14;chr14;chr14,3060864;3061460;3061744;3062073;3062560,3061298;3061594;3061894;3062461;3062634,+;+;+;+;+,1185,449,449,449,449,468,371,423,371,468
GENE.5723,chr14;chr14;chr14,3063191;3063375;3063680,3063272;3063470;3065763,-;-;-,2262,0,0,1,0,3,0,0,0,3
GENE.5724,chr14;chr14;chr14,3067562;3067723;3068060,3067610;3067805;3068692,+;+;+,765,188,188,188,195,192,177,198,177,192
GENE.5725,chr14,3072261,3073247,+,987,3106,3106,3107,3116,3126,2826,2902,2826,3126
GENE.5726,chr14,3075788,3076186,+,399,0,0,1,0,3,0,0,0,3
GENE.5727,chr14,3076442,3081022,+,4581,6844,6844,6852,6854,6958,6335,6722,6335,6958
GENE.5728,chr14,3081750,3084635,+,2886,6284,6284,6286,6328,6654,5478,6029,5478,6654
GENE.5729,chr14,3085496,3086182,+,687,1734,1734,1734,1740,1782,1474,1680,1474,1782
GENE.573,chr3,337179,339278,+,2100,0,0,1,0,14,0,0,0,14
GENE.5730,chr14;chr14,3087061;3104725,3104434;3105071,-;-,17721,47888,47890,47909,48040,48482,42048,45467,41962,48480
GENE.5731,chr14,3106949,3111811,+,4863,0,0,1,0,11,3,0,3,11
GENE.5732,chr14,3112509,3114698,-,2190,13388,13388,13389,13476,13702,11732,12832,11730,13696
GENE.5733,chr14,3117392,3118951,+,1560,4362,4362,4362,4410,4573,3689,4175,3689,4573
GENE.5734,chr14;chr14,3120854;3121508,3121441;3121849,+;+,930,0,0,0,0,4,0,0,0,4
GENE.5735,chr14,3124337,3126709,+,2373,5742,5746,5743,5754,5796,5097,5413,4825,5794
GENE.5736,chr14;chr14,3127677;3127952,3127808;3128119,-;-,300,0,0,0,0,10,0,0,0,10
GENE.5737,chr14,3131104,3131637,+,534,2260,2260,2260,2264,2262,2148,2175,2148,2262
GENE.5738,chr14;chr14,3133951;3134350,3134187;3135651,+;+,1539,9455,9455,9455,9491,9559,8140,8852,8136,9559
GENE.5739,chr14;chr14,3139140;3139366,3139241;3140982,+;+,1719,1356,1356,1356,1364,1369,1245,1269,1245,1369
GENE.574,chr3;chr3;chr3,340028;346766;350734,346568;350480;351652,-;-;-,11175,0,0,3,0,64,0,229,0,64
GENE.5740,chr14;chr14;chr14,3142075;3142503;3144261,3142299;3144068;3144341,+;+;+,1872,7005,7003,7005,7022,7052,6390,6652,6390,7052
GENE.5741,chr14;chr14,3147490;3147703,3147585;3148584,+;+,978,569,569,571,575,577,494,538,494,577
GENE.5742,chr14;chr14,3151970;3152131,3152044;3154923,+;+,2868,19762,19762,19768,19784,20298,17293,18791,17293,20298
GENE.5743,chr14,3156976,3158037,+,1062,0,0,0,0,2,0,0,0,2
GENE.5744,chr14,3159487,3160602,+,1116,0,0,0,0,5,0,0,0,5
GENE.5745,chr14;chr14;chr14,3161742;3162510;3162676,3162507;3162512;3162743,-;-;-,837,426,426,428,440,427,370,413,370,427
GENE.5746,chr14;chr14,3168563;3168846,3168754;3171692,+;+,3039,784,782,766,794,803,744,571,744,803
GENE.5747,chr14;chr14,3172972;3173540,3173451;3173644,-;-,585,786,786,786,848,798,564,651,564,798
GENE.5748,chr14;chr14,3175541;3175829,3175609;3176458,+;+,699,48,48,48,48,63,40,47,40,63
GENE.5749,chr14;chr14,3179624;3179951,3179806;3180610,+;+,843,1434,1434,1434,1446,1441,1353,1395,1353,1441
GENE.575,chr3,353549,355045,+,1497,1654,1654,1653,1658,1707,1344,1511,1341,1707
GENE.5750,chr14;chr14,3183248;3183627,3183433;3184352,+;+,912,498,498,498,500,503,487,491,487,503
GENE.5751,chr14;chr14,3188888;3189244,3189085;3190548,+;+,1503,0,0,0,0,2,0,99,0,2
GENE.5752,chr14;chr14;chr14,3193285;3194332;3194736,3194152;3194582;3199478,+;+;+,5862,8234,12407,11967,13818,12649,10516,6105,10516,12649
GENE.5753,chr14;chr14,3202931;3203226,3203014;3204017,+;+,876,155,155,155,158,158,138,156,138,158
GENE.5754,chr14,3207627,3207899,+,273,0,0,0,0,5,0,0,0,5
GENE.5755,chr14;chr14,3209129;3209987,3209985;3211574,+;+,2445,21672,21672,21672,21968,21910,19046,20704,19044,21910
GENE.5756,chr14;chr14,3213581;3213907,3213718;3214617,+;+,849,1500,1500,1500,1505,1521,1265,1340,1265,1521
GENE.5757,chr14;chr14,3216399;3217228,3217073;3217296,-;-,744,143,142,144,150,148,132,139,132,148
GENE.5758,chr14;chr14;chr14,3219919;3220325;3220643,3220323;3220534;3220702,-;-;-,675,184,184,184,184,187,178,180,178,187
GENE.5759,chr14,3221001,3221576,+,576,224,224,224,224,228,220,223,220,228
GENE.576,chr3,356319,361454,+,5136,5072,5072,5081,5088,5106,4683,5216,4683,5106
GENE.5760,chr14;chr14;chr14,3223288;3223879;3224564,3223876;3224456;3224632,-;-;-,1236,0,0,10,0,8,0,0,0,8
GENE.5761,chr14;chr14;chr14,3228672;3228860;3229173,3228737;3229171;3229589,+;+;+,795,914,914,914,958,926,814,871,814,926
GENE.5762,chr14;chr14,3232639;3232948,3232842;3236535,+;+,3792,0,158,144,178,164,231,20,231,164
GENE.5763,chr14;chr14;chr14;chr14,3239145;3239820;3240165;3240399,3239716;3240163;3240295;3240473,-;-;-;-,1122,870,870,870,872,889,734,835,734,889
GENE.5764,chr14;chr14,3242909;3243573,3243448;3243629,-;-,597,0,0,0,0,4,0,10,0,4
GENE.5765,chr14,3247032,3251019,+,3988,0,0,0,0,68,0,100,0,68
GENE.5766,chr14,3254092,3256554,+,2463,0,0,1,0,5,1,0,0,5
GENE.5767,chr14;chr14,3257135;3257773,3257698;3257841,-;-,633,14,142,149,256,152,132,18,132,152
GENE.5768,chr14;chr14,3260745;3261005,3260876;3261727,+;+,855,408,696,600,712,721,628,32,628,721
GENE.5769,chr14;chr14,3263543;3263767,3263674;3264468,+;+,834,74,2122,1954,2610,2131,1813,86,1813,2131
GENE.577,chr3;chr3,362342;364219,363946;364233,-;-,1620,12576,12576,12577,12604,12776,11384,11996,11384,12776
GENE.5770,chr14;chr14,3266136;3266367,3266204;3267377,+;+,1080,1304,1304,1304,1306,1323,1110,1208,1110,1323
GENE.5771,chr14;chr14,3269494;3269666,3269562;3270496,+;+,900,0,0,0,2,3,2,10,2,3
GENE.5772,chr14;chr14,3272578;3272865,3272646;3273848,+;+,1053,6931,6929,6932,6956,7148,6237,6641,6198,7111
GENE.5773,chr14;chr14,3276230;3276509,3276283;3277501,+;+,1047,0,0,0,0,2,0,1,0,2
GENE.5774,chr14;chr14,3279500;3279697,3279568;3280662,+;+,1035,8502,8500,8499,8512,8641,7027,7745,6956,8567
GENE.5775,chr14;chr14,3282729;3282907,3282797;3283752,+;+,915,0,0,0,0,10,0,0,0,10
GENE.5776,chr14;chr14,3285900;3286035,3285953;3287003,+;+,1023,0,2,12,16,16,14,10,14,16
GENE.5777,chr14,3290953,3291501,+,549,0,0,0,0,0,0,0,0,0
GENE.578,chr3,365659,366672,-,1014,4382,4382,4382,4394,4391,4174,4230,4174,4391
GENE.579,chr3,368572,368690,+,119,0,0,0,0,0,0,0,0,0
GENE.58,chrX,15852,16091,-,240,0,0,0,0,0,0,0,0,0
GENE.580,chr3;chr3;chr3,369925;370270;370701,370035;370492;370789,+;+;+,423,0,0,0,0,0,0,0,0,0
GENE.581,chr3,372632,374230,+,1599,0,0,0,0,7,0,4,0,7
GENE.582,chr3;chr3,375806;377243,377089;377437,+;+,1479,2908,2908,2907,2918,2938,2150,2731,2150,2938
GENE.583,chr3;chr3,378045;378380,378233;378517,+;+,327,4,4,4,4,8,4,4,4,8
GENE.584,chr3,379130,383290,-,4161,0,0,2,0,17,0,1,0,17
GENE.585,chr3;chr3;chr3;chr3;chr3;chr3,384375;385926;386164;386323;386579;386832,385685;386044;386239;386418;386656;386879,+;+;+;+;+;+,1728,2571,2571,2572,2597,2623,2375,2594,2375,2623
GENE.586,chr3;chr3;chr3;chr3;chr3,387219;387455;387734;388079;388299,387283;387538;387866;388158;388473,-;-;-;-;-,537,595,595,595,603,606,428,517,428,606
GENE.587,chr3;chr3;chr3,389137;389340;389814,389214;389423;394604,-;-;-,4953,0,0,1,0,19,1,2,1,19
GENE.588,chr3,397649,400516,+,2868,468,468,486,540,467,430,481,430,467
GENE.589,chr3,401458,401576,-,119,0,0,0,0,0,0,0,0,0
GENE.59,chrX,16118,16189,-,72,0,0,0,0,0,0,0,0,0
GENE.590,chr3;chr3,402933;403688,403012;405440,+;+,1833,13071,13071,13071,13160,13295,10669,12306,10669,13295
GENE.591,chr3,407980,408318,+,339,0,0,0,0,2,0,0,0,2
GENE.592,chr3,409102,410928,-,1827,2814,2814,2817,2848,2826,2597,2589,2597,2826
GENE.593,chr3;chr3;chr3;chr3;chr3;chr3;chr3,412089;412270;412490;412715;412958;413241;413432,412143;412397;412566;412804;413042;413317;413762,+;+;+;+;+;+;+,843,1972,1972,1972,2008,1979,1826,1923,1826,1979
GENE.594,chr3;chr3;chr3,414234;419193;419650,418924;419499;419673,-;-;-,5022,5186,5186,5189,5234,5303,4537,4917,4537,5303
GENE.595,chr3;chr3;chr3,420697;421001;421357,420886;421245;421515,+;+;+,594,0,0,0,0,5,0,1,0,5
GENE.596,chr3;chr3;chr3;chr3;chr3,422379;423575;424242;424436;424636,423356;424066;424316;424534;424680,+;+;+;+;+,1689,6754,6754,6754,6824,6905,6430,6503,6430,6903
GENE.597,chr3,427290,440942,+,13653,9852,10356,10566,11714,10421,10530,10398,10528,10413
GENE.598,chr3;chr3,442720;446354,446113;446457,+;+,3498,0,0,16,0,9,0,117,0,9
GENE.599,chr3,447500,451384,+,3885,930,930,936,948,979,806,885,800,977
GENE.6,chrM,283,389,-,107,0,0,0,0,0,0,0,0,0
GENE.60,chrX,16197,18497,-,2301,6674,6675,6674,6690,6752,5662,6265,5662,6752
GENE.600,chr3,452297,459106,-,6810,84042,84041,84055,84554,85466,71357,76837,71357,85462
GENE.601,chr3;chr3,461175;461949,461803;462027,-;-,708,599,599,599,603,602,554,563,554,602
GENE.602,chr3;chr3,461175;461949,461800;462027,-;-,705,599,599,599,603,602,554,563,554,602
GENE.603,chr3;chr3,463326;463888,463376;464274,+;+,438,148,148,148,148,148,136,146,136,148
GENE.604,chr3,464662,464991,+,330,0,0,1,0,6,0,0,0,6
GENE.605,chr3,466085,468445,+,2361,6282,6282,6284,6306,6407,5069,6431,5069,6407
GENE.606,chr3;chr3,469287;469752,469537;470118,+;+,618,92,92,92,92,93,82,82,82,93
GENE.607,chr3;chr3;chr3;chr3,470860;471132;472489;472912,470992;472326;472713;473161,-;-;-;-,1803,0,0,0,0,14,0,0,0,14
GENE.608,chr3;chr3,474788;475896,475700;479086,+;+,4104,24812,24813,24815,24914,25475,21656,23885,21656,25475
GENE.609,chr3;chr3;chr3;chr3,480122;481791;482159;482393,481579;482036;482255;483453,-;-;-;-,2862,0,0,2,0,13,1,0,1,13
GENE.61,chrX,18481,18870,-,390,32,32,32,32,33,32,32,32,33
GENE.610,chr3;chr3,488804;489386,489226;496510,+;+,7548,29335,29337,29350,29427,29859,25891,28523,25811,29850
GENE.611,chr3,497118,497363,-,246,0,0,0,0,2,0,0,0,2
GENE.612,chr3;chr3;chr3;chr3;chr3,499602;500067;501630;501850;502288,499904;501463;501733;502088;502353,+;+;+;+;+,2109,3008,3008,3008,3058,3038,2722,2838,2722,3038
GENE.613,chr3;chr3;chr3;chr3;chr3;chr3;chr3;chr3;chr3;chr3;chr3;chr3;chr3;chr3;chr3,502698;503291;503434;503592;503710;503923;504099;504269;504407;504629;504828;505036;505375;505495;505763,503095;503358;503465;503610;503749;503960;504161;504327;504459;504714;504931;505209;505393;505554;505848,+;+;+;+;+;+;+;+;+;+;+;+;+;+;+,1299,202,202,202,208,210,193,185,193,210
GENE.614,chr3;chr3;chr3,506655;506885;507262,506680;507103;508846,+;+;+,1830,3503,3503,3503,3521,3642,3253,3377,3253,3642
GENE.615,chr3,509291,511597,-,2307,0,0,0,0,8,0,1,0,8
GENE.616,chr3;chr3;chr3;chr3,512130;512263;512541;512824,512133;512404;512677;512951,+;+;+;+,411,136,136,136,142,138,133,134,133,138
GENE.617,chr3,513752,516262,+,2511,23688,23688,23688,23808,24731,20494,22325,20494,24731
GENE.618,chr3,516793,520503,-,3711,742,743,743,744,779,700,721,700,779
GENE.619,chr3,521969,522883,+,915,376,376,377,376,382,321,343,321,382
GENE.62,chrX,18896,18966,-,71,0,0,0,0,0,0,0,0,0
GENE.620,chr3;chr3;chr3;chr3;chr3;chr3;chr3,524154;524547;524717;524922;525122;525336;526421,524391;524593;524806;525010;525211;526085;526439,-;-;-;-;-;-;-,1323,0,0,0,0,3,0,0,0,3
GENE.621,chr3,529037,530776,+,1740,1340,1340,1341,1346,1353,1265,1317,1265,1353
GENE.622,chr3,531213,531289,+,77,0,0,0,0,0,0,0,0,0
GENE.623,chr3,531898,531973,-,76,0,0,0,0,0,0,0,0,0
GENE.624,chr3;chr3;chr3,534239;534665;534987,534254;534777;535238,+;+;+,381,37,37,37,42,38,29,37,29,38
GENE.625,chr3;chr3;chr3;chr3,536043;536200;536357;537112,536045;536247;536964;537274,+;+;+;+,822,928,928,928,950,929,820,899,820,929
GENE.626,chr3;chr3,537621;537823,537679;538804,-;-,1041,2718,2718,2719,2736,2741,2355,2549,2332,2741
GENE.627,chr3;chr3;chr3;chr3,539743;541655;542147;542636,541278;542030;542483;542810,+;+;+;+,2424,3203,3203,3203,3247,3222,2652,2868,2652,3222
GENE.628,chr3,543241,543942,-,702,0,0,0,0,3,0,0,0,3
GENE.629,chr3;chr3;chr3;chr3;chr3,544055;544342;544604;544766;544967,544144;544462;544657;544836;545194,-;-;-;-;-,564,382,382,383,404,384,267,369,267,384
GENE.63,chrX,18980,19049,-,70,0,0,0,0,0,0,0,0,0
GENE.630,chr3,545828,548182,-,2355,0,1,1,0,12,0,0,0,12
GENE.631,chr3,548718,551453,+,2736,0,0,3,0,5,0,0,0,5
GENE.632,chr3;chr3;chr3;chr3;chr3;chr3,552001;552861;553571;553816;554012;554428,552755;553320;553680;553879;554213;554621,-;-;-;-;-;-,1785,980,980,980,998,1006,846,914,828,1006
GENE.633,chr3;chr3;chr3;chr3;chr3;chr3;chr3;chr3;chr3;chr3;chr3;chr3;chr3;chr3;chr3;chr3;chr3,555035;555204;555443;555684;555881;556179;556384;556610;556759;556951;557361;557526;557734;557915;558158;558294;558501,555078;555238;555498;555783;556040;556220;556498;556649;556840;557188;557428;557609;557799;558037;558218;558355;558684,-;-;-;-;-;-;-;-;-;-;-;-;-;-;-;-;-,1560,2010,2010,2010,2084,2108,1822,1895,1822,2108
GENE.634,chr3;chr3;chr3;chr3;chr3;chr3;chr3;chr3;chr3;chr3;chr3,556480;556610;556759;556951;557361;557526;557734;557915;558158;558294;558501,556527;556649;556840;557188;557428;557609;557799;558037;558218;558355;558684,-;-;-;-;-;-;-;-;-;-;-,1056,1422,1422,1422,1479,1495,1330,1375,1330,1495
GENE.635,chr3;chr3;chr3;chr3;chr3;chr3;chr3,559334;559838;560209;560470;560708;562046;562195,559615;560035;560313;560545;561919;562099;562253,+;+;+;+;+;+;+,1986,0,0,8,0,3,0,0,0,3
GENE.636,chr3,562366,565656,-,3291,8010,8010,8016,8072,8074,7352,7650,7352,8074
GENE.637,chr3;chr3;chr3;chr3;chr3;chr3;chr3,567247;567580;567725;567936;568134;568381;568688,567380;567653;567824;568018;568270;568517;568850,+;+;+;+;+;+;+,828,0,0,0,0,5,0,0,0,5
GENE.638,chr3;chr3;chr3;chr3;chr3;chr3;chr3;chr3,569308;569625;569785;569941;570169;570465;570726;570961,569457;569686;569810;570011;570249;570527;570778;571051,-;-;-;-;-;-;-;-,597,13,13,13,13,13,13,10,13,13
GENE.639,chr3;chr3;chr3;chr3,570283;570465;570726;570961,570288;570527;570778;571051,-;-;-;-,213,13,13,14,13,14,13,10,13,14
GENE.64,chrX,19055,19126,-,72,0,0,0,0,0,0,0,0,0
GENE.640,chr3,572666,576823,-,4158,14798,14798,14799,14910,15049,13396,13855,13396,15049
GENE.641,chr3,577008,578366,-,1359,1118,1118,1118,1136,1137,886,1043,886,1137
GENE.642,chr3,579539,580465,-,927,0,0,0,0,2,0,0,0,2
GENE.643,chr3;chr3,584226;584449,584255;585168,+;+,750,421,421,421,425,430,404,412,404,430
GENE.644,chr3,586555,587331,+,777,0,0,0,0,0,0,0,0,0
GENE.645,chr3,589002,592547,-,3546,0,0,10,0,27,1,25,1,27
GENE.646,chr3;chr3,604595;605895,605680;607931,+;+,3123,4640,4640,4640,4714,4819,3919,4450,3919,4819
GENE.647,chr3,608883,610718,+,1836,0,0,0,0,6,0,8,0,6
GENE.648,chr3;chr3,611334;611515,611403;612014,+;+,570,536,536,536,540,541,474,489,474,541
GENE.649,chr3,612739,613422,-,684,578,578,578,578,579,541,559,541,579
GENE.65,chrX,19149,19220,+,72,0,0,0,0,0,0,0,0,0
GENE.650,chr3,616472,622816,+,6345,0,0,11,0,52,1,122,1,51
GENE.651,chr3;chr3;chr3;chr3;chr3;chr3;chr3;chr3;chr3;chr3;chr3;chr3;chr3;chr3,623446;623758;623905;624102;624251;624451;624944;625224;625410;625586;625768;626066;629336;630304,623658;623825;623959;624154;624326;624844;625134;625269;625464;625659;625884;629157;630148;630360,+;+;+;+;+;+;+;+;+;+;+;+;+;+,5304,21880,21880,21882,22142,22521,19852,20964,19852,22521
GENE.652,chr3,630611,631381,-,771,520,520,523,526,520,496,505,496,520
GENE.653,chr3,632846,633544,-,699,100,100,100,100,116,84,96,84,116
GENE.654,chr3;chr3;chr3,635586;636373;636657,636060;636549;637462,+;+;+,1458,2078,2078,2079,2094,2098,1867,2019,1867,2098
GENE.655,chr3;chr3,638283;641224,641010;641306,+;+,2811,0,1,1,0,9,0,0,0,9
GENE.656,chr3,641482,642579,-,1098,0,0,1,0,7,0,0,0,7
GENE.657,chr3;chr3,644186;644753,644503;645268,+;+,834,0,0,0,0,7,0,0,0,7
GENE.658,chr3,645921,646844,-,924,0,0,1,0,0,0,0,0,0
GENE.659,chr3,648635,649531,+,897,198,198,198,200,200,184,187,184,200
GENE.66,chrX,19197,19433,-,237,0,0,1,0,0,0,0,0,0
GENE.660,chr3;chr3,649849;653101,652973;657247,-;-,7272,0,0,2,0,35,0,2,0,35
GENE.661,chr3;chr3;chr3,660020;660922;661227,660682;660984;661643,+;+;+,1143,0,0,0,0,7,0,0,0,7
GENE.662,chr3;chr3;chr3;chr3;chr3,658272;658553;659990;660922;661227,658317;658629;660682;660984;661643,+;+;+;+;+,1296,0,0,0,0,7,0,0,0,7
GENE.663,chr3,662126,665152,-,3027,6464,6464,6465,6492,6704,5515,6345,5515,6704
GENE.664,chr3,667006,668391,+,1386,662,662,662,662,682,585,625,585,682
GENE.665,chr3;chr3;chr3;chr3,669302;669485;669811;670681,669326;669591;670415;670873,-;-;-;-,930,2035,2033,2035,2052,2084,1884,1996,1884,2084
GENE.666,chr3;chr3,674458;675275,674761;675636,+;+,666,0,0,0,0,8,0,0,0,8
GENE.667,chr3;chr3,677842;678315,678074;678474,+;+,393,7,7,7,7,12,6,7,6,12
GENE.668,chr3;chr3,679234;681062,680820;681277,-;-,1803,5804,5804,5805,5906,6179,5149,5343,5149,6179
GENE.669,chr3;chr3,682795;683241,683108;683685,-;-,759,0,0,0,0,0,0,0,0,0
GENE.67,chrX,19444,20676,-,1233,124,124,124,124,134,103,120,103,134
GENE.670,chr3;chr3,686282;687725,687433;689482,+;+,2910,4086,4087,4091,4168,4122,3732,3980,3732,4118
GENE.671,chr3,690154,694815,-,4662,14062,14062,14064,14076,14449,12020,13112,12020,14449
GENE.672,chr3,699544,709728,-,10185,0,0,18,12,81,2,36,2,81
GENE.673,chr3;chr3,712253;712765,712491;714082,-;-,1557,524,524,525,528,582,451,503,451,582
GENE.674,chr3;chr3,716523;721571,721121;721831,-;-,4860,11471,11487,11553,11865,12582,10357,10914,9567,11938
GENE.675,chr3;chr3;chr3,725015;725487;726040,725038;725857;726130,+;+;+,486,10,10,10,10,13,6,7,6,13
GENE.676,chr3;chr3;chr3;chr3;chr3;chr3;chr3;chr3;chr3;chr3,728259;736219;736367;736589;736813;737043;737236;737377;737567;737995,736034;736290;736443;736655;736859;737114;737278;737450;737869;738076,+;+;+;+;+;+;+;+;+;+,8613,16228,16204,16264,16624,16696,14996,15750,14689,16514
GENE.677,chr3,738205,738882,-,678,0,0,0,0,3,0,1,0,3
GENE.678,chr3;chr3,739428;739727,739490;741733,+;+,2070,6559,6558,6569,6577,6621,5808,6102,5808,6621
GENE.679,chr3,742191,742799,+,609,4946,4947,4946,4966,5644,4514,4802,4514,5644
GENE.68,chrX,20722,21150,-,429,198,198,198,198,199,177,293,177,199
GENE.680,chr3,743929,745053,+,1125,0,0,0,0,2,1,0,1,2
GENE.681,chr3,748465,755838,+,7374,0,0,0,0,45,1,390,1,45
GENE.682,chr3;chr3;chr3,756491;759664;760202,759334;760088;760292,-;-;-,3360,2432,2436,2505,2976,2707,2234,2194,2234,2706
GENE.683,chr3;chr3;chr3;chr3;chr3;chr3;chr3;chr3;chr3;chr3;chr3;chr3;chr3;chr3;chr3;chr3;chr3,761693;761925;762096;762263;762553;762707;762972;763150;763301;763525;763729;763959;764106;764343;764516;764752;765083,761822;761995;762162;762344;762622;762847;763043;763223;763406;763604;763786;764009;764169;764385;764614;764962;765439,-;-;-;-;-;-;-;-;-;-;-;-;-;-;-;-;-,1776,771,771,771,791,782,710,720,710,782
GENE.684,chr3,767815,782760,+,14946,2956,2955,2963,2966,3064,2585,3262,2585,3060
GENE.685,chr3,783112,786165,-,3054,0,0,2,0,6,0,0,0,6
GENE.686,chr3,788453,788812,+,360,0,0,1,0,2,0,0,0,2
GENE.687,chr3;chr3;chr3;chr3,789858;790728;791016;791213,790619;790848;791110;791308,+;+;+;+,1074,863,863,863,977,877,769,788,769,877
GENE.688,chr3;chr3;chr3,791840;793125;793406,792999;793211;793481,-;-;-,1323,638,638,639,646,643,579,585,579,643
GENE.689,chr3,795577,801171,+,5595,6364,6364,6365,6394,6472,5449,5942,5449,6472
GENE.69,chrX,21166,21534,-,369,0,0,0,0,0,0,0,0,0
GENE.690,chr3,802260,802583,-,324,0,0,0,0,0,0,0,0,0
GENE.691,chr3,803592,806312,-,2721,0,0,0,0,40,1,49,1,40
GENE.692,chr3;chr3,807277;807803,807702;807859,+;+,483,0,0,0,0,1,0,0,0,1
GENE.693,chr3,810081,814172,+,4092,0,1,4,0,18,0,110,0,17
GENE.694,chr3;chr3;chr3;chr3,815569;815801;816035;816301,815689;815899;816189;816855,+;+;+;+,930,3058,3058,3059,3112,3068,2787,2936,2787,3068
GENE.695,chr3;chr3;chr3,817913;818196;818504,818040;818346;818695,+;+;+,471,241,240,240,250,250,207,232,207,250
GENE.696,chr3;chr3;chr3;chr3,820708;821156;821485;830690,820849;821258;830528;830802,+;+;+;+,9402,30027,30026,30058,30351,30654,26666,28926,26666,30654
GENE.697,chr3,831076,832509,-,1434,2900,2900,2900,2902,2991,2531,2767,2531,2991
GENE.698,chr3,833833,834777,-,945,0,0,0,0,1,0,0,0,1
GENE.699,chr3;chr3;chr3;chr3;chr3,837307;837524;837759;837944;838175,837335;837632;837821;838080;838271,+;+;+;+;+,435,301,301,301,319,312,284,292,284,312
GENE.7,chrM,390,505,-,116,0,0,0,0,0,0,0,0,0
GENE.70,chrX,21548,21946,-,399,0,0,0,0,0,1,0,1,0
GENE.700,chr3;chr3;chr3;chr3;chr3;chr3,840362;840715;841017;841206;841482;841645,840528;840821;841103;841352;841525;841758,+;+;+;+;+;+,666,36,36,36,40,38,33,34,33,38
GENE.701,chr3,842539,844290,+,1752,16176,16176,16209,16256,16373,14274,15169,14274,16279
GENE.702,chr3,845713,847320,+,1608,1000,1001,1000,1004,1015,961,967,961,1015
GENE.703,chr3,848247,857504,-,9258,42072,42072,42072,42102,42846,38295,40212,38295,42846
GENE.704,chr3,860813,862102,+,1290,0,0,0,0,5,0,3,0,4
GENE.705,chr3;chr3;chr3;chr3;chr3,862741;863065;863391;863527;863761,862851;863133;863424;863639;863832,-;-;-;-;-,399,22,22,22,22,25,21,22,21,25
GENE.706,chr3;chr3;chr3;chr3;chr3;chr3;chr3;chr3,865014;865175;865403;865619;865772;865963;866153;866339,865050;865239;865484;865680;865858;866020;866219;866420,+;+;+;+;+;+;+;+,540,72,72,72,80,75,76,72,76,75
GENE.707,chr3;chr3,870817;871432,871207;872342,+;+,1302,1780,1780,1781,1800,1818,1501,1645,1501,1818
GENE.708,chr3;chr3;chr3,875213;875702;876165,875306;875953;876295,+;+;+,477,386,386,386,402,386,310,349,310,386
GENE.709,chr3;chr3,877735;879299,879000;879511,+;+,1479,14614,14614,14615,14702,15232,12269,13467,12269,15232
GENE.71,chrX,21943,22053,-,111,0,0,0,0,0,0,0,0,0
GENE.710,chr3,879959,885493,-,5535,0,0,1,0,8,0,0,0,8
GENE.711,chr3;chr3;chr3;chr3;chr3;chr3;chr3,886962;887592;887779;888071;888218;888403;888739,887441;887659;887943;888131;888268;888533;888976,-;-;-;-;-;-;-,1194,365,365,366,373,368,335,346,335,368
GENE.712,chr3,890014,892764,-,2751,4234,4234,4237,4310,4288,3607,3773,3607,4288
GENE.713,chr3;chr3;chr3;chr3,894761;895155;895789;896046,895065;895693;895837;896112,+;+;+;+,960,2764,2764,2765,2796,2777,2558,2691,2558,2777
GENE.714,chr3,896546,899770,-,3225,4802,4802,4804,4826,4921,4263,4573,4263,4921
GENE.715,chr3;chr3,900857;903017,902711;903369,+;+,2208,0,0,3,0,5,0,0,0,5
GENE.716,chr3;chr3;chr3;chr3;chr3,903764;904100;904280;904519;904869,903958;904199;904368;904725;910118,-;-;-;-;-,5841,5389,5413,5518,6821,6166,5296,4883,5296,6166
GENE.717,chr3,912916,921036,+,8121,26496,26497,26509,26730,26790,23261,25712,23257,26783
GENE.718,chr3;chr3;chr3;chr3;chr3;chr3;chr3;chr3;chr3,922974;923441;926394;926673;926859;927157;927424;927637;927847,923312;926299;926566;926709;926960;927272;927480;927709;927942,+;+;+;+;+;+;+;+;+,3852,1108,1108,1108,1120,1134,997,1072,997,1134
GENE.719,chr3,928644,929159,-,516,0,0,0,0,2,0,0,0,2
GENE.72,chrX,22019,22294,-,276,0,0,0,0,0,0,0,0,0
GENE.720,chr3,930640,932415,-,1776,6278,6278,6278,6300,6456,5853,6046,5853,6456
GENE.721,chr3;chr3;chr3;chr3;chr3;chr3;chr3;chr3;chr3;chr3;chr3;chr3;chr3;chr3,933188;933452;933608;933766;933937;934098;934404;934613;934775;934963;935193;935402;935519;936961,933321;933509;933662;933800;933983;934249;934466;934677;934856;935048;935282;935443;936825;937006,-;-;-;-;-;-;-;-;-;-;-;-;-;-,2262,0,0,1,0,8,0,0,0,8
GENE.722,chr3,938212,940173,-,1962,0,0,3,0,5,0,5,0,5
GENE.723,chr3;chr3,942545;945221,945067;945301,+;+,2604,11162,11164,11265,11954,11577,9473,10240,9473,11577
GENE.724,chr3,945537,946751,-,1215,0,0,0,0,6,0,0,0,6
GENE.725,chr3;chr3,948374;950703,950426;952693,+;+,4044,11347,11346,11353,11399,11459,10422,10906,10422,11459
GENE.726,chr3;chr3,952964;953204,953090;962367,-;-,9291,0,0,11,0,14,2,6,2,14
GENE.727,chr3;chr3;chr3;chr3;chr3,964101;964366;964785;965001;965142,964200;964554;964915;965064;965203,+;+;+;+;+,546,0,0,0,0,0,0,0,0,0
GENE.728,chr3;chr3,965553;966340,966178;966502,-;-,789,252,252,252,252,258,226,243,226,258
GENE.729,chr3;chr3;chr3,968675;968905;969185,968723;969002;969202,-;-;-,165,0,0,0,0,0,0,0,0,0
GENE.73,chrX,22302,23021,-,720,28,28,28,28,28,23,25,23,28
GENE.730,chr3,971166,975794,+,4629,21778,21778,21783,21912,21947,19373,21342,19373,21947
GENE.731,chr3,976870,978195,+,1326,2194,2194,2194,2230,2258,1994,2203,1992,2258
GENE.732,chr3,978970,980271,+,1302,2690,2690,2692,2692,2757,2432,2613,2431,2757
GENE.733,chr3,980706,983966,-,3261,1626,1626,1626,1628,1652,1485,1557,1485,1652
GENE.734,chr3;chr3;chr3;chr3,986265;986447;986757;987178,986300;986615;987066;987610,+;+;+;+,948,239,239,239,243,246,222,231,222,246
GENE.735,chr3;chr3;chr3,988631;990400;990754,990287;990626;990882,+;+;+,2013,11668,11668,11669,11770,11948,10040,11300,10040,11948
GENE.736,chr3,991544,993625,-,2082,0,0,1,0,9,0,0,0,9
GENE.737,chr3,998649,1001582,+,2934,0,0,13,0,5,1,38,1,5
GENE.738,chr3;chr3;chr3;chr3,1002872;1003392;1003517;1003821,1003389;1003515;1003819;1004267,-;-;-;-,1392,2014,2096,2146,2444,2147,1692,1461,1692,2147
GENE.739,chr3,1005952,1006800,+,849,0,8968,8062,9484,8920,6960,74,6960,8920
GENE.74,chrX,23018,23524,-,507,862,862,862,874,862,812,831,812,862
GENE.740,chr3;chr3,1007413;1008134,1008039;1008202,-;-,696,0,90,84,142,95,97,14,97,95
GENE.741,chr3;chr3,1010342;1011072,1010965;1011140,-;-,693,1486,2876,2544,3080,2853,1832,16,1832,2853
GENE.742,chr3;chr3,1012355;1012604,1012423;1013464,+;+,930,2413,3914,3698,4769,4026,3727,75,3727,4024
GENE.743,chr3;chr3,1015795;1015965,1015866;1016942,+;+,1050,0,6,7,14,9,11,5,11,9
GENE.744,chr3;chr3,1018874;1019089,1018942;1019973,+;+,954,376,379,380,381,398,342,363,342,398
GENE.745,chr3;chr3,1021998;1022172,1022066;1023008,+;+,906,444,1306,1306,1610,1322,1299,301,1299,1322
GENE.746,chr3;chr3,1024030;1024333,1024330;1025411,+;+,1380,2988,3913,3569,4316,4194,3071,984,3071,4194
GENE.747,chr3;chr3,1027571;1027883,1027639;1028929,+;+,1116,0,0,0,0,11,0,3,0,11
GENE.748,chr3;chr3,1030822;1033029,1032105;1038254,-;-,6510,0,5,1,42,20,8,9,8,20
GENE.749,chr4;chr4,28706;36310,35278;37677,+;+,7941,0,20,120,118,158,384,30,208,142
GENE.75,chrX,23545,23931,-,387,0,0,0,0,1,0,0,0,1
GENE.750,chr4,38955,40154,+,1200,1950,1956,1955,2012,2094,1928,1822,1692,2071
GENE.751,chr4;chr4,42032;43321,43090;43374,-;-,1113,0,19,3,2,10,16,3,15,9
GENE.752,chr4;chr4,45555;47753,46850;56860,-;-,10404,8196,8196,8198,8204,8445,7445,7882,7444,8439
GENE.753,chr4;chr4,59636;59845,59689;60939,+;+,1149,986,992,989,1000,1048,856,951,856,1048
GENE.754,chr4,61411,61489,+,79,0,0,0,0,0,0,0,0,0
GENE.755,chr4;chr4,63104;64423,64192;64476,-;-,1143,1906,1924,1908,1913,1927,1722,1855,1720,1925
GENE.756,chr4;chr4,66601;67505,67401;67573,-;-,870,1146,1152,1148,1166,1161,1027,1112,1027,1161
GENE.757,chr4;chr4,69961;71060,70896;71113,-;-,990,1327,1328,1327,1327,1364,998,1195,998,1364
GENE.758,chr4;chr4,73268;74272,74128;74340,-;-,930,3556,3545,3556,3574,3596,3058,3302,3058,3592
GENE.759,chr4,76033,76245,-,213,0,0,0,0,1,0,0,0,1
GENE.76,chrX,23945,24289,-,345,0,0,0,0,0,0,0,0,0
GENE.760,chr4;chr4,79193;79402,79246;80451,+;+,1104,825,834,828,827,831,785,798,784,831
GENE.761,chr4;chr4,82247;82502,82300;83575,+;+,1128,1644,1644,1644,1650,1715,1454,1604,1453,1715
GENE.762,chr4;chr4,85397;85673,85450;86608,+;+,990,3993,3989,3994,4009,4147,3126,3817,3126,4114
GENE.763,chr4;chr4,89153;89321,89221;90184,+;+,933,64,64,64,64,76,65,62,65,76
GENE.764,chr4;chr4,92576;93738,93547;93809,-;-,1044,1398,1398,1398,1527,1507,1104,1337,1104,1506
GENE.765,chr4;chr4,92576;93738,93544;93809,-;-,1041,1398,1398,1398,1527,1507,1104,1337,1104,1506
GENE.766,chr4;chr4,100684;100848,100752;102110,+;+,1332,922,922,922,932,947,872,890,872,947
GENE.767,chr4;chr4,103742;105508,105328;105603,-;-,1683,0,0,0,0,3,0,0,0,3
GENE.768,chr4,108380,111295,-,2916,24498,24567,24508,24824,26050,22124,22986,20034,24694
GENE.769,chr4;chr4,114601;115909,115737;116058,-;-,1287,702,702,710,1106,1024,772,686,534,762
GENE.77,chrX,24286,24510,-,225,0,0,0,0,0,1,0,1,0
GENE.770,chr4;chr4,123588;125381,125231;125464,-;-,1728,2066,2066,2068,2072,2075,1949,2000,1949,2075
GENE.771,chr4;chr4;chr4;chr4,127712;130523;131940;132099,130521;131937;132004;134468,-;-;-;-,6660,46218,46210,46208,46406,47662,40694,44453,40693,47660
GENE.772,chr4;chr4,137640;137793,137694;146653,+;+,8916,1948,1947,1949,1952,1981,1721,1850,1721,1981
GENE.773,chr4;chr4,147490;148273,148146;148380,-;-,765,1843,1843,1843,1878,1846,1593,1682,1593,1846
GENE.774,chr4;chr4,155877;156067,155948;156984,+;+,990,2504,2504,2505,2514,2626,2027,2371,2027,2610
GENE.775,chr4;chr4,159279;160267,160136;160314,-;-,906,0,0,0,0,5,0,0,0,5
GENE.776,chr4;chr4;chr4;chr4,162511;163019;163404;163656,163017;163402;163439;163724,-;-;-;-,996,0,0,0,0,3,0,3,0,3
GENE.777,chr4,166993,171954,+,4962,0,0,0,0,14,2,1,2,14
GENE.778,chr4;chr4,172506;172821,172711;172914,-;-,300,0,0,0,0,4,0,0,0,4
GENE.779,chr4,174829,174902,+,74,0,0,0,0,0,0,0,0,0
GENE.78,chrX,24524,24913,-,390,0,0,0,0,0,0,0,0,0
GENE.780,chr4,175372,177252,-,1881,758,758,760,758,771,657,720,657,771
GENE.781,chr4,178518,180200,+,1683,0,0,7,0,2,0,141,0,2
GENE.782,chr4;chr4;chr4;chr4;chr4,180430;180691;180949;181202;181383,180498;180774;181014;181272;181551,-;-;-;-;-,459,0,0,0,0,1,1,0,1,1
GENE.783,chr4;chr4;chr4,182870;188398;194206,188227;194010;194712,+;+;+,11478,38453,38292,38782,39839,40717,35077,36842,34377,39823
GENE.784,chr4,195543,196745,+,1203,1880,1880,1880,1886,1908,1739,1827,1739,1908
GENE.785,chr4;chr4,197846;200827,199770;201208,-;-,2307,1379,1379,1388,1395,1402,1154,1230,1154,1400
GENE.786,chr4;chr4;chr4;chr4;chr4;chr4,206228;206758;207194;207440;207805;209368,206626;207063;207292;207547;209208;209394,-;-;-;-;-;-,2343,13513,13513,13513,13696,13664,11910,12806,11910,13664
GENE.787,chr4,211650,213854,-,2205,3902,3902,3902,3938,3918,3672,3805,3672,3918
GENE.788,chr4;chr4,219087;219524,219332;222838,+;+,3561,2344,2344,2345,2362,2368,2130,2254,2130,2368
GENE.789,chr4;chr4,223711;224024,223902;224131,-;-,300,39,39,39,41,39,38,38,36,39
GENE.79,chrX,24940,25584,-,645,456,456,458,474,456,366,373,366,456
GENE.790,chr4;chr4,224779;225323,225183;231733,-;-,6816,0,0,0,0,28,0,33,0,28
GENE.791,chr4;chr4,232595;232839,232675;233249,-;-,492,0,0,0,0,1,0,0,0,1
GENE.792,chr4;chr4;chr4;chr4;chr4;chr4;chr4;chr4;chr4,234014;234244;234709;234973;235126;236401;236581;236842;237011,234120;234495;234877;235039;236284;236449;236614;236897;237013,-;-;-;-;-;-;-;-;-,1896,0,0,0,0,11,0,96,0,7
GENE.793,chr4,238360,239499,-,1140,776,776,776,782,793,713,732,713,793
GENE.794,chr4,240911,242347,-,1437,6878,6878,6878,6904,7195,5870,6559,5870,7195
GENE.795,chr4,247731,260147,+,12417,0,0,12,0,24,0,629,0,24
GENE.796,chr4;chr4,260454;263103,262957;263418,-;-,2820,4810,4810,4808,4868,4901,4311,4639,4311,4901
GENE.797,chr4;chr4,264305;264576,264413;266170,-;-,1704,10444,10444,10444,10458,10949,8963,9797,8963,10949
GENE.798,chr4,267244,268380,-,1137,0,0,0,0,3,0,0,0,3
GENE.799,chr4;chr4;chr4,268960;269394;269994,269218;269697;271134,-;-;-,1704,0,0,0,0,5,0,0,0,5
GENE.8,chrM,506,593,-,88,0,0,0,0,0,0,0,0,0
GENE.80,chrX,25594,25866,-,273,0,0,0,0,0,0,0,0,0
GENE.800,chr4;chr4;chr4;chr4;chr4,272255;272491;272684;272907;273429,272378;272572;272753;273287;276824,-;-;-;-;-,4053,0,1,2,0,5,1,118,1,5
GENE.801,chr4;chr4;chr4;chr4;chr4;chr4;chr4;chr4;chr4,279072;279300;279619;279907;280060;280467;280729;281212;281397,279201;279440;279805;279965;280223;280590;280988;281299;281983,+;+;+;+;+;+;+;+;+,1740,0,0,0,0,3,0,0,0,3
GENE.802,chr4,282403,288297,-,5895,0,0,5,0,25,0,23,0,25
GENE.803,chr4;chr4,291251;291617,291301;300976,+;+,9411,0,0,2,0,35,1,80,1,35
GENE.804,chr4;chr4;chr4,301259;301574;301983,301448;301773;302267,-;-;-,675,0,0,1,0,3,0,0,0,1
GENE.805,chr4;chr4;chr4;chr4;chr4;chr4;chr4;chr4;chr4,303329;303475;303978;304313;304551;304717;304929;305098;305299,303365;303794;304095;304454;304593;304844;304978;305162;305343,+;+;+;+;+;+;+;+;+,948,366,366,366,372,368,337,354,337,368
GENE.806,chr4,305746,312993,-,7248,888,888,892,906,914,817,851,787,910
GENE.807,chr4,315562,315870,+,309,0,0,0,0,5,3,0,3,5
GENE.808,chr4;chr4;chr4;chr4,316540;318210;318743;319026,318074;318629;318830;319178,-;-;-;-,2196,0,0,2,0,6,0,0,0,3
GENE.809,chr4,321019,322545,+,1527,2768,2768,2772,2778,2807,2565,2744,2565,2807
GENE.81,chrX,25887,26624,-,738,274,274,274,278,284,219,261,219,284
GENE.810,chr4;chr4,323267;325117,324642;325225,-;-,1485,0,0,0,0,7,0,0,0,7
GENE.811,chr4,329216,329689,+,474,966,966,966,966,970,905,940,905,970
GENE.812,chr4;chr4;chr4;chr4;chr4;chr4;chr4,332043;332328;332569;332697;332900;333177;333637,332048;332392;332614;332772;333013;333441;333856,+;+;+;+;+;+;+,792,454,454,454,468,517,303,428,303,517
GENE.813,chr4;chr4,334282;334604,334466;344054,-;-,9636,7704,7740,7926,9278,9094,8111,7291,7945,9082
GENE.814,chr4,346308,346727,+,420,0,0,0,0,1,0,0,0,1
GENE.815,chr4;chr4;chr4;chr4;chr4;chr4;chr4;chr4;chr4;chr4;chr4;chr4;chr4,347458;347606;347936;348230;348456;348815;349118;349297;350399;350829;350999;351210;351435,347521;347739;348047;348327;348728;349021;349204;350280;350677;350909;351037;351330;351499,+;+;+;+;+;+;+;+;+;+;+;+;+,2544,0,0,0,0,15,0,0,0,15
GENE.816,chr4;chr4;chr4;chr4;chr4,351527;351747;352026;352386;352650,351631;351836;352276;352466;352983,-;-;-;-;-,861,716,716,716,718,724,565,682,565,724
GENE.817,chr4;chr4;chr4;chr4;chr4;chr4;chr4;chr4,353655;353767;353971;354228;358995;359544;359662;359874,353680;353857;354084;358754;359426;359569;359696;359878,-;-;-;-;-;-;-;-,5256,8610,8610,8612,8715,8718,7446,8244,7446,8718
GENE.818,chr4,360547,361764,-,1218,0,1,0,0,1,0,0,0,1
GENE.819,chr4;chr4,362301;362468,362327;363442,+;+,1002,238,238,238,238,244,228,235,228,244
GENE.82,chrX,26621,26848,-,228,2,2,2,2,2,2,2,2,2
GENE.820,chr4;chr4;chr4;chr4;chr4,363599;363805;364063;364397;364720,363648;363856;364137;364575;364933,-;-;-;-;-,570,129,129,129,139,131,104,121,104,131
GENE.821,chr4,366379,367341,+,963,0,0,0,0,22,0,0,0,22
GENE.822,chr4,367845,368153,-,309,0,0,0,0,0,0,0,0,0
GENE.823,chr4;chr4;chr4,369885;370049;370387,369939;370252;371270,+;+;+,1143,456,456,456,468,473,402,429,402,473
GENE.824,chr4,373039,376677,+,3639,4362,4362,4368,4414,4405,3817,4249,3815,4405
GENE.825,chr4;chr4;chr4;chr4;chr4;chr4,377481;377647;377846;378191;378443;383027,377549;377747;377972;378332;382832;383087,-;-;-;-;-;-,4890,4492,4408,4497,4688,4605,4018,4232,4018,4605
GENE.826,chr4,384924,390806,+,5883,0,0,9,0,20,0,388,0,20
GENE.827,chr4,391347,393350,-,2004,4680,4681,4682,4720,4702,4439,4454,4439,4702
GENE.828,chr4,394065,394580,-,516,110,110,110,110,142,102,109,102,142
GENE.829,chr4,397328,400693,+,3366,4260,4260,4285,4428,4382,3819,4054,3819,4380
GENE.83,chrX,26852,27424,-,573,204,204,204,204,204,170,191,170,204
GENE.830,chr4,401466,403334,+,1869,88,88,90,88,94,76,83,76,94
GENE.831,chr4;chr4;chr4;chr4;chr4,403626;404363;404766;404999;405345,404254;404635;404836;405038;405366,-;-;-;-;-,1035,408,418,408,414,448,397,384,312,410
GENE.832,chr4;chr4;chr4,406233;406440;406789,406307;406659;407909,-;-;-,1416,4243,4243,4243,4259,4287,3884,4044,3884,4287
GENE.833,chr4,408679,410697,-,2019,1038,1038,1040,1098,1065,928,998,928,1060
GENE.834,chr4,413403,416357,+,2955,598,598,598,598,608,546,574,546,608
GENE.835,chr4;chr4;chr4;chr4;chr4;chr4;chr4;chr4,417372;417851;418372;418934;419223;419611;420198;420527,417742;418247;418799;419124;419431;420050;420392;420824,-;-;-;-;-;-;-;-,2529,2782,2782,2782,2830,2795,2574,2671,2574,2795
GENE.836,chr4,422011,422958,-,948,0,0,0,0,3,0,0,0,3
GENE.837,chr4;chr4;chr4;chr4;chr4,424300;424921;426062;426829;427059,424750;425773;426609;426922;427194,+;+;+;+;+,2082,5625,5633,5625,5985,5927,4897,5386,4897,5927
GENE.838,chr4;chr4;chr4;chr4;chr4,424300;424921;426062;426829;427059,424750;425773;426603;426922;427194,+;+;+;+;+,2076,5625,5633,5625,5985,5927,4897,5386,4897,5927
GENE.839,chr4,427664,435367,-,7704,682,682,683,682,771,593,688,593,771
GENE.84,chrX,27451,27522,-,72,0,0,0,0,0,0,0,0,0
GENE.840,chr4;chr4,436217;437979,437818;437981,-;-,1605,296,296,297,298,302,229,261,229,302
GENE.841,chr4,438887,440335,+,1449,888,888,888,892,919,848,872,848,919
GENE.842,chr4;chr4;chr4,440968;441147;441369,441042;441230;444242,-;-;-,3033,9170,9170,9171,9242,9384,8123,8832,8121,9264
GENE.843,chr4,446000,448018,+,2019,0,0,0,0,6,0,0,0,6
GENE.844,chr4;chr4,449189;450414,450165;450633,-;-,1197,28,28,28,30,28,23,26,23,28
GENE.845,chr4,452134,455571,-,3438,8452,8452,8457,8572,8589,7771,8076,7771,8589
GENE.846,chr4;chr4;chr4;chr4,456922;457193;457625;457898,457011;457464;457724;458020,+;+;+;+,585,0,0,0,0,2,0,0,0,2
GENE.847,chr4,459710,461437,+,1728,2722,2722,2722,2740,2772,2561,2634,2561,2772
GENE.848,chr4;chr4;chr4;chr4;chr4;chr4;chr4,461991;462856;463156;463354;463571;463757;463908,462721;463027;463262;463447;463601;463822;463957,-;-;-;-;-;-;-,1251,3204,3204,3204,3246,3294,2596,3016,2596,3294
GENE.849,chr4;chr4,464732;467248,467141;467339,-;-,2502,2200,2200,2198,2242,2222,2045,2078,1767,2210
GENE.85,chrX,27535,27604,-,70,0,0,0,0,0,0,0,0,0
GENE.850,chr4,469218,469299,+,82,0,0,0,0,0,0,0,0,0
GENE.851,chr4,469858,469930,-,73,0,0,0,0,0,0,0,0,0
GENE.852,chr4;chr4,470528;470916,470567;473596,-;-,2721,0,0,0,0,9,0,1,0,9
GENE.853,chr4,474542,475558,+,1017,1874,1874,1874,1980,1891,1724,1818,1724,1891
GENE.854,chr4,475944,476585,-,642,16,16,16,16,25,13,13,13,25
GENE.855,chr4;chr4;chr4,479028;479288;480405,479079;480152;480468,+;+;+,981,831,831,831,843,841,645,745,645,841
GENE.856,chr4,481177,483891,-,2715,0,0,1,0,13,0,0,0,12
GENE.857,chr4,485832,489728,+,3897,0,0,5,0,12,2,81,2,12
GENE.858,chr4,490442,493375,-,2934,19138,19138,19148,19212,19311,16590,18048,16590,19311
GENE.859,chr4,499168,503880,+,4713,18644,18644,18666,18890,18956,15573,16808,15573,18954
GENE.86,chrX,27612,27684,-,73,0,0,0,0,0,0,0,0,0
GENE.860,chr4,504478,505095,-,618,30,30,30,30,40,30,30,30,40
GENE.861,chr4,505933,509670,-,3738,14416,14462,15179,19560,18673,17267,13684,17259,18673
GENE.862,chr4,510380,512548,+,2169,3614,3614,3615,3642,3756,3037,3349,3037,3756
GENE.863,chr4,513154,517068,-,3915,0,0,1,0,8,0,0,0,8
GENE.864,chr4,517722,517793,+,72,0,0,0,0,0,0,0,0,0
GENE.865,chr4,518154,518225,-,72,0,0,0,0,0,0,0,0,0
GENE.866,chr4,518685,519101,-,417,0,0,0,0,2,0,0,0,2
GENE.867,chr4,519832,525618,-,5787,0,0,2,0,26,1,54,0,26
GENE.868,chr4;chr4;chr4;chr4;chr4,528192;529800;533990;534201;534417,529617;533880;534061;534291;534485,-;-;-;-;-,5739,56047,56038,56072,56731,57252,47784,52188,47783,57236
GENE.869,chr4,536774,539110,+,2337,0,0,20,0,8,57,380,57,8
GENE.87,chrX,27695,27770,-,76,0,0,0,0,0,0,0,0,0
GENE.870,chr4,540188,541198,-,1011,0,0,48,0,3,0,2,0,3
GENE.871,chr4,541811,542809,-,999,1034,1034,1034,1042,1046,867,1001,867,1046
GENE.872,chr4,543625,545247,+,1623,4172,4171,4172,4176,4193,3696,3980,3696,4193
GENE.873,chr4;chr4,545987;548519,547324;553810,-;-,6630,0,1,2,0,63,3,5,3,48
GENE.874,chr4,557457,557609,+,153,0,0,0,0,1,0,0,0,1
GENE.875,chr4;chr4;chr4;chr4,559387;559439;560275;560570,559437;560272;560343;560638,-;-;-;-,1023,790,788,764,790,801,559,587,559,801
GENE.876,chr4;chr4,561667;563844,563001;569342,-;-,6834,0,1642,1638,1788,3512,2372,39,2168,3406
GENE.877,chr4,573285,573423,+,139,0,0,0,0,1,0,0,0,1
GENE.878,chr4;chr4,576810;579152,578231;584668,-;-,6939,0,35599,35369,37114,59522,45042,418,43084,57245
GENE.879,chr4,588424,588562,+,139,0,0,0,0,1,0,0,0,1
GENE.88,chrX,27777,27868,-,92,0,0,0,0,0,0,0,0,0
GENE.880,chr4;chr4,591949;594291,593370;599849,-;-,6981,47648,47832,47000,47988,70348,51041,11319,49006,68041
GENE.881,chr4;chr4,603166;604388,604227;604456,-;-,1131,0,0,0,0,7,0,0,0,7
GENE.882,chr4;chr4,609155;609468,609229;610433,+;+,1041,2887,2887,2887,2889,2998,2597,2799,2597,2998
GENE.883,chr4;chr4;chr4;chr4,612798;613240;613712;613878,613238;613710;613876;614069,+;+;+;+,1269,516,516,516,534,529,409,498,409,529
GENE.884,chr4,615356,616243,+,888,0,0,0,0,2,0,0,0,2
GENE.885,chr4;chr4,616914;618261,618002;618350,-;-,1179,0,0,0,0,3,0,0,0,3
GENE.886,chr4,619786,620802,-,1017,106,106,106,112,106,93,99,93,106
GENE.887,chr4,622094,622936,+,843,4754,4754,4755,4766,4830,4106,4481,4106,4830
GENE.888,chr4;chr4;chr4;chr4,623168;623410;623680;626129,623261;623497;625961;626226,-;-;-;-,2562,8033,8033,8033,8071,8156,7006,7558,7006,8156
GENE.889,chr4;chr4;chr4;chr4;chr4;chr4;chr4;chr4;chr4;chr4;chr4;chr4;chr4;chr4;chr4;chr4;chr4;chr4;chr4;chr4;chr4,626891;627130;627343;627564;627833;628029;628226;628449;628621;628788;629070;629296;629481;629713;630383;630875;631125;631344;631615;631877;633039,626917;627238;627393;627693;627919;628119;628333;628522;628681;628908;629194;629343;629573;630234;630769;630996;631227;631466;631728;632874;633126,-;-;-;-;-;-;-;-;-;-;-;-;-;-;-;-;-;-;-;-;-,3582,0,0,2,0,22,0,0,0,22
GENE.89,chrX,27882,27965,-,84,0,0,0,0,0,0,0,0,0
GENE.890,chr4;chr4;chr4;chr4,634029;634439;634650;634874,634288;634538;634715;638905,-;-;-;-,4458,7628,7628,7629,7650,7817,6450,7054,6450,7817
GENE.891,chr4;chr4;chr4;chr4;chr4,647389;647506;647736;648091;648359,647404;647608;647906;648223;648388,-;-;-;-;-,453,0,0,0,0,1,0,0,0,1
GENE.892,chr4;chr4;chr4;chr4;chr4,647389;647506;647732;648091;648359,647404;647604;647906;648223;648388,-;-;-;-;-,453,0,0,0,0,0,0,0,0,0
GENE.893,chr4;chr4;chr4;chr4,649893;650144;650452;650657,649928;650328;650494;650731,-;-;-;-,339,4,4,4,4,10,5,4,4,10
GENE.894,chr4;chr4,652350;652629,652416;653554,+;+,993,4119,4119,4119,4155,4182,3542,4027,3542,4182
GENE.895,chr4;chr4;chr4;chr4;chr4;chr4;chr4;chr4,655025;655359;655559;655880;656147;656451;656667;657122,655238;655432;655700;656007;656281;656548;656774;657314,-;-;-;-;-;-;-;-,1092,2883,2883,2889,2950,2895,2761,2794,2761,2895
GENE.896,chr4;chr4,658620;659452,659240;659538,-;-,708,660,660,660,674,667,495,632,495,667
GENE.897,chr4,660624,662519,+,1896,1838,1838,1845,1844,1857,1683,1775,1683,1857
GENE.898,chr4,663416,664015,-,600,6,6,8,6,9,5,5,5,9
GENE.899,chr4;chr4;chr4;chr4;chr4;chr4;chr4;chr4;chr4;chr4;chr4,665973;666124;666338;666593;666819;666974;667129;667404;667582;667757;668088,666002;666199;666420;666692;666892;667028;667254;667470;667657;667837;668147,+;+;+;+;+;+;+;+;+;+;+,828,1632,1632,1632,1708,1639,1374,1473,1374,1639
GENE.9,chrM,594,624,-,31,0,0,0,0,0,0,0,0,0
GENE.90,chrX,27971,28058,-,88,0,0,0,0,0,0,0,0,0
GENE.900,chr4,668578,669717,-,1140,94,94,94,96,95,76,89,76,95
GENE.901,chr4,670883,672124,+,1242,0,0,0,0,0,0,8,0,0
GENE.902,chr4,672500,679138,-,6639,48122,48304,48962,53010,51450,50337,44866,40858,51393
GENE.903,chr4;chr4,681810;684962,684822;685968,+;+,4020,0,0,0,0,14,1,9,1,14
GENE.904,chr4,686414,687040,-,627,0,0,0,0,2,0,0,0,2
GENE.905,chr4;chr4,688192;688505,688347;689053,+;+,705,0,0,0,0,4,0,0,0,4
GENE.906,chr4,689640,690329,-,690,184,184,185,184,193,147,174,147,193
GENE.907,chr4,691131,692516,-,1386,2460,2460,2461,2472,2487,2276,2411,2276,2487
GENE.908,chr4,693906,696533,+,2628,0,0,0,0,5,0,0,0,5
GENE.909,chr4;chr4,697918;698677,698443;698768,-;-,618,0,0,0,0,8,0,0,0,8
GENE.91,chrX,28065,28113,-,49,0,0,0,0,0,0,0,0,0
GENE.910,chr4;chr4;chr4;chr4;chr4;chr4;chr4,701526;701687;701918;702148;702476;702696;702959,701581;701750;702007;702251;702568;702824;704162,-;-;-;-;-;-;-,1740,0,0,4,0,6,0,0,0,6
GENE.911,chr4,706529,709009,+,2481,0,0,0,0,8,0,1,0,8
GENE.912,chr4,709460,710083,-,624,0,0,1,0,3,0,0,0,3
GENE.913,chr4,711092,715489,-,4398,4250,4250,4249,4396,4411,3665,4124,3665,4410
GENE.914,chr4;chr4;chr4;chr4,718202;718603;722312;722618,718489;722004;722364;722654,+;+;+;+,3780,840,840,849,850,853,775,861,775,853
GENE.915,chr4,723073,724242,-,1170,520,520,520,526,540,448,503,446,540
GENE.916,chr4,726265,727128,+,864,7226,7226,7226,7264,7235,6908,6980,6908,7235
GENE.917,chr4,727710,727979,-,270,0,0,0,0,2,0,0,0,2
GENE.918,chr4;chr4;chr4,729962;730153;730724,729978;730214;731223,+;+;+,579,0,0,0,0,3,0,0,0,3
GENE.919,chr4;chr4,732452;732655,732502;739872,-;-,7269,8740,8740,8748,8832,9047,7233,8203,7233,8911
GENE.92,chrX,28248,28283,-,36,0,0,0,0,0,0,0,0,0
GENE.920,chr4;chr4,742149;742796,742680;743091,+;+,828,750,750,750,750,761,706,711,706,761
GENE.921,chr4;chr4;chr4;chr4,743611;743776;744047;744367,743651;743921;744133;745637,-;-;-;-,1545,0,0,0,0,10,0,160,0,10
GENE.922,chr4,748088,749914,+,1827,6432,6432,6432,6472,6451,5974,6062,5974,6451
GENE.923,chr4;chr4;chr4;chr4,750860;751127;751338;751515,750919;751221;751393;753712,-;-;-;-,2409,2198,2198,2205,2276,2285,1966,2023,1964,2285
GENE.924,chr4,756294,776603,+,20310,0,1,13,0,79,0,283,0,78
GENE.925,chr4;chr4;chr4;chr4;chr4;chr4;chr4;chr4;chr4;chr4;chr4;chr4,777200;777390;777550;777776;777944;778114;778337;778527;778758;778951;779163;779373,777268;777443;777620;777824;778004;778192;778407;778647;778870;779019;779244;779424,-;-;-;-;-;-;-;-;-;-;-;-,891,0,0,0,0,5,0,0,0,5
GENE.926,chr4;chr4;chr4;chr4,780250;782338;782968;783171,782008;782813;783080;783246,-;-;-;-,2424,0,0,0,0,17,0,0,0,17
GENE.927,chr4;chr4;chr4;chr4;chr4;chr4,784194;784427;784653;784811;785057;785255,784239;784521;784736;784916;785091;786430,+;+;+;+;+;+,1542,2187,2187,2188,2201,2224,2037,2153,2037,2224
GENE.928,chr4,787243,789342,-,2100,11986,11986,11986,12086,12071,10727,11622,10721,12071
GENE.929,chr4,790724,792985,+,2262,0,0,3,0,7,0,62,0,7
GENE.93,chrX,28289,28359,-,71,0,0,0,0,0,0,0,0,0
GENE.930,chr4;chr4;chr4;chr4;chr4;chr4;chr4;chr4;chr4;chr4,793827;795339;798063;798308;798722;799073;801445;804169;809805;809981,795141;797845;798175;798426;798918;801286;803969;809686;809882;810070,+;+;+;+;+;+;+;+;+;+,14676,0,1,18,0,30,0,240,0,24
GENE.931,chr4,810995,814642,-,3648,2438,2438,2443,2528,2540,2118,2280,2118,2540
GENE.932,chr4,817400,818689,+,1290,4710,4710,4710,4738,4759,3858,4391,3858,4759
GENE.933,chr4,819362,822340,-,2979,13294,13294,13297,13324,13491,12013,12636,12013,13491
GENE.934,chr4;chr4;chr4,829963;830255;830476,830043;830384;830594,+;+;+,330,25,25,25,39,26,15,24,15,26
GENE.935,chr4;chr4;chr4;chr4;chr4;chr4,830989;831223;831512;831924;832120;832369,831027;831306;831694;832023;832217;832428,-;-;-;-;-;-,564,686,686,686,703,719,506,591,506,719
GENE.936,chr4,834394,840429,+,6036,19922,19922,19925,20160,20619,17528,18966,17352,20605
GENE.937,chr4,841196,842905,+,1710,126,126,126,128,130,108,130,108,130
GENE.938,chr4;chr4;chr4;chr4;chr4;chr4;chr4;chr4;chr4,843562;843790;844094;844259;844499;844695;844803;844943;845138,843664;843987;844157;844422;844597;844714;844846;845004;845169,+;+;+;+;+;+;+;+;+,786,0,0,0,0,2,0,0,0,2
GENE.939,chr4;chr4;chr4;chr4;chr4,847231;848331;848553;848761;849050,848112;848447;848639;848855;849059,+;+;+;+;+,1191,294,294,294,296,345,277,282,277,345
GENE.94,chrX,28378,28449,-,72,0,0,0,0,0,0,0,0,0
GENE.940,chr4;chr4;chr4;chr4;chr4;chr4;chr4;chr4;chr4;chr4,849793;849993;850162;850643;851021;851234;851496;851710;851890;852101,849870;850070;850470;850903;851080;851325;851612;851815;851969;852242,+;+;+;+;+;+;+;+;+;+,1323,6552,6551,6551,6672,6602,5386,5968,5386,6602
GENE.941,chr4;chr4,852510;853094,852870;853566,+;+,834,67,67,67,69,71,61,64,61,71
GENE.942,chr4,854879,855289,+,411,22,22,22,22,27,16,19,16,26
GENE.943,chr4;chr4,855898;856991,856879;857049,-;-,1041,0,0,0,0,3,0,0,0,3
GENE.944,chr4;chr4;chr4;chr4,857998;864350;864905;865636,864228;864706;865413;865957,+;+;+;+,7419,0,0,2,0,18,1,132,1,18
GENE.945,chr4,866501,868111,-,1611,0,0,0,0,7,0,0,0,7
GENE.946,chr4;chr4,870737;871100,870805;871873,+;+,843,4717,4717,4717,4759,4738,4560,4595,4560,4738
GENE.947,chr4,873138,874115,+,978,54,54,55,54,59,43,52,43,59
GENE.948,chr4,874811,875521,-,711,584,584,584,598,586,575,576,575,586
GENE.949,chr4;chr4;chr4;chr4;chr4;chr4,878022;878164;878487;893228;893476;893734,878057;878285;893074;893351;893580;893866,+;+;+;+;+;+,15108,0,0,11,0,53,1,124,1,52
GENE.95,chrX,28465,29091,-,627,624,624,624,626,629,575,578,575,629
GENE.950,chr4,894612,904724,-,10113,38336,38335,38338,38464,39067,33768,35565,33690,39063
GENE.951,chr4,907056,908801,+,1746,2206,2206,2207,2210,2222,2025,2087,2025,2222
GENE.952,chr4,910187,911971,+,1785,3846,3846,3846,3848,3859,3514,3631,3514,3859
GENE.953,chr4,917990,928411,+,10422,0,0,18,0,30,2,433,2,30
GENE.954,chr4,929340,930140,+,801,0,0,0,0,3,0,0,0,3
GENE.955,chr4;chr4;chr4;chr4;chr4;chr4,930404;930565;930719;930967;931260;931422,930449;930622;930843;931088;931318;931608,-;-;-;-;-;-,597,16,16,16,16,23,12,15,12,23
GENE.956,chr4,932463,934244,+,1782,0,0,8,0,8,0,8,0,8
GENE.957,chr4;chr4,935031;936722,936335;941875,-;-,6459,12267,23793,23464,23939,32839,25407,6756,25370,32809
GENE.958,chr4,944951,945051,+,101,0,0,0,0,0,0,0,0,0
GENE.959,chr4;chr4,946169;948431,947431;953773,-;-,6606,28302,33605,32981,33768,51398,39513,905,39505,51360
GENE.96,chrX,29117,29189,-,73,0,0,0,0,0,0,0,0,0
GENE.960,chr4,956849,956949,+,101,0,0,0,0,0,0,0,0,0
GENE.961,chr4;chr4,958067;960329,959329;965611,-;-,6546,0,15936,15654,16040,25010,19782,84,19774,24992
GENE.962,chr4;chr4,967087;967302,967155;968273,+;+,1041,944,944,944,950,961,786,858,786,961
GENE.963,chr4;chr4,969031;971291,970311;976591,-;-,6582,0,164,177,320,305,413,51,408,298
GENE.964,chr4,979914,980051,+,138,0,0,0,0,0,0,0,0,0
GENE.965,chr4;chr4;chr4,981823;981875;982937,981873;982780;982990,-;-;-,1011,1550,1550,1550,1550,1564,1450,1509,1450,1564
GENE.966,chr4;chr4;chr4;chr4,986135;986336;986840;987049,986333;986835;987037;987447,+;+;+;+,1296,910,910,910,920,915,711,825,711,915
GENE.967,chr4;chr4;chr4;chr4;chr4;chr4,987842;988107;988395;988651;989012;989318,987965;988296;988477;988914;989118;994360,-;-;-;-;-;-,5811,12130,12130,12134,12454,12286,10896,11707,10896,12284
GENE.968,chr4,995998,996252,+,255,0,0,2,0,0,0,0,0,0
GENE.969,chr4,997240,997455,+,216,0,0,0,0,0,0,0,0,0
GENE.97,chrX,29204,29430,-,227,0,0,0,0,0,0,0,0,0
GENE.970,chr4;chr4;chr4;chr4;chr4,998647;998962;999410;999651;999877,998748;999294;999500;999781;1000185,+;+;+;+;+,966,0,0,1,0,1,0,0,0,1
GENE.971,chr4,1001613,1002770,+,1158,826,826,827,832,851,787,793,787,851
GENE.972,chr4,1004462,1017247,-,12786,6344,6339,6355,6456,6492,5646,5904,5646,6489
GENE.973,chr4;chr4;chr4,1022487;1022757;1022997,1022548;1022877;1024166,+;+;+,1353,0,0,0,0,7,0,1,0,7
GENE.974,chr4;chr4,1026648;1026890,1026650;1027399,+;+,513,176,176,177,176,178,166,169,166,178
GENE.975,chr4,1029329,1037953,+,8625,6728,6728,6732,6766,6865,5835,6575,5835,6865
GENE.976,chr4,1038697,1039119,-,423,60,60,60,60,60,53,55,53,60
GENE.977,chr4,1040470,1041642,+,1173,1064,1064,1064,1064,1096,911,980,911,1096
GENE.978,chr4;chr4;chr4;chr4;chr4;chr4;chr4,1042564;1043456;1043972;1044141;1044389;1044570;1044823,1043257;1043863;1044013;1044225;1044448;1044619;1044896,+;+;+;+;+;+;+,1413,749,749,750,770,761,656,701,656,761
GENE.979,chr4;chr4;chr4;chr4,1045381;1045646;1046118;1046448,1045549;1045768;1046305;1046696,+;+;+;+,729,132,132,139,134,138,115,116,115,138
GENE.98,chr1;chr1,29510;35888,34762;37126,+;+,6492,6125,6115,6126,6141,6330,5392,5864,5235,6330
GENE.980,chr4,1047696,1048478,+,783,1464,1464,1464,1504,1497,1301,1440,1301,1497
GENE.981,chr4;chr4,1049270;1049713,1049528;1049894,-;-,441,0,0,0,0,2,0,0,0,2
GENE.982,chr4;chr4,1050407;1050625,1050467;1050974,+;+,411,0,0,0,0,0,0,0,0,0
GENE.983,chr4,1051576,1053006,-,1431,0,1,2,0,3,0,0,0,3
GENE.984,chr4,1055665,1056318,+,654,1232,1232,1233,1238,1241,1169,1156,1169,1241
GENE.985,chr4;chr4,1058997;1060118,1059681;1060551,+;+,1119,914,914,914,918,917,879,901,879,917
GENE.986,chr4,1061790,1066628,-,4839,8986,9004,9308,11644,10746,8486,8275,8486,10746
GENE.987,chr4,1071435,1071845,-,411,462,462,462,464,490,297,411,297,490
GENE.988,chr4;chr4,1076347;1077072,1076972;1077534,+;+,1089,0,0,1,0,6,0,0,0,6
GENE.989,chr4;chr4,1077926;1078300,1078159;1078488,-;-,423,93,93,93,95,95,90,86,90,95
GENE.99,chr1;chr1,38982;40154,39923;40207,-;-,996,0,18,6,3,2,14,6,14,2
GENE.990,chr4;chr4,1080959;1081230,1081042;1082189,+;+,1044,0,0,0,0,3,0,0,0,3
GENE.991,chr4;chr4,1082363;1084087,1083879;1084150,-;-,1581,0,0,1,0,6,0,0,0,6
GENE.992,chr4;chr4,1085979;1091223,1091074;1091277,-;-,5151,0,0,2,0,14,0,56,0,14
GENE.993,chr4;chr4;chr4;chr4;chr4;chr4,1093138;1093349;1094397;1097328;1097547;1097774,1093346;1094395;1097158;1097406;1097680;1097835,+;+;+;+;+;+,4293,0,0,0,0,9,1,0,1,9
GENE.994,chr4;chr4,1099811;1102261,1102102;1107111,+;+,7143,0,114,120,686,143,143,40,143,143
GENE.995,chr4;chr4;chr4,1110060;1110383;1112219,1110161;1112074;1112293,+;+;+,1869,9882,9882,9882,9927,9915,8941,9497,8941,9915
GENE.996,chr4;chr4,1113345;1114298,1114085;1114486,-;-,930,0,0,0,0,6,0,0,0,6
GENE.997,chr4;chr4;chr4,1118430;1118796;1122334,1118630;1122182;1122414,+;+;+,3669,17534,17646,17863,19436,19203,16442,16638,16263,19149
GENE.998,chr4;chr4,1123986;1124132,1124057;1125004,+;+,945,786,786,787,794,812,716,742,716,812
GENE.999,chr4;chr4,1127779;1128089,1127916;1128802,+;+,852,1734,1734,1734,1742,1736,1677,1691,1677,1736
