Geneid,Chr,Start,End,Strand,Length,Ground Truth,DeepSAP,DRAGEN,novoSplice,STAR,HISAT2,Subjunc,HISAT2+EASTR,STAR+EASTR
GENE.1,chrM,3,33,+,31,0,0,0,0,0,0,0,0,0
GENE.10,chrM,625,724,-,100,0,0,0,0,0,0,0,0,0
GENE.100,chr1;chr1,42367;43775,43617;46507,-;-,3984,2952,4291,3649,4528,3573,329,654,329,3573
GENE.1000,chr4;chr4;chr4;chr4;chr4;chr4;chr4,1129660;1130046;1130108;1130450;1130571;1130824;1130843,1130043;1130106;1130448;1130569;1130732;1130841;1130893,-;-;-;-;-;-;-,1137,146,143,131,114,91,6,53,6,90
GENE.1001,chr4;chr4,1134415;1135098,1134954;1135175,-;-,618,517,510,493,497,404,38,153,38,404
GENE.1002,chr4;chr4,1136586;1136759,1136651;1137385,+;+,693,0,0,0,0,9,0,9,0,9
GENE.1003,chr4;chr4;chr4,1141222;1141490;1141563,1141314;1141561;1142096,+;+;+,699,0,0,0,0,14,0,5,0,14
GENE.1004,chr4;chr4,1143992;1144267,1144129;1144824,+;+,696,42,42,45,36,41,2,8,2,41
GENE.1005,chr4;chr4,1146672;1147650,1147538;1147697,-;-,915,1554,1535,1517,1434,1326,123,371,123,1326
GENE.1006,chr4,1149274,1150188,+,915,0,236,72,226,133,0,22,0,130
GENE.1007,chr4;chr4,1152504;1153580,1153424;1153633,-;-,975,478,481,479,475,525,69,223,69,525
GENE.1008,chr4;chr4,1156423;1166601,1165863;1167821,+;+,10662,0,17,49,0,195,3,124,3,189
GENE.1009,chr4;chr4,1169980;1170264,1170033;1171184,+;+,975,970,977,971,943,895,56,227,56,895
GENE.101,chr1;chr1,50363;50572,50416;51636,+;+,1119,1127,1129,1125,1027,1012,51,276,51,1011
GENE.1010,chr4;chr4,1173053;1175160,1174435;1180226,-;-,6450,0,73,64,264,330,28,204,28,325
GENE.1011,chr5;chr5,20929;27215,26310;28456,+;+,6624,8118,15494,11498,14092,13328,718,1190,718,13328
GENE.1012,chr5,29233,29304,-,72,0,0,0,0,1,0,0,0,1
GENE.1013,chr5;chr5,29776;30910,30744;30963,-;-,1023,445,447,445,435,448,22,160,22,448
GENE.1014,chr5;chr5,33056;34325,34126;34378,-;-,1125,1675,1664,1651,1543,1391,75,554,75,1391
GENE.1015,chr5;chr5,36464;37496,37324;37564,-;-,930,1046,1000,1004,752,703,39,164,39,703
GENE.1016,chr5;chr5;chr5,39443;40077;40420,40075;40298;40488,-;-;-,924,336,345,337,276,277,11,95,11,277
GENE.1017,chr5,41129,41403,-,275,0,0,0,0,9,0,0,0,9
GENE.1018,chr5;chr5,43327;47612,47481;47761,-;-,4305,13656,16130,14829,21616,14471,1146,3411,1112,14269
GENE.1019,chr5;chr5;chr5,50422;50695;52325,50514;52218;52510,-;-;-,1803,1739,1724,1695,1469,1333,99,420,99,1333
GENE.102,chr1,53169,53280,-,112,0,0,0,0,0,0,0,0,0
GENE.1020,chr5;chr5,55841;56288,56038;56872,+;+,783,1381,1379,1375,1433,1367,188,514,188,1367
GENE.1021,chr5;chr5;chr5;chr5,58037;58750;59367;59619,58608;59149;59495;59726,-;-;-;-,1209,7259,7227,7172,6702,6162,458,2173,458,6162
GENE.1022,chr5;chr5;chr5;chr5,58037;58786;59367;59619,58608;59149;59495;59726,-;-;-;-,1173,7251,7219,7164,6693,6151,456,2168,456,6151
GENE.1023,chr5;chr5,64065;64332,64133;65489,+;+,1227,0,0,3,0,21,0,16,0,21
GENE.1024,chr5;chr5,68930;69823,69652;70113,+;+,1014,3311,3373,3270,3292,3204,171,887,171,3164
GENE.1025,chr5;chr5,74509;74980,74808;79842,+;+,5163,4384,5177,5125,7584,5060,299,1064,221,4752
GENE.1026,chr5,81134,82336,-,1203,4736,4719,4646,4268,3883,264,1114,264,3883
GENE.1027,chr5,84041,85237,-,1197,0,0,2,0,41,0,0,0,41
GENE.1028,chr5,86820,89201,-,2382,1406,1396,1392,1344,1239,124,436,124,1239
GENE.1029,chr5,91361,94591,+,3231,1110,1119,1109,1090,1131,92,373,87,1129
GENE.103,chr1;chr1,53778;54938,54788;55006,-;-,1080,0,13,9,6,31,0,53,0,31
GENE.1030,chr5;chr5,95161;96242,95914;96633,-;-,1146,0,1,3,0,36,0,2,0,36
GENE.1031,chr5;chr5;chr5,97657;97916;98322,97711;98105;101895,+;+;+,3819,0,4,3,0,88,0,60,0,88
GENE.1032,chr5,102193,102897,-,705,668,668,667,684,713,163,360,163,713
GENE.1033,chr5;chr5,104256;104485,104334;105737,+;+,1332,4275,4219,4089,3297,2478,72,1040,72,2478
GENE.1034,chr5,107075,107938,-,864,420,420,426,408,393,22,70,22,391
GENE.1035,chr5,109898,111691,-,1794,0,14,33,0,58,0,89,0,53
GENE.1036,chr5,114149,115933,+,1785,0,6,0,0,51,0,118,0,44
GENE.1037,chr5;chr5;chr5;chr5;chr5;chr5;chr5;chr5,116451;116599;116818;117017;117250;119033;119358;119522,116483;116715;116919;117091;118856;119248;119429;119969,-;-;-;-;-;-;-;-,2670,0,18,26,0,60,0,56,0,60
GENE.1038,chr5;chr5,120107;120819,120657;121455,-;-,1188,332,334,347,338,331,40,118,40,331
GENE.1039,chr5,122449,122862,+,414,116,116,115,94,93,0,20,0,93
GENE.104,chr1,56690,56893,-,204,0,0,0,0,3,0,0,0,3
GENE.1040,chr5;chr5;chr5,123332;123590;123833,123407;123690;123904,-;-;-,249,4,4,6,4,5,0,4,0,5
GENE.1041,chr5;chr5;chr5;chr5;chr5,125116;125417;125625;125830;126112,125217;125468;125734;125951;126514,+;+;+;+;+,789,4384,4375,4358,4308,4260,353,1328,353,4260
GENE.1042,chr5,127064,128677,-,1614,80,79,82,74,105,0,14,0,105
GENE.1043,chr5,130453,133392,+,2940,0,9,15,0,89,0,200,0,88
GENE.1044,chr5,135004,135930,-,927,246,247,243,246,262,24,65,24,262
GENE.1045,chr5;chr5,140710;141311,140917;141471,+;+,369,0,0,0,0,17,0,0,0,17
GENE.1046,chr5,142871,145423,-,2553,1332,1325,1314,1196,1116,70,360,70,1116
GENE.1047,chr5;chr5;chr5;chr5;chr5;chr5;chr5;chr5,146639;147092;147674;148065;148775;148974;149217;149481,146854;147490;147853;148651;148870;149106;149360;150131,-;-;-;-;-;-;-;-,2406,0,1,0,0,78,0,0,0,78
GENE.1048,chr5;chr5;chr5,151422;151823;152375,151619;151977;152384,-;-;-,363,3,3,3,3,15,0,3,0,15
GENE.1049,chr5;chr5,153889;155973,155792;156057,-;-,1989,0,6,12,0,59,0,44,0,59
GENE.105,chr1;chr1,59772;60023,59825;61003,+;+,1035,2964,2956,2953,2862,2603,160,921,160,2600
GENE.1050,chr5;chr5,157625;164635,164472;164968,+;+,7182,7456,7463,7363,7072,6672,424,2019,424,6598
GENE.1051,chr5;chr5;chr5;chr5;chr5,165650;165802;166043;166352;166547,165672;165922;166138;166459;166642,-;-;-;-;-,444,0,0,1,0,17,0,1,0,17
GENE.1052,chr5;chr5;chr5,167649;168444;169316,168244;169169;169502,+;+;+,1509,0,1,2,0,51,0,36,0,51
GENE.1053,chr5;chr5;chr5;chr5,169549;169706;169911;170271,169641;169768;170109;170590,-;-;-;-,675,0,0,2,0,11,0,2,0,11
GENE.1054,chr5,172150,174417,+,2268,3918,3887,3875,3654,3571,267,987,267,3570
GENE.1055,chr5;chr5;chr5;chr5;chr5;chr5,174989;175257;175413;175575;175859;176330,175113;175313;175499;175710;176177;176433,+;+;+;+;+;+,828,1758,1752,1721,1467,1232,91,542,91,1232
GENE.1056,chr5,177410,178555,+,1146,0,0,1,0,42,0,0,0,42
GENE.1057,chr5,180421,187470,+,7050,0,11,17,0,161,0,270,0,155
GENE.1058,chr5,187813,204732,-,16920,24234,25116,24694,22290,20619,1231,6171,1231,20582
GENE.1059,chr5;chr5;chr5;chr5;chr5;chr5;chr5;chr5;chr5,206450;206683;206897;207096;207376;207594;207784;208107;208297,206500;206752;206956;207172;207426;207607;207849;208157;208375,+;+;+;+;+;+;+;+;+,519,726,720,687,692,614,54,214,54,613
GENE.106,chr1;chr1,62187;63347,63185;63400,-;-,1053,1362,1372,1299,1224,1104,35,276,35,1104
GENE.1060,chr5;chr5,209062;209349,209148;218189,-;-,8928,22370,22848,22662,24998,19164,1245,6067,1245,19123
GENE.1061,chr5;chr5,220839;226063,225912;229253,+;+,8265,0,16,36,0,216,0,329,0,216
GENE.1062,chr5,230695,232392,+,1698,1718,1720,1700,1600,1508,81,449,81,1498
GENE.1063,chr5,233815,235650,+,1836,3246,3234,3235,3132,2931,186,923,186,2917
GENE.1064,chr5,236143,238365,-,2223,0,4,26,0,74,0,30,0,74
GENE.1065,chr5;chr5,239456;240644,240271;243880,-;-,4053,7856,7824,7756,7204,6602,352,1923,352,6599
GENE.1066,chr5,245933,246934,+,1002,0,2,6,0,41,0,1,0,41
GENE.1067,chr5,247801,250575,-,2775,15842,16069,15356,15054,13750,770,4122,739,13675
GENE.1068,chr5;chr5,252047;252420,252162;252606,-;-,303,0,0,1,0,15,0,1,0,15
GENE.1069,chr5;chr5;chr5;chr5;chr5;chr5,254473;254634;254801;255010;255271;255485,254502;254702;254885;255059;255384;255517,-;-;-;-;-;-,381,30,30,25,23,27,4,12,4,27
GENE.107,chr1;chr1,65817;66918,66821;66989,-;-,1077,802,827,833,778,793,34,233,34,792
GENE.1070,chr5;chr5;chr5,256225;256865;257245,256716;256979;257378,+;+;+,741,219,220,219,222,230,16,57,16,230
GENE.1071,chr5;chr5;chr5,257748;258083;258786,257792;258606;258831,-;-;-,615,566,566,561,491,481,20,118,20,481
GENE.1072,chr5,259764,260747,+,984,0,1,5,0,42,0,36,0,41
GENE.1073,chr5,260961,262184,-,1224,9832,9748,9358,7786,7181,258,2448,258,7163
GENE.1074,chr5;chr5;chr5;chr5;chr5,262672;262890;263120;263499;263782,262740;262922;263139;263583;263925,-;-;-;-;-,351,29,29,30,27,32,1,10,1,32
GENE.1075,chr5;chr5,265595;269251,268442;278345,+;+,11943,11820,11788,11645,11204,10616,758,3950,758,10516
GENE.1076,chr5;chr5;chr5;chr5;chr5;chr5,278774;278880;278919;279024;279156;279291,278877;278917;279022;279153;279289;279495,-;-;-;-;-;-,715,0,2,1,0,23,0,17,0,23
GENE.1077,chr5,280886,283345,+,2460,0,3,7,0,79,1,60,1,79
GENE.1078,chr5;chr5;chr5,284691;287382;287941,287139;287639;288023,+;+;+,2790,1880,1877,1894,1752,1699,109,763,109,1698
GENE.1079,chr5,288776,291055,-,2280,31634,31534,30919,29560,26899,2503,9058,2503,26885
GENE.108,chr1;chr1,69304;70349,70164;70417,-;-,930,0,3618,2211,4273,2932,222,59,222,2924
GENE.1080,chr5;chr5;chr5,292696;293111;293371,292799;293220;293474,-;-;-,318,0,8,47,0,118,0,213,0,118
GENE.1081,chr5,294668,295903,-,1236,62,64,70,60,108,2,13,2,108
GENE.1082,chr5,298427,300736,-,2310,12630,13423,13134,12284,11217,876,3118,876,11128
GENE.1083,chr5,301930,304611,-,2682,0,6,19,0,91,0,23,0,90
GENE.1084,chr5,305961,306422,-,462,388,384,374,318,285,2,70,2,285
GENE.1085,chr5,307490,309556,-,2067,0,3,9,0,64,1,51,1,64
GENE.1086,chr5,313199,315157,+,1959,6676,6664,6638,6534,6328,633,2372,633,6302
GENE.1087,chr5,316766,318361,-,1596,4352,4327,4242,3908,3626,226,1283,226,3626
GENE.1088,chr5,322239,326822,+,4584,0,11,22,0,145,0,272,0,143
GENE.1089,chr5;chr5;chr5,327656;327864;328175,327708;328022;328316,+;+;+,354,11,11,11,13,23,0,4,0,23
GENE.109,chr1;chr1,71624;71803,71692;72426,+;+,693,0,2564,1768,2756,2039,163,16,163,2039
GENE.1090,chr5,328666,329715,-,1050,70,72,71,62,106,5,27,5,106
GENE.1091,chr5,331680,336704,+,5025,11572,11561,11521,11330,11159,1013,3822,1013,11150
GENE.1092,chr5;chr5;chr5;chr5,337426;337923;338338;338700,337759;338160;338507;339025,-;-;-;-,1068,0,2,2,0,39,0,13,0,39
GENE.1093,chr5,342205,343233,+,1029,0,0,1,0,35,0,30,0,35
GENE.1094,chr5;chr5;chr5;chr5,344931;345182;345518;345971,344983;345374;345598;346744,+;+;+;+,1101,445,444,444,437,439,33,129,33,439
GENE.1095,chr5,347219,355039,-,7821,6418,6340,6300,5820,5604,414,1994,414,5598
GENE.1096,chr5,356222,357010,+,789,172,178,152,118,126,12,45,12,124
GENE.1097,chr5,358261,362733,+,4473,0,12,16,0,164,0,351,0,164
GENE.1098,chr5,363588,364442,-,855,0,3,5,0,20,1,44,1,20
GENE.1099,chr5,367022,376426,+,9405,0,42,82,0,342,0,533,0,328
GENE.11,chrM,734,1486,-,753,0,0,0,0,1,0,0,0,1
GENE.110,chr1;chr1,74563;74728,74631;75366,+;+,708,0,74,57,132,84,19,34,19,84
GENE.1100,chr5;chr5;chr5;chr5;chr5,376855;377372;377563;377844;378305,377223;377450;377740;377966;378452,-;-;-;-;-,897,595,594,590,586,608,55,261,55,608
GENE.1101,chr5,381077,386203,+,5127,15868,15790,15631,14922,14006,1042,4508,1042,14002
GENE.1102,chr5;chr5;chr5;chr5;chr5,386956;387141;387463;387787;388315,387013;387312;387625;388219;388505,+;+;+;+;+,1017,3772,3693,3427,2814,2185,96,643,96,2185
GENE.1103,chr5;chr5,388696;389096,388947;389191,-;-,348,0,2,4,0,12,0,2,0,12
GENE.1104,chr5;chr5;chr5,389914;390193;390474,390017;390309;398997,-;-;-,8745,10388,10342,10248,9418,8798,683,3213,683,8795
GENE.1105,chr5,401437,402771,+,1335,1806,1818,1792,1914,1822,76,516,76,1822
GENE.1106,chr5;chr5,403342;403775,403642;405642,+;+,2169,3014,2992,2981,2614,2365,104,863,104,2362
GENE.1107,chr5;chr5;chr5;chr5;chr5;chr5;chr5,405961;406200;406621;406814;407253;407449;407809,406098;406474;406697;407161;407321;407640;407897,-;-;-;-;-;-;-,1188,0,2,5,0,45,0,14,0,45
GENE.1108,chr5;chr5;chr5;chr5,410268;414540;415006;415210,414443;414855;415094;415308,+;+;+;+,4680,30402,30075,29794,28075,25524,2044,8568,2044,25482
GENE.1109,chr5,416365,417309,+,945,1746,1736,1722,1634,1562,92,437,92,1562
GENE.111,chr1,75982,76809,-,828,0,2619,1694,3466,2349,140,35,140,2349
GENE.1110,chr5;chr5;chr5;chr5;chr5;chr5;chr5,418136;418529;420021;420395;420738;421096;421363,418247;419857;420310;420620;420932;421229;421425,+;+;+;+;+;+;+,2349,7044,7888,7952,10067,7794,384,1788,384,7758
GENE.1111,chr5,422746,430353,-,7608,17594,17464,17160,15852,14515,952,4627,952,14482
GENE.1112,chr5,437495,439738,+,2244,10308,10271,10230,9884,9763,830,3256,830,9763
GENE.1113,chr5;chr5;chr5,440779;441380;441700,441233;441485;441879,-;-;-,741,638,637,630,584,615,37,229,37,615
GENE.1114,chr5,444260,445579,+,1320,4296,4280,4251,4074,4029,302,1093,302,4029
GENE.1115,chr5,445983,448502,-,2520,886,886,884,866,909,28,224,28,909
GENE.1116,chr5,451355,451434,+,80,0,0,0,0,2,0,0,0,2
GENE.1117,chr5,459301,460344,+,1044,2848,2836,2827,2632,2555,218,867,218,2555
GENE.1118,chr5;chr5;chr5;chr5;chr5;chr5;chr5;chr5;chr5;chr5;chr5;chr5,461017;461534;461814;462110;462319;462538;463327;463584;463781;464009;464167;464319,461317;461649;461965;462195;462392;463177;463487;463673;463868;464090;464224;464399,+;+;+;+;+;+;+;+;+;+;+;+,1929,1956,1949,1930,1802,1664,157,588,157,1664
GENE.1119,chr5,465782,465939,+,158,0,0,0,0,4,0,0,0,4
GENE.112,chr1;chr1;chr1,78241;79257;79526,79254;79523;79891,+;+;+,1647,2338,2962,2071,3046,2649,217,148,217,2649
GENE.1120,chr5,467585,468100,-,516,482,482,479,438,410,13,126,13,410
GENE.1121,chr5;chr5,469276;469565,469357;469842,+;+,360,0,1,3,0,7,0,16,0,7
GENE.1122,chr5;chr5,471055;472301,472146;474058,+;+,2850,0,4,7,0,67,0,76,0,67
GENE.1123,chr5;chr5,474487;478833,478690;478882,-;-,4254,0,30,36,0,146,0,103,0,143
GENE.1124,chr5,481423,482568,+,1146,1416,1405,1387,1262,1225,53,325,53,1225
GENE.1125,chr5,486602,516787,+,30186,61388,61028,60567,56688,52776,3940,18697,3940,52641
GENE.1126,chr5,517259,517885,-,627,274,276,277,270,245,17,98,17,243
GENE.1127,chr5;chr5;chr5;chr5,519129;519478;519718;519911,519293;519600;519801;520078,+;+;+;+,540,92,92,95,86,96,4,26,4,93
GENE.1128,chr5;chr5,520720;521655,521495;522693,-;-,1815,629,626,626,578,597,65,232,65,597
GENE.1129,chr5,525026,527218,+,2193,0,7,16,0,88,0,209,0,85
GENE.113,chr1;chr1,81765;83053,82820;83106,-;-,1110,0,155,150,172,161,23,34,23,161
GENE.1130,chr5;chr5;chr5;chr5;chr5,527639;527893;528161;528393;528619,527693;527963;528285;528453;528666,+;+;+;+;+,360,10,12,10,11,32,1,6,1,32
GENE.1131,chr5;chr5,528846;529099,528921;529409,-;-,387,2,2,3,2,17,0,1,0,17
GENE.1132,chr5,529934,531901,-,1968,23676,23497,23310,21994,20263,1647,5597,1647,20261
GENE.1133,chr5,533556,534338,-,783,212,213,213,210,282,34,88,34,282
GENE.1134,chr5,536273,536977,+,705,1612,1607,1609,1602,1498,123,494,123,1498
GENE.1135,chr5;chr5;chr5;chr5,539731;539905;540288;540533,539811;540081;540422;542593,-;-;-;-,2454,4758,4742,4725,4430,4202,355,1504,355,4201
GENE.1136,chr5;chr5;chr5;chr5;chr5;chr5,544540;544791;545126;545312;545507;545714,544553;544863;545221;545375;545582;545993,+;+;+;+;+;+,603,1160,1160,1155,1107,1063,91,329,91,1063
GENE.1137,chr5,546734,547579,-,846,1026,1017,1000,974,815,22,160,22,815
GENE.1138,chr5,548406,553340,-,4935,5396,5397,5353,5442,5051,406,1732,406,5049
GENE.1139,chr5,553990,554787,+,798,906,898,882,846,723,23,216,23,723
GENE.114,chr1;chr1;chr1,84791;85389;85880,85387;85877;86152,-;-;-,1359,922,3036,2566,3536,3168,387,208,387,3168
GENE.1140,chr5,555264,556073,+,810,418,419,419,588,431,48,156,48,431
GENE.1141,chr5;chr5;chr5,557039;557180;557889,557103;557746;558012,-;-;-,756,1554,1553,1550,1496,1440,68,401,68,1440
GENE.1142,chr5;chr5;chr5;chr5,559513;560974;568175;568343,560685;567971;568253;568384,+;+;+;+,8292,10657,10629,10542,9881,9086,590,2850,590,9079
GENE.1143,chr5,569182,569919,-,738,0,1,0,0,25,0,0,0,25
GENE.1144,chr5;chr5;chr5;chr5;chr5;chr5,571058;571547;571946;572187;572421;572610,571315;571822;572038;572285;572503;572661,-;-;-;-;-;-,861,0,2,0,0,60,0,47,0,60
GENE.1145,chr5;chr5,573588;573958,573671;574248,+;+,375,3,3,5,4,16,2,12,2,16
GENE.1146,chr5;chr5,574941;575870,575646;578505,-;-,3342,0,3,8,0,104,1,286,1,102
GENE.1147,chr5;chr5,581227;582525,581834;584124,+;+,2208,0,2,5,0,73,0,0,0,73
GENE.1148,chr5,585357,585980,-,624,2030,2022,2001,1934,1774,185,614,185,1774
GENE.1149,chr5;chr5,587752;588534,588354;588677,+;+,747,1618,1611,1601,1582,1507,123,587,123,1507
GENE.115,chr1;chr1,87203;88109,88003;88177,-;-,870,1736,2036,1809,2206,1919,148,294,148,1917
GENE.1150,chr5;chr5;chr5;chr5;chr5,588921;589187;590296;590508;590732,588991;590150;590407;590585;590769,-;-;-;-;-,1263,0,1,3,0,66,0,1,0,66
GENE.1151,chr5,591338,595663,-,4326,12066,11989,11994,11608,11207,739,3792,739,11148
GENE.1152,chr5,596818,599421,+,2604,0,6,16,0,87,0,98,0,81
GENE.1153,chr5,600047,603433,+,3387,0,22,36,0,103,0,161,0,102
GENE.1154,chr5,603951,604023,-,73,0,0,0,0,0,0,0,0,0
GENE.1155,chr5;chr5;chr5;chr5;chr5;chr5,605027;605225;605484;605681;605831;606147,605099;605318;605552;605723;606015;606330,-;-;-;-;-;-,648,443,443,437,446,444,31,120,31,444
GENE.1156,chr5;chr5;chr5;chr5;chr5,607105;607396;607758;608028;608428,607209;607647;607925;608189;608451,-;-;-;-;-,711,0,0,3,0,21,1,3,1,21
GENE.1157,chr5,610089,614771,+,4683,6148,6182,6011,5344,4952,365,1966,365,4865
GENE.1158,chr5,615282,617993,-,2712,32022,31834,31459,30318,26617,2317,8256,2317,26608
GENE.1159,chr5,618629,619945,+,1317,3332,3318,3313,3240,3074,184,980,184,3067
GENE.116,chr1;chr1,90242;91352,91204;91420,-;-,1032,2601,2591,2571,2415,2401,199,919,199,2399
GENE.1160,chr5,620810,623356,-,2547,0,7,7,0,108,0,46,0,108
GENE.1161,chr5;chr5;chr5,624719;624927;625168,624801;624996;626481,-;-;-,1467,0,1,3,0,42,0,59,0,42
GENE.1162,chr5;chr5,627298;627835,627599;627961,+;+,429,502,501,500,477,462,25,171,25,462
GENE.1163,chr5,628981,635382,+,6402,2310,2305,2295,2196,2138,117,779,117,2127
GENE.1164,chr5;chr5;chr5;chr5;chr5;chr5,637354;637474;637632;637821;638164;638411,637367;637516;637696;637951;638225;640381,+;+;+;+;+;+,2286,3290,3275,3269,3124,3147,263,1122,263,3142
GENE.1165,chr5;chr5;chr5;chr5,641137;641777;642798;643318,641556;642512;643156;644685,-;-;-;-,2883,4665,4631,4546,3822,3491,199,1482,199,3487
GENE.1166,chr5;chr5;chr5;chr5;chr5;chr5;chr5;chr5;chr5;chr5,646659;647065;647236;647536;647777;648068;649880;650893;651685;651847,646936;647116;647329;647626;647848;649584;650505;651600;651739;652106,+;+;+;+;+;+;+;+;+;+,3753,0,8,4,0,142,0,95,0,142
GENE.1167,chr5,653966,655336,-,1371,804,804,799,752,794,56,182,56,794
GENE.1168,chr5,658423,658677,-,255,0,0,1,0,15,0,0,0,15
GENE.1169,chr5,660150,661136,-,987,0,1,7,0,35,0,0,0,35
GENE.117,chr1;chr1;chr1,93113;93594;93689,93591;93686;93875,-;-;-,759,1316,1306,1225,1078,880,20,342,20,880
GENE.1170,chr5;chr5,663551;666819,666706;666917,+;+,3255,25430,25304,25007,23726,21782,1600,6573,1600,21758
GENE.1171,chr5;chr5,667486;674524,674350;674861,+;+,7203,25522,25448,25080,24128,22595,1426,7479,1426,22541
GENE.1172,chr5;chr5;chr5,675809;676023;676443,675914;676200;676614,-;-;-,456,31,31,31,34,44,3,11,3,44
GENE.1173,chr5,678910,680955,+,2046,3824,4119,3754,3466,2973,122,932,119,2815
GENE.1174,chr5,681430,682437,-,1008,0,4,11,0,40,0,5,0,38
GENE.1175,chr5;chr5;chr5;chr5;chr5;chr5,683708;684014;684254;684458;684669;685727,683807;684084;684357;684518;685528;685859,+;+;+;+;+;+,1329,6129,6106,5965,5160,5104,262,1629,262,5104
GENE.1176,chr5,686810,691642,-,4833,0,10,14,0,184,0,63,0,183
GENE.1177,chr5;chr5;chr5,694492;694773;695311,694616;695178;698778,+;+;+,3999,0,7,25,0,139,1,77,1,138
GENE.1178,chr5,700120,707256,-,7137,18960,18969,18732,16956,15795,970,4995,969,15762
GENE.1179,chr5;chr5,712762;713754,713525;713772,-;-,783,225,223,226,217,272,18,84,18,272
GENE.118,chr1;chr1;chr1;chr1,95050;95168;95205;95813,95166;95203;95810;95899,+;+;+;+,846,0,5,2,0,21,0,6,0,21
GENE.1180,chr5;chr5,715765;716639,716225;716675,-;-,498,856,853,842,817,683,26,154,26,683
GENE.1181,chr5,718425,719855,-,1431,436,430,424,382,375,20,128,20,375
GENE.1182,chr5,720743,722641,-,1899,3624,3521,3403,3208,2667,110,703,110,2662
GENE.1183,chr5;chr5,724681;725229,725054;725751,-;-,897,1826,1824,1795,1603,1442,33,431,33,1442
GENE.1184,chr5;chr5;chr5,731407;734832;735083,734613;734970;735162,+;+;+,3426,5016,4985,4933,4522,4341,268,1313,268,4335
GENE.1185,chr5,735887,738400,-,2514,0,5,10,0,109,0,3,0,109
GENE.1186,chr5,740156,741034,-,879,62,63,79,56,90,1,32,1,90
GENE.1187,chr5,743179,745329,+,2151,7626,7597,7493,7088,6877,421,1690,421,6877
GENE.1188,chr5;chr5,745798;746566,746445;746634,-;-,717,257,259,259,261,285,22,79,22,285
GENE.1189,chr5;chr5,747795;749358,749157;749677,-;-,1683,0,1,4,0,59,0,17,0,59
GENE.119,chr1;chr1,98819;99220,99013;102282,+;+,3258,0,60,40,6,60,2,169,2,58
GENE.1190,chr5;chr5;chr5;chr5;chr5;chr5,750661;751063;751510;751881;752071;752380,750730;751364;751718;751962;752164;752435,+;+;+;+;+;+,813,0,4,3,0,46,0,27,0,45
GENE.1191,chr5;chr5,753298;757326,757218;757544,+;+,4140,3836,3813,3757,3376,3307,189,974,189,3303
GENE.1192,chr5,758503,758898,-,396,0,0,1,0,15,0,0,0,15
GENE.1193,chr5;chr5;chr5;chr5,759831;760396;760579;760886,760262;760465;760686;760998,-;-;-;-,723,1223,1220,1190,1141,1106,122,388,122,1106
GENE.1194,chr5,762103,762792,-,690,602,602,592,526,534,25,207,25,534
GENE.1195,chr5,763532,766903,-,3372,2316,2314,2325,2220,2158,147,859,147,2154
GENE.1196,chr5,769310,773140,+,3831,0,5,11,0,159,0,115,0,158
GENE.1197,chr5;chr5;chr5;chr5;chr5,774075;776973;777406;777811;778110,776765;777209;777663;777980;780438,-;-;-;-;-,5685,20957,20989,19772,19137,16270,862,4972,860,16182
GENE.1198,chr5;chr5;chr5;chr5;chr5;chr5;chr5,783638;783762;783974;784193;784322;784540;784719,783654;783894;784039;784209;784411;784555;784991,-;-;-;-;-;-;-,612,0,0,0,0,35,0,0,0,35
GENE.1199,chr5;chr5;chr5,785664;786065;786312,785940;786118;786565,-;-;-,585,0,0,0,0,23,0,1,0,23
GENE.12,chrM,1516,1630,+,115,0,0,0,0,0,0,0,0,0
GENE.120,chr1;chr1,104704;104928,104775;105209,+;+,354,4,4,4,6,7,3,8,3,7
GENE.1200,chr5,788599,789480,+,882,0,0,2,0,36,0,0,0,36
GENE.1201,chr5,790399,790773,+,375,0,0,1,0,4,0,0,0,4
GENE.1202,chr5;chr5;chr5;chr5;chr5,791719;791916;792211;792420;792867,791786;792036;792290;792578;792936,-;-;-;-;-,498,0,0,0,0,14,0,0,0,14
GENE.1203,chr5,795527,797473,+,1947,2048,2045,1998,1992,1834,94,557,94,1831
GENE.1204,chr5;chr5,798036;798422,798083;798775,-;-,402,503,500,499,533,518,34,145,34,518
GENE.1205,chr5;chr5,801450;802624,802412;809127,-;-,7467,3799,3891,4028,3545,3460,254,1224,254,3441
GENE.1206,chr5,812648,814915,+,2268,0,2,11,0,80,0,52,0,80
GENE.1207,chr5;chr5;chr5,817066;818542;819005,817171;818879;819139,+;+;+,579,0,0,0,0,30,0,8,0,30
GENE.1208,chr5;chr5,820719;821525,821341;822908,-;-,2007,0,2,10,0,92,0,33,0,92
GENE.1209,chr5,825835,827412,-,1578,494,499,489,462,460,32,144,32,460
GENE.121,chr1,107197,108348,-,1152,6660,6589,6605,5950,5773,157,1630,157,5772
GENE.1210,chr5;chr5;chr5,828953;829232;829445,829015;829299;829883,+;+;+,570,197,197,195,218,227,17,60,17,227
GENE.1211,chr5;chr5;chr5;chr5;chr5;chr5,831617;833321;833542;833708;834089;834308,833152;833446;833605;833976;834178;834343,+;+;+;+;+;+,2121,0,0,3,0,60,0,4,0,60
GENE.1212,chr5,835314,837407,-,2094,0,5,18,0,110,0,76,0,110
GENE.1213,chr5;chr5;chr5,838428;838552;838940,838430;838716;839083,+;+;+,312,13,13,12,11,14,0,0,0,14
GENE.1214,chr5,839655,840560,-,906,784,779,769,746,674,27,232,27,674
GENE.1215,chr5,841723,842655,-,933,150,150,151,148,179,15,47,15,179
GENE.1216,chr5;chr5;chr5;chr5;chr5,843586;843870;844108;844367;844813,843685;843979;844211;844506;844817,-;-;-;-;-,459,283,282,278,268,299,12,64,12,299
GENE.1217,chr5,845843,848767,-,2925,0,2,21,0,131,0,19,0,131
GENE.1218,chr5,849862,856026,-,6165,37568,37191,36687,33024,29886,1760,9256,1760,29879
GENE.1219,chr5,857038,858477,+,1440,696,699,690,634,604,47,207,47,604
GENE.122,chr1;chr1;chr1;chr1,110750;110962;111167;111338,110823;111050;111245;115799,-;-;-;-,4704,1752,1750,1756,1672,1712,157,626,157,1712
GENE.1220,chr5;chr5,859373;860891,860756;861063,-;-,1557,0,6,7,0,72,0,49,0,72
GENE.1221,chr5;chr5;chr5;chr5;chr5;chr5;chr5;chr5,861930;862139;862319;862547;863814;864595;864885;866753,862021;862216;862451;863666;864359;864800;866459;867583,-;-;-;-;-;-;-;-,4581,0,4,20,0,214,2,207,2,211
GENE.1222,chr5,868892,869878,+,987,1750,1747,1741,1766,1666,214,636,214,1666
GENE.1223,chr5;chr5;chr5,870184;870362;870653,870240;870424;874570,-;-;-,4038,35069,34427,34291,34389,29453,2030,8706,2030,29433
GENE.1224,chr5,875873,877561,-,1689,0,1,7,0,59,0,22,0,58
GENE.1225,chr5;chr5,878068;878628,878396;879762,+;+,1464,6738,6716,6681,6416,5711,397,1723,397,5711
GENE.1226,chr5,880065,880355,-,291,0,1,2,0,9,0,15,0,9
GENE.1227,chr5,882376,884901,+,2526,6478,6463,6430,6272,6122,418,2064,418,6122
GENE.1228,chr5;chr5;chr5;chr5;chr5;chr5,885714;886078;887510;887689;887920;888166,885965;887423;887581;887799;887979;888232,+;+;+;+;+;+,1908,11204,11127,11029,10272,8957,512,2387,512,8957
GENE.1229,chr5;chr5;chr5;chr5;chr5;chr5,888657;888961;893912;894175;894520;895118,888683;893787;894072;894285;894694;895144,+;+;+;+;+;+,5328,9032,9073,8941,8679,7846,577,2543,577,7808
GENE.123,chr1;chr1;chr1,119041;119272;121148,119121;120981;121249,-;-;-,1893,476,477,465,422,360,26,122,26,360
GENE.1230,chr5;chr5;chr5;chr5,896018;896283;896541;896875,896098;896345;896654;896940,+;+;+;+,324,4,5,5,5,15,0,3,0,15
GENE.1231,chr5,897465,899756,-,2292,9910,9760,9658,9358,8095,688,3160,688,8092
GENE.1232,chr5;chr5;chr5;chr5,901414;901633;901880;902072,901482;901740;901951;902173,+;+;+;+,351,0,0,3,0,20,0,0,0,20
GENE.1233,chr5;chr5;chr5;chr5;chr5;chr5;chr5;chr5;chr5;chr5,902613;902805;903098;903314;903645;903865;904077;904320;904543;904809,902672;902883;903196;903432;903759;903904;904139;904428;904647;904844,-;-;-;-;-;-;-;-;-;-,825,2139,2139,2114,2075,1811,236,802,236,1811
GENE.1234,chr5;chr5;chr5;chr5,907837;908163;909000;928429,907944;908832;928258;936315,+;+;+;+,27924,14198,14151,14069,12932,12839,881,5169,881,12823
GENE.1235,chr5;chr5;chr5,937231;937580;937930,937449;937753;938037,+;+;+,501,269,269,243,143,118,8,70,8,118
GENE.1236,chr5,940249,941700,+,1452,1080,1071,1065,896,864,41,296,41,863
GENE.1237,chr5;chr5;chr5;chr5;chr5,942767;943074;943219;943445;943816,942953;943123;943320;943581;943873,+;+;+;+;+,534,0,0,1,0,18,0,11,0,18
GENE.1238,chr5;chr5;chr5,944184;944403;944715,944237;944575;944931,-;-;-,444,903,902,900,933,880,96,349,96,880
GENE.1239,chr5,948951,953609,+,4659,3384,3379,3386,3212,3084,187,1186,187,3072
GENE.124,chr1;chr1,124517;124726,124588;125484,+;+,831,0,0,7,0,18,0,0,0,18
GENE.1240,chr5,957890,962149,+,4260,7670,7638,7610,7262,7181,535,2173,535,7179
GENE.1241,chr5;chr5,963227;964672,964458;965044,-;-,1605,2437,2432,2428,2315,2274,183,659,183,2274
GENE.1242,chr5;chr5,966123;969604,969294;969737,+;+,3306,7429,7381,7344,6785,6017,287,1896,287,6017
GENE.1243,chr5;chr5;chr5,970266;970624;970841,970496;970663;970962,-;-;-,393,0,0,1,0,21,0,0,0,21
GENE.1244,chr5;chr5;chr5;chr5,973518;973945;974124;975843,973526;973993;975633;975876,+;+;+;+,1602,1786,1781,1775,1708,1634,111,530,111,1634
GENE.1245,chr5;chr5;chr5;chr5;chr5;chr5,976690;976926;977231;977466;977620;977798,976772;977000;977309;977500;977671;977815,-;-;-;-;-;-,342,52,52,53,50,63,5,20,5,63
GENE.1246,chr5;chr5;chr5;chr5;chr5,978665;979026;979321;979560;979694,978816;979154;979447;979598;979870,+;+;+;+;+,624,254,253,252,230,209,9,84,9,209
GENE.1247,chr5;chr5,980754;985131,984936;985354,-;-,4407,5738,5692,5659,4890,4661,250,1549,250,4660
GENE.1248,chr5,990005,992059,+,2055,1186,1165,1179,1006,972,41,330,41,968
GENE.1249,chr5;chr5;chr5,993433;994074;994591,993885;994215;994607,-;-;-,612,1012,1002,973,753,710,74,270,74,710
GENE.125,chr1,126318,128141,-,1824,0,3,13,0,35,0,53,0,35
GENE.1250,chr5,998753,1002124,+,3372,11840,11808,11703,11144,10690,1027,3412,1027,10690
GENE.1251,chr5;chr5,1004237;1008003,1007862;1008108,+;+,3732,2378,2361,2371,2132,2003,74,704,74,2003
GENE.1252,chr5;chr5;chr5,1008636;1008954;1009173,1008799;1009022;1009404,-;-;-,465,85,88,83,77,86,3,20,3,86
GENE.1253,chr5,1010951,1012171,-,1221,476,476,475,430,417,17,157,17,417
GENE.1254,chr5,1013453,1014550,-,1098,0,0,4,0,43,0,8,0,43
GENE.1255,chr5,1016198,1016569,+,372,0,0,3,0,14,0,0,0,14
GENE.1256,chr5,1017809,1018582,+,774,1532,1531,1520,1576,1366,94,461,94,1366
GENE.1257,chr5,1019585,1019902,-,318,0,0,0,0,5,0,0,0,5
GENE.1258,chr5;chr5,1021408;1024047,1023249;1024307,-;-,2103,1565,1558,1548,1439,1376,133,485,133,1376
GENE.1259,chr5,1027396,1030362,+,2967,50386,50100,49567,47418,42735,3626,13926,3626,42723
GENE.126,chr1,128960,130840,-,1881,424,419,423,374,385,18,102,18,385
GENE.1260,chr5,1036229,1038343,+,2115,0,5,15,0,86,0,14,0,85
GENE.1261,chr5,1041745,1043766,+,2022,15284,15140,14980,13868,12852,599,3445,599,12852
GENE.1262,chr5;chr5;chr5,1045462;1051005;1051210,1050875;1051096;1051253,+;+;+,5550,16059,16099,15770,16781,13718,885,4496,885,13702
GENE.1263,chr5,1052468,1053913,-,1446,542,543,543,520,489,32,257,32,489
GENE.1264,chr5,1057651,1059054,+,1404,576,572,576,514,524,27,135,27,524
GENE.1265,chr5,1059918,1065509,-,5592,0,34,122,0,162,0,180,0,158
GENE.1266,chr5;chr5,1066526;1066751,1066619;1067712,-;-,1056,394,395,400,390,396,54,155,54,396
GENE.1267,chr5;chr5,1068516;1069142,1068767;1069285,+;+,396,0,1,1,0,15,0,0,0,15
GENE.1268,chr5,1071247,1072149,+,903,518,499,493,384,334,17,82,17,334
GENE.1269,chr5;chr5;chr5;chr5;chr5;chr5;chr5;chr5,1073646;1073966;1074276;1074513;1074765;1075043;1075348;1075588,1073746;1074038;1074372;1074647;1074907;1075177;1075467;1075644,+;+;+;+;+;+;+;+,861,55,56,56,49,79,1,15,1,79
GENE.127,chr1;chr1;chr1;chr1;chr1;chr1;chr1,132086;132281;132481;132693;133017;133285;133513,132153;132355;132597;132929;133115;133356;133624,-;-;-;-;-;-;-,780,0,0,4,0,26,0,5,0,26
GENE.1270,chr5,1075913,1078333,-,2421,0,3,16,0,69,1,39,1,69
GENE.1271,chr5,1079779,1081008,+,1230,0,2,4,0,45,0,53,0,45
GENE.1272,chr5;chr5;chr5;chr5;chr5;chr5,1081558;1082722;1082887;1083057;1083410;1083583,1082560;1082787;1082920;1083145;1083504;1083816,-;-;-;-;-;-,1521,11855,11811,11766,12377,11081,1484,4398,1484,11077
GENE.1273,chr5;chr5;chr5;chr5;chr5;chr5,1081558;1082722;1082887;1083057;1083410;1083583,1082560;1082784;1082920;1083145;1083504;1083816,-;-;-;-;-;-,1518,11855,11811,11766,12377,11081,1484,4398,1484,11077
GENE.1274,chr5,1085623,1086594,-,972,162,161,161,156,188,10,46,10,188
GENE.1275,chr5,1088423,1089508,+,1086,0,0,4,0,26,0,2,0,26
GENE.1276,chr5,1090930,1095084,+,4155,2600,2577,2569,2496,2328,104,855,104,2325
GENE.1277,chr5,1101203,1114777,+,13575,7850,8718,8567,11220,7938,569,2220,547,7827
GENE.1278,chr5,1117261,1119651,-,2391,4902,4885,4813,4638,4241,282,1374,282,4239
GENE.1279,chr5,1120704,1121810,-,1107,0,1,3,0,34,0,12,0,34
GENE.128,chr1,134353,139257,-,4905,13508,13413,13237,11650,10339,591,3206,591,10322
GENE.1280,chr5;chr5;chr5;chr5,1123610;1123901;1124084;1124452,1123790;1123978;1124325;1124595,+;+;+;+,645,414,414,404,364,320,5,91,5,320
GENE.1281,chr5;chr5,1125099;1125402,1125242;1128146,-;-,2889,0,0,5,0,74,0,0,0,74
GENE.1282,chr5;chr5;chr5;chr5,1129959;1130279;1130488;1130700,1130180;1130373;1130574;1130754,-;-;-;-,459,260,258,258,300,261,13,69,13,261
GENE.1283,chr5;chr5,1132937;1134754,1134653;1134854,-;-,1818,1666,1656,1656,1594,1553,71,426,71,1551
GENE.1284,chr5;chr5;chr5,1135976;1136680;1137723,1136499;1136991;1137870,-;-;-,984,6313,6272,6127,5303,4878,316,1865,316,4878
GENE.1285,chr5,1140627,1141154,+,528,518,516,500,500,418,21,122,21,418
GENE.1286,chr5;chr5,1143618;1144002,1143636;1145359,+;+,1377,0,1,3,0,39,0,5,0,39
GENE.1287,chr5;chr5;chr5;chr5;chr5;chr5;chr5;chr5;chr5;chr5;chr5,1145857;1146009;1146277;1146486;1146716;1146976;1147657;1147835;1148045;1148368;1148733,1145881;1146181;1146356;1146524;1146790;1147538;1147721;1147926;1148166;1148423;1148810,-;-;-;-;-;-;-;-;-;-;-,1368,5759,5753,5662,5347,4658,242,1427,242,4658
GENE.1288,chr5,1150234,1150306,+,73,0,0,1,0,1,0,0,0,1
GENE.1289,chr5,1151227,1151309,-,83,0,0,0,0,2,0,0,0,2
GENE.129,chr1;chr1,140662;141340,141086;142219,-;-,1305,0,1,3,0,36,0,31,0,36
GENE.1290,chr5,1153676,1155673,+,1998,3758,3720,3708,3566,3251,216,1065,216,3251
GENE.1291,chr5,1156205,1156579,-,375,0,0,1,0,8,0,0,0,8
GENE.1292,chr5;chr5;chr5;chr5;chr5;chr5;chr5;chr5,1157840;1158044;1158278;1158480;1158750;1159010;1159201;1159399,1157899;1158160;1158385;1158614;1158820;1159071;1159282;1161553,-;-;-;-;-;-;-;-,2790,0,14,8,0,88,0,6,0,88
GENE.1293,chr5;chr5,1163408;1164974,1164862;1165072,-;-,1554,4930,4927,4884,4626,4462,332,1400,332,4462
GENE.1294,chr5,1166520,1168010,-,1491,434,436,437,396,447,20,149,20,447
GENE.1295,chr5;chr5;chr5;chr5;chr5;chr5;chr5;chr5,1171659;1171942;1172347;1172578;1173221;1173405;1173608;1173790,1171775;1172217;1172411;1172992;1173315;1173477;1173686;1173890,+;+;+;+;+;+;+;+,1221,649,649,643,609,580,36,170,36,580
GENE.1296,chr5;chr5;chr5;chr5;chr5;chr5;chr5;chr5;chr5;chr5,1174907;1175100;1175313;1175531;1175685;1176050;1176313;1176499;1176714;1177058,1174994;1175212;1175399;1175592;1175897;1176116;1176405;1176592;1176810;1177067,+;+;+;+;+;+;+;+;+;+,924,806,798,798,679,588,20,227,20,588
GENE.1297,chr5,1176969,1177286,-,318,7,7,7,7,11,2,8,2,11
GENE.1298,chr5,1178276,1178890,-,615,0,0,0,0,22,0,0,0,22
GENE.1299,chr5,1180425,1182038,-,1614,2730,2720,2721,2774,2711,376,1185,376,2711
GENE.13,chrM,1650,1688,+,39,0,0,0,0,0,0,0,0,0
GENE.130,chr1,143640,146396,-,2757,172,180,191,162,176,18,139,18,176
GENE.1300,chr5;chr5;chr5;chr5;chr5;chr5;chr5;chr5;chr5,1183916;1184085;1184330;1184617;1184916;1185109;1185278;1185421;1185595,1183987;1184221;1184381;1184749;1185028;1185155;1185307;1185478;1185639,-;-;-;-;-;-;-;-;-,687,793,789,782,697,553,18,264,18,553
GENE.1301,chr5,1186787,1188946,-,2160,1128,1124,1118,1024,1003,81,334,81,1002
GENE.1302,chr5;chr5,1191000;1191162,1191030;1191682,-;-,552,196,196,197,194,221,22,76,22,221
GENE.1303,chr5;chr5;chr5;chr5;chr5;chr5,1192973;1193244;1193550;1193806;1194147;1195219,1193129;1193396;1193693;1193981;1195049;1195332,+;+;+;+;+;+,1647,3254,3181,3123,2310,1925,220,970,220,1925
GENE.1304,chr5;chr5,1196315;1197297,1197061;1197389,+;+,840,2393,2389,2387,2316,2170,78,530,78,2170
GENE.1305,chr5;chr5;chr5;chr5;chr5;chr5;chr5;chr5;chr5,1199165;1202021;1202212;1202823;1202996;1203617;1204009;1204576;1204771,1201856;1202083;1202607;1202875;1203469;1203805;1204374;1204674;1205187,+;+;+;+;+;+;+;+;+,4749,8567,8492,8467,8699,7489,540,2656,540,7481
GENE.1306,chr5;chr5;chr5;chr5;chr5;chr5;chr5;chr5;chr5;chr5,1199165;1202021;1202212;1202502;1202823;1202996;1203617;1204009;1204576;1204771,1201856;1202083;1202261;1202607;1202875;1203469;1203805;1204374;1204674;1205187,+;+;+;+;+;+;+;+;+;+,4509,8514,8435,8409,8633,7430,533,2624,533,7422
GENE.1307,chr5;chr5;chr5;chr5;chr5;chr5,1206473;1206700;1206947;1207138;1207371;1207598,1206550;1206779;1207044;1207271;1207438;1207679,+;+;+;+;+;+,540,0,0,2,0,25,0,2,0,25
GENE.1308,chr5,1208390,1208462,+,73,0,0,0,0,1,0,0,0,1
GENE.1309,chr5;chr5,1209006;1209232,1209095;1212102,-;-,2961,1446,1775,1748,2116,1909,107,493,107,1909
GENE.131,chr1,147915,152777,-,4863,7764,8104,7648,8008,6875,539,2279,527,6855
GENE.1310,chr5;chr5,1213533;1215007,1214883;1219376,+;+,5721,32772,32614,32334,32330,28559,2039,9164,2039,28530
GENE.1311,chr5;chr5;chr5,1220777;1221398;1221930,1221242;1221723;1221992,-;-;-,855,355,353,350,334,356,22,93,22,356
GENE.1312,chr5,1224598,1224891,-,294,0,0,0,0,10,0,1,0,10
GENE.1313,chr5;chr5,1226883;1227383,1227185;1227757,+;+,678,441,440,436,411,447,45,144,45,447
GENE.1314,chr5,1229077,1230651,-,1575,2366,2359,2334,2250,2188,215,820,215,2188
GENE.1315,chr5;chr5;chr5;chr5,1233401;1237588;1237778;1237971,1237462;1237659;1237868;1238086,+;+;+;+,4341,3366,3344,3318,3064,2906,218,1169,218,2900
GENE.1316,chr5,1238633,1243987,-,5355,0,15,29,0,161,0,62,0,160
GENE.1317,chr5;chr5;chr5;chr5;chr5,1244751;1247287;1247600;1247953;1248280,1247171;1247470;1247754;1248142;1248359,+;+;+;+;+,3030,0,2,15,0,80,0,88,0,80
GENE.1318,chr5;chr5,1248368;1248756,1248505;1249961,-;-,1344,2238,2560,2358,3720,3149,166,659,166,3149
GENE.1319,chr5;chr5,1250737;1251692,1251489;1254190,+;+,3252,0,11,44,0,82,1,102,1,81
GENE.132,chr1;chr1;chr1;chr1;chr1;chr1;chr1,154176;156657;159141;159319;159556;159756;160088,156520;158966;159234;159431;159645;159936;160426,+;+;+;+;+;+;+,5472,25611,25517,24957,23317,20667,1280,6948,1280,20656
GENE.1320,chr5;chr5;chr5;chr5;chr5;chr5;chr5;chr5;chr5;chr5,1255221;1255600;1255866;1256078;1256194;1256335;1256515;1256785;1257054;1257227,1255298;1255651;1255948;1256120;1256261;1256404;1256643;1256926;1257125;1257254,+;+;+;+;+;+;+;+;+;+,765,37,37,38,39,53,5,62,5,53
GENE.1321,chr5,1257723,1265750,-,8028,16706,16627,16566,15478,14494,1117,5096,1117,14481
GENE.1322,chr5,1267410,1269539,+,2130,0,0,7,0,48,0,4,0,48
GENE.1323,chr5,1270388,1278484,-,8097,8372,8257,8249,7766,6785,454,2330,454,6782
GENE.1324,chr5,1279958,1280599,-,642,8,8,10,8,28,0,3,0,28
GENE.1325,chr5;chr5,1281289;1281429,1281350;1282254,+;+,888,0,2,3,0,19,0,17,0,19
GENE.1326,chr5,1282591,1286106,-,3516,10422,10363,10322,9934,9452,836,3301,836,9452
GENE.1327,chr5,1288559,1289308,+,750,0,0,4,0,23,0,6,0,22
GENE.1328,chr5,1289601,1291692,+,2092,4486,6227,4198,6334,5593,570,439,570,5593
GENE.1329,chr5,1291693,1292051,+,359,0,0,2,0,6,0,0,0,6
GENE.133,chr1;chr1;chr1,161131;165553;166033,165282;165808;166229,+;+;+,4605,29300,29164,29024,28535,26572,2306,8154,2306,26563
GENE.1330,chr5,1292052,1292210,+,159,0,0,0,0,4,0,0,0,4
GENE.1331,chr5,1292211,1292409,+,199,0,0,0,0,3,0,0,0,3
GENE.1332,chr5,1292410,1296199,+,3790,32044,31306,24073,30514,29734,2568,2861,2568,29734
GENE.1333,chr5,1301224,1301769,+,546,0,0,2,0,7,0,1,0,7
GENE.1334,chr5;chr5,1303662;1304467,1304282;1304526,-;-,681,292,291,284,248,250,9,74,9,250
GENE.1335,chr5;chr5,1308278;1308612,1308478;1309940,+;+,1530,0,0,0,0,35,0,1,0,35
GENE.1336,chr5;chr5,1312471;1312766,1312668;1314154,+;+,1587,3198,3175,3081,2554,2279,129,1005,129,2279
GENE.1337,chr5;chr5,1316342;1316541,1316401;1316846,+;+,366,17,17,19,19,26,4,10,4,26
GENE.1338,chr5;chr5,1318531;1319155,1318941;1319229,-;-,486,28,28,28,30,44,5,16,5,44
GENE.1339,chr5;chr5,1322400;1322785,1322783;1323249,-;-,849,998,994,993,950,913,71,316,71,913
GENE.134,chr1;chr1;chr1;chr1;chr1;chr1,166513;167658;168090;168305;168489;168626,167557;167926;168206;168362;168545;168687,+;+;+;+;+;+,1608,0,0,8,0,30,2,5,2,30
GENE.1340,chr5;chr5;chr5,1324239;1324789;1324926,1324787;1324923;1325027,-;-;-,786,0,0,0,0,15,0,28,0,15
GENE.1341,chr5;chr5,1326245;1326545,1326316;1327429,+;+,957,3047,3017,2935,2471,2329,107,497,107,2329
GENE.1342,chr5;chr5,1329555;1329849,1329623;1330808,+;+,1029,635,633,635,583,536,36,178,36,536
GENE.1343,chr5,1333470,1342964,+,9495,0,3,5,0,191,0,26,0,191
GENE.1344,chr6,653,1432,-,780,0,0,0,0,28,0,0,0,28
GENE.1345,chr6;chr6,3503;11630,10936;12835,+;+,8640,0,21,22,8,226,13,93,13,226
GENE.1346,chr6;chr6,15065;16357,16126;16410,-;-,1116,138,170,154,128,148,34,123,34,146
GENE.1347,chr6;chr6,18586;19980,19821;22721,-;-,3978,3546,5890,4861,6440,5202,454,664,454,5185
GENE.1348,chr6;chr6,26557;26766,26610;27830,+;+,1119,284,551,506,696,644,101,122,101,644
GENE.1349,chr6;chr6,29618;31413,30868;31484,-;-,1323,729,789,763,646,653,53,155,53,645
GENE.135,chr1;chr1;chr1;chr1;chr1;chr1;chr1;chr1;chr1;chr1,169079;169216;169400;169598;169821;170042;170405;170733;170956;171152,169126;169317;169455;169702;169890;170283;170606;170855;171028;171273,-;-;-;-;-;-;-;-;-;-,1143,1122,1120,1116,1052,996,101,446,101,996
GENE.1350,chr6;chr6,31965;33191,32960;33244,-;-,1050,2341,2359,2304,2158,2047,143,506,143,2043
GENE.1351,chr6;chr6;chr6,35355;35605;36527,35602;36355;36595,-;-;-,1068,1033,1029,1018,902,849,66,286,65,849
GENE.1352,chr6;chr6,38721;39710,39611;39781,-;-,963,2194,2172,2146,1936,1751,125,567,124,1751
GENE.1353,chr6;chr6,42097;43150,42957;43218,-;-,930,0,3356,1996,4053,2683,195,39,195,2683
GENE.1354,chr6;chr6,44450;44593,44518;45216,+;+,693,538,2424,1784,2666,1951,157,152,157,1951
GENE.1355,chr6;chr6,47463;47626,47531;48261,+;+,705,966,982,864,974,857,56,128,56,857
GENE.1356,chr6,48874,49722,-,849,0,7319,4726,8350,6414,279,114,279,6414
GENE.1357,chr6,51351,52898,+,1548,0,503,329,556,491,84,33,84,491
GENE.1358,chr6;chr6,65788;67194,67107;67277,-;-,1404,1672,1646,1323,1676,1529,172,119,172,1529
GENE.1359,chr6,68833,69693,-,861,0,637,254,936,329,32,60,32,329
GENE.136,chr1,172864,174591,+,1728,520,521,528,458,504,34,382,34,504
GENE.1360,chr6;chr6,70948;71198,71079;71935,+;+,870,0,1,1,0,22,0,0,0,22
GENE.1361,chr6,74254,74362,-,109,0,0,0,0,1,0,11,0,1
GENE.1362,chr6;chr6,78190;78587,78378;78784,+;+,387,0,0,0,0,9,0,3,0,9
GENE.1363,chr6,82609,86922,-,4314,20042,19790,19721,19440,17421,1339,5423,1339,17377
GENE.1364,chr6;chr6,92506;96533,96422;96668,+;+,4053,1824,1815,1801,1646,1614,125,530,125,1614
GENE.1365,chr6;chr6;chr6,97890;98624;98850,98428;98741;98951,+;+;+,759,2273,2260,2245,2043,1936,132,611,132,1936
GENE.1366,chr6,99781,100725,+,945,0,2,4,0,35,0,4,0,35
GENE.1367,chr6;chr6;chr6;chr6,101385;101602;101820;102009,101464;101694;101907;104561,-;-;-;-,2814,0,10,6,0,83,0,136,0,83
GENE.1368,chr6,105503,106642,+,1140,0,3,0,0,30,0,4,0,30
GENE.1369,chr6;chr6;chr6;chr6;chr6,107037;107582;108163;108566;109057,107226;108060;108426;108918;111664,-;-;-;-;-,3894,762,781,778,696,712,42,215,42,706
GENE.137,chr1;chr1;chr1,175609;175834;175998,175666;175888;176376,+;+;+,492,0,1,4,0,3,0,1,0,3
GENE.1370,chr6,113824,115224,-,1401,156,159,163,162,193,26,116,26,193
GENE.1371,chr6,116084,118024,+,1941,7534,7427,7293,6644,5444,295,1552,295,5438
GENE.1372,chr6;chr6,118638;119224,119070;120203,-;-,1413,0,4,9,0,51,0,123,0,51
GENE.1373,chr6,122634,124412,+,1779,0,4,18,0,56,0,54,0,56
GENE.1374,chr6,125458,126816,-,1359,7116,7054,6886,6810,6540,650,2601,650,6510
GENE.1375,chr6,128621,130036,+,1416,0,0,4,0,48,0,5,0,48
GENE.1376,chr6,130329,132038,-,1710,2044,2037,2033,1834,1700,110,485,110,1700
GENE.1377,chr6,133150,136461,-,3312,0,5,15,0,96,0,69,0,96
GENE.1378,chr6,139193,140518,+,1326,0,0,3,0,62,1,29,1,61
GENE.1379,chr6;chr6;chr6,141418;141832;146847,141570;146688;148943,-;-;-,7107,30174,29995,29791,28276,26409,1973,8354,1973,26392
GENE.138,chr1;chr1,178087;179190,178861;180790,+;+,2376,11306,11265,11224,10484,9519,683,3562,683,9517
GENE.1380,chr6,151055,152386,+,1332,2650,2638,2636,2288,2132,94,703,94,2132
GENE.1381,chr6;chr6;chr6;chr6;chr6;chr6;chr6;chr6;chr6;chr6;chr6;chr6;chr6;chr6;chr6;chr6;chr6;chr6;chr6;chr6,152541;152721;153006;153195;153650;155602;156426;156699;156877;157115;157394;157665;158164;158463;158690;159045;159376;159572;159867;160165,152603;152884;153096;153443;155393;156331;156599;156796;156948;157292;157535;158016;158355;158560;158941;159268;159470;159708;160001;160455,-;-;-;-;-;-;-;-;-;-;-;-;-;-;-;-;-;-;-;-,5481,34675,34512,34058,30693,28129,1799,9191,1799,28123
GENE.1382,chr6,161254,162381,-,1128,0,1,9,0,36,0,20,0,36
GENE.1383,chr6,163828,169860,-,6033,43538,43269,42840,40220,36860,3038,12079,3037,36827
GENE.1384,chr6,171301,177240,-,5940,0,24,97,0,212,2,387,2,206
GENE.1385,chr6;chr6;chr6,180936;181194;181401,181071;181258;181481,+;+;+,282,0,0,2,0,6,0,1,0,6
GENE.1386,chr6,182216,184537,+,2322,0,40,75,0,89,0,504,0,89
GENE.1387,chr6;chr6;chr6;chr6,184892;185413;185613;185803,185244;185489;185678;185843,+;+;+;+,537,902,900,899,842,754,37,281,37,754
GENE.1388,chr6;chr6;chr6;chr6,189012;197547;197745;197947,197385;197591;197818;198078,+;+;+;+,8625,20182,20143,20091,19056,17948,1397,6665,1397,17883
GENE.1389,chr6;chr6,198862;201577,201221;204355,+;+,5139,16070,15969,15790,14330,13300,837,4130,837,13300
GENE.139,chr1,182822,184222,-,1401,348,345,349,316,303,14,86,14,303
GENE.1390,chr6;chr6;chr6;chr6;chr6;chr6,204640;204976;205228;205404;205604;205875,204804;205107;205293;205502;205732;206207,-;-;-;-;-;-,924,2646,2636,2577,2272,2105,38,649,38,2105
GENE.1391,chr6,206855,211159,-,4305,9758,9658,9471,8726,8192,549,2399,549,8191
GENE.1392,chr6;chr6;chr6,212415;212618;212985,212472;212799;213032,-;-;-,288,10,11,11,12,19,1,4,1,19
GENE.1393,chr6,213558,214142,+,585,84,84,86,84,95,4,63,4,95
GENE.1394,chr6,217240,219507,+,2268,3314,3232,3183,2984,2658,147,1082,147,2651
GENE.1395,chr6;chr6;chr6;chr6;chr6;chr6,220407;220578;220742;221010;221225;221637,220445;220638;220869;221107;221351;221813,-;-;-;-;-;-,630,0,0,0,0,18,0,3,0,18
GENE.1396,chr6;chr6;chr6;chr6,222739;223050;223308;223507,222852;223144;223379;224287,+;+;+;+,1062,4317,4307,4301,4023,3641,361,1285,361,3641
GENE.1397,chr6,224613,225095,-,483,254,249,250,230,245,13,84,13,245
GENE.1398,chr6;chr6,225346;225689,225411;227446,-;-,1824,1818,1813,1803,1712,1495,79,570,79,1493
GENE.1399,chr6;chr6;chr6;chr6;chr6;chr6;chr6,228132;233063;233313;233475;234080;234580;234779,232823;233205;233361;233754;234270;234654;234835,-;-;-;-;-;-;-,5487,8679,8645,8624,8105,7936,742,2851,742,7934
GENE.14,chrM,1697,1763,+,67,0,0,0,0,0,0,0,0,0
GENE.140,chr1;chr1;chr1,190269;197550;200891,197316;200661;201230,+;+;+,10500,16506,16511,16346,16084,14583,1230,5014,1230,14548
GENE.1400,chr6,236397,237251,+,855,0,3,17,0,34,0,98,0,33
GENE.1401,chr6,237811,244521,-,6711,0,7,32,0,192,1,61,1,192
GENE.1402,chr6;chr6;chr6;chr6;chr6,247640;248077;248336;248731;248999,247954;248204;248500;248836;249166,+;+;+;+;+,882,1985,1975,1967,1764,1570,34,330,34,1570
GENE.1403,chr6,250612,253803,-,3192,6738,6661,6604,5906,5697,547,1998,547,5682
GENE.1404,chr6;chr6;chr6;chr6,257604;258097;258396;258718,257728;258319;258539;259974,+;+;+;+,1749,0,3,6,0,69,0,39,0,69
GENE.1405,chr6;chr6;chr6;chr6,261031;261388;261614;261869,261251;261496;261674;261945,-;-;-;-,468,1072,1064,1052,877,761,37,273,37,761
GENE.1406,chr6,262826,263194,+,369,0,1,0,0,16,0,0,0,16
GENE.1407,chr6;chr6;chr6;chr6;chr6,263936;264126;264304;264584;264775,264007;264187;264442;264632;264830,-;-;-;-;-,378,14,14,16,16,38,4,17,4,38
GENE.1408,chr6;chr6;chr6;chr6;chr6,265839;266045;266398;266807;267094,265925;266248;266655;266943;268399,-;-;-;-;-,1992,4985,4961,4959,4742,4611,417,1874,417,4611
GENE.1409,chr6;chr6,270332;270558,270371;277762,-;-,7245,7630,7854,7597,8146,7004,357,2381,350,6981
GENE.141,chr1,202536,204143,+,1608,0,0,3,0,33,0,43,0,33
GENE.1410,chr6;chr6;chr6;chr6,282049;286435;286738;286982,286263;286576;286883;287017,+;+;+;+,4539,0,9,11,0,171,1,60,1,170
GENE.1411,chr6,288377,289276,-,900,0,0,0,0,29,1,0,1,29
GENE.1412,chr6,290426,291085,-,660,90,91,91,94,117,9,35,9,117
GENE.1413,chr6,293864,296797,+,2934,0,5,6,0,100,0,69,0,100
GENE.1414,chr6;chr6;chr6;chr6;chr6;chr6;chr6;chr6;chr6;chr6;chr6;chr6;chr6;chr6;chr6;chr6,297941;298117;298364;298647;298881;299029;299287;299447;299642;299803;300038;300276;300462;300733;300936;301150,298020;298225;298531;298780;298932;299167;299362;299492;299691;299842;300109;300338;300615;300863;300992;301197,+;+;+;+;+;+;+;+;+;+;+;+;+;+;+;+,1419,0,1,1,0,51,0,10,0,51
GENE.1415,chr6;chr6,301874;303257,303129;303290,-;-,1290,172,170,167,132,200,11,46,11,200
GENE.1416,chr6;chr6,304638;304970,304806;306042,+;+,1242,932,921,905,822,733,38,205,38,733
GENE.1417,chr6;chr6;chr6;chr6;chr6;chr6;chr6;chr6;chr6;chr6;chr6;chr6;chr6,306384;306520;306730;306879;307050;307233;307524;307722;308041;308175;308425;308833;309377,306416;306585;306792;306935;307110;307367;307613;307794;308078;308282;308691;309158;309961,-;-;-;-;-;-;-;-;-;-;-;-;-,1902,0,4,2,0,95,0,28,0,95
GENE.1418,chr6,311550,313115,+,1566,8092,8079,8074,9084,7878,719,2416,719,7878
GENE.1419,chr6;chr6;chr6;chr6;chr6,313856;314032;314170;314409;314608,313908;314078;314284;314504;316882,-;-;-;-;-,2586,26175,26153,26006,26053,25387,2502,9667,2502,25338
GENE.142,chr1,204622,205455,-,834,3602,3589,3570,4148,3209,117,802,117,3209
GENE.1420,chr6,320740,328998,+,8259,0,62,117,0,288,0,688,0,281
GENE.1421,chr6;chr6,329537;329954,329789;331725,-;-,2025,306,314,308,532,400,18,280,18,400
GENE.1422,chr6,332343,334934,+,2592,17122,16955,16654,16080,13726,890,4345,890,13723
GENE.1423,chr6;chr6;chr6;chr6;chr6;chr6;chr6;chr6;chr6;chr6;chr6;chr6,335107;335332;335546;335742;335908;336093;336252;336419;336531;336789;337004;337293,335252;335405;335647;335807;335974;336157;336320;336452;336636;336867;337157;337368,-;-;-;-;-;-;-;-;-;-;-;-,1038,1536,1529,1489,1408,1345,102,452,102,1345
GENE.1424,chr6,337792,341760,+,3969,0,5,21,0,120,0,168,0,120
GENE.1425,chr6;chr6;chr6;chr6,341874;342095;342334;342730,341932;342187;342560;342821,-;-;-;-,471,0,0,0,0,32,0,3,0,32
GENE.1426,chr6,343212,347507,+,4296,7768,7827,7598,7922,6187,307,2101,307,6187
GENE.1427,chr6,348010,349371,+,1362,0,1,6,0,42,0,0,0,42
GENE.1428,chr6;chr6,349946;350228,349978;350515,-;-,321,0,0,0,0,15,0,2,0,15
GENE.1429,chr6;chr6,351780;352667,352378;352775,-;-,708,1333,1331,1323,1247,1085,124,431,124,1085
GENE.143,chr1,206170,210189,+,4020,14836,14950,14735,14170,12669,720,3990,718,12643
GENE.1430,chr6;chr6,355229;355456,355259;356276,+;+,852,2984,2966,2938,2772,2734,323,1083,323,2733
GENE.1431,chr6;chr6,358391;360082,359900;360203,+;+,1632,5649,5600,5478,4679,4245,213,1299,213,4245
GENE.1432,chr6,362635,363879,+,1245,0,2,4,0,46,0,0,0,46
GENE.1433,chr6;chr6,365287;368415,368229;368459,+;+,2988,0,7,11,0,90,0,141,0,90
GENE.1434,chr6,370261,388494,+,18234,46382,46072,45622,41780,38489,2489,13537,2489,38458
GENE.1435,chr6;chr6;chr6;chr6;chr6;chr6;chr6,388915;389283;389448;389699;389906;390187;390339,389115;389347;389535;389817;390047;390238;390748,-;-;-;-;-;-;-,1077,0,0,4,0,37,0,1,0,37
GENE.1436,chr6;chr6,392991;393434,393210;394611,+;+,1398,0,2,9,0,41,0,15,0,41
GENE.1437,chr6;chr6,396242;399154,399069;399289,+;+,2964,0,9,18,0,117,0,265,0,115
GENE.1438,chr6,399813,401624,-,1812,0,4,5,0,66,0,6,0,65
GENE.1439,chr6;chr6;chr6;chr6;chr6;chr6;chr6;chr6;chr6;chr6,402722;402965;403254;403549;403790;404017;404251;404540;404888;405323,402817;403073;403349;403701;403889;404164;404386;404706;405166;407242,+;+;+;+;+;+;+;+;+;+,3204,7391,7349,7323,7032,6690,552,2453,552,6690
GENE.144,chr1,210870,213005,+,2136,6556,6533,6399,5598,5096,208,1545,208,5096
GENE.1440,chr6;chr6,408041;411493,411304;412002,+;+,3774,0,6,25,0,113,1,91,1,112
GENE.1441,chr6;chr6;chr6,413652;414124;419716,413949;419465;419781,+;+;+,5706,2356,2349,2352,2088,2123,124,843,124,2121
GENE.1442,chr6;chr6;chr6;chr6,421157;421422;422198;422532,421270;421943;422325;422622,-;-;-;-,855,228,228,229,236,261,22,90,22,261
GENE.1443,chr6,425805,431858,+,6054,40754,40426,39708,36602,33082,2878,12163,2878,33082
GENE.1444,chr6;chr6;chr6,433008;433120;433589,433010;433468;434178,+;+;+,942,834,834,835,836,797,104,315,104,795
GENE.1445,chr6;chr6;chr6,434807;436118;436396,435969;436219;436465,-;-;-,1335,1691,1682,1660,1551,1411,69,393,69,1408
GENE.1446,chr6,437663,440545,-,2883,0,16,29,0,82,0,86,0,80
GENE.1447,chr6,442806,443219,-,414,600,598,591,520,421,7,135,7,421
GENE.1448,chr6,444747,445157,+,411,524,516,505,400,343,17,106,17,343
GENE.1449,chr6;chr6,445761;446263,446031;446363,-;-,372,0,0,2,0,14,0,111,0,14
GENE.145,chr1,215776,217509,+,1734,894,895,908,862,919,81,290,81,919
GENE.1450,chr6;chr6;chr6,449291;450957;451417,450578;451165;451461,+;+;+,1542,1610,1603,1589,1500,1449,117,512,117,1449
GENE.1451,chr6;chr6;chr6,452667;452870;453347,452701;452998;453446,+;+;+,264,20,20,19,27,24,0,7,0,24
GENE.1452,chr6,453671,455689,+,2019,1372,1369,1339,1222,1217,71,463,71,1217
GENE.1453,chr6,456747,460589,-,3843,0,9,23,0,128,0,30,0,128
GENE.1454,chr6;chr6;chr6,463564;463823;464514,463700;464386;464676,-;-;-,864,34,36,35,32,62,2,16,2,62
GENE.1455,chr6,466198,466449,-,252,0,0,0,0,4,0,0,0,4
GENE.1456,chr6;chr6;chr6,467481;467861;468525,467679;468380;468642,+;+;+,837,88,91,89,86,103,5,42,5,103
GENE.1457,chr6;chr6;chr6,470049;470224;470894,470051;470732;471224,+;+;+,843,1961,1951,1948,1876,1774,122,442,122,1774
GENE.1458,chr6,471658,474150,-,2493,21568,21446,21456,20540,19967,1786,7208,1786,19959
GENE.1459,chr6,482825,483907,-,1083,2732,2727,2725,2672,2557,196,870,196,2557
GENE.146,chr1,218517,218824,-,308,0,1,1,0,5,0,0,0,5
GENE.1460,chr6,485114,487066,-,1953,0,3,14,0,56,0,52,0,56
GENE.1461,chr6;chr6;chr6,488579;488881;489285,488627;488984;489287,-;-;-,156,19,19,19,19,23,3,8,3,23
GENE.1462,chr6;chr6;chr6;chr6;chr6,490858;491071;491283;491578;491810,490959;491164;491429;491650;501140,-;-;-;-;-,9747,44700,44477,43722,42366,37532,2797,12693,2797,37333
GENE.1463,chr6;chr6;chr6,506380;506843;507160,506741;506972;507198,+;+;+,531,194,193,192,194,202,9,62,9,202
GENE.1464,chr6;chr6;chr6,507678;508022;508197,507784;508079;508286,-;-;-,255,6,6,7,6,17,1,4,1,17
GENE.1465,chr6,509160,511130,-,1971,1586,1596,1567,1486,1441,83,504,83,1430
GENE.1466,chr6;chr6;chr6;chr6;chr6;chr6;chr6;chr6,512972;513288;513720;513882;514151;514397;514599;514794,513073;513598;513783;514032;514242;514469;514645;519548,-;-;-;-;-;-;-;-,5595,534,548,558,482,610,29,257,29,610
GENE.1467,chr6,520751,521107,+,357,0,3,0,0,8,0,0,0,8
GENE.1468,chr6,521228,521938,+,711,0,3,3,0,26,0,143,0,26
GENE.1469,chr6,522300,522665,-,366,0,1,2,0,15,0,0,0,15
GENE.147,chr1,218894,219223,-,330,0,0,2,0,7,0,18,0,7
GENE.1470,chr6,523657,525105,-,1449,0,40,58,0,53,1,30,1,48
GENE.1471,chr6,525987,527030,-,1044,1106,1104,1103,1066,1078,128,410,128,1078
GENE.1472,chr6,528060,529175,-,1116,5040,4708,4675,5440,3995,412,1438,412,3989
GENE.1473,chr6,531126,533186,+,2061,1934,1923,1894,1704,1696,149,502,149,1696
GENE.1474,chr6;chr6;chr6;chr6;chr6;chr6,533932;534221;534623;534929;535151;535333,533974;534254;534673;535038;535246;535364,-;-;-;-;-;-,366,0,0,3,0,21,0,1,0,21
GENE.1475,chr6;chr6;chr6;chr6;chr6,533932;534604;534929;535151;535333,533974;534673;535038;535246;535364,-;-;-;-;-,351,0,0,3,0,22,0,1,0,22
GENE.1476,chr6;chr6;chr6;chr6;chr6,533907;534623;534929;535151;535333,533974;534673;535038;535246;535364,-;-;-;-;-,357,0,0,3,0,22,0,1,0,22
GENE.1477,chr6;chr6;chr6;chr6,537778;538011;538366;538532,537840;538066;538429;538585,+;+;+;+,237,0,0,0,0,14,0,24,0,14
GENE.1478,chr6;chr6,539304;539532,539343;539674,+;+,183,0,0,0,0,6,0,0,0,6
GENE.1479,chr6;chr6;chr6;chr6,540077;544097;544425;544604,543921;544265;544484;544798,-;-;-;-,4269,10863,10677,10420,9269,8403,569,2567,569,8401
GENE.148,chr1,221202,221633,+,432,148,148,155,154,156,25,67,25,156
GENE.1480,chr6;chr6,546964;547304,547167;547741,+;+,642,181,181,183,183,176,19,56,19,176
GENE.1481,chr6,548280,552371,-,4092,20552,21349,20540,22278,18904,1093,4803,1093,18799
GENE.1482,chr6;chr6,554457;555314,554646;558228,+;+,3105,0,7,8,0,92,0,113,0,92
GENE.1483,chr6,559349,561460,-,2112,2820,2805,2793,2588,2466,219,1036,219,2465
GENE.1484,chr6;chr6;chr6,566139;575316;578038,574995;577832;578993,+;+;+,12330,4821,4844,4759,4423,4486,309,1975,309,4466
GENE.1485,chr6,579435,585896,-,6462,0,8,55,0,221,0,101,0,221
GENE.1486,chr6,587019,588635,-,1617,0,1,3,0,47,1,2,1,47
GENE.1487,chr6,589457,592264,-,2808,0,3,10,0,82,0,32,0,82
GENE.1488,chr6,593172,595904,-,2733,0,30,26,0,81,0,113,0,81
GENE.1489,chr6;chr6;chr6;chr6,597484;597805;598028;598286,597648;597877;598119;600517,-;-;-;-,2562,0,4,25,0,107,0,276,0,99
GENE.149,chr1,222254,223960,-,1707,962,950,957,852,838,81,327,81,838
GENE.1490,chr6,604573,605340,+,768,0,0,2,0,31,0,0,0,31
GENE.1491,chr6;chr6;chr6,606142;606868;607257,606581;606973;607259,-;-;-,549,0,0,1,0,14,0,1,0,14
GENE.1492,chr6,609258,611102,-,1845,2592,2590,2568,2560,2350,119,884,119,2345
GENE.1493,chr6;chr6,612471;614341,614227;614398,+;+,1815,25284,25011,23559,20812,17163,891,4879,891,17161
GENE.1494,chr6,615297,616610,-,1314,0,1,2,0,42,0,57,0,42
GENE.1495,chr6;chr6;chr6,617762;618075;619335,617834;619090;621536,+;+;+,3291,0,3,11,0,118,0,73,0,116
GENE.1496,chr6,622272,622712,+,441,0,0,2,0,14,0,6,0,14
GENE.1497,chr6,623023,624321,-,1299,0,1,1,0,37,0,8,0,37
GENE.1498,chr6;chr6;chr6;chr6;chr6;chr6;chr6;chr6;chr6,625365;625642;626005;626107;626423;626683;627011;627293;627559,625517;625832;626023;626276;626552;626765;627176;627460;627612,+;+;+;+;+;+;+;+;+,1134,0,2,3,0,15,0,9,0,15
GENE.1499,chr6,627693,630317,-,2625,1376,1393,1361,1360,1333,75,390,75,1333
GENE.15,chrM,1794,1829,+,36,0,0,0,0,0,0,0,0,0
GENE.150,chr1;chr1,225110;225764,225582;225779,-;-,489,498,495,495,470,490,46,138,46,490
GENE.1500,chr6;chr6;chr6;chr6;chr6;chr6;chr6;chr6;chr6,630956;631198;631366;631537;631700;631899;632051;632225;636545,631039;631254;631413;631593;631764;631950;632128;636343;640174,-;-;-;-;-;-;-;-;-,8190,0,42,49,0,300,0,201,0,289
GENE.1501,chr6,644052,646169,+,2118,8666,8627,8455,8268,6962,272,1975,272,6952
GENE.1502,chr6;chr6;chr6;chr6;chr6;chr6;chr6;chr6,646637;646851;647191;652067;654438;654736;655109;655539,646694;647070;651841;654289;654550;654850;655257;655596,-;-;-;-;-;-;-;-,7587,29380,29313,28930,28488,26022,2049,8816,2049,25990
GENE.1503,chr6;chr6;chr6;chr6;chr6;chr6;chr6,656376;656493;656710;656906;657078;657288;657542,656400;656557;656784;656983;657146;657351;657636,+;+;+;+;+;+;+,471,627,626,631,583,483,35,164,35,483
GENE.1504,chr6;chr6;chr6,657939;658383;661080,658256;660912;661789,-;-;-,3558,0,14,43,0,156,0,119,0,145
GENE.1505,chr6,662435,667855,-,5421,0,14,22,0,161,0,31,0,161
GENE.1506,chr6;chr6;chr6,669860;671375;671559,671233;671420;671632,+;+;+,1494,3555,3728,3456,4055,3395,280,1067,280,3387
GENE.1507,chr6;chr6,672119;672509,672316;672754,+;+,444,238,236,237,234,209,10,30,10,209
GENE.1508,chr6;chr6;chr6;chr6;chr6,674118;675723;675867;676124;676309,675620;675752;675989;676176;676375,+;+;+;+;+,1776,0,1,7,0,36,0,105,0,36
GENE.1509,chr6,676888,677571,-,684,1390,1389,1389,1358,1244,115,432,115,1244
GENE.151,chr1;chr1,226681;227075,226892;227285,-;-,423,272,267,269,190,118,5,55,5,118
GENE.1510,chr6,678387,683429,+,5043,5206,5255,5095,4880,4431,376,2204,375,4407
GENE.1511,chr6,684742,688857,+,4116,0,20,17,0,134,0,156,0,133
GENE.1512,chr6,689254,691131,-,1878,860,865,853,782,775,32,290,32,772
GENE.1513,chr6,691769,693319,-,1551,6958,6935,6901,6560,5842,441,2093,441,5833
GENE.1514,chr6,695929,697494,+,1566,26,27,30,24,69,1,10,1,69
GENE.1515,chr6,699252,703217,+,3966,340,339,344,318,411,16,380,16,411
GENE.1516,chr6,704035,705168,-,1134,3086,3080,3052,2816,2819,186,757,186,2819
GENE.1517,chr6;chr6;chr6;chr6;chr6;chr6;chr6,710059;712880;713559;713848;714153;714306;714489,712667;713422;713727;714048;714194;714364;714576,+;+;+;+;+;+;+,3711,0,19,22,0,115,0,209,0,110
GENE.1518,chr6;chr6;chr6;chr6,717050;717320;717946;718838,717154;717722;718698;718917,+;+;+;+,1341,3122,3104,3030,2907,2264,238,812,238,2263
GENE.1519,chr6;chr6;chr6,720535;720802;721184,720645;720981;721312,+;+;+,420,0,0,0,0,33,0,4,0,33
GENE.152,chr1;chr1,226681;227075,226871;227285,-;-,402,272,267,268,190,118,5,55,5,118
GENE.1520,chr6;chr6,723117;725350,724160;731490,-;-,7185,0,7,23,2,240,4,126,4,239
GENE.1521,chr6,735368,736327,+,960,1806,1804,1805,1830,1666,122,526,122,1666
GENE.1522,chr6;chr6,738259;739197,739098;739265,-;-,909,146,151,150,144,151,7,49,7,151
GENE.1523,chr6;chr6,741269;742332,742189;742406,-;-,996,3464,3446,3400,3190,2976,164,863,164,2976
GENE.1524,chr6,748416,748814,-,399,0,0,0,0,11,0,0,0,11
GENE.1525,chr6,754395,754805,+,411,296,296,296,296,321,34,128,34,321
GENE.1526,chr6,758609,760996,+,2388,1676,1652,1659,1470,1410,92,573,92,1399
GENE.1527,chr6,761939,764170,+,2232,24378,24104,23256,19164,17070,1602,6404,1602,17068
GENE.1528,chr6;chr6,764667;765489,765262;765492,-;-,600,360,359,359,375,383,52,173,52,383
GENE.1529,chr6;chr6,768792;769175,768956;769456,+;+,447,0,1,1,0,13,0,0,0,13
GENE.153,chr1,228485,229519,-,1035,2556,2548,2526,2398,2228,136,581,136,2228
GENE.1530,chr6;chr6;chr6;chr6;chr6,770147;770463;770693;770969;771238,770372;770542;770806;771076;772506,-;-;-;-;-,1797,2671,2652,2631,2403,2191,83,678,83,2191
GENE.1531,chr6,774529,775470,+,942,1616,1611,1609,1520,1501,139,465,139,1501
GENE.1532,chr6;chr6;chr6;chr6;chr6;chr6;chr6;chr6,775980;776211;776437;776586;776818;777089;777237;777588,776070;776289;776486;776698;776905;777135;777345;777835,-;-;-;-;-;-;-;-,825,181,179,180,185,200,9,87,9,200
GENE.1533,chr6;chr6,778692;779605,779514;779636,+;+,855,0,3,3,0,20,0,69,0,20
GENE.1534,chr6;chr6,779849;781681,781310;783296,-;-,3078,816,827,824,734,755,37,314,37,754
GENE.1535,chr6;chr6;chr6;chr6;chr6;chr6;chr6;chr6;chr6;chr6,784354;784923;786369;786592;786923;787083;787248;787454;787677;787902,784506;786232;786470;786721;787002;787153;787337;787570;787687;788027,+;+;+;+;+;+;+;+;+;+,2190,907,902,912,833,811,39,233,39,811
GENE.1536,chr6;chr6;chr6;chr6;chr6,784354;784923;786369;786592;787083,784506;786232;786470;786721;787118,+;+;+;+;+,1731,906,901,909,832,794,38,229,38,794
GENE.1537,chr6;chr6;chr6;chr6;chr6;chr6;chr6;chr6;chr6;chr6;chr6;chr6;chr6;chr6,788707;788931;789182;789691;789942;790109;790292;790482;790726;794732;794962;795263;795553;795937,788787;789033;789564;789802;790003;790176;790382;790556;794540;794834;795110;795396;795678;796025,-;-;-;-;-;-;-;-;-;-;-;-;-;-,5391,0,11,13,0,166,1,116,1,159
GENE.1538,chr6;chr6;chr6;chr6;chr6;chr6;chr6;chr6;chr6;chr6;chr6;chr6;chr6;chr6,788707;788931;789182;789691;789942;790109;790292;790482;790726;794732;794962;795263;795553;795937,788787;789033;789564;789802;790003;790176;790382;790556;794540;794837;795110;795396;795678;796025,-;-;-;-;-;-;-;-;-;-;-;-;-;-,5394,0,11,13,0,167,1,116,1,160
GENE.1539,chr6;chr6;chr6,797211;797686;798062,797532;797908;798518,+;+;+,1002,2980,2966,2968,2898,2844,232,855,232,2844
GENE.154,chr1;chr1;chr1,230289;231631;234260,231382;234068;234402,-;-;-,3675,0,2,13,0,85,0,58,0,84
GENE.1540,chr6;chr6,799397;800031,799826;802789,+;+,3189,9369,9316,9253,8759,8164,537,2732,537,8164
GENE.1541,chr6;chr6;chr6,803374;803807;804050,803640;803893;814552,-;-;-,10857,0,21,80,0,381,2,504,2,378
GENE.1542,chr6;chr6,815622;817947,817807;818247,-;-,2487,14458,14396,14286,12980,12313,730,3238,730,12311
GENE.1543,chr6,820069,824247,-,4179,8880,8834,8756,8342,7904,505,2302,505,7891
GENE.1544,chr6,825157,827772,+,2616,214,220,229,192,285,13,232,13,284
GENE.1545,chr6;chr6;chr6,828199;828505;829163,828383;828994;830389,-;-;-,1902,189,195,193,182,219,16,143,16,219
GENE.1546,chr6;chr6,831286;838818,838662;839033,-;-,7593,9844,10002,9739,9658,8825,626,3024,626,8800
GENE.1547,chr6,840523,841224,+,702,628,628,625,612,621,61,252,61,621
GENE.1548,chr6,841846,843363,-,1518,4244,4237,4233,4166,4058,287,1186,287,4058
GENE.1549,chr6;chr6,845660;845844,845738;846157,+;+,393,17,17,18,19,23,2,9,2,23
GENE.155,chr1,238666,247857,+,9192,0,65,67,0,209,0,443,0,206
GENE.1550,chr6,846523,847494,-,972,3076,3073,3022,3462,2798,180,601,180,2772
GENE.1551,chr6,848405,850864,-,2460,0,6,8,0,76,0,66,0,76
GENE.1552,chr6,851378,852955,-,1578,0,3,13,0,39,0,56,0,39
GENE.1553,chr6,855160,857112,+,1953,16604,16511,16330,14874,14837,879,4641,879,14827
GENE.1554,chr6,857726,858610,+,885,0,1,3,0,33,0,9,0,33
GENE.1555,chr6,859026,860114,-,1089,0,0,1,0,35,0,32,0,35
GENE.1556,chr6,861017,861088,+,72,0,0,0,0,0,0,0,0,0
GENE.1557,chr6,861685,861765,-,81,0,0,0,0,5,0,0,0,5
GENE.1558,chr6,862882,865416,+,2535,2254,2244,2240,2174,2020,141,774,141,2020
GENE.1559,chr6,865845,869909,-,4065,4962,4952,4945,4622,4499,384,1547,384,4498
GENE.156,chr1;chr1,249231;250648,250366;252010,-;-,2499,10478,10462,10436,10228,9880,805,3155,805,9880
GENE.1560,chr6,871297,872202,-,906,0,0,0,0,39,0,9,0,39
GENE.1561,chr6,873809,876190,+,2382,0,13,43,0,76,0,438,0,73
GENE.1562,chr6,878790,880784,+,1995,512,511,509,516,561,49,188,49,561
GENE.1563,chr6,881963,882994,+,1032,4418,4362,4321,4022,3547,254,1203,254,3547
GENE.1564,chr6,883563,883644,-,82,0,0,0,0,2,0,0,0,2
GENE.1565,chr6;chr6;chr6;chr6,884428;889036;889235;889433,888924;889137;889304;889614,+;+;+;+,4851,22413,22286,22145,20226,19321,1256,6534,1256,19320
GENE.1566,chr6;chr6;chr6,891997;892433;892641,892306;892540;892777,+;+;+,555,0,0,4,0,24,0,0,0,24
GENE.1567,chr6,893450,895780,-,2331,2758,2748,2728,2472,2304,174,738,174,2298
GENE.1568,chr6;chr6;chr6,896989;897329;897713,897217;897482;897968,+;+;+,639,513,511,509,512,463,18,148,18,463
GENE.1569,chr6,898341,902363,-,4023,2116,2103,2111,2082,2059,148,790,148,2047
GENE.157,chr1,253584,254930,+,1347,1316,1308,1304,1252,1324,78,451,78,1324
GENE.1570,chr6,903740,906322,-,2583,0,2,2,0,114,0,65,0,114
GENE.1571,chr6;chr6;chr6;chr6,908017;908279;908483;910973,908112;908327;910718;911096,+;+;+;+,2505,576,568,564,516,568,34,375,34,568
GENE.1572,chr6,911503,911889,+,387,0,0,2,0,12,0,11,0,12
GENE.1573,chr6,912406,913710,-,1305,0,0,4,0,76,0,44,0,76
GENE.1574,chr6;chr6;chr6;chr6,914743;914891;915169;915382,914743;915008;915292;915429,+;+;+;+,291,0,2,1,0,20,0,2,0,20
GENE.1575,chr6;chr6,916000;917192,917037;917299,-;-,1146,2351,2344,2312,2295,2059,174,731,174,2058
GENE.1576,chr6,919685,924028,+,4344,0,4,15,0,176,0,71,0,175
GENE.1577,chr6,925105,931074,-,5970,0,11,42,0,221,0,319,0,211
GENE.1578,chr6,937068,938651,-,1584,0,0,3,0,61,0,38,0,61
GENE.1579,chr6;chr6;chr6;chr6;chr6;chr6;chr6;chr6;chr6;chr6;chr6;chr6,939660;940357;940514;940712;940895;941158;941953;942219;942482;943068;943232;943538,940184;940412;940586;940786;940956;941838;942008;942294;942857;943111;943385;943720,-;-;-;-;-;-;-;-;-;-;-;-,2361,14473,14388,14245,13173,12176,470,3049,470,12108
GENE.158,chr1,255775,258543,-,2769,0,2,11,0,47,0,7,0,46
GENE.1580,chr6,946129,947244,+,1116,3680,3665,3620,3210,2700,137,891,137,2700
GENE.1581,chr6;chr6;chr6;chr6,947493;947796;947981;948383,947632;947843;948241;948644,-;-;-;-,711,2420,2422,2416,2428,2317,321,813,321,2317
GENE.1582,chr6,950223,951506,-,1284,0,4,6,0,35,0,24,0,34
GENE.1583,chr6;chr6;chr6;chr6;chr6;chr6;chr6;chr6;chr6,952906;953106;953271;953480;953918;954059;954243;954490;954782,952964;953165;953390;953623;953959;954103;954333;954662;954848,-;-;-;-;-;-;-;-;-,801,87,87,86,82,116,2,25,2,116
GENE.1584,chr6;chr6,956765;958626,958481;958756,+;+,1848,0,2,2,0,50,0,4,0,50
GENE.1585,chr6,959132,962545,-,3414,0,13,18,0,151,0,122,0,142
GENE.1586,chr6,963741,970955,-,7215,0,26,58,0,273,0,527,0,254
GENE.1587,chr6,977183,978049,+,867,0,0,2,0,21,0,0,0,21
GENE.1588,chr6,981066,982547,+,1482,64,65,66,62,104,3,24,3,104
GENE.1589,chr6;chr6,983946;984935,984709;984989,+;+,819,616,607,599,450,394,8,173,8,394
GENE.159,chr1,260658,261809,-,1152,354,353,351,340,337,13,76,13,337
GENE.1590,chr6;chr6;chr6;chr6;chr6;chr6;chr6,985047;985242;985492;985708;985910;986527;986814,985089;985390;985546;985841;986344;986679;986870,-;-;-;-;-;-;-,1026,0,1,1,0,59,0,62,0,59
GENE.1591,chr6;chr6;chr6;chr6;chr6;chr6;chr6;chr6;chr6,987808;988084;988223;988420;988676;988959;989072;989369;989592,987904;988107;988278;988436;988803;988989;989147;989452;989636,+;+;+;+;+;+;+;+;+,558,172,169,169,167,155,4,60,4,155
GENE.1592,chr6,990375,992198,-,1824,9038,8890,8612,7890,6067,331,1920,331,6063
GENE.1593,chr6,994284,994553,+,270,0,1,0,0,5,0,0,0,5
GENE.1594,chr6,999524,1007683,+,8160,26642,26457,26257,24500,22880,1455,7390,1455,22843
GENE.1595,chr6;chr6;chr6;chr6;chr6;chr6,1009457;1009663;1009814;1009926;1010112;1010296,1009502;1009725;1009852;1010030;1010179;1010718,-;-;-;-;-;-,744,2643,2634,2630,2611,2320,169,566,169,2320
GENE.1596,chr6;chr6;chr6;chr6;chr6;chr6;chr6;chr6;chr6;chr6,1011429;1012860;1013078;1013377;1013717;1013969;1014108;1014235;1014307;1014512,1012693;1012901;1013276;1013507;1013723;1013995;1014137;1014261;1014395;1014569,-;-;-;-;-;-;-;-;-;-,1875,0,2,3,0,94,0,133,0,94
GENE.1597,chr6;chr6;chr6;chr6;chr6;chr6;chr6;chr6;chr6;chr6;chr6,1015868;1016069;1016330;1016647;1016953;1017126;1017323;1017513;1017876;1018067;1018334,1015933;1016179;1016511;1016833;1017026;1017222;1017407;1017760;1017938;1018180;1018444,+;+;+;+;+;+;+;+;+;+;+,1338,0,2,4,0,62,0,15,0,62
GENE.1598,chr6;chr6;chr6;chr6,1020024;1020434;1021443;1021678,1020249;1021203;1021568;1021875,+;+;+;+,1320,6387,6342,6189,5886,4680,249,1476,249,4680
GENE.1599,chr6;chr6;chr6;chr6,1020024;1020434;1021443;1021678,1020315;1021203;1021568;1021875,+;+;+;+,1386,6391,6345,6193,5889,4687,249,1478,249,4687
GENE.16,chrM,1830,1910,+,81,0,0,0,0,0,0,0,0,0
GENE.160,chr1;chr1,263340;264096,263859;264223,-;-,648,0,1,1,0,16,0,0,0,16
GENE.1600,chr6,1023015,1024214,+,1200,2328,2314,2299,2082,2014,143,672,143,2014
GENE.1601,chr6,1025179,1026336,+,1158,5490,5440,5430,5048,4520,281,1246,281,4520
GENE.1602,chr6,1026823,1031157,-,4335,5508,5546,5488,5412,4903,434,1635,434,4878
GENE.1603,chr6,1032536,1033774,-,1239,16,16,17,16,69,1,76,1,69
GENE.1604,chr6,1035358,1036371,+,1014,486,482,482,472,436,33,215,33,436
GENE.1605,chr6,1039655,1041550,+,1896,468,468,465,384,427,29,121,29,427
GENE.1606,chr6,1042652,1042948,-,297,0,0,1,0,21,0,0,0,21
GENE.1607,chr6,1043546,1045474,+,1929,0,1,9,0,74,0,52,0,74
GENE.1608,chr6;chr6,1046986;1047985,1047898;1048052,+;+,981,898,889,882,784,708,40,251,40,708
GENE.1609,chr6,1048710,1053965,-,5256,7190,7140,7129,6708,6326,485,1999,485,6312
GENE.161,chr1;chr1;chr1,265208;265674;266116,265537;265972;269173,-;-;-,3687,3782,3766,3749,3559,3372,240,1026,240,3370
GENE.1610,chr6;chr6;chr6;chr6;chr6;chr6;chr6;chr6;chr6,1056052;1056320;1056689;1056948;1057191;1057457;1057705;1058019;1058488,1056152;1056531;1056818;1057060;1057357;1057584;1057857;1058124;1058529,+;+;+;+;+;+;+;+;+,1152,0,2,4,0,55,0,9,0,55
GENE.1611,chr6,1058666,1059922,-,1257,0,4,7,0,47,0,75,0,46
GENE.1612,chr6;chr6;chr6,1061115;1062552;1062838,1062371;1062662;1062891,-;-;-,1422,13850,13784,13736,12817,12029,608,3211,608,12029
GENE.1613,chr6,1065147,1068626,+,3480,6362,6689,6676,7488,6898,398,1620,398,6819
GENE.1614,chr6,1069962,1072805,+,2844,2256,2242,2268,2166,2007,160,841,160,2004
GENE.1615,chr6,1073458,1073895,-,438,360,358,352,294,289,15,96,15,289
GENE.1616,chr6,1075018,1076136,+,1119,0,0,2,0,36,0,3,0,36
GENE.1617,chr6;chr6;chr6,1078995;1079470;1080687,1079178;1080187;1081320,+;+;+,1536,0,0,1,0,59,1,2,1,59
GENE.1618,chr6,1080331,1080559,+,229,0,0,0,0,9,0,0,0,9
GENE.1619,chr6,1082910,1084028,+,1119,1192,1150,1162,1198,904,77,344,77,899
GENE.162,chr1;chr1;chr1;chr1,272454;272667;272859;273180,272515;272764;272944;273404,+;+;+;+,471,0,1,1,0,7,0,1,0,7
GENE.1620,chr6,1084508,1084840,-,333,0,1,6,0,18,0,0,0,18
GENE.1621,chr6,1089190,1094328,+,5139,16210,16117,15999,15262,14409,1621,5849,1621,14396
GENE.1622,chr6;chr6;chr6;chr6;chr6;chr6;chr6;chr6,1095065;1095156;1095296;1095527;1095738;1095910;1096175;1096368,1095077;1095206;1095387;1095630;1095789;1095963;1096222;1096373,-;-;-;-;-;-;-;-,420,0,0,2,0,21,1,3,1,21
GENE.1623,chr6,1097300,1098649,-,1350,0,3,7,0,58,1,32,1,58
GENE.1624,chr6,1100277,1100858,-,582,598,595,598,534,445,20,138,20,445
GENE.1625,chr6;chr6;chr6,1101734;1102580;1102820,1102212;1102637;1102852,-;-;-,570,221,219,215,171,167,14,60,14,167
GENE.1626,chr6,1104015,1105199,+,1185,0,15,23,0,38,0,49,0,38
GENE.1627,chr6,1108197,1111640,+,3444,3778,3759,3792,3496,3442,316,1495,316,3441
GENE.1628,chr6,1114544,1117537,-,2994,10062,9894,9788,8890,8331,744,2947,744,8331
GENE.1629,chr6;chr6;chr6,1119587;1120195;1120685,1119922;1120560;1120858,+;+;+,876,246,246,245,239,258,22,119,22,258
GENE.163,chr1,274315,278550,+,4236,1772,1769,1741,1486,1425,78,614,78,1425
GENE.1630,chr6,1121690,1122211,+,522,324,321,318,268,279,8,49,8,279
GENE.1631,chr6,1122801,1153664,-,30864,192550,191142,189659,174784,164620,12161,50278,12161,164333
GENE.1632,chr6,1159862,1169080,+,9219,0,31,119,0,289,1,609,1,287
GENE.1633,chr6;chr6;chr6;chr6;chr6;chr6;chr6;chr6;chr6;chr6;chr6;chr6,1170813;1171202;1171405;1171615;1171905;1172136;1172352;1172575;1172747;1172942;1173215;1173562,1171058;1171296;1171461;1171688;1171973;1172224;1172423;1172613;1172809;1173037;1173355;1173696,-;-;-;-;-;-;-;-;-;-;-;-,1176,2388,2382,2330,2183,2050,97,729,97,2050
GENE.1634,chr6;chr6;chr6;chr6;chr6;chr6;chr6;chr6,1176265;1176699;1176968;1177152;1177466;1177888;1178041;1178388,1176282;1176804;1177049;1177351;1177715;1177962;1178129;1178587,+;+;+;+;+;+;+;+,1020,2001,1997,1966,1984,1869,98,553,98,1869
GENE.1635,chr6,1179053,1180003,-,951,1872,1858,1840,1732,1547,119,451,119,1547
GENE.1636,chr6;chr6;chr6;chr6;chr6,1180573;1180787;1180999;1181344;1182204,1180644;1180850;1181171;1182042;1182353,-;-;-;-;-,1158,2567,2550,2536,2352,2065,107,757,107,2065
GENE.1637,chr6,1183896,1185617,+,1722,2682,2678,2675,2616,2539,205,952,205,2537
GENE.1638,chr6,1185996,1188644,-,2649,3526,3568,3503,4386,3087,222,1035,222,3063
GENE.1639,chr6;chr6;chr6,1189472;1193615;1193760,1193530;1193665;1193978,+;+;+,4329,0,7,24,0,137,1,192,1,134
GENE.164,chr1,279115,280014,+,900,1122,1085,1055,932,658,18,186,18,654
GENE.1640,chr6,1194304,1195179,-,876,368,365,365,364,355,28,98,28,355
GENE.1641,chr6,1196041,1198038,-,1998,0,1,4,0,74,0,2,0,74
GENE.1642,chr6,1199853,1200995,-,1143,2872,2858,2851,2584,2420,195,779,195,2420
GENE.1643,chr6,1205190,1207781,+,2592,2964,2964,2937,2862,2352,122,722,122,2256
GENE.1644,chr6,1210420,1212762,+,2343,2594,2577,2510,2178,1949,131,772,131,1942
GENE.1645,chr6;chr6,1213948;1214330,1214092;1216005,-;-,1821,0,2,7,0,82,0,78,0,81
GENE.1646,chr6;chr6,1218307;1218547,1218381;1219251,+;+,780,314,310,314,276,273,16,80,16,273
GENE.1647,chr6;chr6;chr6;chr6;chr6;chr6,1221941;1241748;1241983;1242299;1242613;1242848,1241571;1241862;1242144;1242469;1242720;1242922,+;+;+;+;+;+,20262,0,83,238,28,689,2,1491,2,675
GENE.1648,chr6;chr6,1243580;1247168,1246917;1247219,-;-,3390,27538,27383,26997,26484,22989,1550,6743,1550,22977
GENE.1649,chr6;chr6;chr6,1250412;1251198;1251469,1251056;1251356;1251651,+;+;+,987,0,1,1,0,44,0,61,0,42
GENE.165,chr1,281155,285459,+,4305,2226,2238,2199,2106,2100,132,831,132,2093
GENE.1650,chr6;chr6;chr6;chr6;chr6;chr6;chr6;chr6;chr6;chr6,1252052;1252270;1252542;1252763;1252975;1253160;1253334;1253459;1253601;1253864,1252182;1252348;1252618;1252851;1253035;1253206;1253373;1253519;1253736;1253985,-;-;-;-;-;-;-;-;-;-,843,538,538,541,549,479,61,233,61,479
GENE.1651,chr6,1254907,1256940,-,2034,0,19,15,0,99,0,52,0,86
GENE.1652,chr6;chr6;chr6;chr6;chr6,1258880;1259119;1259283;1259557;1259902,1258972;1259181;1259422;1259630;1259939,+;+;+;+;+,408,582,584,581,530,482,17,150,17,482
GENE.1653,chr6;chr6;chr6;chr6,1260398;1260774;1267051;1269389,1260601;1266852;1269283;1269596,-;-;-;-,8724,16564,16427,16203,14837,13440,813,4151,813,13415
GENE.1654,chr6,1272363,1273532,-,1170,2286,2250,2279,2274,2141,144,674,144,2139
GENE.1655,chr6,1276329,1277825,+,1497,6002,5881,5711,4596,3804,164,1190,164,3804
GENE.1656,chr6;chr6;chr6,1279820;1280391;1283243,1279927;1283086;1283246,+;+;+,2808,0,17,25,0,110,0,391,0,108
GENE.1657,chr6,1285058,1287031,+,1974,7140,7094,7068,6606,5947,437,1727,437,5947
GENE.1658,chr6;chr6;chr6;chr6;chr6;chr6;chr6;chr6;chr6;chr6;chr6,1288237;1288444;1288709;1288878;1289158;1289440;1289718;1289889;1290156;1290433;1290674,1288332;1288509;1288780;1288963;1289320;1289605;1289760;1290050;1290261;1290516;1290805,+;+;+;+;+;+;+;+;+;+;+,1176,1311,1301,1280,1121,992,92,474,92,992
GENE.1659,chr6;chr6,1291035;1291311,1291178;1292972,-;-,1806,260,262,263,252,297,19,81,19,297
GENE.166,chr1;chr1;chr1;chr1;chr1;chr1;chr1;chr1;chr1,286951;287269;287561;287779;287972;288214;288522;288712;288880,287050;287352;287630;287817;288084;288266;288615;288764;288918,+;+;+;+;+;+;+;+;+,645,1501,1489,1422,1356,1162,22,312,22,1162
GENE.1660,chr6,1295474,1296331,+,858,1250,1187,943,1196,954,48,142,48,954
GENE.1661,chr6;chr6,1297885;1298057,1297968;1299373,+;+,1401,0,1085,850,1294,1160,161,92,161,1160
GENE.1662,chr6,1313708,1315253,-,1546,0,239,205,372,346,72,50,72,346
GENE.1663,chr6,1316873,1317721,+,849,0,6698,4382,7756,5745,293,128,293,5745
GENE.1664,chr6;chr6,1318327;1319048,1318953;1319116,-;-,696,0,209,124,364,205,33,59,33,205
GENE.1665,chr6;chr6,1321320;1322026,1321943;1322094,-;-,693,0,1627,1081,2608,1292,158,50,158,1292
GENE.1666,chr6;chr6,1323294;1323575,1323362;1324435,+;+,930,0,3382,2016,4113,2578,205,58,205,2578
GENE.1667,chr6;chr6;chr6,1326737;1326907;1327869,1326808;1327867;1327918,+;+;+,1083,1034,2129,1326,2094,1722,174,76,174,1722
GENE.1668,chr6;chr6,1329771;1329989,1329824;1330963,+;+,1029,4249,4225,4152,3877,3832,119,760,119,3830
GENE.1669,chr6;chr6,1333013;1333193,1333081;1334035,+;+,912,322,331,328,320,328,27,145,27,327
GENE.167,chr1,290386,292590,+,2205,0,4,3,0,51,0,35,0,50
GENE.1670,chr6;chr6,1336146;1336415,1336199;1337473,+;+,1113,834,864,838,750,766,31,294,31,762
GENE.1671,chr6;chr6,1338218;1339364,1339135;1339417,-;-,972,0,7,8,18,41,5,18,5,40
GENE.1672,chr6;chr6,1341307;1342542,1342386;1342595,-;-,1134,6939,6533,6679,6005,5299,502,1781,502,5297
GENE.1673,chr6;chr6,1347341;1347561,1347409;1348571,+;+,1080,224,219,220,190,199,15,58,15,198
GENE.1674,chr6;chr6,1350724;1351008,1350777;1352087,+;+,1134,1979,1973,1946,1695,1527,107,465,107,1526
GENE.1675,chr6;chr6,1353946;1356045,1355424;1366430,-;-,11865,8948,8945,8809,8117,7862,419,2265,419,7859
GENE.1676,chr6;chr6,1367912;1368127,1367980;1369107,+;+,1050,30,41,33,44,46,0,50,0,46
GENE.1677,chr6;chr6,1371501;1371785,1371554;1372861,+;+,1131,844,860,844,820,887,80,318,80,886
GENE.1678,chr6;chr6,1374797;1377351,1376236;1382627,-;-,6717,1829,1916,1789,1725,1706,166,677,166,1705
GENE.1679,chr7;chr7,20307;26746,25829;28083,+;+,6861,0,26,30,14,167,4,155,4,166
GENE.168,chr1;chr1;chr1;chr1;chr1;chr1,293642;293960;294250;294433;294710;294882,293765;294027;294336;294513;294769;294968,+;+;+;+;+;+,507,56,56,54,49,54,5,21,5,54
GENE.1680,chr7;chr7,30097;30352,30150;31269,+;+,972,1224,1209,1212,1138,1096,81,288,81,1096
GENE.1681,chr7;chr7,33585;34736,34466;34804,-;-,951,390,359,194,304,252,18,57,18,248
GENE.1682,chr7;chr7,36922;37859,37755;37927,-;-,903,0,9,17,0,24,3,66,3,24
GENE.1683,chr7;chr7,40288;41382,41289;41453,-;-,1074,2340,2320,2238,1968,1606,43,335,43,1604
GENE.1684,chr7;chr7;chr7,43192;43995;44061,43917;44058;44140,-;-;-,870,0,3,5,0,21,0,0,0,21
GENE.1685,chr7;chr7,45559;45813,45627;46607,+;+,864,2459,2461,2440,2329,2130,173,683,173,2130
GENE.1686,chr7;chr7,48300;48480,48368;49106,+;+,696,486,462,453,442,370,36,80,36,370
GENE.1687,chr7;chr7,49779;50104,50102;50832,-;-,1053,2084,2266,2274,2202,2098,122,497,122,2091
GENE.1688,chr7;chr7;chr7,52086;52487;52977,52484;52975;53636,+;+;+,1548,1014,2354,1828,2552,2165,166,91,166,2163
GENE.1689,chr7;chr7,55562;56728,56497;56781,-;-,990,2586,2572,2540,2188,2205,90,444,90,2205
GENE.169,chr1,295300,296931,-,1632,1436,1430,1422,1420,1343,73,460,73,1343
GENE.1690,chr7;chr7;chr7,59277;60007;60313,60004;60148;60366,-;-;-,924,0,110,143,211,200,18,46,18,199
GENE.1691,chr7;chr7;chr7,62220;62264;63330,62262;63231;63401,-;-;-,1083,0,2059,1336,2154,1674,173,63,173,1673
GENE.1692,chr7;chr7;chr7,65718;66375;66786,66373;66576;66854,-;-;-,927,1635,3311,2069,4348,2672,217,100,217,2672
GENE.1693,chr7;chr7,68066;68217,68134;68840,+;+,693,1176,2542,1791,2884,2009,157,79,157,2009
GENE.1694,chr7;chr7,71049;71222,71117;71860,+;+,708,264,256,247,242,227,10,104,10,227
GENE.1695,chr7,72477,73325,-,849,0,6795,4485,8138,5824,308,112,308,5811
GENE.1696,chr7;chr7,75918;76987,76844;77055,-;-,996,4012,3988,3965,3758,3489,143,1213,143,3479
GENE.1697,chr7;chr7,79890;82830,82670;82943,-;-,2895,25568,25558,25097,24758,22747,1514,6788,1514,22547
GENE.1698,chr7;chr7,84797;84991,84850;85674,+;+,738,0,0,1,0,26,1,9,1,25
GENE.1699,chr7;chr7;chr7,88685;89056;89949,88870;89947;90886,+;+;+,2016,2840,2831,2824,2812,2732,241,870,241,2732
GENE.17,chrM,1916,2023,-,108,0,0,0,0,0,0,0,0,0
GENE.170,chr1;chr1;chr1;chr1;chr1;chr1;chr1;chr1;chr1;chr1,297362;297644;297899;298114;298301;298556;298694;298850;299063;299322,297535;297768;297992;298188;298480;298602;298739;298927;299181;299397,+;+;+;+;+;+;+;+;+;+,1014,173,174,171,174,180,7,56,7,180
GENE.1700,chr7,91867,93141,-,1275,0,0,6,0,35,0,0,0,35
GENE.1701,chr7;chr7,96761;97018,96832;98730,+;+,1785,0,2,1,0,68,0,99,0,68
GENE.1702,chr7;chr7,101694;102202,101981;102285,+;+,372,0,0,0,0,11,0,1,0,11
GENE.1703,chr7;chr7,104957;105813,105541;105989,-;-,762,1401,1395,1394,1345,1324,109,381,109,1324
GENE.1704,chr7,109915,110178,+,264,0,0,1,0,4,1,0,1,4
GENE.1705,chr7,111473,111545,-,73,0,0,0,0,2,1,0,1,2
GENE.1706,chr7,112049,112132,+,84,0,0,0,0,2,0,0,0,2
GENE.1707,chr7;chr7;chr7;chr7,113144;113333;113664;113877,113184;113434;113772;113948,-;-;-;-,324,30,35,30,32,33,7,22,7,33
GENE.1708,chr7,115239,120770,+,5532,19290,19179,19027,17646,16452,1024,4518,1024,16405
GENE.1709,chr7,121414,121956,+,543,0,1,1,0,18,0,0,0,18
GENE.171,chr1;chr1,299562;300200,300092;300868,-;-,1200,0,0,0,0,37,0,23,0,37
GENE.1710,chr7,122513,127135,-,4623,16782,17043,16665,16728,15616,984,4479,984,15599
GENE.1711,chr7,128540,128980,+,441,366,364,366,356,328,14,112,14,328
GENE.1712,chr7,129370,131832,-,2463,3610,3605,3570,3430,3260,321,1143,321,3258
GENE.1713,chr7,135606,142505,+,6900,0,32,81,0,190,0,582,0,187
GENE.1714,chr7;chr7;chr7;chr7;chr7;chr7;chr7;chr7;chr7;chr7,144019;144107;144379;144583;144861;145046;145253;145470;145723;145867,144022;144171;144456;144672;144955;145138;145319;145606;145795;145953,+;+;+;+;+;+;+;+;+;+,789,198,198,199,198,218,27,100,27,218
GENE.1715,chr7,146645,147394,-,750,512,511,506,494,457,30,147,30,457
GENE.1716,chr7,149804,152980,+,3177,432,433,440,418,469,28,197,28,465
GENE.1717,chr7,153320,166396,-,13077,0,55,140,0,382,1,300,1,372
GENE.1718,chr7,167489,177295,-,9807,22592,22382,22095,20724,18491,1331,6168,1331,18473
GENE.1719,chr7,180036,190715,+,10680,57452,57151,56305,53158,48019,3254,14950,3254,47938
GENE.172,chr1,302937,303398,+,462,430,429,428,460,412,14,160,14,412
GENE.1720,chr7,191309,194890,-,3582,0,12,19,0,92,0,37,0,92
GENE.1721,chr7,197691,203249,+,5559,14988,15046,14776,13636,12547,641,4125,594,12432
GENE.1722,chr7,204718,207750,+,3033,944,951,941,882,898,52,345,52,898
GENE.1723,chr7,208690,213501,-,4812,10732,10780,10464,10222,9191,763,3091,763,9142
GENE.1724,chr7;chr7;chr7;chr7;chr7;chr7;chr7;chr7,216024;216364;216671;216904;217242;217477;217885;228992,216049;216500;216805;217064;217363;217573;228807;229072,-;-;-;-;-;-;-;-,11682,0,30,80,0,289,0,257,0,284
GENE.1725,chr7,233401,237414,+,4014,1490,1488,1499,1452,1442,95,537,95,1440
GENE.1726,chr7,238159,242052,-,3894,0,13,17,0,124,0,55,0,123
GENE.1727,chr7,243898,245016,-,1119,396,394,394,314,332,20,68,20,332
GENE.1728,chr7;chr7,246259;247062,246809;250152,-;-,3642,1222,1215,1205,1164,1147,67,334,67,1147
GENE.1729,chr7,252282,255251,+,2970,1434,1448,1416,1368,1308,110,432,110,1304
GENE.173,chr1;chr1;chr1;chr1,304362;304604;304876;305123,304436;304733;304948;309257,-;-;-;-,4413,0,8,8,0,78,1,51,1,78
GENE.1730,chr7,256086,260684,+,4599,3950,3905,3883,3894,3565,199,1287,199,3552
GENE.1731,chr7,261977,264454,+,2478,4626,4602,4559,4248,4235,290,1335,290,4235
GENE.1732,chr7,264973,267438,-,2466,8680,8619,8568,7864,7697,580,2427,580,7697
GENE.1733,chr7;chr7,270022;270875,270634;278706,-;-,8445,9516,9472,9484,9002,8547,647,2976,647,8529
GENE.1734,chr7,281035,284433,-,3399,6590,6502,6313,5884,5095,523,2030,523,5095
GENE.1735,chr7;chr7;chr7,285472;285630;286111,285480;285729;286166,-;-;-,165,11,11,11,13,17,3,4,3,17
GENE.1736,chr7;chr7;chr7;chr7;chr7;chr7;chr7;chr7,287597;287772;287913;288084;288341;288671;288831;289005,287677;287803;287991;288145;288476;288713;288895;289088,-;-;-;-;-;-;-;-,582,136,137,136,133,138,6,45,6,138
GENE.1737,chr7;chr7;chr7;chr7,290100;290234;290517;290984,290143;290354;290615;291220,-;-;-;-,501,544,539,525,521,556,12,108,12,556
GENE.1738,chr7,293400,297089,+,3690,0,8,9,0,113,0,54,0,113
GENE.1739,chr7;chr7;chr7;chr7;chr7;chr7;chr7;chr7;chr7,297506;297600;297825;298016;298181;298393;298844;301324;302333,297518;297667;297920;298070;298280;298723;301231;302135;303059,-;-;-;-;-;-;-;-;-,4590,0,16,28,0,133,0,117,0,130
GENE.174,chr1,314618,319405,+,4788,0,9,24,0,127,0,52,0,126
GENE.1740,chr7;chr7;chr7,304315;304504;304668,304387;304576;304755,+;+;+,234,0,1,2,0,8,0,43,0,8
GENE.1741,chr7;chr7,305563;305991,305877;306032,+;+,357,6,8,6,4,15,1,13,1,15
GENE.1742,chr7,306855,307133,-,279,0,0,1,0,8,0,0,0,8
GENE.1743,chr7,309902,315022,-,5121,0,69,161,0,154,0,703,0,141
GENE.1744,chr7,320248,322281,+,2034,1062,1057,1057,1012,967,82,297,82,963
GENE.1745,chr7,322907,325528,+,2622,0,5,14,0,86,0,216,0,86
GENE.1746,chr7,326072,326144,+,73,0,0,0,0,3,0,0,0,3
GENE.1747,chr7,326726,326797,-,72,0,0,0,0,2,0,0,0,2
GENE.1748,chr7,327865,327937,+,73,0,0,0,0,2,0,0,0,2
GENE.1749,chr7,329012,329084,-,73,0,0,0,0,3,0,0,0,3
GENE.175,chr1,320168,321508,+,1341,1892,1885,1832,1728,1586,152,608,152,1586
GENE.1750,chr7,329936,336325,-,6390,27628,27772,27136,28908,24745,1585,7353,1585,24663
GENE.1751,chr7;chr7;chr7;chr7;chr7,338885;339090;341572;341735;341995,338978;341393;341625;341779;342083,+;+;+;+;+,2586,1871,1869,1821,1699,1725,135,672,135,1720
GENE.1752,chr7,343912,345903,+,1992,0,3,9,0,60,0,16,0,60
GENE.1753,chr7,348277,353082,+,4806,36304,35923,35823,33680,30317,2121,9816,2121,30293
GENE.1754,chr7,353986,354720,+,735,0,0,4,0,31,0,0,0,31
GENE.1755,chr7,357700,360585,+,2886,0,7,26,0,97,0,114,0,95
GENE.1756,chr7;chr7;chr7,362005;365545;365707,365423;365604;365779,+;+;+,3552,94,103,105,84,187,6,41,6,184
GENE.1757,chr7,366929,367708,+,780,0,3,4,0,21,0,1,0,21
GENE.1758,chr7;chr7;chr7,368707;371205;371574,371011;371407;371672,+;+;+,2607,0,1,8,0,81,0,9,0,81
GENE.1759,chr7,372897,373106,-,210,0,0,0,0,10,0,0,0,10
GENE.176,chr1,322371,326072,+,3702,19942,19815,19611,19146,17253,1372,6082,1372,17229
GENE.1760,chr7;chr7,374243;375336,375049;377393,-;-,2865,0,5,31,0,88,0,244,0,81
GENE.1761,chr7;chr7;chr7;chr7;chr7,378031;378226;378822;379087;379268,378051;378714;378890;379159;379305,+;+;+;+;+,690,0,1,0,0,16,0,0,0,16
GENE.1762,chr7;chr7,381592;383808,383022;384614,+;+,2238,0,2,1,0,64,0,47,0,64
GENE.1763,chr7,383172,383519,+,348,0,0,0,0,6,0,3,0,6
GENE.1764,chr7,385583,388321,-,2739,0,2,6,0,91,0,52,0,85
GENE.1765,chr7;chr7,389473;390336,390201;390365,-;-,759,162,162,162,158,165,10,25,10,165
GENE.1766,chr7,391502,392188,-,687,304,304,302,296,293,22,92,22,293
GENE.1767,chr7,395711,398332,+,2622,0,1,1,0,102,0,29,0,101
GENE.1768,chr7,399290,400243,-,954,3234,3215,3186,3224,2878,147,636,147,2878
GENE.1769,chr7;chr7;chr7;chr7;chr7;chr7;chr7;chr7;chr7;chr7;chr7;chr7;chr7,403222;403490;403938;404283;404569;404764;404936;405146;405334;405539;405825;406017;406241,403312;403758;404110;404415;404640;404839;405018;405196;405390;405631;405869;406071;406317,+;+;+;+;+;+;+;+;+;+;+;+;+,1275,636,633,626,610,577,36,227,36,577
GENE.177,chr1,326397,327224,-,828,176,179,181,188,179,30,78,30,179
GENE.1770,chr7,406820,407448,-,629,96,102,96,104,104,13,28,13,104
GENE.1771,chr7,408215,411961,+,3747,842,844,830,776,782,46,409,46,774
GENE.1772,chr7,412343,413161,-,819,602,604,589,558,546,10,174,10,540
GENE.1773,chr7,413560,421749,-,8190,8350,8816,8571,9122,7878,491,2336,491,7875
GENE.1774,chr7;chr7,423236;425252,425098;427234,-;-,3846,13566,13473,13133,11892,10720,822,3731,822,10696
GENE.1775,chr7;chr7,428723;429138,428921;429346,+;+,408,225,223,226,218,207,21,73,21,207
GENE.1776,chr7;chr7;chr7;chr7,429857;430018;430249;430794,429900;430110;430617;433758,-;-;-;-,3471,0,6,19,0,111,0,81,0,110
GENE.1777,chr7,435089,436195,-,1107,2364,2330,2306,1992,1857,90,527,90,1857
GENE.1778,chr7,437900,438094,+,195,0,0,0,0,2,0,0,0,2
GENE.1779,chr7;chr7;chr7,438557;439866;442671,439629;442514;445881,-;-;-,6933,0,22,26,0,235,1,476,1,219
GENE.178,chr1;chr1;chr1;chr1,328431;328609;328834;329556,328479;328703;329343;329558,-;-;-;-,657,356,354,351,322,301,13,79,13,301
GENE.1780,chr7;chr7;chr7;chr7;chr7;chr7;chr7,447515;453003;453492;454434;454756;454999;455950,452809;453234;454219;454578;454883;455727;458496,-;-;-;-;-;-;-,9804,1584,1585,1576,1414,1584,96,943,96,1583
GENE.1781,chr7,460057,461436,+,1380,204,205,208,202,240,6,79,6,240
GENE.1782,chr7,463105,471837,+,8733,9060,9025,8903,8716,8048,663,2854,663,8039
GENE.1783,chr7;chr7;chr7;chr7,472501;472768;473072;473456,472680;472936;473248;473541,-;-;-;-,612,443,443,440,411,352,15,121,15,352
GENE.1784,chr7,474623,475720,+,1098,0,4,9,0,37,0,27,0,36
GENE.1785,chr7;chr7;chr7;chr7;chr7,476116;476340;476577;476877;477307,476192;476426;476705;477105;477552,-;-;-;-;-,768,0,0,1,0,21,0,2,0,20
GENE.1786,chr7;chr7,478468;478980,478761;479138,-;-,453,1794,1792,1790,1918,1824,173,552,173,1824
GENE.1787,chr7,481369,481974,-,606,0,1,3,0,25,0,20,0,25
GENE.1788,chr7,482701,483831,-,1131,612,591,619,584,552,40,207,40,552
GENE.1789,chr7,484838,486037,+,1200,642,637,629,596,608,45,190,45,608
GENE.179,chr1,330738,332708,+,1971,100,100,100,90,132,7,70,7,132
GENE.1790,chr7,487281,490970,-,3690,5074,5052,5050,4862,4388,214,1251,214,4379
GENE.1791,chr7,492519,493232,-,714,1424,1424,1424,1422,1424,170,467,170,1424
GENE.1792,chr7,495238,498240,+,3003,3174,3142,3125,2718,2552,207,1149,207,2547
GENE.1793,chr7,499336,499695,+,360,0,1,2,0,8,0,12,0,8
GENE.1794,chr7,500408,502594,-,2187,740,744,731,648,656,44,267,44,656
GENE.1795,chr7,505245,507311,+,2067,0,3,9,0,36,0,547,0,36
GENE.1796,chr7,508474,508609,+,136,0,0,0,0,10,0,0,0,10
GENE.1797,chr7;chr7,511950;514173,513344;519425,-;-,6648,0,301,176,268,384,93,348,93,379
GENE.1798,chr7,523147,523288,+,142,0,1,0,0,11,0,0,0,11
GENE.1799,chr7;chr7;chr7,525063;525115;526252,525113;526068;526320,-;-;-,1074,0,228,206,380,262,25,91,25,261
GENE.18,chrM,2035,3471,+,1437,0,0,0,0,1,0,0,0,1
GENE.180,chr1,337168,343833,+,6666,0,66,140,16,192,7,488,7,191
GENE.1800,chr7;chr7,527338;529654,528687;535131,-;-,6828,10740,10715,10405,9227,8959,563,2633,563,8947
GENE.1801,chr7,538519,538660,+,142,0,0,0,0,11,0,0,0,11
GENE.1802,chr7;chr7;chr7,540343;541222;541473,541220;541291;541541,-;-;-,1017,416,421,420,404,417,21,111,21,417
GENE.1803,chr7;chr7,542906;545154,544342;550520,-;-,6804,0,97,64,28,304,5,262,5,291
GENE.1804,chr7;chr7,552158;554132,553405;559078,-;-,6195,0,200,131,134,433,41,128,41,379
GENE.1805,chr7;chr7,562906;564089,563970;564160,-;-,1137,0,5,2,0,45,0,4,0,43
GENE.1806,chr7;chr7,566726;569014,568078;574308,-;-,6648,43792,43743,42986,38670,37447,2857,11988,2857,37291
GENE.1807,chr7,577945,578078,+,134,0,0,1,0,5,0,0,0,5
GENE.1808,chr7;chr7,581386;583641,582822;588923,-;-,6720,17073,17770,17134,15905,15920,1185,4311,1165,15861
GENE.1809,chr7;chr7,590326;592388,591558;597733,-;-,6579,0,359,211,104,676,105,225,87,613
GENE.181,chr1;chr1;chr1;chr1;chr1;chr1;chr1;chr1;chr1,344400;344676;344873;345142;345318;345503;345685;346015;346528,344555;344730;344997;345213;345401;345570;345851;346267;346540,-;-;-;-;-;-;-;-;-,993,2372,2369,2356,2362,2183,135,642,135,2183
GENE.1810,chr7;chr7,602141;602410,602209;603381,+;+,1041,0,3,3,0,28,0,2,0,28
GENE.1811,chr7;chr7,605653;605814,605721;606440,+;+,696,700,697,696,700,672,27,156,27,672
GENE.1812,chr7,607111,607785,-,675,3806,3795,3790,3846,3731,395,1294,395,3727
GENE.1813,chr7;chr7;chr7,609297;609538;610319,609536;610317;610522,+;+;+,1224,6682,6667,6653,6628,6660,644,2493,644,6660
GENE.1814,chr7;chr7,612458;612770,612560;613740,+;+,1074,0,0,1,0,28,0,5,0,28
GENE.1815,chr7,614385,617249,+,2865,2814,2811,2759,2468,2148,110,749,110,2148
GENE.1816,chr7;chr7,617933;620182,620000;620867,+;+,2754,3259,3251,3256,3112,2980,306,1338,306,2978
GENE.1817,chr7;chr7;chr7;chr7;chr7;chr7;chr7;chr7;chr7,621463;621709;621951;622311;622486;622659;622791;622967;623442,621594;621836;621996;622348;622561;622703;622820;623021;623521,-;-;-;-;-;-;-;-;-,630,331,337,337,323,324,13,72,13,324
GENE.1818,chr7;chr7,624379;624614,624414;625300,-;-,723,0,1,3,0,25,0,17,0,25
GENE.1819,chr7,627067,637776,-,10710,85826,85833,83847,80890,72655,5069,21728,5069,72416
GENE.182,chr1;chr1;chr1;chr1;chr1,345206;345318;345685;346015;346528,345213;345401;345851;346267;346540,-;-;-;-;-,525,1659,1653,1640,1629,1486,78,385,78,1486
GENE.1820,chr7,643101,643472,-,372,0,0,0,0,13,0,0,0,13
GENE.1821,chr7,646719,648767,-,2049,1342,1338,1327,1308,1276,105,494,105,1276
GENE.1822,chr7,650834,654919,+,4086,4392,4408,4359,4384,4066,233,1443,225,4054
GENE.1823,chr7;chr7;chr7;chr7;chr7,656871;657128;657396;657652;658216,656986;657206;657512;657851;661669,+;+;+;+;+,3966,10154,10074,9823,8994,8006,382,2627,382,8002
GENE.1824,chr7;chr7;chr7,662284;662544;663301,662364;663126;663407,-;-;-,771,0,10,2,0,26,1,22,1,26
GENE.1825,chr7,664956,666167,+,1212,554,549,569,534,509,26,174,26,506
GENE.1826,chr7,667985,669712,+,1728,7364,7337,7236,7412,6862,417,2359,401,6198
GENE.1827,chr7,670795,670866,+,72,0,0,0,0,1,0,0,0,1
GENE.1828,chr7,671656,671735,+,80,0,0,0,0,3,0,0,0,3
GENE.1829,chr7,672735,672816,-,82,0,0,0,0,8,0,0,0,8
GENE.183,chr1,349170,349709,+,540,2100,2149,2081,2066,2048,111,714,110,2028
GENE.1830,chr7,673451,674419,+,969,0,0,5,0,30,0,1,0,30
GENE.1831,chr7;chr7,674610;674962,674767;675130,-;-,327,0,0,2,0,15,0,0,0,15
GENE.1832,chr7,676061,682681,-,6621,16580,16554,16027,14520,13099,792,3995,792,13008
GENE.1833,chr7;chr7;chr7;chr7,684539;684744;685029;685396,684566;684871;685130;686691,-;-;-;-,1554,9431,9403,9390,9048,9010,975,3461,975,9010
GENE.1834,chr7;chr7;chr7,687891;688140;688293,687959;688174;688848,-;-;-,660,1263,1242,1256,1089,983,115,422,115,983
GENE.1835,chr7;chr7;chr7,689543;689744;689993,689598;689838;690057,-;-;-,216,0,0,3,0,13,0,0,0,13
GENE.1836,chr7,691068,693332,+,2265,324,325,333,302,325,21,79,21,325
GENE.1837,chr7,694523,694882,+,360,0,1,0,0,16,0,0,0,16
GENE.1838,chr7,695600,696904,-,1305,5626,5559,5392,4862,4195,510,1497,510,4194
GENE.1839,chr7,699239,700909,+,1671,0,2,8,0,30,0,49,0,30
GENE.184,chr1;chr1;chr1;chr1;chr1;chr1,349995;350299;350545;350789;351034;351378,350099;350373;350677;350954;351226;351626,-;-;-;-;-;-,921,838,834,831,751,727,87,254,87,727
GENE.1840,chr7,703207,706584,+,3378,16346,16247,16021,15182,13911,724,4790,724,13868
GENE.1841,chr7,707699,710908,-,3210,7824,7939,7673,8028,6487,400,1950,400,6481
GENE.1842,chr7,712469,714967,+,2499,9134,9099,9056,8594,8151,703,2975,703,8130
GENE.1843,chr7;chr7,717281;718833,718713;718968,+;+,1569,4824,4793,4774,4600,4523,295,1348,295,4517
GENE.1844,chr7;chr7;chr7;chr7;chr7;chr7;chr7;chr7;chr7;chr7,720010;720191;720365;720508;720630;720747;720902;721036;721252;721414,720064;720249;720403;720524;720670;720806;720937;721127;721323;721467,+;+;+;+;+;+;+;+;+;+,525,0,0,1,0,15,0,13,0,15
GENE.1845,chr7;chr7;chr7;chr7;chr7;chr7;chr7;chr7;chr7;chr7,721717;721975;722696;722962;723204;723504;723722;724033;724317;724548,721742;722192;722838;723077;723347;723597;723928;724157;724416;724715,+;+;+;+;+;+;+;+;+;+,1341,842,832,818,773,665,44,256,44,665
GENE.1846,chr7;chr7,725296;725870,725586;727219,+;+,1641,0,2,0,0,42,0,9,0,42
GENE.1847,chr7,728109,731126,+,3018,0,2,6,0,82,0,15,0,82
GENE.1848,chr7;chr7;chr7,732070;733143;733407,732917;733188;733496,-;-;-,984,291,292,294,282,308,37,120,37,308
GENE.1849,chr7,736370,737338,+,969,2154,2151,2153,2240,2181,264,717,264,2181
GENE.185,chr1;chr1;chr1;chr1,352314;352459;352683;353011,352356;352540;352815;356211,-;-;-;-,3459,4347,4328,4214,4076,3714,244,1242,244,3707
GENE.1850,chr7;chr7;chr7;chr7;chr7;chr7;chr7;chr7;chr7;chr7;chr7;chr7;chr7;chr7,738578;738859;739191;739376;739511;739666;739793;740065;740256;740443;740606;740860;740987;741138,738580;739020;739240;739425;739556;739702;739849;740151;740312;740475;740737;740913;741043;741209,+;+;+;+;+;+;+;+;+;+;+;+;+;+,897,0,0,3,0,28,0,20,0,28
GENE.1851,chr7;chr7,742010;744854,744700;744901,+;+,2739,215,217,212,179,275,15,81,15,275
GENE.1852,chr7;chr7,745191;745541,745363;746663,-;-,1296,0,0,2,0,25,0,3,0,25
GENE.1853,chr7;chr7;chr7;chr7,748990;749644;750141;750614,749475;749878;750512;750699,+;+;+;+,1179,303,303,298,289,314,23,115,23,314
GENE.1854,chr7,751877,754132,+,2256,0,5,6,0,67,0,42,0,67
GENE.1855,chr7;chr7,755763;756906,756558;757696,+;+,1587,0,0,2,0,48,1,7,1,47
GENE.1856,chr7;chr7;chr7;chr7;chr7;chr7;chr7;chr7,758720;759016;759175;759541;759809;759976;760130;760426,758831;759073;759343;759669;759868;760038;760248;762877,-;-;-;-;-;-;-;-,3162,1916,1897,1882,1752,1602,104,498,104,1602
GENE.1857,chr7,764794,766413,-,1620,660,658,659,662,675,71,328,71,675
GENE.1858,chr7,767357,771949,-,4593,4926,4878,4834,4570,3960,239,1400,239,3954
GENE.1859,chr7;chr7;chr7;chr7;chr7;chr7;chr7;chr7,772951;773247;773556;773737;773936;774110;774335;774560,773007;773393;773622;773831;773996;774207;774454;775264,-;-;-;-;-;-;-;-,1350,963,962,959,956,888,67,348,67,888
GENE.186,chr1;chr1;chr1;chr1;chr1;chr1;chr1;chr1;chr1;chr1;chr1,357834;358046;358219;358505;358703;358895;359384;359745;359919;360119;360265,357849;358113;358350;358575;358758;359200;359563;359815;359972;360172;360339,+;+;+;+;+;+;+;+;+;+;+,1083,0,3,1,0,14,0,1,0,14
GENE.1860,chr7;chr7;chr7;chr7;chr7;chr7;chr7;chr7;chr7;chr7;chr7,776141;776462;777217;791137;791639;791939;792437;793117;794024;795267;795563,776256;776789;790924;791453;791782;792223;792986;793922;795132;795369;795637,-;-;-;-;-;-;-;-;-;-;-,17541,0,47,73,0,497,0,518,0,495
GENE.1861,chr7;chr7,796514;802767,802628;804739,-;-,8088,0,14,14,0,224,0,79,0,222
GENE.1862,chr7;chr7;chr7;chr7;chr7;chr7;chr7,812301;817521;818953;819765;820090;820397;820573,817406;818827;819642;819950;820305;820460;820635,-;-;-;-;-;-;-,7632,17136,17049,16748,14727,14072,1015,4563,1015,14071
GENE.1863,chr7;chr7,822438;822809,822620;823015,+;+,390,0,0,0,0,10,0,0,0,10
GENE.1864,chr7;chr7;chr7;chr7;chr7;chr7,824445;824681;825127;825331;825516;825750,824510;824751;825238;825435;825605;825884,+;+;+;+;+;+,579,54,53,53,58,77,6,33,6,77
GENE.1865,chr7;chr7;chr7;chr7;chr7;chr7;chr7;chr7;chr7;chr7,826837;826927;827122;827341;827503;827676;827894;828183;830335;830472,826839;826994;827173;827402;827572;827781;827943;830232;830384;831305,+;+;+;+;+;+;+;+;+;+,3345,8400,8252,8178,7504,7081,413,2189,399,6640
GENE.1866,chr7,831549,832922,-,1374,4174,4133,4034,3458,3103,187,822,187,3103
GENE.1867,chr7;chr7;chr7;chr7;chr7,833630;833951;834309;834669;835017,833798;834174;834491;834879;835051,-;-;-;-;-,822,0,2,1,0,38,0,1,0,38
GENE.1868,chr7;chr7,835957;836574,836373;836861,+;+,705,424,416,404,368,285,5,117,5,285
GENE.1869,chr7,838135,838596,+,462,398,397,398,412,425,17,114,17,425
GENE.187,chr1,361987,362586,-,600,1430,1413,1410,1586,1297,66,441,66,1275
GENE.1870,chr7;chr7;chr7;chr7,838990;839325;839711;839990,839175;839579;839774;840024,-;-;-;-,540,0,0,0,0,16,0,2,0,16
GENE.1871,chr7;chr7;chr7;chr7;chr7;chr7;chr7,841108;841332;841509;841761;842008;842396;842681,841190;841404;841602;841895;842285;842515;842830,+;+;+;+;+;+;+,933,592,592,590,590,608,34,144,34,608
GENE.1872,chr7,844495,847593,+,3099,0,3,6,0,99,0,106,0,98
GENE.1873,chr7,848398,853593,-,5196,12362,12293,12180,12030,10295,634,3283,634,10278
GENE.1874,chr7;chr7;chr7,854652;855025;855890,854689;855637;856654,-;-;-,1416,7626,7570,7421,6475,6299,353,2199,353,6297
GENE.1875,chr7;chr7,858742;859418,859188;859492,-;-,522,1438,1431,1431,1397,1405,130,447,130,1405
GENE.1876,chr7;chr7;chr7,861583;862014;862321,861667;862175;862487,+;+;+,414,82,82,82,92,79,10,31,10,79
GENE.1877,chr7,863452,864813,-,1362,0,0,1,0,48,0,20,0,48
GENE.1878,chr7,865927,876132,+,10206,3924,3914,3889,3538,3459,261,1272,261,3454
GENE.1879,chr7;chr7,876795;877400,877281;877500,+;+,588,238,238,238,236,266,30,111,30,266
GENE.188,chr1,363318,363992,+,675,0,0,2,0,16,0,0,0,16
GENE.1880,chr7,877865,878632,-,768,0,0,1,0,41,0,8,0,41
GENE.1881,chr7;chr7,879454;879812,879684;879946,+;+,366,2,2,2,2,16,1,1,1,16
GENE.1882,chr7;chr7,880465;880778,880693;880863,-;-,315,0,0,1,0,10,0,1,0,10
GENE.1883,chr7;chr7,882936;884615,884490;884988,+;+,1929,0,0,1,0,63,0,1,0,63
GENE.1884,chr7;chr7;chr7;chr7;chr7;chr7,886346;886517;886747;886999;887231;887445,886403;886588;886820;887099;887287;887487,+;+;+;+;+;+,405,0,0,2,0,13,0,3,0,13
GENE.1885,chr7;chr7;chr7;chr7;chr7;chr7;chr7,887816;888028;888380;888528;888749;888981;889316,887923;888188;888429;888644;888869;889071;889378,-;-;-;-;-;-;-,711,10,11,9,10,30,0,3,0,30
GENE.1886,chr7;chr7;chr7;chr7,891683;891985;892494;898640,891778;892172;898298;899051,+;+;+;+,6501,0,31,45,0,221,0,245,0,207
GENE.1887,chr7;chr7;chr7;chr7;chr7;chr7;chr7,899751;900036;900322;900460;900645;900893;901093,899847;900204;900382;900537;900685;900998;901137,+;+;+;+;+;+;+,597,262,262,254,256,266,22,70,22,266
GENE.1888,chr7;chr7;chr7;chr7,901549;901784;901984;902632,901614;901853;902489;902787,+;+;+;+,798,19,29,20,25,41,1,7,1,41
GENE.1889,chr7;chr7,904143;907544,907394;914671,+;+,10380,0,38,77,0,294,1,559,1,291
GENE.189,chr1;chr1,365610;365920,365823;368795,+;+,3090,3404,3383,3362,3116,3056,191,992,191,3056
GENE.1890,chr7,916434,917168,+,735,356,357,355,360,378,18,106,18,378
GENE.1891,chr7,917958,920816,-,2859,1550,1542,1516,1336,1281,122,653,122,1275
GENE.1892,chr7,922285,924984,+,2700,9708,9633,9448,8624,7544,493,2579,493,7534
GENE.1893,chr7;chr7;chr7;chr7;chr7;chr7,926692;926975;927159;927387;927630;927879,926761;927064;927281;927516;927711;928028,+;+;+;+;+;+,645,384,385,387,383,398,45,141,45,398
GENE.1894,chr7,928514,930853,+,2340,2480,2471,2444,2254,2080,111,671,111,2079
GENE.1895,chr7;chr7,931459;932087,931968;932164,-;-,588,0,0,0,0,18,0,0,0,18
GENE.1896,chr7,935497,936900,+,1404,0,0,0,0,46,0,0,0,46
GENE.1897,chr7;chr7;chr7,938279;938565;938789,938429;938627;938895,+;+;+,321,13,13,13,16,15,3,6,3,15
GENE.1898,chr7;chr7;chr7,939715;939916;940132,939784;939963;940250,-;-;-,237,12,11,11,14,17,0,6,0,17
GENE.1899,chr7,941776,942513,+,738,238,236,237,198,202,4,43,4,202
GENE.19,chrM,3492,4622,+,1131,1576,1572,1548,1478,1336,91,388,91,1336
GENE.190,chr1,369480,370178,-,699,968,964,959,944,902,68,235,68,902
GENE.1900,chr7,944023,945234,+,1212,0,1,1,0,46,1,10,1,46
GENE.1901,chr7,946363,948612,+,2250,2698,2700,2651,2684,2563,183,706,183,2553
GENE.1902,chr7,949449,953114,-,3666,0,19,52,0,112,6,275,6,111
GENE.1903,chr7;chr7;chr7,954784;955032;955259,954833;955078;956343,+;+;+,1182,395,394,381,341,346,19,114,19,344
GENE.1904,chr7;chr7,956920;957963,957740;958017,-;-,876,0,3,2,0,30,0,0,0,30
GENE.1905,chr7,958886,960694,-,1809,0,3,4,0,64,0,45,0,64
GENE.1906,chr7;chr7,962031;962291,962113;962447,+;+,240,2,2,3,2,6,0,1,0,6
GENE.1907,chr7,963370,965109,+,1740,4530,4510,4471,4192,3958,284,1428,284,3958
GENE.1908,chr7;chr7;chr7;chr7;chr7;chr7;chr7;chr7;chr7;chr7;chr7,965664;965864;966076;966226;966421;966670;966890;967070;967351;967555;967727,965749;965954;966150;966306;966498;966787;966913;967244;967456;967603;967782,-;-;-;-;-;-;-;-;-;-;-,939,930,925,902,856,676,32,220,32,676
GENE.1909,chr7,968836,969735,-,900,2202,2201,2201,2444,2192,317,1023,317,2189
GENE.191,chr1;chr1,371815;372876,372646;373012,-;-,969,725,716,719,675,590,49,191,49,590
GENE.1910,chr7,970492,971877,-,1386,2946,2930,2928,2906,2759,218,912,218,2758
GENE.1911,chr7;chr7;chr7;chr7,972658;973121;973409;973654,972997;973175;973471;974272,+;+;+;+,1077,1086,1086,1080,1076,1105,154,458,154,1105
GENE.1912,chr7,975766,978408,+,2643,0,2,3,0,57,0,15,0,57
GENE.1913,chr7,978920,983188,-,4269,0,10,28,0,169,0,206,0,167
GENE.1914,chr7,984778,985458,-,681,950,949,943,932,843,66,390,66,843
GENE.1915,chr7;chr7;chr7,986598;987018;987223,986831;987090;987365,+;+;+,450,0,2,0,0,19,0,0,0,19
GENE.1916,chr7,988145,991243,+,3099,1700,1716,1684,1650,1603,105,540,100,1551
GENE.1917,chr7;chr7;chr7;chr7,993232;999625;999917;1000085,999420;999788;999987;1000233,+;+;+;+,6573,7337,7348,7226,7073,6817,562,2737,562,6804
GENE.1918,chr7;chr7;chr7;chr7,1000701;1000869;1001113;1001364,1000754;1001002;1001210;1004746,-;-;-;-,3669,9670,9627,9601,9008,8401,557,2625,557,8397
GENE.1919,chr7,1006335,1012145,+,5811,4008,3960,3968,3596,3298,188,1210,188,3292
GENE.192,chr1;chr1,374439;374959,374810;375087,-;-,501,41,41,43,43,54,3,33,3,54
GENE.1920,chr7;chr7,1013295;1015204,1015060;1016449,-;-,3012,0,11,14,0,86,0,67,0,86
GENE.1921,chr7,1019384,1020667,-,1284,0,5,12,0,36,0,60,0,36
GENE.1922,chr7;chr7,1021508;1022445,1022326;1022630,+;+,1005,0,5,1,0,34,0,86,0,34
GENE.1923,chr7;chr7,1023651;1024066,1023942;1024121,+;+,348,4,3,5,3,18,0,5,0,18
GENE.1924,chr7;chr7;chr7;chr7,1024672;1025245;1025745;1026111,1025015;1025518;1025984;1026167,+;+;+;+,915,0,2,2,0,30,0,1,0,30
GENE.1925,chr7;chr7;chr7;chr7;chr7,1026444;1026614;1026875;1027064;1027359,1026518;1026697;1026966;1027219;1033077,-;-;-;-;-,6126,5266,5287,5310,4860,4335,272,1853,272,4311
GENE.1926,chr7;chr7;chr7;chr7;chr7,1034969;1035350;1035568;1035813;1043143,1035200;1035460;1035642;1042897;1046109,-;-;-;-;-,10470,0,97,116,0,334,0,456,0,328
GENE.1927,chr7;chr7;chr7;chr7,1047427;1047718;1047985;1048327,1047438;1047783;1048148;1049362,-;-;-;-,1278,1362,1349,1274,1007,873,40,248,40,864
GENE.1928,chr7,1052465,1058158,+,5694,8146,8112,8025,7646,7170,651,2601,651,7169
GENE.1929,chr7,1058933,1062976,-,4044,450,460,459,444,572,42,264,42,570
GENE.193,chr1;chr1,376294;376830,376586;377004,-;-,468,225,222,219,194,207,13,68,13,207
GENE.1930,chr7;chr7,1065252;1070019,1069760;1070240,+;+,4731,40986,41410,40740,40201,36270,2353,10895,2353,36224
GENE.1931,chr7;chr7;chr7;chr7,1070980;1071129;1071359;1071723,1071014;1071247;1071636;1071737,+;+;+;+,447,0,0,2,0,18,0,0,0,16
GENE.1932,chr7;chr7,1072202;1074618,1074446;1074754,-;-,2382,3870,3859,3784,3496,3145,247,1124,247,3145
GENE.1933,chr7;chr7;chr7;chr7,1079015;1079400;1079671;1079857,1079065;1079443;1079706;1080055,+;+;+;+,330,15,15,15,16,25,1,8,1,24
GENE.1934,chr7;chr7,1080642;1082315,1081869;1082343,-;-,1257,3463,5683,7720,9235,3142,271,1054,268,2604
GENE.1935,chr7,1083761,1085847,+,2087,2280,5309,3530,5886,5184,435,362,435,5183
GENE.1936,chr7,1085848,1086212,+,365,0,2,0,0,11,0,0,0,11
GENE.1937,chr7,1086213,1086371,+,159,0,0,0,0,4,0,0,0,4
GENE.1938,chr7,1086372,1086569,+,198,0,1,1,0,6,0,0,0,6
GENE.1939,chr7,1086570,1090357,+,3788,0,21712,15770,27462,21302,1976,467,1976,21302
GENE.194,chr1;chr1;chr1,377874;378265;378461,378133;378318;378599,-;-;-,453,437,429,435,451,428,19,121,19,428
GENE.1940,chr7;chr7,1093566;1095922,1095776;1096122,-;-,2412,0,6,13,0,53,2,136,2,53
GENE.1941,chr7;chr7;chr7,1100134;1100414;1102887,1100230;1102773;1102967,+;+;+,2538,960,1024,920,920,992,43,303,36,964
GENE.1942,chr7;chr7,1104156;1108055,1107838;1108364,+;+,3993,3917,4879,5129,5567,5010,370,1115,370,4994
GENE.1943,chr7;chr7;chr7;chr7;chr7,1108831;1109150;1122013;1123867;1124249,1108864;1121817;1123680;1124087;1124492,-;-;-;-;-,14835,58773,58297,57539,54569,47560,2935,15054,2935,47494
GENE.1944,chr7;chr7;chr7;chr7,1126556;1126774;1127121;1127320,1126611;1126942;1127189;1136577,-;-;-;-,9552,0,35,122,0,287,2,337,2,260
GENE.1945,chr7;chr7,1140479;1142342,1142132;1142754,+;+,2067,356,368,395,308,293,23,416,23,291
GENE.1946,chr7,1143303,1143815,-,513,834,830,827,822,704,16,102,16,704
GENE.1947,chr7;chr7;chr7,1144046;1144264;1144518,1144074;1144345;1144730,-;-;-,324,41,40,43,54,48,4,20,4,48
GENE.1948,chr7,1145648,1147207,+,1560,5662,5598,5560,4860,4424,340,1313,340,4424
GENE.1949,chr7,1147570,1151058,-,3489,10220,10403,10271,10296,9893,586,2771,582,9451
GENE.195,chr1;chr1,379149;379659,379552;379806,-;-,552,434,433,430,480,374,34,138,34,374
GENE.1950,chr7,1152155,1155355,-,3201,8376,9117,8751,11304,8990,582,1949,582,8982
GENE.1951,chr7,1156748,1158409,-,1662,0,1,7,0,60,0,7,0,57
GENE.1952,chr7,1159700,1161820,-,2121,2548,2529,2502,2286,2125,109,605,109,2125
GENE.1953,chr7;chr7;chr7,1162710;1162966;1163157,1162723;1163047;1163831,+;+;+,771,687,685,687,649,651,24,211,24,651
GENE.1954,chr7,1164455,1166578,-,2124,0,7,6,0,99,0,39,0,99
GENE.1955,chr7;chr7;chr7,1167441;1170521;1170784,1170389;1170627;1170817,+;+;+,3090,9125,9096,9011,8391,8007,477,2633,477,8007
GENE.1956,chr7,1171286,1174156,-,2871,5356,5341,5302,5084,4826,373,1448,373,4822
GENE.1957,chr7,1175944,1181700,+,5757,14936,14901,14793,14008,13298,1021,4648,1021,13255
GENE.1958,chr7,1184401,1190172,+,5772,22016,21742,21442,18798,16493,1270,6520,1269,16469
GENE.1959,chr7;chr7,1191179;1192139,1192017;1192289,-;-,990,1796,1794,1796,1740,1616,125,512,125,1616
GENE.196,chr1,380697,382424,+,1728,8142,8116,8034,7450,6711,434,2004,434,6711
GENE.1960,chr7,1193616,1210301,-,16686,37916,37528,37305,33986,31354,2229,10555,2229,31323
GENE.1961,chr7;chr7,1211657;1211920,1211717;1213517,+;+,1659,5680,5754,5659,6081,5577,413,1537,413,5563
GENE.1962,chr7,1213841,1214476,-,636,0,1,2,0,20,0,0,0,20
GENE.1963,chr7;chr7,1215174;1215488,1215278;1215763,+;+,381,1,1,2,1,14,0,0,0,14
GENE.1964,chr7;chr7,1215174;1215492,1215282;1215763,+;+,381,1,1,2,1,14,0,0,0,14
GENE.1965,chr7;chr7;chr7;chr7;chr7,1216088;1216333;1216548;1216851;1217151,1216135;1216430;1216690;1216942;1217201,-;-;-;-;-,432,87,87,79,87,67,3,34,3,67
GENE.1966,chr7;chr7;chr7;chr7;chr7,1218426;1224405;1224782;1225248;1225450,1224231;1224657;1225105;1225329;1225473,+;+;+;+;+,6489,12410,12298,12113,11858,10257,680,3749,680,10226
GENE.1967,chr7;chr7;chr7;chr7,1226029;1227367;1227612;1228664,1227277;1227467;1228373;1228714,-;-;-;-,2163,0,1,3,0,67,0,53,0,66
GENE.1968,chr7;chr7,1230589;1232148,1231956;1232180,+;+,1401,448,449,430,382,405,19,123,19,405
GENE.1969,chr7;chr7;chr7;chr7;chr7;chr7;chr7;chr7,1232272;1232608;1232791;1232954;1233140;1233300;1233448;1233620,1232325;1232657;1232854;1233046;1233205;1233344;1233501;1234672,-;-;-;-;-;-;-;-,1479,3376,3370,3357,3346,3082,234,1020,234,3082
GENE.197,chr1;chr1;chr1;chr1;chr1;chr1;chr1;chr1;chr1;chr1;chr1;chr1;chr1;chr1;chr1;chr1;chr1;chr1;chr1,383284;383887;384162;384400;384627;384897;385264;385461;385623;385905;386089;386331;386558;386691;386871;387214;387435;387596;387874,383722;384012;384270;384538;384807;385099;385385;385520;385767;385971;386150;386393;386606;386722;387042;387299;387462;387731;387940,+;+;+;+;+;+;+;+;+;+;+;+;+;+;+;+;+;+;+,2286,16041,15895,15421,15415,12025,580,4797,580,12023
GENE.1970,chr7;chr7;chr7;chr7;chr7,1235699;1236064;1236258;1236418;1236658,1235699;1236134;1236326;1236538;1236707,+;+;+;+;+,312,31,31,31,33,46,1,13,1,46
GENE.1971,chr7,1238446,1246188,+,7743,7360,7372,7269,6864,6319,379,2054,379,6302
GENE.1972,chr7;chr7,1247398;1247755,1247610;1248264,+;+,723,583,584,581,587,553,30,145,30,553
GENE.1973,chr7,1248837,1251503,-,2667,6744,6696,6587,5896,5111,358,1598,358,5111
GENE.1974,chr7,1252847,1254097,+,1251,0,10,6,0,31,1,49,1,29
GENE.1975,chr7,1255371,1257653,+,2283,0,4,15,0,76,0,31,0,75
GENE.1976,chr7;chr7;chr7;chr7;chr7,1258787;1259140;1259302;1259493;1259691,1258952;1259206;1259416;1259596;1259730,+;+;+;+;+,492,72,72,67,70,70,1,26,1,70
GENE.1977,chr7;chr7,1260154;1261478,1261259;1262780,-;-,2409,0,0,5,0,64,0,45,0,64
GENE.1978,chr7,1264445,1264738,+,294,0,1,2,0,7,0,0,0,7
GENE.1979,chr7;chr7,1265910;1281099,1280858;1281347,+;+,15198,9117,9084,9058,8357,8454,675,2722,675,8452
GENE.198,chr1;chr1;chr1;chr1;chr1;chr1;chr1;chr1;chr1;chr1;chr1;chr1;chr1;chr1;chr1;chr1;chr1,383284;383887;384162;384400;384627;384897;385264;385461;385623;385905;386089;386331;386558;386691;386871;387214;387596,383722;384012;384270;384538;384807;385099;385385;385520;385767;385971;386150;386393;386606;386722;387042;387299;387625,+;+;+;+;+;+;+;+;+;+;+;+;+;+;+;+;+,2085,16034,15888,15414,15407,12017,579,4662,579,12015
GENE.1980,chr7;chr7,1281785;1282193,1282005;1282322,-;-,351,3,3,3,3,10,1,0,1,10
GENE.1981,chr7,1282913,1285519,+,2607,122,123,125,120,180,14,103,14,180
GENE.1982,chr7;chr7;chr7;chr7,1286057;1287992;1288971;1289385,1287601;1288800;1289178;1289399,-;-;-;-,2577,2163,2147,2150,1973,1866,170,672,170,1865
GENE.1983,chr7,1297459,1301454,+,3996,4874,4851,4874,4572,4490,427,2047,427,4482
GENE.1984,chr7;chr7;chr7,1304347;1304672;1304941,1304526;1304812;1305096,+;+;+,477,80,79,79,72,83,8,24,8,83
GENE.1985,chr7,1305894,1314215,-,8322,6364,6328,6319,5710,5377,318,2105,318,5362
GENE.1986,chr7,1318059,1318131,+,73,0,0,0,0,1,0,0,0,1
GENE.1987,chr7,1319011,1319082,-,72,0,0,0,0,4,0,0,0,4
GENE.1988,chr7;chr7,1321306;1321552,1321371;1322367,+;+,882,2817,2813,2795,2935,2531,188,928,188,2531
GENE.1989,chr7;chr7,1321306;1321556,1321375;1322367,+;+,882,2817,2813,2795,2935,2531,188,928,188,2531
GENE.199,chr1,388372,389076,+,705,668,666,667,646,622,24,173,24,622
GENE.1990,chr7;chr7,1325375;1325673,1325566;1331813,+;+,6333,0,3,6,0,135,0,8,0,135
GENE.1991,chr7,1333175,1334938,-,1764,0,0,6,0,37,0,6,0,37
GENE.1992,chr7;chr7,1338959;1339322,1339162;1341790,+;+,2673,0,1,2,0,48,0,5,0,48
GENE.1993,chr7;chr7,1342842;1343823,1343597;1343996,-;-,930,0,0,1,0,33,0,1,0,33
GENE.1994,chr7;chr7,1350032;1350295,1350130;1351149,+;+,954,0,3,4,0,16,0,0,0,14
GENE.1995,chr7;chr7,1353758;1355402,1355281;1355482,+;+,1605,0,0,4,0,53,0,110,0,51
GENE.1996,chr7;chr7;chr7;chr7,1358055;1362444;1362624;1362847,1362318;1362522;1362706;1362929,+;+;+;+,4509,37458,37288,37004,34592,32225,2104,9364,2104,32225
GENE.1997,chr7,1368161,1370596,+,2436,7404,7343,7157,6638,6282,521,2008,521,6282
GENE.1998,chr7;chr7,1372063;1372239,1372131;1372760,+;+,591,818,819,813,794,796,83,275,83,796
GENE.1999,chr7;chr7,1378618;1378799,1378674;1380769,+;+,2028,0,4,11,0,35,0,103,0,35
GENE.2,chrM,34,71,+,38,0,0,0,0,0,0,0,0,0
GENE.20,chrM,4594,4618,-,25,29,28,24,29,20,2,11,2,20
GENE.200,chr1,389261,392065,-,2805,2978,2977,2867,2768,2431,185,768,185,2425
GENE.2000,chr7;chr7;chr7;chr7,1382410;1382632;1382811;1383489,1382475;1382809;1383487;1383524,+;+;+;+,957,0,3,1,0,22,0,5,0,22
GENE.2001,chr7;chr7,1385635;1385805,1385703;1386626,+;+,891,1038,1287,1015,1400,934,60,150,60,934
GENE.2002,chr7;chr7,1387753;1388420,1388418;1389037,+;+,1284,2458,3193,2577,3602,2867,323,189,323,2867
GENE.2003,chr7;chr7,1390711;1390997,1390764;1392043,+;+,1101,737,829,838,848,913,53,202,53,911
GENE.2004,chr7;chr7,1396437;1397571,1397384;1397639,-;-,1017,184,184,171,164,192,4,43,4,192
GENE.2005,chr7;chr7,1399452;1400614,1400531;1400682,-;-,1149,102,100,105,96,105,7,60,7,105
GENE.2006,chr7;chr7,1402623;1403910,1403672;1403978,-;-,1119,0,3,1,0,35,0,55,0,35
GENE.2007,chr7,1406853,1407065,+,213,0,0,0,0,5,0,0,0,5
GENE.2008,chr7;chr7,1408781;1408965,1408849;1409975,+;+,1080,0,6,12,18,24,6,35,6,23
GENE.2009,chr7;chr7,1410435;1410975,1410506;1412231,+;+,1329,1561,2460,1978,2541,2139,184,172,184,2139
GENE.201,chr1,392604,393035,+,432,346,342,346,344,326,21,93,21,326
GENE.2010,chr7;chr7,1414434;1414718,1414487;1415683,+;+,1020,0,23,11,14,33,2,13,2,33
GENE.2011,chr7;chr7,1417588;1419890,1419030;1426234,-;-,7788,0,124,120,168,369,67,152,67,334
GENE.2012,chr8;chr8,21361;27295,26364;28653,+;+,6363,38614,38390,37819,34365,32568,1753,8731,1751,32533
GENE.2013,chr8;chr8,29700;31636,30878;39033,-;-,8577,0,65,54,108,339,4,268,4,339
GENE.2014,chr8;chr8,40948;49632,48582;50939,+;+,8943,0,152,50,12,371,23,187,23,345
GENE.2015,chr8;chr8,52760;53929,53698;53982,-;-,993,1278,1276,1213,1012,929,86,285,86,929
GENE.2016,chr8;chr8,56352;57650,57425;57703,-;-,1128,0,7,6,0,40,0,58,0,40
GENE.2017,chr8;chr8,61138;62043,61920;62135,-;-,876,2029,1970,1774,2030,1757,140,255,140,1756
GENE.2018,chr8;chr8;chr8,65716;70567;70993,70434;70832;71785,-;-;-,5778,7496,13929,10864,15055,11622,1067,1743,1067,11620
GENE.2019,chr8;chr8,79823;80082,79891;80642,+;+,630,0,2,2,0,28,0,1,0,28
GENE.202,chr1,393216,393490,-,275,0,1,0,0,3,0,3,0,1
GENE.2020,chr8;chr8;chr8,83128;83337;83356,83196;83354;83904,+;+;+,636,1159,1144,1114,863,543,16,244,16,543
GENE.2021,chr8;chr8,84568;88225,88029;88422,-;-,3660,17221,20876,17308,20253,17467,846,4489,699,16689
GENE.2022,chr8,91397,97571,-,6175,23936,23126,23324,22662,18848,1217,6096,1217,18787
GENE.2023,chr8,98890,99051,-,162,0,0,0,0,7,0,0,0,7
GENE.2024,chr8,101954,102826,-,873,1612,1604,1580,1542,1257,148,537,148,1257
GENE.2025,chr8;chr8,104525;104748,104620;104888,-;-,237,0,0,0,0,6,0,0,0,6
GENE.2026,chr8,106593,108242,-,1650,1782,1776,1759,1708,1566,113,498,113,1566
GENE.2027,chr8,109180,109557,-,378,0,0,1,0,11,0,0,0,11
GENE.2028,chr8;chr8;chr8,112299;113625;117736,113511;117624;117877,+;+;+,5355,0,28,24,0,171,0,422,0,170
GENE.2029,chr8,119032,122067,-,3036,0,16,18,0,138,0,265,0,137
GENE.203,chr1;chr1,393875;394669,394457;394835,-;-,750,1128,1126,1112,1100,1003,46,209,46,1001
GENE.2030,chr8,128849,142837,+,13989,0,33,83,0,462,1,1565,1,460
GENE.2031,chr8,146089,150282,+,4194,4912,4892,4843,4446,4422,270,1395,270,4422
GENE.2032,chr8;chr8,151808;152089,151961;159668,-;-,7734,44704,44293,43767,40252,37088,2420,11372,2420,37018
GENE.2033,chr8,165416,166078,+,663,0,0,8,0,43,1,0,1,43
GENE.2034,chr8,167069,170434,-,3366,19024,18774,18630,16512,14767,751,4202,751,14763
GENE.2035,chr8;chr8;chr8,171865;174154;174334,173899;174211;174385,+;+;+,2145,0,3,18,0,56,0,125,0,56
GENE.2036,chr8,174647,178906,-,4260,14946,14854,14788,14212,13346,1358,5308,1358,13346
GENE.2037,chr8;chr8;chr8;chr8;chr8,180563;180810;181255;187493;188039,180655;181061;187281;187885;188113,+;+;+;+;+,6840,0,6,32,0,214,0,116,0,214
GENE.2038,chr8;chr8;chr8;chr8;chr8,188566;188857;189384;189655;190221,188761;189257;189557;190020;190316,+;+;+;+;+,1233,2408,2379,2258,1968,1536,77,456,77,1536
GENE.2039,chr8;chr8,191976;192355,192041;194103,+;+,1815,7446,7385,7392,7126,6744,459,2010,459,6742
GENE.204,chr1;chr1,396591;403514,403355;403606,+;+,6858,0,21,27,0,141,0,204,0,139
GENE.2040,chr8;chr8,195148;195357,195233;195678,-;-,408,0,15,2,0,25,0,14,0,25
GENE.2041,chr8,196581,198614,+,2034,0,9,25,0,72,0,148,0,70
GENE.2042,chr8,199181,202918,-,3738,0,30,35,0,153,0,99,0,141
GENE.2043,chr8;chr8,204241;204712,204477;206661,-;-,2187,166,177,172,161,273,10,173,10,273
GENE.2044,chr8;chr8;chr8;chr8;chr8;chr8;chr8,208451;208762;208973;209150;209296;209549;209846,208502;208878;209038;209218;209449;209742;210291,+;+;+;+;+;+;+,1098,0,0,7,0,44,1,6,1,44
GENE.2045,chr8,212252,215971,+,3720,3538,3525,3447,2992,2925,150,780,150,2923
GENE.2046,chr8,217888,222291,+,4404,5962,6010,5896,5892,4810,205,1621,205,4804
GENE.2047,chr8;chr8;chr8;chr8;chr8;chr8;chr8;chr8;chr8;chr8;chr8;chr8;chr8;chr8;chr8,223762;224779;224935;225531;225692;225876;226093;226257;226525;226765;226890;227063;227193;227470;230136,224639;224835;225387;225567;225781;225977;226125;226396;226614;226784;226954;227112;227329;230043;230209,+;+;+;+;+;+;+;+;+;+;+;+;+;+;+,4800,42485,42319,41938,39637,36982,2702,12353,2702,36971
GENE.2048,chr8,231398,232756,+,1359,5670,5649,5633,5332,4942,380,2089,380,4942
GENE.2049,chr8;chr8,233467;234342,234179;234426,-;-,798,3833,3834,3829,3923,3888,600,1592,600,3887
GENE.205,chr1;chr1;chr1;chr1;chr1;chr1;chr1,405739;410320;410553;411301;411522;411883;412132,410133;410452;410950;411380;411560;411932;412169,+;+;+;+;+;+;+,5133,0,34,47,0,127,0,209,0,125
GENE.2050,chr8,236442,236571,-,130,0,0,0,0,5,0,0,0,5
GENE.2051,chr8;chr8;chr8,237853;239276;240163,238957;239693;241048,+;+;+,2409,0,4,16,0,106,1,22,1,99
GENE.2052,chr8,239057,239141,+,85,0,0,0,0,3,0,0,0,3
GENE.2053,chr8,239877,240036,+,160,0,0,0,0,5,0,0,0,5
GENE.2054,chr8,242103,244775,+,2673,0,5,14,0,105,0,167,0,101
GENE.2055,chr8,245711,247933,+,2223,2340,2335,2320,2204,2079,172,943,172,2079
GENE.2056,chr8;chr8,250083;267790,267539;268437,+;+,18105,21534,21448,21238,20630,19157,1667,8199,1667,19092
GENE.2057,chr8;chr8,268856;269108,268937;270696,-;-,1671,3624,3641,3526,3582,3348,313,1377,313,3347
GENE.2058,chr8,271417,277413,-,5997,56104,55707,55123,53136,46685,3419,15432,3419,46570
GENE.2059,chr8,278381,279034,+,654,420,418,415,400,398,25,124,25,398
GENE.206,chr1,413760,415100,-,1341,52,53,56,36,64,2,13,2,64
GENE.2060,chr8,279711,281186,-,1476,124,124,170,90,165,3,189,3,163
GENE.2061,chr8;chr8;chr8;chr8;chr8;chr8;chr8,283066;283333;283504;283744;283957;284160;284395,283209;283407;283643;283805;284023;284281;284522,-;-;-;-;-;-;-,738,1185,1183,1163,1097,994,49,520,49,993
GENE.2062,chr8,286959,288620,+,1662,1920,1909,1909,1786,1871,173,683,173,1871
GENE.2063,chr8,290902,291183,+,282,0,0,2,0,15,0,0,0,14
GENE.2064,chr8,293113,296871,-,3759,0,10,14,0,128,0,257,0,127
GENE.2065,chr8;chr8;chr8;chr8;chr8;chr8,303370;303551;303686;303819;304048;304246,303464;303590;303744;303860;304138;304596,-;-;-;-;-;-,678,218,212,208,139,107,2,51,2,107
GENE.2066,chr8,305295,308549,-,3255,0,9,24,0,137,1,265,1,134
GENE.2067,chr8,312034,312960,+,927,34,35,38,24,54,1,8,1,54
GENE.2068,chr8;chr8,314172;314434,314252;318726,-;-,4374,0,25,39,0,178,1,252,1,171
GENE.2069,chr8,322367,323677,-,1311,456,456,454,434,443,32,137,32,443
GENE.207,chr1;chr1;chr1,417921;418380;419035,417993;418837;419607,+;+;+,1104,0,0,0,0,22,0,0,0,22
GENE.2070,chr8;chr8;chr8;chr8;chr8;chr8,324279;324509;324856;325109;325305;325618,324365;324745;324996;325201;325458;325655,-;-;-;-;-;-,750,1202,1185,1170,1094,936,50,464,50,936
GENE.2071,chr8;chr8,326215;326428,326276;330004,-;-,3639,10964,10931,10811,11428,10275,784,3796,784,10263
GENE.2072,chr8,330651,332678,+,2028,1430,1421,1424,1462,1291,68,423,68,1291
GENE.2073,chr8;chr8;chr8;chr8;chr8;chr8;chr8;chr8;chr8;chr8,333379;333692;333908;334080;334263;334462;334633;334795;335020;336344,333425;333779;333981;334144;334343;334518;334713;334877;336116;337727,+;+;+;+;+;+;+;+;+;+,3057,178,174,177,152,232,17,97,17,232
GENE.2074,chr8;chr8;chr8,337902;338093;338450,337966;338337;343254,-;-;-,5115,0,9,19,0,239,1,105,1,238
GENE.2075,chr8,344288,344821,+,534,0,2,3,0,37,0,67,0,37
GENE.2076,chr8,345427,347454,-,2028,21784,21727,21667,20934,20311,1629,6053,1629,20311
GENE.2077,chr8;chr8;chr8;chr8;chr8,349317;351400;351690;352082;353311,351083;351525;351924;352733;353362,-;-;-;-;-,2832,6941,6887,6734,5935,5392,227,1672,227,5391
GENE.2078,chr8;chr8;chr8,354472;362018;362166,361893;362083;362396,+;+;+,7719,0,5,14,0,340,0,244,0,340
GENE.2079,chr8,363260,366421,-,3162,2904,2898,2898,2810,2697,200,955,200,2696
GENE.208,chr1,420293,420853,-,561,0,0,0,0,8,0,6,0,8
GENE.2080,chr8,368607,369746,-,1140,0,1,3,0,61,0,16,0,61
GENE.2081,chr8;chr8;chr8;chr8;chr8;chr8;chr8;chr8;chr8,370784;370911;371150;371493;371735;371920;372137;372424;372586,370784;370987;371282;371611;371785;372022;372252;372454;372623,+;+;+;+;+;+;+;+;+,669,236,239,235,218,198,16,60,16,198
GENE.2082,chr8,372902,376867,-,3966,3774,3804,3749,3904,3539,259,1299,259,3531
GENE.2083,chr8;chr8,378024;378626,378447;379446,+;+,1245,0,2,1,0,41,0,15,0,41
GENE.2084,chr8;chr8;chr8;chr8,381564;381863;382159;382511,381627;381928;382297;382847,+;+;+;+,606,0,1,0,0,38,0,0,0,38
GENE.2085,chr8;chr8;chr8;chr8;chr8,384298;384954;385254;385434;385663,384516;385073;385289;385499;385797,+;+;+;+;+,576,346,346,341,338,321,11,113,11,321
GENE.2086,chr8;chr8;chr8,387219;387474;388009,387294;387824;388364,+;+;+,783,0,1,1,0,34,0,1,0,34
GENE.2087,chr8;chr8;chr8;chr8,389596;389766;393583;393956,389631;393181;393831;394259,-;-;-;-,4005,17639,17493,16843,16484,14542,906,4611,906,14498
GENE.2088,chr8;chr8;chr8;chr8;chr8,395648;397100;397479;397744;398163,396995;397339;397565;398056;398787,-;-;-;-;-,2613,1670,1648,1635,1445,1369,68,478,68,1369
GENE.2089,chr8;chr8,399591;401271,400946;401360,-;-,1446,861,875,851,872,931,46,255,46,922
GENE.209,chr1;chr1;chr1;chr1;chr1;chr1,421776;422128;422374;422732;422850;423091,421883;422283;422496;422791;422912;427575,-;-;-;-;-;-,4995,0,0,10,0,82,0,37,0,81
GENE.2090,chr8;chr8;chr8,402595;403076;403948,402814;403783;404141,+;+;+,1122,0,1,3,0,56,0,4,0,56
GENE.2091,chr8,404996,409084,+,4089,10410,10393,10174,9534,8605,648,2956,648,8601
GENE.2092,chr8;chr8;chr8,409936;414472;414972,414330;414709;415168,+;+;+,4830,6326,6361,6277,5944,5649,376,1887,376,5640
GENE.2093,chr8,416344,418065,-,1722,1154,1152,1145,1030,1004,62,282,62,1004
GENE.2094,chr8;chr8;chr8,421493;421791;422013,421506;421865;422640,+;+;+,717,0,2,1,0,43,0,25,0,43
GENE.2095,chr8;chr8,423527;423718,423544;424536,+;+,837,0,0,1,0,28,0,12,0,28
GENE.2096,chr8,427492,427639,+,148,0,0,0,0,4,0,0,0,4
GENE.2097,chr8;chr8,431165;437636,436546;439051,+;+,6798,34572,34655,34247,31584,30720,1761,8090,1753,30592
GENE.2098,chr8;chr8,440408;446731,445771;448062,+;+,6696,4646,4747,4626,4134,4237,291,1565,291,4212
GENE.2099,chr8;chr8,450615;450805,450686;451899,+;+,1167,1272,1255,1231,1098,1040,38,286,38,1039
GENE.21,chrM,4625,4696,+,72,0,0,0,0,0,0,0,0,0
GENE.210,chr1;chr1;chr1,430152;430520;430748,430230;430623;430858,-;-;-,294,36,35,36,47,42,5,18,5,42
GENE.2100,chr8;chr8,453803;453975,453856;454919,+;+,999,789,787,769,737,792,55,250,55,790
GENE.2101,chr8,456050,456155,-,106,0,0,0,0,5,0,0,0,5
GENE.2102,chr8;chr8,459312;465314,464387;466567,+;+,6330,0,61,61,16,290,3,47,3,278
GENE.2103,chr8,467943,471893,-,3951,0,32,51,0,177,1,608,1,174
GENE.2104,chr8,474253,475285,-,1033,578,549,576,610,598,82,233,82,596
GENE.2105,chr8,475573,478125,+,2553,5690,5587,5631,5308,5064,334,1570,334,5062
GENE.2106,chr8,478512,478826,-,315,0,0,0,0,13,0,0,0,13
GENE.2107,chr8,479980,497382,-,17403,2394,2397,2440,2174,2744,138,1802,138,2717
GENE.2108,chr8;chr8;chr8;chr8;chr8,499463;499823;500017;500213;500466,499641;499895;500114;500321;501569,-;-;-;-;-,1563,1228,1225,1196,1158,1064,76,350,76,1064
GENE.2109,chr8;chr8;chr8;chr8,502338;502526;502758;503226,502408;502611;503021;506698,-;-;-;-,3894,5666,5783,5670,5599,4876,269,1507,269,4872
GENE.211,chr1,431539,435042,-,3504,20346,20202,20109,19246,17813,1792,6058,1792,17811
GENE.2110,chr8;chr8;chr8;chr8,508224;508688;508944;509155,508574;508763;509022;512428,-;-;-;-,3780,2810,2801,2775,2486,2415,199,1149,199,2412
GENE.2111,chr8,517421,517693,-,273,0,0,0,0,12,0,0,0,12
GENE.2112,chr8;chr8,519331;519847,519521;519991,-;-,336,4,4,4,4,18,1,2,1,18
GENE.2113,chr8,521187,524009,+,2823,7820,7774,7736,7302,6545,376,1899,376,6527
GENE.2114,chr8;chr8;chr8;chr8,525058;525299;525646;527568,525186;525473;526957;527604,-;-;-;-,1653,2224,2208,2184,2041,1983,124,716,124,1983
GENE.2115,chr8,532220,534031,+,1812,736,734,740,722,728,53,302,53,728
GENE.2116,chr8;chr8;chr8;chr8;chr8;chr8;chr8;chr8;chr8,534469;534685;534913;535169;535496;535773;535992;536266;536583,534510;534786;535063;535301;535603;535836;536139;536392;536619,-;-;-;-;-;-;-;-;-,912,2246,2225,2175,2063,1808,191,802,191,1808
GENE.2117,chr8,541971,544796,+,2826,4126,4130,4108,3926,3962,181,1440,181,3909
GENE.2118,chr8;chr8;chr8;chr8;chr8;chr8,546163;546312;546577;546827;546978;547286,546217;546432;546608;546878;547063;547365,-;-;-;-;-;-,426,132,132,133,136,143,17,51,17,143
GENE.2119,chr8;chr8;chr8,548200;548512;550501,548335;550380;550616,+;+;+,2121,8612,8560,8505,7698,7407,517,2449,517,7407
GENE.212,chr1,436408,438564,+,2157,6076,6023,5969,6210,5217,353,1743,353,5214
GENE.2120,chr8;chr8,551199;552096,551903;552428,-;-,1038,1977,1974,1971,2001,1886,170,666,170,1886
GENE.2121,chr8;chr8,551867;552096,551899;552428,-;-,366,778,769,767,848,694,93,248,93,694
GENE.2122,chr8;chr8,554437;557119,556839;557205,+;+,2490,194,195,200,180,248,12,129,12,245
GENE.2123,chr8,557884,559506,-,1623,150,151,161,136,200,7,122,7,198
GENE.2124,chr8;chr8,560744;561149,561017;564276,+;+,3402,24096,23921,23843,23301,20762,1925,7482,1925,20726
GENE.2125,chr8,567824,573148,+,5325,27820,27452,26806,23664,21624,1393,7839,1393,21541
GENE.2126,chr8;chr8;chr8;chr8,575986;576428;577899;578181,576240;577690;578017;578370,+;+;+;+,1827,4652,4645,4634,4464,4400,274,1347,274,4400
GENE.2127,chr8,579483,582221,+,2739,14470,14407,14189,13586,12363,853,4092,853,12363
GENE.2128,chr8;chr8,582983;586864,586525;586953,-;-,3633,14515,14388,14299,13251,12635,694,3576,694,12635
GENE.2129,chr8,589821,593489,+,3669,15060,14792,14687,13474,11569,673,4173,673,11552
GENE.213,chr1;chr1;chr1;chr1;chr1,439652;439950;440555;440764;441098,439824;440393;440644;440851;441418,-;-;-;-;-,1116,0,1,2,0,23,0,2,0,23
GENE.2130,chr8,593649,595412,-,1764,332,335,339,314,346,14,230,14,345
GENE.2131,chr8;chr8;chr8;chr8;chr8;chr8,596190;596438;596715;599817;600017;600241,596279;596587;599725;599884;600140;600328,+;+;+;+;+;+,3531,0,7,30,0,157,5,151,5,156
GENE.2132,chr8;chr8,600525;600895,600611;602247,-;-,1440,0,7,20,0,79,0,57,0,79
GENE.2133,chr8,604923,612878,+,7956,86074,85596,84529,78970,74311,5451,22505,5451,74289
GENE.2134,chr8;chr8;chr8;chr8;chr8,613325;613543;613819;614380;614721,613373;613686;614218;614526;614862,-;-;-;-;-,882,1819,1809,1768,1568,1571,93,608,93,1571
GENE.2135,chr8;chr8;chr8;chr8;chr8;chr8;chr8;chr8;chr8;chr8;chr8;chr8;chr8,614919;615243;615496;615714;615885;616091;616276;616501;616666;616862;617013;617218;617563,614930;615323;615605;615770;615964;616166;616411;616559;616725;616934;617044;617397;617821,-;-;-;-;-;-;-;-;-;-;-;-;-,1215,0,9,6,0,57,1,12,1,57
GENE.2136,chr8,618843,620228,-,1386,1124,1111,1111,864,744,43,314,43,744
GENE.2137,chr8,621805,623442,-,1638,1180,1175,1177,1056,1139,67,378,67,1139
GENE.2138,chr8,626069,628945,-,2877,9408,9346,9275,8564,8123,536,2437,536,8121
GENE.2139,chr8;chr8,631584;632079,631924;632229,-;-,492,0,0,1,0,13,0,0,0,13
GENE.214,chr1,442543,443289,-,747,1396,1395,1387,1348,1229,61,315,61,1229
GENE.2140,chr8,633990,634697,+,708,78,80,77,64,90,2,20,2,90
GENE.2141,chr8,635537,635755,-,219,0,0,1,0,5,0,0,0,5
GENE.2142,chr8;chr8,636628;637843,637715;641458,-;-,4704,8796,8762,8702,8032,7687,435,2360,435,7677
GENE.2143,chr8,643086,644885,-,1800,0,4,34,0,84,0,59,0,84
GENE.2144,chr8,647316,649304,-,1989,3384,3331,3256,2584,2293,100,583,100,2293
GENE.2145,chr8;chr8;chr8;chr8,651417;651697;652061;652360,651510;651937;652222;652804,-;-;-;-,942,4268,4217,4246,3848,3373,164,1134,164,3371
GENE.2146,chr8;chr8,656078;656693,656087;657630,+;+,948,933,925,899,735,621,28,201,28,611
GENE.2147,chr8;chr8;chr8;chr8;chr8;chr8,658493;658634;658874;659034;660158;662093,658538;658748;658901;659127;661851;662095,-;-;-;-;-;-,1980,5111,5074,4966,4227,3890,197,1228,197,3879
GENE.2148,chr8,665548,667095,-,1548,0,1,11,0,63,0,150,0,61
GENE.2149,chr8;chr8;chr8;chr8,669541;670034;670365;670645,669931;670176;670547;670734,+;+;+;+,807,4914,4880,4775,4405,3267,147,1038,147,3266
GENE.215,chr1,443585,443938,-,354,0,0,0,0,5,0,0,0,5
GENE.2150,chr8,671157,675416,-,4260,2724,2721,2704,2518,2337,126,1041,126,2335
GENE.2151,chr8,676391,677464,+,1074,0,0,1,0,35,1,22,1,35
GENE.2152,chr8;chr8,677989;678684,678381;678725,-;-,435,0,0,1,0,23,0,26,0,23
GENE.2153,chr8;chr8,680957;681402,681196;681809,+;+,648,77,77,80,91,102,3,8,3,102
GENE.2154,chr8;chr8;chr8;chr8;chr8;chr8,682518;682647;682874;683115;683273;683432,682539;682728;682955;683164;683342;683572,-;-;-;-;-;-,447,151,151,150,143,172,5,36,5,172
GENE.2155,chr8,687340,688086,+,747,0,0,0,0,31,0,0,0,31
GENE.2156,chr8,690541,694143,-,3603,27134,26952,26888,26550,24332,1865,6910,1865,24285
GENE.2157,chr8;chr8;chr8,695215;696797;697146,696717;696956;697522,-;-;-,2040,4255,4230,4196,3899,3958,279,1292,279,3956
GENE.2158,chr8,700376,702652,+,2277,5258,5221,5166,4924,4657,404,1836,404,4621
GENE.2159,chr8,703502,704683,-,1182,0,0,2,0,48,0,2,0,48
GENE.216,chr1;chr1;chr1;chr1;chr1;chr1;chr1;chr1,446026;446892;447118;447339;447617;447841;448028;448392,446775;447016;447205;447422;447747;447904;448190;448849,+;+;+;+;+;+;+;+,1863,0,14,27,0,34,0,93,0,34
GENE.2160,chr8,706076,706996,+,921,440,435,418,398,381,12,168,12,381
GENE.2161,chr8,708228,708824,+,597,0,0,2,0,27,0,22,0,27
GENE.2162,chr8,709545,710600,-,1056,0,1,3,0,62,0,7,0,62
GENE.2163,chr8,711239,714166,+,2928,0,12,17,0,166,0,176,0,166
GENE.2164,chr8,717113,719746,+,2634,2256,2242,2223,2162,2055,158,698,158,2055
GENE.2165,chr8,721928,725476,+,3549,2744,2748,2763,2668,2360,166,1700,166,2350
GENE.2166,chr8;chr8,725781;726299,726059;726502,-;-,483,0,0,1,0,20,0,0,0,20
GENE.2167,chr8;chr8;chr8;chr8;chr8,727662;728427;728873;729398;729650,728223;728746;729248;729536;729728,+;+;+;+;+,1476,68,82,73,64,130,2,136,2,128
GENE.2168,chr8;chr8;chr8;chr8;chr8;chr8;chr8;chr8;chr8;chr8,729917;730071;730354;730587;730779;730965;731363;731631;731943;732175,729946;730182;730421;730643;730844;731138;731455;731764;732002;732187,-;-;-;-;-;-;-;-;-;-,807,0,1,0,0,37,0,6,0,37
GENE.2169,chr8;chr8,733279;733505,733331;734573,-;-,1122,180,182,185,178,227,26,150,26,227
GENE.217,chr1;chr1;chr1,450043;450297;450590,450099;450428;450646,-;-;-,246,19,19,19,21,24,4,13,4,24
GENE.2170,chr8,735680,741181,-,5502,26186,25985,25932,25750,23449,1761,8007,1761,23393
GENE.2171,chr8,743505,745505,+,2001,2446,2417,2377,2040,1845,68,450,68,1844
GENE.2172,chr8,746013,747488,-,1476,7044,7005,6930,6284,6147,564,2018,564,6145
GENE.2173,chr8;chr8;chr8;chr8,748653;749127;749397;749553,748970;749252;749439;749623,+;+;+;+,558,678,675,672,674,646,55,214,55,646
GENE.2174,chr8,750082,750711,-,630,0,2,3,0,25,0,11,0,25
GENE.2175,chr8;chr8;chr8;chr8;chr8;chr8;chr8;chr8;chr8;chr8,751942;754409;754555;754696;754938;755091;755223;755497;755823;756147,754235;754433;754611;754742;755001;755122;755345;755716;755933;756173,-;-;-;-;-;-;-;-;-;-,3000,0,6,21,0,158,0,101,0,157
GENE.2176,chr8;chr8;chr8,757224;757831;758190,757743;757994;758207,+;+;+,702,0,0,1,0,37,0,17,0,37
GENE.2177,chr8;chr8;chr8,760138;760320;760961,760212;760692;761031,+;+;+,519,343,342,338,324,393,19,105,19,389
GENE.2178,chr8,762118,765330,-,3213,11220,11165,11042,10040,9556,540,2864,540,9556
GENE.2179,chr8;chr8;chr8;chr8,767110;767323;767665;767858,767239;767507;767758;767880,+;+;+;+,432,220,219,220,219,231,21,64,21,231
GENE.218,chr1;chr1;chr1;chr1;chr1,450831;451238;451594;452590;452832,450873;451303;452440;452690;453118,-;-;-;-;-,1344,4633,4600,4474,4025,3212,110,825,110,3212
GENE.2180,chr8;chr8;chr8;chr8;chr8;chr8;chr8,767916;768132;768365;768675;768845;769095;769697,767949;768258;768517;768750;769006;769490;769792,-;-;-;-;-;-;-,1044,0,0,2,0,52,0,1,0,52
GENE.2181,chr8,770946,771773,+,828,2002,1991,1995,1884,1751,95,499,95,1751
GENE.2182,chr8,772568,773737,+,1170,0,2,2,0,47,1,0,1,46
GENE.2183,chr8,774299,776791,+,2493,12024,11965,11886,11576,10374,565,3089,565,10355
GENE.2184,chr8,777257,779647,-,2391,13768,13674,13533,12588,11110,618,3355,618,11109
GENE.2185,chr8,782909,789616,-,6708,13096,13242,13167,13640,12073,885,4292,885,12026
GENE.2186,chr8;chr8,794287;795650,794349;797806,-;-,2220,4055,4057,3883,4186,3421,155,1435,155,3404
GENE.2187,chr8;chr8;chr8;chr8;chr8;chr8,798777;799031;799409;799639;799804;800068,798807;799136;799503;799691;799938;800205,+;+;+;+;+;+,558,833,833,808,813,727,14,159,14,727
GENE.2188,chr8;chr8,800920;803923,803696;804034,-;-,2889,14398,14396,14216,12572,11599,789,3357,789,11599
GENE.2189,chr8;chr8;chr8;chr8;chr8;chr8;chr8;chr8;chr8;chr8;chr8;chr8;chr8;chr8;chr8;chr8;chr8;chr8;chr8;chr8;chr8;chr8;chr8;chr8;chr8;chr8;chr8;chr8;chr8;chr8;chr8,805797;806037;806258;806418;806606;806840;806995;807147;807343;807506;807633;807804;807982;808155;808550;809059;809657;810247;810565;810802;810973;811240;811463;811726;811902;812115;812452;812655;812972;813221;813405,805909;806138;806320;806489;806680;806905;807039;807203;807375;807535;807665;807842;808056;808373;808927;809433;810047;810440;810687;810882;811095;811320;811528;811800;811961;812303;812478;812687;813085;813298;813465,-;-;-;-;-;-;-;-;-;-;-;-;-;-;-;-;-;-;-;-;-;-;-;-;-;-;-;-;-;-;-,3471,0,1,5,0,177,1,47,1,177
GENE.219,chr1,454847,455338,+,492,1196,1173,1170,1052,947,47,251,47,947
GENE.2190,chr8;chr8,815150;815431,815293;815451,+;+,165,0,0,1,0,2,0,0,0,2
GENE.2191,chr8,816803,817102,-,300,0,0,2,0,11,0,68,0,11
GENE.2192,chr8,821334,822452,+,1119,1716,1713,1704,1576,1598,57,491,57,1596
GENE.2193,chr8;chr8,824564;826441,826102;826518,+;+,1617,0,1,3,0,70,0,28,0,70
GENE.2194,chr8;chr8;chr8;chr8,830006;830386;830614;831426,830090;830471;831202;831454,+;+;+;+,789,214,214,216,198,231,11,89,11,230
GENE.2195,chr8;chr8;chr8;chr8,833185;834119;835035;835290,833884;834919;835171;835334,+;+;+;+,1683,2639,2600,2525,2393,1801,146,656,146,1801
GENE.2196,chr8;chr8,835978;836846,836571;836848,-;-,597,0,0,2,0,20,0,38,0,20
GENE.2197,chr8;chr8,842317;842667,842343;843215,+;+,576,0,1,0,0,32,0,6,0,32
GENE.2198,chr8;chr8;chr8;chr8;chr8;chr8;chr8;chr8;chr8;chr8;chr8,845253;845597;845737;846011;846167;846385;846594;846785;846938;847117;847314,845432;845638;845913;846062;846277;846463;846661;846839;846970;847161;847380,-;-;-;-;-;-;-;-;-;-;-,909,1161,1158,1157,1238,1212,231,549,231,1212
GENE.2199,chr8;chr8;chr8;chr8;chr8,848277;848641;849070;849264;849498,848303;848715;849137;849315;852947,-;-;-;-;-,3672,1244,1250,1224,1042,1010,72,754,72,1006
GENE.22,chrM,4716,4802,+,87,0,0,0,0,1,0,0,0,1
GENE.220,chr1,464726,470194,+,5469,5496,5467,5440,5124,4912,403,1631,403,4912
GENE.2200,chr8,855654,856742,-,1089,0,11,0,0,50,0,0,0,50
GENE.2201,chr8,860384,862417,+,2034,3976,3954,3922,3610,3404,255,1215,255,3402
GENE.2202,chr8;chr8;chr8;chr8;chr8,863505;864312;866707;866925;867803,864138;866588;866794;867532;868137,-;-;-;-;-,3942,0,22,32,0,210,0,108,0,209
GENE.2203,chr8;chr8,869562;870546,870420;870574,+;+,888,560,560,558,512,511,20,171,20,511
GENE.2204,chr8,871410,873440,+,2031,1748,1747,1740,1676,1706,87,485,87,1706
GENE.2205,chr8,874367,877498,+,3132,0,4,3,0,153,0,115,0,152
GENE.2206,chr8,878495,880459,+,1965,2948,2924,2910,2672,2687,120,646,120,2687
GENE.2207,chr8;chr8;chr8;chr8;chr8;chr8;chr8;chr8;chr8;chr8;chr8;chr8;chr8,881590;881814;882002;882161;882323;882561;882762;883026;883343;883557;883930;884136;884286,881685;881873;882058;882214;882376;882619;882879;883247;883409;883676;884023;884190;884390,+;+;+;+;+;+;+;+;+;+;+;+;+,1161,4037,4025,3985,3874,3613,339,1411,339,3613
GENE.2208,chr8;chr8,885198;885697,885591;886136,-;-,834,403,413,401,413,417,58,180,58,417
GENE.2209,chr8,888126,890471,-,2346,6786,10619,10427,5520,5104,457,2087,457,5104
GENE.221,chr1,473739,475887,+,2149,758,2215,1377,2784,2093,198,88,198,2093
GENE.2210,chr8;chr8;chr8;chr8;chr8;chr8;chr8;chr8;chr8;chr8;chr8;chr8;chr8;chr8;chr8;chr8;chr8,891658;892060;892604;894053;895448;895838;896116;896352;896548;896781;896947;897101;897286;897455;898006;898292;898455,891798;892478;893711;895249;895613;895964;896250;896429;896638;896848;896992;897172;897365;897757;898098;898346;898502,-;-;-;-;-;-;-;-;-;-;-;-;-;-;-;-;-,4227,0,11,16,0,216,0,137,0,216
GENE.2211,chr8;chr8;chr8;chr8,899004;899223;899443;899633,899078;899312;899528;899657,-;-;-;-,276,8,8,8,8,25,1,17,1,25
GENE.2212,chr8;chr8;chr8;chr8;chr8,900742;901149;907188;907421;907566,900942;906938;907263;907453;907714,-;-;-;-;-,6249,0,38,24,0,257,1,473,1,256
GENE.2213,chr8;chr8;chr8;chr8,909207;909460;909713;910011,909333;909541;909877;910716,-;-;-;-,1080,1444,1433,1419,1101,1161,58,342,58,1161
GENE.2214,chr8,912264,914249,-,1986,0,21,11,0,99,0,124,0,96
GENE.2215,chr8,919055,920896,+,1842,1402,1396,1377,1298,1237,83,459,83,1232
GENE.2216,chr8;chr8,922208;923755,923529;923932,+;+,1500,0,7,4,0,76,0,25,0,74
GENE.2217,chr8,925113,927671,+,2559,4580,4568,4483,4356,4278,332,1654,332,4268
GENE.2218,chr8;chr8;chr8,929145;929798;930381,929616;930212;930861,+;+;+,1368,8516,8424,8320,7434,6630,357,1821,357,6630
GENE.2219,chr8;chr8,932321;932668,932478;935626,+;+,3117,0,4,3,0,115,0,44,0,115
GENE.222,chr1,475888,476281,+,394,0,1,0,0,6,0,4,0,6
GENE.2220,chr8,936426,938876,-,2451,0,29,54,0,119,1,307,1,112
GENE.2221,chr8;chr8;chr8,939583;941076;943898,940898;943742;944645,-;-;-,4731,70677,70290,69041,67007,57733,4551,18699,4551,57695
GENE.2222,chr8;chr8;chr8;chr8;chr8,948745;950078;950274;950485;950819,949909;950180;950344;950609;950899,+;+;+;+;+,1545,769,772,745,613,627,50,221,50,627
GENE.2223,chr8;chr8,953448;955776,955665;956314,+;+,2757,21984,21942,21582,21178,19546,2197,6717,2197,19530
GENE.2224,chr8,957498,958073,+,576,1150,1152,1150,1152,1205,116,401,116,1205
GENE.2225,chr8;chr8;chr8,958531;959712;960460,959559;960005;961740,-;-;-,2604,0,3,7,0,116,0,168,0,116
GENE.2226,chr8;chr8,965822;966352,965890;966657,+;+,375,0,0,5,0,17,0,32,0,17
GENE.2227,chr8,967901,968740,-,840,0,1,8,0,55,0,4,0,55
GENE.2228,chr8,969690,971714,+,2025,0,6,9,0,100,0,183,0,98
GENE.2229,chr8;chr8;chr8,973586;973866;974160,973765;973997;974267,+;+;+,420,0,0,2,0,26,0,2,0,26
GENE.223,chr1,476282,476402,+,121,0,0,0,0,1,0,0,0,1
GENE.2230,chr8;chr8;chr8,976074;976358;976566,976120;976474;976644,+;+;+,243,0,0,0,0,9,0,0,0,9
GENE.2231,chr8;chr8;chr8;chr8,977432;977712;977890;978117,977539;977769;977975;978188,-;-;-;-,324,13,12,12,15,21,2,7,2,21
GENE.2232,chr8;chr8,978798;980507,980376;980634,+;+,1707,0,0,4,0,52,0,75,0,52
GENE.2233,chr8,981018,981722,-,705,1362,1357,1331,1088,926,63,229,63,926
GENE.2234,chr8;chr8;chr8,982570;986763;987561,986562;987166;987696,+;+;+,4533,2773,2755,2727,2589,2460,178,1138,178,2457
GENE.2235,chr8;chr8,988281;988694,988462;988763,-;-,252,0,0,0,0,11,0,0,0,11
GENE.2236,chr8;chr8;chr8;chr8;chr8;chr8;chr8,990250;990535;991080;991362;992016;992308;992534,990318;990982;991214;991847;992187;992383;992608,+;+;+;+;+;+;+,1461,4106,4089,4022,3736,3396,216,1090,216,3394
GENE.2237,chr8;chr8;chr8;chr8;chr8;chr8,992655;992872;993035;993231;993643;993899,992705;992934;993100;993430;993795;993965,-;-;-;-;-;-,600,1560,1553,1533,1208,987,35,288,35,987
GENE.2238,chr8;chr8,997055;997550,997354;999529,+;+,2280,6616,6576,6515,5880,5354,298,1669,298,5354
GENE.2239,chr8,1000981,1003755,-,2775,3706,3683,3651,3490,3392,272,1288,272,3385
GENE.224,chr1,476403,477278,+,876,674,674,667,634,560,35,155,35,560
GENE.2240,chr8,1005836,1006810,+,975,126,125,128,120,207,4,27,4,207
GENE.2241,chr8,1007777,1011307,-,3531,0,32,70,0,142,0,169,0,139
GENE.2242,chr8;chr8;chr8;chr8,1012927;1016492;1016914;1017209,1016350;1016773;1017038;1017376,-;-;-;-,3999,36928,36923,36224,34028,30459,2238,9379,2238,30378
GENE.2243,chr8;chr8;chr8;chr8;chr8,1018089;1018265;1018556;1018823;1019070,1018144;1018421;1018723;1018932;1019268,-;-;-;-;-,690,234,234,234,216,229,12,88,12,229
GENE.2244,chr8;chr8;chr8,1022629;1023096;1023787,1022985;1023539;1023846,-;-;-,861,1039,1037,1041,1020,1032,85,332,85,1032
GENE.2245,chr8;chr8;chr8;chr8,1028752;1032220;1032740;1033353,1032063;1032634;1033248;1033514,+;+;+;+,4398,4994,4990,4943,4676,4635,301,2072,301,4615
GENE.2246,chr8;chr8;chr8;chr8;chr8,1034417;1035011;1035721;1035876;1036325,1034902;1035594;1035758;1036148;1036428,+;+;+;+;+,1485,0,0,2,0,71,0,6,0,71
GENE.2247,chr8,1037100,1038608,-,1509,2486,2481,2471,2312,2252,114,577,114,2252
GENE.2248,chr8,1039907,1041211,-,1305,160,160,160,140,193,9,38,9,193
GENE.2249,chr8;chr8,1041832;1042280,1041984;1042327,-;-,201,0,0,0,0,8,0,1,0,8
GENE.225,chr1,477279,481382,+,4104,0,1129,785,2456,1438,433,613,433,1438
GENE.2250,chr8,1043813,1045780,+,1968,2398,2394,2366,2178,2093,138,609,138,2093
GENE.2251,chr8,1047551,1048507,+,957,1046,1037,1031,946,891,71,270,71,891
GENE.2252,chr8,1049282,1051705,-,2424,0,12,25,0,117,0,65,0,113
GENE.2253,chr8,1052771,1053991,+,1221,4328,4316,4300,4074,3941,202,1341,202,3941
GENE.2254,chr8;chr8;chr8,1055135;1055437;1058773,1055161;1058553;1059003,+;+;+,3375,8336,8233,8285,8050,7484,691,2829,691,7472
GENE.2255,chr8,1059246,1061567,-,2322,6430,6397,6335,5896,5464,368,1597,368,5464
GENE.2256,chr8,1062304,1064061,-,1758,0,1,4,0,77,0,21,0,77
GENE.2257,chr8;chr8,1066154;1066702,1066504;1067472,+;+,1122,0,1,9,0,67,0,61,0,67
GENE.2258,chr8;chr8;chr8;chr8;chr8,1068563;1069183;1069572;1069724;1069888,1069027;1069410;1069617;1069770;1069902,+;+;+;+;+,801,2232,2221,2206,2026,1617,102,605,102,1617
GENE.2259,chr8;chr8;chr8;chr8;chr8;chr8;chr8;chr8;chr8;chr8;chr8;chr8;chr8;chr8;chr8;chr8,1070988;1071319;1071600;1071941;1072249;1072500;1072648;1072808;1073039;1073260;1073367;1073523;1073708;1073986;1074138;1074325,1071227;1071477;1071772;1072089;1072329;1072558;1072714;1072944;1073113;1073294;1073455;1073630;1073892;1074052;1074193;1074417,+;+;+;+;+;+;+;+;+;+;+;+;+;+;+;+,1773,2781,2745,2728,2625,2360,260,903,260,2360
GENE.226,chr1;chr1,481809;482518,482319;482618,-;-,612,0,0,1,0,11,0,17,0,11
GENE.2260,chr8,1075800,1079630,+,3831,26902,26518,26060,23006,19710,1081,6113,1081,19702
GENE.2261,chr8,1080055,1082991,-,2937,910,895,895,778,816,38,310,38,815
GENE.2262,chr8;chr8,1086048;1091179,1090972;1091248,+;+,4995,39624,39316,39036,35502,33250,2150,9832,2150,33239
GENE.2263,chr8;chr8;chr8;chr8;chr8;chr8,1091998;1092147;1092376;1092604;1092852;1093084,1092058;1092205;1092471;1092711;1092950;1093221,+;+;+;+;+;+,561,625,622,619,628,607,28,212,28,607
GENE.2264,chr8;chr8;chr8;chr8,1093690;1093955;1094129;1094304,1093863;1094025;1094195;1094489,+;+;+;+,498,0,1,4,0,26,0,6,0,26
GENE.2265,chr8,1095116,1095562,-,447,2,1,4,0,26,0,0,0,26
GENE.2266,chr8;chr8;chr8;chr8;chr8,1096423;1096652;1096900;1097174;1097342,1096462;1096738;1097055;1097228;1097363,+;+;+;+;+,360,0,0,2,0,19,0,1,0,19
GENE.2267,chr8,1098484,1100376,+,1893,442,445,455,470,469,36,259,36,467
GENE.2268,chr8,1100816,1101073,-,258,0,0,0,0,15,0,0,0,15
GENE.2269,chr8,1101887,1102804,-,918,1232,1228,1223,1236,1179,85,419,85,1179
GENE.227,chr1;chr1,486500;486707,486586;487186,+;+,567,20,20,21,20,25,1,73,1,25
GENE.2270,chr8,1103768,1105108,+,1341,0,2,4,0,60,0,2,0,60
GENE.2271,chr8,1106048,1107961,+,1914,5644,5615,5628,5484,5091,585,2159,585,5078
GENE.2272,chr8,1109276,1112794,+,3519,406,473,466,480,586,17,510,17,580
GENE.2273,chr8,1113369,1139144,-,25776,51832,51549,51092,46492,44200,2953,14688,2953,44129
GENE.2274,chr8,1142499,1144307,-,1809,0,1,7,0,72,1,51,1,72
GENE.2275,chr8,1146167,1147504,+,1338,0,2,9,0,76,0,40,0,76
GENE.2276,chr8;chr8;chr8;chr8;chr8;chr8;chr8;chr8,1148010;1148301;1148542;1148935;1149153;1149458;1149669;1149817,1148153;1148403;1148826;1149051;1149295;1149549;1149724;1149830,-;-;-;-;-;-;-;-,954,0,1,6,0,63,0,6,0,63
GENE.2277,chr8,1152302,1156282,+,3981,7672,7643,7549,6910,6518,445,2446,445,6513
GENE.2278,chr8,1157321,1158151,-,831,1086,1079,1075,1082,989,76,354,76,989
GENE.2279,chr8;chr8,1160164;1161579,1161005;1161708,-;-,972,311,311,312,301,357,23,106,23,357
GENE.228,chr1;chr1,487892;490053,489838;490127,-;-,2022,690,649,659,598,622,40,200,40,616
GENE.2280,chr8,1161232,1161329,-,98,16,21,16,18,20,11,16,11,20
GENE.2281,chr8;chr8;chr8,1164655;1164761;1165001,1164669;1164799;1167205,+;+;+,2259,13338,13269,13204,14136,11659,859,4125,859,11638
GENE.2282,chr8,1167579,1171448,-,3870,10442,10362,10263,9838,8934,542,2586,542,8929
GENE.2283,chr8,1172394,1176587,+,4194,1528,1530,1535,1426,1382,78,784,78,1378
GENE.2284,chr8,1177310,1180324,+,3015,7038,6679,6855,6590,5815,351,2237,351,5776
GENE.2285,chr8,1181295,1183796,+,2502,0,2,11,0,70,0,136,0,70
GENE.2286,chr8,1184595,1185251,+,657,3158,3145,3132,3148,3093,322,1072,322,3093
GENE.2287,chr8,1186175,1187125,+,951,0,3,5,0,42,0,3,0,42
GENE.2288,chr8;chr8,1187623;1188801,1188552;1192925,-;-,5055,0,6,21,0,216,0,212,0,216
GENE.2289,chr8,1193847,1196678,-,2832,10510,10394,10406,9956,8845,551,3050,551,8839
GENE.229,chr1;chr1,495244;496405,496239;500076,+;+,4668,11657,11549,11191,10635,9325,674,3042,674,9322
GENE.2290,chr8,1198858,1206057,+,7200,20148,20223,19861,18382,16871,893,5360,893,16849
GENE.2291,chr8;chr8,1206788;1208219,1208063;1208394,-;-,1452,8068,8011,7916,7256,6372,264,1993,264,6372
GENE.2292,chr8;chr8;chr8;chr8,1210692;1210904;1211193;1211752,1210816;1211032;1211633;1211860,+;+;+;+,804,0,0,2,0,49,0,2,0,49
GENE.2293,chr8;chr8,1212337;1213888,1213695;1215630,-;-,3102,6182,6160,6089,5924,5452,287,1710,287,5447
GENE.2294,chr8,1216271,1220716,+,4446,8918,8879,8830,8150,7670,446,2439,446,7670
GENE.2295,chr8,1221025,1222683,-,1659,2308,2209,2310,2240,2238,167,705,167,2238
GENE.2296,chr8,1224094,1225863,-,1770,0,4,12,0,85,0,45,0,84
GENE.2297,chr8;chr8;chr8;chr8,1226750;1227738;1228089;1228358,1227436;1227951;1228164;1228409,-;-;-;-,1029,3336,3318,3265,3279,2642,84,524,84,2642
GENE.2298,chr8;chr8;chr8;chr8,1229899;1231241;1231481;1232066,1231157;1231318;1231594;1232132,-;-;-;-,1518,7207,7199,7188,7127,7003,608,2235,608,7003
GENE.2299,chr8,1233372,1236473,+,3102,0,10,8,0,150,0,183,0,149
GENE.23,chrM,4808,4865,+,58,0,0,0,0,0,0,0,0,0
GENE.230,chr1;chr1,500959;502641,502509;502868,-;-,1779,22178,21900,21134,18110,15857,755,4000,755,15853
GENE.2300,chr8,1237285,1239501,-,2217,4304,4262,4205,3802,3551,181,1013,181,3530
GENE.2301,chr8;chr8;chr8;chr8,1241966;1242439;1242700;1242841,1242297;1242588;1242720;1242895,-;-;-;-,558,310,307,306,250,241,27,87,27,241
GENE.2302,chr8;chr8,1245211;1247526,1247381;1251078,+;+,5724,5834,5782,5690,5344,4874,372,1754,372,4851
GENE.2303,chr8;chr8;chr8;chr8;chr8;chr8;chr8,1252349;1252658;1252863;1253053;1253319;1253530;1253755,1252504;1252759;1252955;1253143;1253389;1253625;1253796,+;+;+;+;+;+;+,651,427,420,409,341,325,20,99,20,325
GENE.2304,chr8,1254558,1255376,+,819,198,197,201,194,216,5,44,5,216
GENE.2305,chr8;chr8;chr8;chr8,1256555;1256680;1256938;1257122,1256588;1256842;1257016;1257133,+;+;+;+,288,0,0,0,0,13,0,0,0,13
GENE.2306,chr8,1257716,1259041,-,1326,2162,2156,2159,1988,1898,187,701,187,1898
GENE.2307,chr8,1260048,1266698,-,6651,56002,55504,55168,53254,46014,3348,14774,3348,45927
GENE.2308,chr8,1269135,1269647,+,513,178,179,178,166,195,4,38,4,195
GENE.2309,chr8,1271278,1272090,+,813,0,3,30,0,55,0,99,0,55
GENE.231,chr1;chr1,504938;506764,506581;506874,-;-,1755,0,2,4,0,28,0,2,0,28
GENE.2310,chr8,1272718,1275456,+,2739,19260,19316,19076,18170,17123,1059,5896,1044,17049
GENE.2311,chr8,1275625,1278795,+,3171,5176,4931,5438,6062,5773,228,1421,228,5745
GENE.2312,chr8,1280004,1280114,+,111,0,0,0,0,5,0,0,0,5
GENE.2313,chr8,1280935,1283761,+,2827,13032,12926,12777,11920,9896,529,3236,529,9884
GENE.2314,chr8,1284578,1287755,+,3178,8930,8889,8879,9220,8413,599,2545,599,8411
GENE.2315,chr8,1290240,1291406,-,1167,1128,1129,1133,1056,920,46,280,46,920
GENE.2316,chr8;chr8,1294022;1294481,1294193;1294722,+;+,414,0,0,1,0,19,0,0,0,19
GENE.2317,chr8;chr8,1296134;1298152,1297984;1298328,-;-,2028,10226,10229,10175,9826,9041,659,2950,659,9015
GENE.2318,chr8;chr8,1303323;1303593,1303472;1304813,+;+,1371,0,0,5,0,68,0,13,0,68
GENE.2319,chr8;chr8,1307053;1307379,1307163;1307924,+;+,657,260,261,259,254,266,13,74,13,266
GENE.232,chr1;chr1,508252;509542,509340;509748,-;-,1296,922,916,914,832,786,74,305,74,786
GENE.2320,chr8;chr8,1310637;1312513,1312343;1316955,+;+,6150,55893,55520,54629,48797,44595,2251,12403,2251,44574
GENE.2321,chr8;chr8,1317600;1318273,1318109;1318341,-;-,579,0,2,1,0,28,0,3,0,27
GENE.2322,chr8;chr8,1321417;1321752,1321623;1322825,+;+,1281,1208,1196,1196,1066,989,45,253,45,989
GENE.2323,chr8;chr8;chr8,1325144;1326176;1326514,1326008;1326402;1331187,+;+;+,5766,15738,17853,15213,17088,15147,972,2973,972,15144
GENE.2324,chr8;chr8,1333288;1333522,1333395;1336299,+;+,2886,8464,8388,8279,7314,6633,334,2096,333,6617
GENE.2325,chr8;chr8,1339659;1339925,1339742;1342306,+;+,2466,4727,4793,4651,4840,4392,343,1640,343,4386
GENE.2326,chr8;chr8,1344405;1345416,1345241;1345487,-;-,909,0,0,0,0,37,0,1,0,37
GENE.2327,chr8;chr8,1353456;1353857,1353650;1354669,+;+,1008,390,387,386,364,344,23,170,23,342
GENE.2328,chr8;chr8;chr8;chr8;chr8;chr8;chr8;chr8;chr8,1358314;1359287;1360002;1360151;1360362;1360628;1360942;1361249;1362197,1359142;1359859;1360055;1360213;1360493;1360813;1361100;1362015;1363618,+;+;+;+;+;+;+;+;+,4185,0,4,13,0,140,0,48,0,140
GENE.2329,chr8,1365467,1367506,-,2040,0,5,1,0,117,0,1,0,117
GENE.233,chr1;chr1;chr1,512086;514804;516582,514716;516580;517855,+;+;+,5682,1606,1662,1708,1576,1554,138,661,138,1552
GENE.2330,chr8;chr8;chr8;chr8;chr8;chr8,1371847;1372103;1372225;1372294;1372579;1372669,1372100;1372223;1372291;1372577;1372667;1372720,+;+;+;+;+;+,867,0,1,0,0,30,0,15,0,30
GENE.2331,chr8;chr8,1374236;1375231,1375084;1375299,-;-,918,0,0,0,0,9,0,0,0,9
GENE.2332,chr8;chr8;chr8;chr8,1380834;1381108;1381197;1381554,1380971;1381195;1381552;1381835,+;+;+;+,864,0,2,1,0,38,0,35,0,37
GENE.2333,chr8;chr8,1383349;1384330,1384212;1384377,-;-,912,0,2,2,0,38,0,1,0,38
GENE.2334,chr8;chr8;chr8;chr8;chr8;chr8,1386625;1386701;1386952;1387071;1387318;1387829,1386698;1386950;1387068;1387316;1387602;1387882,-;-;-;-;-;-,1026,0,0,1,0,25,0,3,0,25
GENE.2335,chr8;chr8,1392168;1392407,1392299;1393135,+;+,861,162,160,155,144,152,1,39,1,152
GENE.2336,chr8;chr8;chr8,1392168;1392407;1393467,1392299;1393131;1393491,+;+;+,882,163,161,156,145,156,1,40,1,156
GENE.2337,chr8;chr8,1397014;1397265,1397172;1397885,+;+,780,3700,3681,3624,3484,3244,106,896,106,3244
GENE.2338,chr8;chr8,1399560;1400515,1400405;1400583,-;-,915,1446,1416,1406,1278,1151,119,378,119,1150
GENE.2339,chr8;chr8,1402567;1403643,1403478;1403711,-;-,981,1480,1480,1477,1478,1463,237,601,237,1463
GENE.234,chr1;chr1;chr1;chr1,520807;521146;521396;522014,520917;521277;521795;522579,+;+;+;+,1209,0,0,2,0,27,0,0,0,27
GENE.2340,chr8;chr8,1405835;1406931,1406719;1406999,-;-,954,704,705,695,725,586,46,188,46,584
GENE.2341,chr8;chr8;chr8,1408571;1408650;1409237,1408648;1409234;1409356,+;+;+,783,216,217,215,212,265,8,71,8,265
GENE.2342,chr8;chr8,1411058;1411275,1411111;1412141,+;+,921,225,223,226,209,235,7,76,7,235
GENE.2343,chr8;chr8,1414283;1414442,1414345;1415293,+;+,915,214,214,216,214,232,23,106,23,232
GENE.2344,chr8;chr8,1417438;1417573,1417491;1418625,+;+,1107,0,3,0,0,43,2,78,2,43
GENE.2345,chr8;chr8,1420818;1422024,1421870;1422077,-;-,1107,872,869,870,778,758,36,239,36,758
GENE.2346,chr8;chr8,1426884;1427134,1426952;1428135,+;+,1071,544,709,588,666,596,44,112,44,596
GENE.2347,chr8,1429330,1430514,+,1185,0,29,15,0,53,15,59,15,53
GENE.2348,chr8;chr8,1432696;1432964,1432749;1433932,+;+,1023,5231,5164,4946,4005,3436,195,879,195,3436
GENE.2349,chr8;chr8,1435794;1438005,1437158;1443449,-;-,6810,0,18,34,2,200,2,245,2,196
GENE.235,chr1;chr1;chr1;chr1,527107;530175;531652;534735,530065;531493;534459;536351,+;+;+;+,8703,0,9,36,0,138,0,103,0,138
GENE.2350,chr9;chr9,20080;26527,25533;27885,+;+,6813,0,129,114,180,266,72,236,72,266
GENE.2351,chr9;chr9,29797;31104,30873;31157,-;-,1131,0,27,6,18,26,12,53,12,25
GENE.2352,chr9;chr9,33553;34727,34563;34795,-;-,1080,0,3,12,0,13,1,17,1,12
GENE.2353,chr9;chr9,39554;39763,39607;40740,+;+,1032,0,657,510,787,673,117,69,117,670
GENE.2354,chr9;chr9,42909;43977,43856;44045,-;-,1017,2716,2720,2656,2508,2345,140,788,140,2306
GENE.2355,chr9;chr9,45902;47183,46951;47236,-;-,1104,755,761,763,739,772,89,314,89,771
GENE.2356,chr9;chr9,49612;50903,50688;50971,-;-,1146,750,744,714,620,581,28,137,28,581
GENE.2357,chr9;chr9;chr9;chr9,52648;52772;53342;53661,52770;53339;53658;54020,-;-;-;-,1368,780,2224,1554,2788,2046,264,192,264,2046
GENE.2358,chr9;chr9,55074;56013,55907;56081,-;-,903,1806,1906,1761,1578,1438,104,235,104,1438
GENE.2359,chr9;chr9,58162;59172,59022;59240,-;-,930,0,37,34,20,69,8,76,8,50
GENE.236,chr1;chr1,537109;537957,537771;538025,-;-,732,0,0,1,0,14,0,0,0,14
GENE.2360,chr9;chr9,61342;62497,62337;62553,-;-,1053,2031,2297,1593,2415,2096,55,186,55,2089
GENE.2361,chr9,64216,64428,-,213,0,0,1,0,2,0,1,0,2
GENE.2362,chr9;chr9,67334;67543,67387;68625,+;+,1137,5920,6386,5849,5061,4609,313,1290,312,4606
GENE.2363,chr9;chr9,70521;70755,70589;71738,+;+,1053,5776,5766,5748,5610,5125,191,1688,190,5125
GENE.2364,chr9;chr9,74409;74718,74477;75746,+;+,1098,2125,2118,2094,1921,1786,58,529,58,1783
GENE.2365,chr9;chr9,77861;78032,77929;78874,+;+,912,0,6,1,0,18,0,2,0,18
GENE.2366,chr9;chr9,82002;82930,82616;82998,-;-,684,1737,1735,1736,1743,1688,116,502,116,1688
GENE.2367,chr9;chr9,84624;85002,84824;85610,+;+,810,161,160,160,152,169,7,32,7,169
GENE.2368,chr9;chr9;chr9,86384;86803;87067,86421;86991;88075,-;-;-,1236,1125,1123,1123,1061,1022,104,400,104,1022
GENE.2369,chr9;chr9;chr9,89361;89576;91251,89438;91081;91295,-;-;-,1629,0,0,1,0,34,0,6,0,34
GENE.237,chr1;chr1,542480;542754,542641;546983,+;+,4392,0,2732,1702,3512,2202,152,49,152,2202
GENE.2370,chr9;chr9;chr9,93830;94042;95413,93910;95325;95613,-;-;-,1566,4111,4073,4007,3499,3303,361,1178,361,3301
GENE.2371,chr9;chr9;chr9,98175;98411;100304,98252;100198;100339,-;-;-,1902,3482,3440,3412,3080,2879,115,844,115,2876
GENE.2372,chr9;chr9;chr9,102492;102727;104468,102572;104346;104593,-;-;-,1827,1542,1538,1519,1384,1346,58,396,58,1346
GENE.2373,chr9;chr9;chr9,106514;106668;108380,106591;108185;108406,-;-;-,1623,0,0,3,0,43,0,12,0,43
GENE.2374,chr9;chr9;chr9,109334;109509;111303,109408;111182;111329,-;-;-,1776,0,0,2,0,37,0,8,0,36
GENE.2375,chr9;chr9;chr9,113409;113688;115523,113534;115388;115549,-;-;-,1854,0,6,2,0,39,0,17,0,39
GENE.2376,chr9;chr9,119261;120594,120451;120749,-;-,1347,0,0,7,0,31,0,8,0,30
GENE.2377,chr9;chr9;chr9;chr9,121621;123795;124143;124973,123647;123935;124739;125006,-;-;-;-,2799,3503,3491,3466,3149,3000,209,911,209,3000
GENE.2378,chr9,127416,127724,+,309,0,0,1,0,12,0,0,0,12
GENE.2379,chr9,129224,129700,+,477,318,317,318,310,313,28,83,28,313
GENE.238,chr1;chr1,547597;548312,548217;548380,-;-,690,208,291,229,298,248,22,22,22,248
GENE.2380,chr9;chr9,130140;130385,130192;130937,-;-,606,143,145,142,137,142,10,41,10,142
GENE.2381,chr9;chr9;chr9;chr9;chr9;chr9;chr9,133762;133930;134204;134403;134706;134886;135535,133831;134078;134278;134549;134764;134953;135587,-;-;-;-;-;-;-,621,756,747,734,674,553,7,132,7,553
GENE.2382,chr9,140977,150588,+,9612,0,18,52,0,279,0,410,0,268
GENE.2383,chr9;chr9,151700;152390,152158;159541,-;-,7611,7188,7156,7072,6466,6094,288,1698,288,6094
GENE.2384,chr9,162769,166923,+,4155,11306,11098,10942,9848,8579,603,3042,603,8571
GENE.2385,chr9;chr9;chr9;chr9;chr9;chr9;chr9;chr9;chr9;chr9;chr9;chr9;chr9;chr9;chr9;chr9;chr9,168493;168926;169165;169382;169602;169705;170271;170452;170713;170918;171138;171345;171887;172100;172433;172586;172854,168738;169033;169302;169427;169609;170148;170364;170551;170775;171023;171254;171755;171949;172201;172500;172720;172887,+;+;+;+;+;+;+;+;+;+;+;+;+;+;+;+;+,2283,14440,14351,14001,11964,10235,731,3932,731,10229
GENE.2386,chr9;chr9;chr9;chr9;chr9,168493;168926;169165;169382;169705,168738;169033;169302;169427;169715,+;+;+;+;+,549,3642,3616,3554,3244,2866,277,1089,277,2866
GENE.2387,chr9;chr9;chr9,175542;175948;176264,175603;176068;177442,+;+;+,1362,1560,1552,1545,1466,1465,74,408,74,1465
GENE.2388,chr9;chr9,179187;179621,179387;183991,+;+,4572,9425,9391,9343,8689,8097,579,3198,579,8065
GENE.2389,chr9;chr9,185821;186075,185907;186383,+;+,396,0,0,1,0,20,0,3,0,20
GENE.239,chr1;chr1,550576;551645,551550;551713,-;-,1044,0,0,0,0,12,0,2,0,12
GENE.2390,chr9,187342,188622,-,1281,0,3,4,0,39,0,22,0,39
GENE.2391,chr9;chr9;chr9;chr9;chr9;chr9,190858;191022;191335;191574;195442;195747,190906;191161;191430;195302;195513;195827,-;-;-;-;-;-,4167,491,511,525,461,546,28,388,28,542
GENE.2392,chr9;chr9,197867;198741,198669;198816,+;+,879,202,200,196,136,144,6,114,6,144
GENE.2393,chr9;chr9;chr9;chr9;chr9;chr9;chr9;chr9;chr9,199051;205646;205863;206071;206426;206820;206980;207217;207327,205487;205757;205959;206276;206691;206870;207115;207243;207458,-;-;-;-;-;-;-;-;-,7464,8230,8161,8101,7584,6790,555,2373,555,6790
GENE.2394,chr9,208168,208725,-,558,198,197,200,206,158,6,45,6,158
GENE.2395,chr9;chr9,210077;210431,210287;210609,+;+,390,6,7,8,6,17,2,3,2,17
GENE.2396,chr9;chr9,212515;217891,217734;217983,+;+,5313,13817,13715,13654,12443,11520,756,3896,756,11486
GENE.2397,chr9;chr9,218675;219295,219076;219462,-;-,570,1984,1974,1925,1536,1285,44,298,44,1285
GENE.2398,chr9;chr9,222271;222716,222284;224156,+;+,1455,1019,1003,980,851,789,56,290,56,789
GENE.2399,chr9;chr9;chr9,224875;225023;225490,224893;225368;232831,-;-;-,7707,17306,17355,17042,15848,14636,822,4476,814,14508
GENE.24,chrM,4887,4945,+,59,0,0,0,0,0,0,0,0,0
GENE.240,chr1;chr1;chr1,552640;552906;553108,552708;553106;553797,+;+;+,960,2938,2910,2887,2583,2197,54,693,54,2195
GENE.2400,chr9,234501,235346,-,846,146,148,149,136,118,2,17,2,118
GENE.2401,chr9;chr9;chr9,236359;236619;236985,236481;236849;242969,-;-;-,6339,4576,4569,4572,4272,4239,358,1365,358,4239
GENE.2402,chr9,245261,248860,-,3600,7724,7670,7601,6896,6262,393,1996,393,6260
GENE.2403,chr9,251353,269709,-,18357,74222,73532,72863,65314,60701,4697,20570,4697,60678
GENE.2404,chr9;chr9;chr9;chr9;chr9;chr9;chr9,270740;271555;272535;272782;273046;274466;274726,271407;272325;272591;272844;274006;274575;274789,-;-;-;-;-;-;-,2694,248,249,257,219,301,10,65,10,301
GENE.2405,chr9,278369,279088,+,720,0,0,3,0,24,0,15,0,24
GENE.2406,chr9;chr9,280207;283630,283396;284102,+;+,3663,0,2,19,0,102,0,31,0,101
GENE.2407,chr9;chr9;chr9;chr9;chr9;chr9;chr9;chr9;chr9;chr9;chr9;chr9,284200;284455;284625;284791;284951;285198;285397;285590;285811;285976;286251;286538,284314;284514;284677;284862;285039;285258;285486;285645;285880;286096;286320;286640,-;-;-;-;-;-;-;-;-;-;-;-,960,3796,3826,3752,4005,3301,357,1253,357,3301
GENE.2408,chr9;chr9;chr9;chr9;chr9;chr9;chr9;chr9;chr9;chr9;chr9;chr9,284200;284455;284625;284791;284951;285198;285397;285608;285811;285976;286251;286538,284314;284514;284677;284862;285039;285258;285486;285645;285880;286096;286320;286640,-;-;-;-;-;-;-;-;-;-;-;-,942,3793,3822,3749,4002,3297,355,1250,355,3297
GENE.2409,chr9;chr9;chr9;chr9;chr9,285479;285811;285976;286251;286538,285486;285880;286096;286320;286640,-;-;-;-;-,372,1916,1928,1874,2057,1583,187,597,187,1583
GENE.241,chr1;chr1;chr1;chr1,554057;554270;554443;554639,554268;554441;554637;555439,-;-;-;-,1380,4164,4119,4020,3768,2820,212,1118,212,2816
GENE.2410,chr9;chr9;chr9,289050;292674;292850,292526;292742;292897,+;+;+,3594,430,439,454,392,491,34,300,34,487
GENE.2411,chr9,293585,296617,-,3033,0,3,11,0,92,0,60,0,91
GENE.2412,chr9;chr9,298665;301343,301221;304179,-;-,5394,1208,1206,1208,1064,978,57,480,57,977
GENE.2413,chr9;chr9;chr9;chr9;chr9;chr9;chr9,305070;305258;305484;305733;305960;306202;306576,305132;305349;305598;305846;306028;306285;306626,+;+;+;+;+;+;+,588,0,2,0,0,25,2,9,2,25
GENE.2414,chr9,307303,309039,-,1737,0,5,15,0,70,0,17,0,70
GENE.2415,chr9,310691,311995,+,1305,3816,3809,3805,3672,3602,323,1285,323,3600
GENE.2416,chr9,312474,314987,-,2514,0,7,12,0,70,0,23,0,68
GENE.2417,chr9,318311,319546,+,1236,0,5,8,0,38,0,60,0,36
GENE.2418,chr9,320811,323342,-,2532,0,18,34,0,90,0,83,0,89
GENE.2419,chr9,330499,331965,-,1467,2266,2259,2254,2188,2078,112,627,112,2078
GENE.242,chr1;chr1,558201;558640,558464;558708,-;-,333,18,17,17,18,24,4,14,4,24
GENE.2420,chr9,332255,334597,-,2343,126,132,129,112,166,10,237,10,166
GENE.2421,chr9,335071,335490,+,420,174,174,174,180,182,18,57,18,182
GENE.2422,chr9,335982,336770,+,789,142,144,142,144,156,7,55,7,156
GENE.2423,chr9;chr9,337564;337815,337700;337920,+;+,243,0,0,0,0,11,0,14,0,11
GENE.2424,chr9,338140,342408,-,4269,3148,3116,3086,2772,2465,142,866,142,2463
GENE.2425,chr9,345892,349293,+,3402,7352,7301,7184,6286,6058,341,1952,341,6052
GENE.2426,chr9,350186,350962,-,777,0,1,0,0,17,0,28,0,17
GENE.2427,chr9,351955,354723,-,2769,1690,1694,1665,1472,1412,92,450,92,1412
GENE.2428,chr9;chr9;chr9;chr9;chr9;chr9,356536;356704;357000;357217;357410;357624,356580;356796;357095;357320;357515;357683,-;-;-;-;-;-,504,122,121,116,100,82,9,31,9,82
GENE.2429,chr9;chr9,360535;360821,360596;363215,+;+,2457,4812,4797,4762,4588,4208,317,1488,317,4205
GENE.243,chr1;chr1;chr1;chr1;chr1,560474;560809;561063;561209;561466,560806;561060;561206;561349;561534,-;-;-;-;-,939,2886,2884,2832,2762,2492,137,767,137,2491
GENE.2430,chr9,364069,364908,-,840,20,20,20,14,36,0,105,0,36
GENE.2431,chr9,366925,367500,+,576,674,673,672,648,609,59,155,59,609
GENE.2432,chr9;chr9,367865;368520,368320;368789,-;-,726,0,0,0,0,21,0,0,0,21
GENE.2433,chr9;chr9;chr9,369870;370117;370492,369968;370205;371554,-;-;-,1251,186,189,188,184,293,11,70,11,293
GENE.2434,chr9;chr9;chr9,373762;374171;374354,373884;374245;375586,-;-;-,1431,4697,4609,4622,4387,3633,434,1530,434,3633
GENE.2435,chr9;chr9;chr9;chr9;chr9,378035;378530;382534;382771;382943,378395;382416;382675;382844;382996,+;+;+;+;+,4518,0,12,6,0,145,0,145,0,145
GENE.2436,chr9;chr9;chr9;chr9;chr9;chr9;chr9;chr9,383650;383940;384152;384430;384625;384961;385352;385707,383751;384011;384277;384492;384790;385174;385516;385716,-;-;-;-;-;-;-;-,918,1398,1400,1396,1688,1279,126,566,126,1279
GENE.2437,chr9;chr9;chr9;chr9;chr9;chr9;chr9,383650;383940;384430;384625;384961;385352;385707,383751;384011;384492;384790;385174;385516;385716,-;-;-;-;-;-;-,792,1394,1396,1392,1685,1269,124,563,124,1269
GENE.2438,chr9,388149,388736,+,588,60,48,47,26,28,0,17,0,28
GENE.2439,chr9;chr9;chr9;chr9;chr9;chr9;chr9;chr9;chr9;chr9;chr9;chr9;chr9;chr9;chr9;chr9;chr9;chr9,389605;391224;392009;394370;394679;394930;395185;395422;395688;395838;396054;396234;396451;396660;396912;397128;397493;397745,391029;391875;394233;394564;394776;395084;395279;395522;395728;395950;396145;396365;396493;396770;396988;397350;397597;397843,-;-;-;-;-;-;-;-;-;-;-;-;-;-;-;-;-;-,5982,1040,1051,1044,960,1057,46,447,46,1057
GENE.244,chr1;chr1,563703;564771,564602;564842,-;-,972,1728,1718,1713,1678,1647,163,525,163,1647
GENE.2440,chr9,399202,400725,-,1524,330,330,329,306,338,27,94,27,338
GENE.2441,chr9;chr9;chr9;chr9;chr9;chr9;chr9;chr9,401495;401905;402143;402353;402489;402689;403001;403338,401753;402005;402230;402411;402576;402883;403092;403394,-;-;-;-;-;-;-;-,939,0,0,2,0,44,0,27,0,44
GENE.2442,chr9;chr9,404312;406194,405992;406285,+;+,1773,1282,1278,1279,1172,1122,48,543,48,1117
GENE.2443,chr9;chr9,406522;409506,409349;409665,-;-,2988,0,1,9,0,81,0,245,0,80
GENE.2444,chr9;chr9;chr9;chr9;chr9,410326;410572;410871;411059;411299,410470;410729;410967;411154;413841,-;-;-;-;-,3039,1086,1092,1090,1276,1067,68,351,68,1067
GENE.2445,chr9,415205,417433,+,2229,0,24,22,0,70,0,158,0,68
GENE.2446,chr9;chr9,418208;419716,419437;419895,-;-,1410,468,468,470,469,494,52,164,52,494
GENE.2447,chr9;chr9;chr9;chr9;chr9;chr9;chr9,420485;420658;420801;421100;421266;421483;421617,420544;420699;420863;421161;421330;421520;421682,-;-;-;-;-;-;-,396,12,10,13,14,33,1,4,1,33
GENE.2448,chr9,424171,428106,+,3936,49216,48932,48360,44524,41447,2657,12164,2657,41353
GENE.2449,chr9,430578,432047,+,1470,372,494,427,560,583,25,56,10,543
GENE.245,chr1;chr1,569485;570204,570048;570272,-;-,633,686,677,688,628,538,34,157,34,538
GENE.2450,chr9;chr9;chr9,433238;434991;435265,434793;435140;435373,-;-;-,1815,5146,5125,5094,4605,4193,303,1497,303,4193
GENE.2451,chr9,440914,444024,+,3111,0,29,45,0,134,2,259,2,121
GENE.2452,chr9;chr9;chr9,445788;445970;446156,445883;446050;446329,+;+;+,351,16,15,15,13,23,1,7,1,23
GENE.2453,chr9,447928,452049,+,4122,11288,11178,10847,9596,8939,520,3235,520,8914
GENE.2454,chr9,452399,455743,-,3345,374,378,373,354,420,21,128,21,420
GENE.2455,chr9;chr9;chr9;chr9;chr9;chr9,456959;457141;457295;457536;457801;461266,457018;457204;457418;457614;461017;461318,-;-;-;-;-;-,3597,2979,2977,2977,2781,2628,208,897,208,2625
GENE.2456,chr9,464559,473768,+,9210,38292,38078,37739,37022,33636,2658,11665,2657,33536
GENE.2457,chr9,475671,476969,+,1299,1292,1274,1259,1058,924,50,242,50,924
GENE.2458,chr9,477777,481358,-,3582,3332,3303,3306,3076,2845,191,966,191,2845
GENE.2459,chr9,482461,487554,-,5094,0,14,28,0,206,1,55,1,205
GENE.246,chr1;chr1;chr1,572135;572448;572785,572445;572703;572853,-;-;-,636,1868,1858,1834,1788,1484,76,483,76,1484
GENE.2460,chr9;chr9;chr9;chr9;chr9;chr9;chr9,489467;489690;489894;490087;490377;490589;490798,489543;489759;490006;490216;490433;490673;490865,+;+;+;+;+;+;+,600,757,755,750,738,695,95,364,95,695
GENE.2461,chr9,491275,492906,+,1632,0,1,13,0,64,0,1,0,64
GENE.2462,chr9,494163,495506,+,1344,0,1,6,0,44,0,30,0,44
GENE.2463,chr9;chr9,495946;496154,495991;497727,-;-,1620,3908,3888,3838,3578,3351,207,1052,207,3351
GENE.2464,chr9;chr9;chr9;chr9;chr9;chr9;chr9;chr9;chr9;chr9;chr9;chr9;chr9,500183;500400;500651;500874;501119;501259;501465;501656;501861;502034;502207;502484;502682,500209;500493;500774;500950;501168;501328;501513;501752;501889;502073;502316;502543;502733,+;+;+;+;+;+;+;+;+;+;+;+;+,879,662,661,655,639,558,59,210,59,558
GENE.2465,chr9;chr9,504412;507550,507328;508130,+;+,3498,0,20,47,0,120,0,161,0,109
GENE.2466,chr9,509934,510527,+,594,866,858,862,804,769,26,166,26,769
GENE.2467,chr9;chr9,511497;521042,520920;521529,+;+,9912,5390,5411,5345,5040,4973,319,1716,319,4962
GENE.2468,chr9;chr9,522221;525955,525813;526018,-;-,3657,5782,5742,5686,5306,4598,274,1366,274,4593
GENE.2469,chr9;chr9;chr9;chr9;chr9,526940;527109;527328;527481;527774,527005;527204;527367;527628;527978,-;-;-;-;-,555,1142,1099,1074,916,621,15,344,15,621
GENE.247,chr1;chr1;chr1,577704;578657;579071,578496;578922;583789,+;+;+,5778,16904,19644,15993,19847,16677,1336,3108,1336,16671
GENE.2470,chr9;chr9;chr9,527147;527481;527774,527204;527628;527978,-;-;-,411,1139,1096,1067,914,613,15,326,15,613
GENE.2471,chr9,529912,531444,+,1533,6568,6551,6492,6256,5887,446,2079,446,5885
GENE.2472,chr9,532341,535598,+,3258,0,0,11,0,94,0,78,0,94
GENE.2473,chr9,535851,536681,-,831,2292,2283,2272,2346,2188,282,890,282,2188
GENE.2474,chr9;chr9,538221;539806,539395;539872,-;-,1242,3444,3437,3433,3391,3377,468,1283,468,3377
GENE.2475,chr9,541033,545739,-,4707,34314,33835,33276,28676,24827,1984,8281,1984,24825
GENE.2476,chr9,546800,548101,-,1302,2786,2761,2765,2680,2458,131,635,131,2436
GENE.2477,chr9,549085,550446,-,1362,820,816,818,796,810,46,228,46,810
GENE.2478,chr9;chr9,551426;552442,552040;553167,-;-,1341,4092,4089,4091,4044,4099,328,1243,328,4099
GENE.2479,chr9;chr9;chr9;chr9;chr9;chr9;chr9,556090;556613;557244;557413;557584;557752;557911,556170;557111;557303;557455;557656;557814;557958,+;+;+;+;+;+;+,867,0,0,1,0,23,0,10,0,23
GENE.248,chr1;chr1,587391;587606,587483;588394,+;+,882,0,978,761,1906,1038,88,36,88,1038
GENE.2480,chr9;chr9,559144;560903,560787;561979,+;+,2721,2568,2557,2534,2432,2341,121,659,121,2341
GENE.2481,chr9,562677,562934,+,258,0,0,1,0,4,0,0,0,4
GENE.2482,chr9,563329,565179,-,1851,4934,4875,4831,4796,4191,417,1448,417,4189
GENE.2483,chr9;chr9,567283;568144,567802;568640,+;+,1017,1673,1667,1660,1619,1468,81,403,81,1468
GENE.2484,chr9;chr9;chr9;chr9;chr9,569124;569541;569871;570086;570308,569308;569618;569921;570148;570374,-;-;-;-;-,444,271,269,265,341,222,20,112,20,222
GENE.2485,chr9,571031,573349,-,2319,7074,7033,6990,6816,5991,352,1725,352,5991
GENE.2486,chr9,575679,576509,+,831,0,0,0,0,23,0,12,0,23
GENE.2487,chr9;chr9,576960;578432,578305;579026,-;-,1941,9620,9561,9470,8572,7782,558,2567,558,7782
GENE.2488,chr9;chr9,580760;581262,581059;581468,-;-,507,175,174,176,182,185,18,88,18,185
GENE.2489,chr9;chr9;chr9,582340;583024;583320,582900;583112;583968,-;-;-,1299,0,2,3,0,35,2,1,2,35
GENE.249,chr1;chr1,591849;592135,591902;593187,+;+,1107,523,605,557,598,548,52,223,52,545
GENE.2490,chr9,584726,588421,+,3696,4316,4299,4247,3816,3751,280,1349,280,3749
GENE.2491,chr9,589263,591242,+,1980,882,1029,948,1238,1119,46,275,46,1099
GENE.2492,chr9;chr9,593107;593468,593278;593556,+;+,261,0,2,2,0,3,0,13,0,3
GENE.2493,chr9;chr9,594272;595825,595693;597234,-;-,2832,1246,1240,1223,1114,1037,60,389,60,1037
GENE.2494,chr9,597694,600561,+,2868,7540,7539,7342,6780,6082,277,1934,277,6081
GENE.2495,chr9,601076,604576,-,3501,12274,12211,12134,11834,10717,788,3729,788,10678
GENE.2496,chr9;chr9;chr9;chr9,608361;608878;609568;609740,608648;609452;609625;610075,-;-;-;-,1257,5276,5254,5204,5045,4780,407,1739,407,4780
GENE.2497,chr9;chr9,612976;613213,613041;615492,-;-,2346,0,6,9,0,68,1,59,1,68
GENE.2498,chr9;chr9;chr9;chr9;chr9;chr9,617963;618131;618410;618792;619348;619616,618014;618243;618523;618881;619508;619835,+;+;+;+;+;+,750,0,0,0,0,19,0,0,0,19
GENE.2499,chr9;chr9,620788;623870,623694;626149,-;-,5187,0,11,30,0,174,0,88,0,173
GENE.25,chrM,4964,4988,+,25,0,0,0,0,0,0,0,0,0
GENE.250,chr1;chr1,595102;595317,595155;596273,+;+,1011,131,131,140,115,151,6,55,6,151
GENE.2500,chr9;chr9,627754;628097,627866;628319,+;+,336,6,6,6,5,12,0,14,0,12
GENE.2501,chr9,630657,632207,+,1551,1308,1297,1288,1232,1157,88,354,88,1157
GENE.2502,chr9,633574,634200,-,627,474,473,472,442,410,56,178,56,410
GENE.2503,chr9,636621,638750,+,2130,1084,1071,1068,1002,907,73,368,73,907
GENE.2504,chr9,639658,641259,-,1602,0,3,4,0,50,0,35,0,50
GENE.2505,chr9;chr9;chr9;chr9,643232;643476;643669;643897,643360;643558;643789;644043,-;-;-;-,480,254,251,253,261,233,21,85,21,233
GENE.2506,chr9,645632,646600,+,969,4802,4702,4682,4236,3777,242,1314,242,3777
GENE.2507,chr9,646951,649116,-,2166,7062,6979,6897,6446,5547,306,1927,306,5543
GENE.2508,chr9,650585,654841,-,4257,0,4,7,0,141,0,54,0,140
GENE.2509,chr9,657418,659412,+,1995,4956,4895,4787,4344,3866,219,1174,219,3865
GENE.251,chr1;chr1,598465;598636,598533;599472,+;+,906,2812,2783,2789,2698,2482,128,741,128,2482
GENE.2510,chr9,660176,660892,+,717,0,2,4,0,28,0,112,0,28
GENE.2511,chr9;chr9,661481;662227,661950;662326,-;-,570,0,0,1,0,20,0,0,0,20
GENE.2512,chr9,663918,664571,+,654,324,319,322,282,286,14,57,14,286
GENE.2513,chr9,665978,666478,+,501,564,560,557,518,436,28,152,28,436
GENE.2514,chr9;chr9;chr9;chr9,667255;667425;667598;667876,667314;667494;667757;671725,-;-;-;-,4140,12900,12767,12700,11908,10360,865,3821,865,10324
GENE.2515,chr9;chr9;chr9;chr9;chr9,674068;674347;674591;674839;675089,674200;674402;674731;674982;675157,+;+;+;+;+,543,339,339,340,343,376,41,129,41,376
GENE.2516,chr9;chr9,675922;676372,676095;679632,+;+,3435,0,4,7,0,113,0,26,0,113
GENE.2517,chr9;chr9;chr9;chr9;chr9;chr9;chr9,680231;680464;680724;680956;681452;681680;681886,680373;680591;680813;681152;681562;681790;681984,-;-;-;-;-;-;-,879,1162,1160,1161,1183,1207,170,438,170,1207
GENE.2518,chr9,683562,691121,+,7560,0,19,58,0,241,1,445,1,239
GENE.2519,chr9;chr9;chr9;chr9;chr9;chr9;chr9;chr9;chr9,691568;691764;692004;692248;692450;692729;692918;693159;693522,691650;691875;692106;692341;692579;692796;693023;693304;693570,-;-;-;-;-;-;-;-;-,891,439,438,439,410,369,23,215,23,369
GENE.252,chr1;chr1,600692;601258,601255;601992,+;+,1299,1066,1535,1370,2050,1508,174,213,174,1508
GENE.2520,chr9,694605,695264,-,660,1964,1952,1961,1940,1919,216,708,216,1919
GENE.2521,chr9,696863,698029,-,1167,0,5,20,0,45,1,103,1,45
GENE.2522,chr9,703368,703517,+,150,0,0,0,0,8,0,0,0,8
GENE.2523,chr9,705357,706355,+,999,302,302,296,300,320,12,94,12,319
GENE.2524,chr9,706592,712072,-,5481,7690,7622,7549,7054,6645,463,2406,463,6623
GENE.2525,chr9,713216,715489,-,2274,716,713,701,638,656,28,313,28,656
GENE.2526,chr9;chr9,716325;717067,716859;717506,+;+,975,320,319,321,304,308,19,88,19,308
GENE.2527,chr9,718521,719540,+,1020,0,0,0,0,40,0,0,0,40
GENE.2528,chr9,720990,724865,+,3876,3388,3337,3318,2858,2677,145,978,145,2676
GENE.2529,chr9,726703,728748,+,2046,5916,5865,5799,5032,4427,258,1419,258,4427
GENE.253,chr1;chr1,604162;604446,604215;605531,+;+,1140,4970,5031,4943,4832,4838,476,1632,476,4827
GENE.2530,chr9,729674,732136,-,2463,0,3,5,0,91,0,0,0,91
GENE.2531,chr9,732951,734027,+,1077,0,1,2,0,37,0,7,0,37
GENE.2532,chr9,734629,735942,+,1314,0,0,1,0,42,0,0,0,42
GENE.2533,chr9;chr9,737985;738394,738060;740276,+;+,1959,9477,9427,9367,8789,8604,621,2557,621,8604
GENE.2534,chr9,742494,743684,-,1191,0,5,1,0,35,1,1,1,35
GENE.2535,chr9;chr9;chr9;chr9;chr9;chr9,747173;747355;747526;747786;748084;748474,747181;747439;747611;747876;748188;748490,+;+;+;+;+;+,393,0,0,0,0,16,0,1,0,16
GENE.2536,chr9;chr9;chr9;chr9;chr9,748678;749227;749800;750010;750163,748978;749597;749916;750074;750262,-;-;-;-;-,954,143,143,144,144,179,21,56,21,179
GENE.2537,chr9;chr9,751358;752165,752062;752422,-;-,963,462,459,446,388,376,31,88,31,376
GENE.2538,chr9;chr9;chr9;chr9;chr9,754297;756528;757189;757448;759817,756269;757104;757287;759508;760269,+;+;+;+;+,5163,0,5,21,0,159,0,246,0,156
GENE.2539,chr9,761211,763358,+,2148,450,434,451,514,471,41,215,41,469
GENE.254,chr1;chr1,607390;609587,608694;614893,-;-,6612,0,269,235,374,335,93,111,93,334
GENE.2540,chr9,764848,767034,+,2187,6100,6068,6045,5762,5517,288,1530,288,5509
GENE.2541,chr9;chr9;chr9;chr9,769452;771560;771846;772042,771412;771668;771925;772105,+;+;+;+,2214,0,23,60,0,75,1,249,1,73
GENE.2542,chr9,772646,774379,-,1734,2258,2244,2252,2210,1983,127,739,127,1981
GENE.2543,chr9,777558,780749,+,3192,0,0,3,0,132,0,72,0,132
GENE.2544,chr9;chr9;chr9,781368;782254;782623,782071;782306;782675,-;-;-,810,862,856,836,741,660,38,187,38,658
GENE.2545,chr9;chr9;chr9;chr9;chr9,786156;786802;787057;787306;787583,786246;786956;787174;787424;788212,+;+;+;+;+,1113,441,440,433,385,373,21,119,21,373
GENE.2546,chr9;chr9,789514;790412,790199;790478,-;-,753,458,458,458,449,471,38,131,38,471
GENE.2547,chr9;chr9;chr9,793217;793496;793805,793331;793641;794167,+;+;+,624,1505,1503,1494,1438,1297,113,410,113,1297
GENE.2548,chr9;chr9;chr9,795539;796652;797364,796465;797165;797470,+;+;+,1548,3463,3445,3388,3059,2626,233,902,233,2625
GENE.2549,chr9,798498,799928,+,1431,5236,5223,5187,4956,4782,477,1494,477,4782
GENE.255,chr2;chr2,25232;29837,29035;31168,+;+,5136,0,154,134,530,262,32,55,32,262
GENE.2550,chr9,800703,802136,+,1434,610,610,597,586,558,59,202,59,558
GENE.2551,chr9,803029,803757,+,729,1692,1649,1615,1418,1234,28,358,28,1234
GENE.2552,chr9;chr9,804417;807816,807548;807920,-;-,3237,0,8,12,0,112,0,303,0,108
GENE.2553,chr9,809659,819804,-,10146,11104,11492,11249,12700,11070,762,3511,762,11015
GENE.2554,chr9,822665,824593,+,1929,4402,4365,4272,3844,3676,165,1036,165,3676
GENE.2555,chr9;chr9;chr9;chr9;chr9;chr9;chr9;chr9;chr9,825336;825551;825751;825894;826080;826300;826547;826695;827017,825413;825611;825800;825947;826187;826396;826611;826807;827140,-;-;-;-;-;-;-;-;-,750,332,330,329,330,334,43,130,43,334
GENE.2556,chr9,827730,830681,-,2952,5862,5839,5786,5440,5099,473,1786,473,5099
GENE.2557,chr9;chr9;chr9;chr9,831669;832137;832383;832595,831987;832253;832456;832648,+;+;+;+,564,194,188,184,160,153,17,61,17,153
GENE.2558,chr9,833754,839312,+,5559,0,7,11,0,186,0,174,0,186
GENE.2559,chr9;chr9;chr9;chr9;chr9,841536;841836;842000;842270;842544,841698;841912;842075;842417;842655,+;+;+;+;+,576,440,439,430,425,386,43,126,43,386
GENE.256,chr2;chr2,33030;34191,33965;34259,-;-,1005,988,981,971,894,775,89,320,89,774
GENE.2560,chr9,843541,847605,+,4065,0,4,4,0,117,0,103,0,116
GENE.2561,chr9,849515,851296,+,1782,0,11,29,0,64,0,240,0,62
GENE.2562,chr9,852525,854057,-,1533,1770,1769,1761,1738,1781,204,631,204,1781
GENE.2563,chr9;chr9,855516;856590,856261;857286,+;+,1443,2546,2528,2500,2358,2321,177,582,177,2321
GENE.2564,chr9;chr9;chr9;chr9;chr9;chr9,857587;857819;858053;858212;858512;858787,857652;857955;858097;858304;858619;858829,-;-;-;-;-;-,492,1374,1377,1374,1496,1306,266,659,266,1306
GENE.2565,chr9;chr9;chr9;chr9;chr9,857587;857819;858212;858512;858787,857652;857955;858304;858619;858829,-;-;-;-;-,447,1366,1368,1365,1483,1296,262,654,262,1296
GENE.2566,chr9;chr9;chr9;chr9;chr9,861392;861927;862097;862534;862748,861743;862001;862269;862574;862784,+;+;+;+;+,678,2,4,2,2,25,0,38,0,25
GENE.2567,chr9;chr9;chr9;chr9;chr9;chr9,862781;863185;863456;863784;863957;866909,863072;863302;863628;863856;866626;870491,-;-;-;-;-;-,6909,5076,5038,4995,4714,4608,370,1634,370,4600
GENE.2568,chr9;chr9,871826;872223,872058;873450,+;+,1461,5356,5305,5334,5184,5062,474,1831,474,5062
GENE.2569,chr9;chr9,873971;874399,874155;874957,-;-,744,514,511,502,480,460,37,173,37,460
GENE.257,chr2,35927,37249,-,1323,2436,2391,2253,2910,2097,238,577,238,2092
GENE.2570,chr9,875602,876867,+,1266,1404,1400,1363,1292,1251,64,414,64,1251
GENE.2571,chr9;chr9,878004;882549,882387;883117,+;+,4953,0,10,22,0,131,1,96,1,131
GENE.2572,chr9;chr9;chr9,883515;883964;884219,883725;884088;885592,-;-;-,1710,2280,2267,2231,1984,1742,79,590,79,1742
GENE.2573,chr9;chr9;chr9,886065;886360;886569,886151;886438;887389,-;-;-,987,0,0,5,0,19,0,5,0,19
GENE.2574,chr9,888559,889305,+,747,424,423,422,434,408,22,141,22,408
GENE.2575,chr9;chr9;chr9;chr9;chr9;chr9;chr9;chr9,890057;890278;890529;890737;890923;891070;891263;892938,890176;890417;890629;890812;890975;891140;892834;893267,+;+;+;+;+;+;+;+,2463,12245,12191,12111,11618,11113,1129,3742,1129,11111
GENE.2576,chr9;chr9;chr9,895415;899832;899996,899659;899906;900304,+;+;+,4629,0,17,30,0,184,0,270,0,180
GENE.2577,chr9,903362,904570,+,1209,0,0,0,0,45,0,0,0,45
GENE.2578,chr9;chr9;chr9;chr9;chr9;chr9;chr9;chr9;chr9;chr9;chr9;chr9,905998;906386;906533;906630;906800;906983;907106;907276;907557;907895;908064;908299,906137;906435;906536;906676;906888;907017;907151;907432;907714;907945;908175;908357,+;+;+;+;+;+;+;+;+;+;+;+,948,1348,1348,1336,1329,1233,123,515,123,1233
GENE.2579,chr9;chr9;chr9;chr9,908724;911542;911828;912013,911401;911653;911928;912061,+;+;+;+,2940,2742,2734,2721,2580,2382,139,828,139,2382
GENE.258,chr2;chr2,38287;39235,39132;39303,-;-,915,3270,3234,3217,2876,2673,106,762,106,2671
GENE.2580,chr9,913230,914480,+,1251,54,56,56,48,94,2,16,2,94
GENE.2581,chr9;chr9;chr9,916603;916915;918576,916606;918443;918674,+;+;+,1632,1819,1801,1779,1647,1597,108,479,108,1597
GENE.2582,chr9;chr9;chr9;chr9;chr9;chr9;chr9;chr9;chr9;chr9,919109;919281;919482;919690;919914;920380;920537;920791;921012;921254,919184;919336;919581;919770;920210;920466;920624;920863;921136;921302,-;-;-;-;-;-;-;-;-;-,1032,178,179,176,172,185,19,57,19,185
GENE.2583,chr9;chr9;chr9,922292;935039;935271,934873;935122;935372,-;-;-,12768,25456,25439,25093,25158,22008,1584,6907,1584,21982
GENE.2584,chr9;chr9;chr9;chr9;chr9,936868;937100;937351;937953;938256,936957;937150;937833;938144;938345,-;-;-;-;-,906,569,567,565,548,589,27,135,27,589
GENE.2585,chr9,939580,940587,-,1008,0,1,6,0,35,0,4,0,34
GENE.2586,chr9,941830,942498,-,669,658,657,656,644,646,17,138,17,646
GENE.2587,chr9,944126,946468,+,2343,2630,2620,2600,2356,2193,161,658,161,2193
GENE.2588,chr9,947033,949498,+,2466,262,263,264,236,318,17,101,17,318
GENE.2589,chr9,950408,953722,+,3315,0,8,27,0,123,0,181,0,123
GENE.259,chr2;chr2,41515;42805,42573;42858,-;-,1113,3191,3261,3165,3063,3105,164,851,164,3096
GENE.2590,chr9;chr9,956605;957558,957400;957835,+;+,1074,2580,2311,2321,3352,2052,243,777,243,2009
GENE.2591,chr9,958763,959917,+,1155,2452,2428,2431,2166,1988,137,573,137,1988
GENE.2592,chr9;chr9;chr9;chr9,960181;960665;960910;961184,960507;960817;961065;961390,-;-;-;-,843,0,0,7,0,27,1,0,1,27
GENE.2593,chr9,961933,963786,-,1854,7440,7403,7345,6974,6470,329,1917,329,6470
GENE.2594,chr9,961933,963558,-,1626,7418,7379,7323,6956,6446,329,1896,329,6446
GENE.2595,chr9;chr9;chr9;chr9;chr9;chr9,966795;967032;967260;967476;967680;967944,966879;967129;967347;967582;967784;968069,-;-;-;-;-;-,609,1130,1128,1124,1136,1091,81,318,81,1091
GENE.2596,chr9;chr9,972548;976440,976228;976637,+;+,3879,6850,6783,6689,6003,5414,393,1930,393,5414
GENE.2597,chr9,977869,979965,-,2097,1626,1626,1603,1524,1412,50,417,50,1412
GENE.2598,chr9,981152,984334,+,3183,0,6,11,0,96,0,54,0,94
GENE.2599,chr9,984815,986017,-,1203,1440,1442,1440,1418,1482,133,514,133,1482
GENE.26,chrM,4996,5025,-,30,0,0,0,0,0,0,0,0,0
GENE.260,chr2;chr2,45286;46490,46344;46558,-;-,1128,0,5,42,0,55,0,19,0,51
GENE.2600,chr9;chr9,988977;989392,989190;992915,+;+,3738,8458,8764,8404,9702,8673,585,2971,585,8651
GENE.2601,chr9;chr9;chr9;chr9,993245;993379;994087;996114,993270;993831;995942;997675,-;-;-;-,3897,28425,29101,28797,34358,29307,1854,8014,1854,29259
GENE.2602,chr9;chr9,999463;1001613,1001478;1005845,+;+,6249,0,11,60,0,248,1,249,1,245
GENE.2603,chr9,1006773,1008542,+,1770,4492,4474,4464,4228,4056,187,1281,187,4056
GENE.2604,chr9;chr9;chr9;chr9;chr9,1009063;1009201;1009330;1009509;1009681,1009066;1009239;1009400;1009574;1009755,+;+;+;+;+,255,0,1,2,0,33,0,32,0,33
GENE.2605,chr9;chr9;chr9;chr9;chr9;chr9;chr9;chr9;chr9,1010380;1010565;1010743;1010924;1011097;1011262;1011402;1011555;1011745,1010461;1010614;1010808;1010962;1011166;1011305;1011454;1011627;1011822,+;+;+;+;+;+;+;+;+,555,372,366,351,322,287,28,124,28,287
GENE.2606,chr9;chr9;chr9;chr9;chr9;chr9;chr9;chr9;chr9,1012118;1012402;1012658;1012861;1013019;1013161;1013353;1013613;1013805,1012192;1012527;1012709;1012913;1013072;1013214;1013434;1013720;1013863,+;+;+;+;+;+;+;+;+,663,1127,1119,1123,1111,1019,102,373,102,1019
GENE.2607,chr9,1014478,1015518,-,1041,1132,1143,1137,992,1024,86,364,86,1024
GENE.2608,chr9;chr9;chr9,1017435;1018569;1018784,1018444;1018665;1018918,+;+;+,1242,198,198,204,158,186,12,121,12,186
GENE.2609,chr9,1019164,1020903,-,1740,4594,4564,4519,4172,4000,264,1253,264,3999
GENE.261,chr2;chr2,48923;50094,49861;50147,-;-,993,5890,5919,5881,5846,5737,788,2298,784,5735
GENE.2610,chr9;chr9,1021858;1022954,1022591;1023620,-;-,1401,1029,1025,1011,976,966,57,251,57,966
GENE.2611,chr9;chr9;chr9;chr9;chr9,1025493;1025762;1025949;1026112;1026301,1025570;1025869;1026015;1026192;1026353,+;+;+;+;+,387,0,0,1,0,26,0,0,0,26
GENE.2612,chr9;chr9,1027094;1027362,1027137;1027704,+;+,387,2,2,3,2,12,0,4,0,12
GENE.2613,chr9,1028661,1030010,-,1350,0,5,10,0,67,0,16,0,67
GENE.2614,chr9,1033315,1038579,+,5265,25898,26377,25884,25588,23587,1566,7200,1566,23532
GENE.2615,chr9;chr9,1040713;1040956,1040805;1041516,+;+,654,0,1,2,0,20,0,5,0,20
GENE.2616,chr9;chr9;chr9;chr9,1043542;1043795;1044005;1044241,1043649;1043898;1044072;1047794,+;+;+;+,3834,11832,11653,11540,10656,9804,563,2828,563,9786
GENE.2617,chr9,1048280,1057816,-,9537,0,43,109,0,346,0,797,0,341
GENE.2618,chr9,1063053,1063208,+,156,0,0,0,0,10,0,0,0,10
GENE.2619,chr9;chr9;chr9;chr9;chr9;chr9;chr9;chr9;chr9;chr9;chr9;chr9;chr9;chr9;chr9,1064752;1065209;1065473;1065915;1066648;1067816;1068077;1068494;1068799;1069012;1069198;1069356;1069571;1069956;1070212,1065075;1065379;1065746;1066458;1067674;1067915;1068230;1068682;1068878;1069098;1069270;1069440;1069816;1070035;1070317,+;+;+;+;+;+;+;+;+;+;+;+;+;+;+,3540,23239,23335,22825,22130,19413,978,5748,884,19307
GENE.262,chr2;chr2;chr2,51842;52240;52490,52143;52370;53124,-;-;-,1068,106,1717,1486,2116,1905,296,53,296,1901
GENE.2620,chr9;chr9,1070965;1072883,1072481;1072955,-;-,1590,5628,5597,5530,4833,4369,206,1071,206,4369
GENE.2621,chr9,1075915,1081683,-,5769,56468,56263,55426,51558,46777,2672,13152,2672,46762
GENE.2622,chr9;chr9;chr9,1084696;1085500;1088937,1085383;1088791;1089093,+;+;+,4137,2095,2109,2126,2027,2031,177,786,177,2029
GENE.2623,chr9,1089911,1092430,+,2520,1222,1208,1201,1076,1094,66,312,66,1094
GENE.2624,chr9,1092844,1096521,-,3678,0,10,9,0,163,0,126,0,163
GENE.2625,chr9;chr9;chr9,1097324;1097626;1098058,1097512;1097931;1098240,-;-;-,678,0,0,2,0,34,0,8,0,34
GENE.2626,chr9;chr9,1099075;1099323,1099117;1099750,+;+,471,203,204,204,201,207,12,84,12,207
GENE.2627,chr9,1100253,1100831,-,579,290,287,278,218,202,6,34,6,202
GENE.2628,chr9;chr9;chr9;chr9;chr9,1107143;1107315;1107519;1107833;1108365,1107144;1107429;1107648;1108177;1112656,+;+;+;+;+,4884,0,22,32,0,187,0,439,0,184
GENE.2629,chr9,1113958,1116003,+,2046,4152,4036,4001,3614,3110,242,1217,242,3110
GENE.263,chr2;chr2;chr2;chr2,54254;54430;54936;55187,54427;54933;55082;55255,-;-;-;-,894,3404,3394,3332,3176,2912,328,1005,328,2911
GENE.2630,chr9;chr9;chr9;chr9;chr9,1116416;1118434;1118873;1119144;1119539,1118185;1118763;1119004;1119239;1119775,-;-;-;-;-,2565,8869,8777,8729,8081,7531,581,2623,581,7531
GENE.2631,chr9;chr9;chr9;chr9;chr9,1120100;1120372;1120738;1121073;1121308,1120170;1120449;1120861;1121114;1121331,-;-;-;-;-,339,76,76,78,85,81,12,34,12,81
GENE.2632,chr9;chr9,1123861;1124114,1123903;1125858,+;+,1788,261,264,260,255,308,14,82,14,308
GENE.2633,chr9,1126990,1127928,-,939,3138,3136,3135,3150,3251,269,989,269,3251
GENE.2634,chr9;chr9,1128871;1129494,1129245;1129940,+;+,822,833,827,816,580,500,16,118,16,500
GENE.2635,chr9,1131074,1132135,-,1062,4428,4422,4425,4356,4184,504,1680,504,4184
GENE.2636,chr9;chr9;chr9;chr9,1135545;1135908;1136115;1136336,1135622;1136011;1136188;1136391,+;+;+;+,312,9,13,10,12,16,0,7,0,16
GENE.2637,chr9;chr9;chr9;chr9,1135545;1135908;1136115;1136336,1135562;1136011;1136188;1136391,+;+;+;+,252,8,12,9,11,14,0,6,0,14
GENE.2638,chr9,1136966,1138183,-,1218,0,1,5,0,37,0,23,0,37
GENE.2639,chr9;chr9;chr9,1139940;1140586;1142274,1140397;1142068;1142387,-;-;-,2055,214,233,221,202,266,15,74,15,266
GENE.264,chr2;chr2,57344;58368,58228;58421,-;-,939,729,775,801,660,617,42,174,38,616
GENE.2640,chr9;chr9;chr9;chr9;chr9;chr9,1143184;1143430;1143638;1143841;1144088;1144358,1143239;1143480;1143748;1143915;1144266;1144479,+;+;+;+;+;+,594,486,485,473,443,390,28,135,28,390
GENE.2641,chr9,1145364,1146038,+,675,476,478,472,448,429,32,137,32,429
GENE.2642,chr9;chr9;chr9;chr9,1146239;1146531;1146750;1147114,1146391;1146648;1146859;1147197,-;-;-;-,465,143,145,147,148,151,8,79,8,151
GENE.2643,chr9,1148161,1148502,-,342,0,2,0,0,11,0,6,0,11
GENE.2644,chr9,1150648,1155153,-,4506,24304,24188,23964,23454,22116,2104,7862,2104,22106
GENE.2645,chr9,1156247,1158709,+,2463,21994,21823,21415,20662,18223,1497,6641,1497,18202
GENE.2646,chr9,1159876,1160475,+,600,0,2,4,0,26,0,0,0,26
GENE.2647,chr9;chr9,1161080;1161489,1161222;1162539,+;+,1194,5143,5136,5125,5047,4919,352,1687,352,4919
GENE.2648,chr9;chr9;chr9;chr9;chr9;chr9,1163570;1163795;1164656;1164891;1165127;1165331,1163599;1164457;1164756;1164936;1165167;1165475,+;+;+;+;+;+,1026,3957,3948,3954,3920,3586,439,1297,439,3586
GENE.2649,chr9;chr9;chr9;chr9;chr9;chr9,1167842;1168183;1168461;1168766;1169197;1169452,1167962;1168309;1168554;1169042;1169321;1169577,+;+;+;+;+;+,870,572,570,572,591,559,49,204,49,559
GENE.265,chr2,60107,60319,-,213,0,0,0,0,6,0,0,0,6
GENE.2650,chr9,1171339,1173483,+,2145,1684,1674,1681,1618,1521,84,474,84,1521
GENE.2651,chr9;chr9;chr9;chr9;chr9;chr9;chr9;chr9;chr9;chr9,1175203;1176497;1177040;1177213;1177452;1178074;1178664;1179434;1179678;1180692,1176391;1176913;1177102;1177281;1177958;1178394;1179251;1179544;1180478;1180762,+;+;+;+;+;+;+;+;+;+,4137,8050,8018,7996,7642,7382,558,2358,558,7381
GENE.2652,chr9;chr9;chr9,1180983;1181305;1181517,1181048;1181388;1181996,-;-;-,630,0,0,2,0,15,0,2,0,15
GENE.2653,chr9;chr9,1182687;1183482,1183291;1183695,-;-,819,0,1,6,0,26,0,0,0,26
GENE.2654,chr9,1185107,1186159,-,1053,808,811,808,742,716,42,214,42,716
GENE.2655,chr9,1186606,1186902,-,297,0,0,1,0,8,0,2,0,8
GENE.2656,chr9;chr9;chr9;chr9;chr9;chr9,1187663;1188035;1188243;1188414;1188590;1188785,1187855;1188109;1188294;1188491;1188701;1188850,+;+;+;+;+;+,576,100,99,104,94,89,3,31,3,89
GENE.2657,chr9,1189646,1191322,+,1677,2228,2199,2174,1858,1713,51,598,51,1713
GENE.2658,chr9,1191787,1195239,-,3453,9712,9729,9464,10090,8159,525,2567,525,8134
GENE.2659,chr9;chr9;chr9;chr9;chr9,1195693;1196110;1196841;1197321;1198174,1195924;1196626;1197016;1198026;1198462,-;-;-;-;-,1920,1580,1579,1571,1482,1418,107,469,107,1418
GENE.266,chr2;chr2,63157;63360,63210;64376,+;+,1071,4546,4489,4378,3786,3308,85,653,85,3308
GENE.2660,chr9,1201812,1206974,+,5163,10512,10512,10452,9784,9832,715,3141,715,9828
GENE.2661,chr9;chr9;chr9;chr9;chr9;chr9;chr9;chr9,1207974;1210033;1210202;1210408;1210617;1210892;1211255;1211602,1209895;1210106;1210314;1210483;1210725;1211084;1211413;1211703,+;+;+;+;+;+;+;+,2748,10538,10495,10329,10387,9019,746,3171,746,8993
GENE.2662,chr9;chr9;chr9;chr9;chr9;chr9;chr9;chr9,1207974;1210033;1210202;1210408;1210617;1210892;1211255;1211606,1209895;1210106;1210314;1210483;1210725;1211084;1211417;1211703,+;+;+;+;+;+;+;+,2748,10538,10495,10329,10387,9019,746,3171,746,8993
GENE.2663,chr9;chr9,1212169;1212458,1212208;1216500,-;-,4083,30972,30800,30686,29210,26742,2098,9380,2098,26740
GENE.2664,chr9;chr9;chr9;chr9,1218393;1218989;1219264;1220876,1218701;1219050;1220597;1221000,-;-;-;-,1830,2762,2747,2751,2757,2630,336,1127,336,2630
GENE.2665,chr9;chr9;chr9,1221987;1223173;1223496,1223048;1223391;1223606,+;+;+,1392,4218,4196,4158,4082,3949,392,1546,392,3947
GENE.2666,chr9;chr9;chr9,1225556;1225824;1239486,1225694;1239301;1239575,+;+;+,13707,29786,29788,29310,27218,24590,1719,8309,1719,24566
GENE.2667,chr9;chr9,1247268;1247511,1247416;1247940,-;-,579,354,352,359,346,385,18,97,18,385
GENE.2668,chr9,1248866,1251601,-,2736,9950,9882,9784,9120,8566,676,2690,676,8561
GENE.2669,chr9,1254815,1257292,+,2478,0,46,68,0,66,0,81,0,61
GENE.267,chr2;chr2,66529;66697,66597;67545,+;+,918,1604,1603,1598,1554,1484,175,518,175,1484
GENE.2670,chr9,1258549,1259238,+,690,60,63,63,66,67,5,18,5,67
GENE.2671,chr9,1261027,1261944,+,918,2830,2829,2834,2952,2807,192,985,192,2807
GENE.2672,chr9;chr9;chr9;chr9,1263347;1263509;1263802;1264739,1263364;1263587;1264545;1264830,+;+;+;+,933,1113,1121,1114,1139,1135,117,511,117,1135
GENE.2673,chr9;chr9;chr9,1264999;1265435;1265793,1265304;1265565;1266015,-;-;-,660,1017,1018,1010,1106,904,148,452,148,904
GENE.2674,chr9;chr9,1268277;1268759,1268375;1269415,+;+,756,2295,2275,2259,2106,1759,88,514,88,1759
GENE.2675,chr9;chr9;chr9,1270155;1270711;1272327,1270521;1272161;1272656,+;+;+,2148,11297,11527,11000,11139,9919,993,3564,993,9903
GENE.2676,chr9,1273082,1273930,-,849,3192,3185,3167,3164,2779,276,951,276,2779
GENE.2677,chr9;chr9;chr9;chr9,1275268;1275545;1275757;1276154,1275324;1275638;1276066;1276484,-;-;-;-,792,112,112,119,105,135,13,45,13,135
GENE.2678,chr9;chr9;chr9;chr9;chr9,1278007;1278260;1278399;1278597;1278757,1278056;1278299;1278438;1278635;1278896,+;+;+;+;+,309,41,40,37,39,50,3,18,3,50
GENE.2679,chr9;chr9;chr9;chr9;chr9,1279219;1279428;1279596;1283143;1283816,1279265;1279484;1282856;1283538;1283879,-;-;-;-;-,3825,9618,9532,9461,9072,8040,524,2386,524,8037
GENE.268,chr2;chr2,69088;69370,69156;69771,+;+,471,0,1,1,0,9,0,0,0,9
GENE.2680,chr9;chr9;chr9;chr9,1287008;1287431;1287680;1288314,1287091;1287544;1287938;1288372,+;+;+;+,516,0,0,3,0,21,0,0,0,21
GENE.2681,chr9,1289315,1291027,-,1713,5610,5590,5550,4938,4526,282,1447,282,4526
GENE.2682,chr9;chr9,1292117;1293248,1292935;1293643,-;-,1215,642,643,647,617,640,55,231,55,640
GENE.2683,chr9;chr9;chr9;chr9;chr9;chr9;chr9;chr9,1293832;1294006;1294183;1294683;1294990;1295320;1296159;1296478,1293867;1294055;1294420;1294776;1295189;1295990;1296364;1296644,-;-;-;-;-;-;-;-,1662,4409,4388,4309,4028,3500,234,1619,234,3500
GENE.2684,chr9;chr9,1297285;1297611,1297399;1298239,-;-,744,774,764,771,725,654,27,163,27,654
GENE.2685,chr9,1298865,1302575,-,3711,5352,5972,5091,5060,4672,331,1404,305,4364
GENE.2686,chr9;chr9;chr9,1303390;1303673;1304180,1303506;1303974;1307789,-;-;-,4029,2355,2355,2344,2209,2139,155,762,155,2139
GENE.2687,chr9,1309467,1309943,-,477,154,153,152,148,137,0,44,0,137
GENE.2688,chr9,1311440,1313725,+,2286,724,724,727,712,762,68,272,68,760
GENE.2689,chr9;chr9;chr9;chr9,1314552;1315799;1316006;1316352,1315605;1315882;1316099;1317597,+;+;+;+,2478,3321,3276,3210,2914,2641,190,923,190,2641
GENE.269,chr2;chr2,73441;74286,74094;74396,-;-,765,204,204,205,206,199,9,83,9,199
GENE.2690,chr9;chr9;chr9;chr9;chr9;chr9;chr9;chr9,1317827;1318028;1318258;1318503;1318719;1318936;1319129;1319392,1317835;1318093;1318356;1318618;1318755;1319012;1319250;1319468,-;-;-;-;-;-;-;-,603,138,136,138,150,131,8,69,8,131
GENE.2691,chr9,1320345,1323293,+,2949,5532,5512,5484,5524,5081,451,1692,451,5081
GENE.2692,chr9,1323893,1324699,+,807,1482,1480,1476,1600,1389,89,531,89,1389
GENE.2693,chr9,1325248,1329786,-,4539,948,953,948,864,977,62,356,62,968
GENE.2694,chr9,1331349,1332803,-,1455,1056,1050,1031,852,857,32,236,32,857
GENE.2695,chr9;chr9,1334115;1334426,1334300;1334794,-;-,555,1006,995,973,787,638,25,245,25,638
GENE.2696,chr9,1335740,1337947,+,2208,1818,1800,1783,1728,1491,115,485,115,1490
GENE.2697,chr9;chr9;chr9;chr9,1338175;1338916;1339078;1339263,1338765;1338962;1339159;1339295,-;-;-;-,753,0,7,23,0,20,0,1,0,20
GENE.2698,chr9,1340065,1341993,-,1929,3712,3700,3650,3192,2917,196,900,196,2917
GENE.2699,chr9,1343385,1346555,+,3171,882,875,879,764,740,43,285,43,740
GENE.27,chrM,5026,5201,-,176,0,0,0,0,0,0,0,0,0
GENE.270,chr2;chr2,77251;78605,78504;78808,-;-,1458,8678,8658,8635,8502,7940,496,1977,496,7940
GENE.2700,chr9,1346858,1347295,-,438,1088,1053,1014,502,377,8,79,8,377
GENE.2701,chr9,1348022,1348459,+,438,252,251,251,200,179,9,68,9,179
GENE.2702,chr9,1349790,1350392,+,603,184,184,179,182,160,10,39,10,160
GENE.2703,chr9;chr9,1350836;1351921,1351534;1351929,-;-,708,0,0,3,0,18,0,0,0,18
GENE.2704,chr9;chr9;chr9,1354581;1354848;1355222,1354664;1355056;1355495,+;+;+,567,300,295,287,268,274,10,45,10,274
GENE.2705,chr9;chr9;chr9,1357411;1357618;1357814,1357506;1357668;1359262,+;+;+,1596,0,10,2,0,46,0,19,0,46
GENE.2706,chr9;chr9;chr9;chr9;chr9,1361935;1362246;1362644;1362966;1363450,1362061;1362403;1362828;1363125;1363848,+;+;+;+;+,1029,0,0,1,0,27,0,1,0,27
GENE.2707,chr9;chr9,1364256;1364916,1364791;1365999,-;-,1620,2500,2496,2496,2458,2390,205,819,205,2390
GENE.2708,chr9,1366569,1367150,-,582,0,1,0,0,20,0,1,0,20
GENE.2709,chr9,1367396,1367614,-,219,0,0,0,0,2,0,0,0,2
GENE.271,chr2;chr2,81291;84073,83900;84165,-;-,2703,0,11,35,0,53,1,3,1,53
GENE.2710,chr9,1368594,1372037,-,3444,2872,2850,2818,2676,2491,166,837,166,2486
GENE.2711,chr9;chr9;chr9;chr9,1373018;1373179;1373392;1373607,1373078;1373248;1373510;1373722,+;+;+;+,366,0,0,0,0,3,0,2,0,3
GENE.2712,chr9,1377953,1379752,+,1800,0,0,0,0,44,0,0,0,44
GENE.2713,chr9;chr9;chr9,1400800;1401194;1402001,1401000;1401879;1402052,+;+;+,939,1439,1429,1416,1370,1343,130,459,130,1340
GENE.2714,chr9;chr9,1405192;1406156,1405863;1407022,+;+,1539,1134,1132,1122,1117,1141,106,385,106,1141
GENE.2715,chr9;chr9,1409199;1409481,1409294;1410008,+;+,624,1217,1215,1207,1219,1114,36,291,36,1114
GENE.2716,chr9;chr9;chr9;chr9;chr9;chr9;chr9;chr9;chr9,1413840;1414965;1415676;1415874;1416093;1416373;1416922;1417492;1418471,1414614;1415567;1415729;1415936;1416224;1416558;1417080;1418258;1419754,+;+;+;+;+;+;+;+;+,4023,0,2,4,0,121,0,6,0,121
GENE.2717,chr9;chr9,1420483;1422619,1422435;1422807,-;-,2142,6419,7266,7068,10537,7291,267,1024,267,7283
GENE.2718,chr9;chr9,1427642;1427831,1427734;1428022,-;-,285,0,0,0,0,10,0,0,0,10
GENE.2719,chr9,1430607,1431146,-,540,0,0,0,0,14,0,14,0,14
GENE.272,chr2;chr2;chr2;chr2,86832;87675;88385;88681,87400;88110;88534;88791,-;-;-;-,1266,3584,3574,3550,3288,3031,192,947,192,3031
GENE.2720,chr9;chr9,1433332;1434035,1433836;1434108,-;-,579,284,276,271,234,208,11,61,11,208
GENE.2721,chr9;chr9,1436687;1437905,1437590;1437981,-;-,981,952,941,933,852,807,49,280,49,807
GENE.2722,chr9;chr9,1440783;1441090,1440856;1441660,+;+,645,244,244,244,230,211,10,62,10,211
GENE.2723,chr9;chr9,1443854;1444758,1444543;1444847,-;-,780,5033,5004,4980,5037,4087,112,734,112,4085
GENE.2724,chr9;chr9,1446929;1447243,1447117;1447947,+;+,894,0,0,0,0,27,0,1,0,27
GENE.2725,chr9,1454422,1455720,+,1299,64,63,63,56,75,2,12,2,75
GENE.2726,chr9;chr9,1458392;1458816,1458496;1459862,+;+,1152,769,768,767,663,642,34,216,34,642
GENE.2727,chr9;chr9,1462400;1462757,1462588;1463659,+;+,1092,1342,1341,1320,1262,1222,49,289,49,1222
GENE.2728,chr9;chr9,1465904;1466051,1465972;1467055,+;+,1074,4414,4380,4363,4358,3786,211,1386,211,3786
GENE.2729,chr9;chr9,1468546;1469349,1469253;1469417,-;-,777,584,584,583,614,566,72,231,72,564
GENE.273,chr2;chr2,91318;98728,98532;98838,-;-,7326,0,5,4,0,80,0,12,0,80
GENE.2730,chr9,1471851,1472924,+,1074,664,662,647,590,585,41,178,41,585
GENE.2731,chr9;chr9,1474431;1474646,1474487;1475704,+;+,1116,895,901,881,845,775,73,294,73,775
GENE.2732,chr9;chr9,1477526;1477729,1477597;1478736,+;+,1080,0,8,2,0,25,0,15,0,25
GENE.2733,chr9;chr9,1480947;1482158,1482002;1482211,-;-,1110,0,2,6,3,46,0,30,0,46
GENE.2734,chr9;chr9,1486070;1488952,1488781;1490187,+;+,3948,3094,5243,4182,6112,4697,378,509,378,4697
GENE.2735,chr9;chr9,1492373;1492659,1492426;1493708,+;+,1104,2594,2594,2570,2328,2168,78,428,78,2168
GENE.2736,chr9;chr9,1495579;1497949,1496985;1503336,-;-,6795,6965,7000,6891,6484,6075,448,1810,448,6075
GENE.2737,chr10;chr10,28490;34842,33892;36164,+;+,6726,0,111,94,170,180,24,169,24,178
GENE.2738,chr10;chr10,38050;39342,39111;39395,-;-,1116,0,11,6,0,16,1,44,1,16
GENE.2739,chr10;chr10,41773;42892,42738;42963,-;-,1038,0,7,0,0,13,0,35,0,13
GENE.274,chr2;chr2,103385;105686,105238;105796,-;-,1965,0,0,4,0,42,0,12,0,42
GENE.2740,chr10;chr10,44816;46080,45877;46133,-;-,1116,0,0,1,0,14,0,10,0,14
GENE.2741,chr10;chr10,48052;49331,49107;49384,-;-,1110,0,2,4,0,9,10,55,10,9
GENE.2742,chr10;chr10,51349;52531,52365;52599,-;-,1086,0,4,1,0,18,0,64,0,18
GENE.2743,chr10;chr10;chr10;chr10,54542;54795;55126;55367,54793;55124;55278;55498,-;-;-;-,867,0,0,0,0,21,0,5,0,19
GENE.2744,chr10;chr10,57968;58150,58015;58980,+;+,879,1135,1135,1117,1083,1064,53,338,53,1064
GENE.2745,chr10;chr10;chr10;chr10,60024;60152;60222;61265,60149;60220;61263;61365,+;+;+;+,1338,752,752,753,734,700,63,278,63,700
GENE.2746,chr10;chr10,63152;63409,63223;64032,+;+,696,258,257,255,226,209,9,67,9,209
GENE.2747,chr10;chr10,67807;68728,68514;68961,-;-,942,2654,2627,2527,2372,1412,33,360,33,1409
GENE.2748,chr10;chr10,67807;68658,68514;68753,-;-,804,2460,2423,2328,2209,1284,35,346,35,1281
GENE.2749,chr10,70547,70819,-,273,0,0,0,0,10,0,0,0,10
GENE.275,chr2;chr2,109564;110392,110283;110580,-;-,909,0,0,0,0,16,0,0,0,16
GENE.2750,chr10;chr10,72934;73717,73569;73917,-;-,837,598,597,597,462,409,24,178,24,409
GENE.2751,chr10;chr10,74661;77486,77339;77572,-;-,2766,0,1,1,0,71,0,11,0,71
GENE.2752,chr10,81416,81739,-,324,0,0,0,0,30,0,4,0,30
GENE.2753,chr10;chr10,86538;88815,88634;89009,-;-,2292,0,4,1,0,61,0,1,0,61
GENE.2754,chr10;chr10,92573;93470,93316;93526,-;-,801,1829,1826,1818,1777,1527,101,518,101,1527
GENE.2755,chr10;chr10,96113;96933,96796;97031,-;-,783,0,0,0,0,38,0,6,0,38
GENE.2756,chr10;chr10,99379;100155,100002;100361,-;-,831,605,600,561,443,394,9,86,9,394
GENE.2757,chr10;chr10,103118;104399,104242;104683,-;-,1410,0,0,0,0,21,0,1,0,21
GENE.2758,chr10;chr10,106653;108546,108431;108662,-;-,1896,0,0,0,0,52,0,0,0,52
GENE.2759,chr10;chr10,112929;113265,113117;116015,+;+,2940,17866,17800,17575,16582,15046,1117,5387,1117,15040
GENE.276,chr2;chr2,112547;113452,113188;113682,-;-,873,1545,1534,1533,1424,1302,154,562,154,1302
GENE.2760,chr10,117242,118534,+,1293,3538,3536,3537,3536,3607,552,1518,552,3607
GENE.2761,chr10;chr10;chr10;chr10;chr10;chr10;chr10,121115;121426;121656;122254;122500;122700;123267,121169;121543;121744;122331;122587;122993;123291,+;+;+;+;+;+;+,747,124,124,124,130,175,17,43,17,175
GENE.2762,chr10;chr10;chr10;chr10;chr10;chr10;chr10,121115;121426;121656;122254;122506;122700;123267,121169;121543;121744;122331;122587;122993;123291,+;+;+;+;+;+;+,741,124,124,124,130,175,17,43,17,175
GENE.2763,chr10;chr10;chr10,123770;124064;124458,123818;124153;124882,-;-;-,564,71,72,71,75,83,10,34,10,83
GENE.2764,chr10,125939,127600,+,1662,0,5,20,0,42,0,17,0,40
GENE.2765,chr10,129276,132110,+,2835,5724,5603,5584,5660,4790,341,1826,341,4773
GENE.2766,chr10,132995,137272,+,4278,0,36,23,0,111,0,277,0,105
GENE.2767,chr10;chr10;chr10;chr10;chr10,138765;139133;139405;139578;139793,138889;139213;139435;139663;139853,+;+;+;+;+,384,63,63,59,61,75,4,34,4,75
GENE.2768,chr10,142419,146237,+,3819,9920,9870,9859,10150,8722,703,3237,703,8707
GENE.2769,chr10;chr10;chr10;chr10,147639;147739;147895;148177,147647;147792;148053;148239,+;+;+;+,285,3,4,3,3,11,0,7,0,11
GENE.277,chr2;chr2,117225;117653,117445;118235,+;+,804,0,0,1,0,24,1,0,1,24
GENE.2770,chr10;chr10,149342;149835,149737;150038,+;+,600,114,114,112,116,120,8,35,8,120
GENE.2771,chr10,150416,150874,-,459,602,601,599,582,579,48,153,48,579
GENE.2772,chr10,152364,158516,-,6153,0,12,12,0,148,0,78,0,147
GENE.2773,chr10;chr10,160316;160863,160572;160962,-;-,357,0,0,0,0,9,0,0,0,9
GENE.2774,chr10,164945,165790,+,846,66,66,66,60,69,3,18,3,69
GENE.2775,chr10,166743,170669,-,3927,0,2,9,0,79,0,63,0,78
GENE.2776,chr10,172723,176430,-,3708,0,1,14,0,87,1,18,1,86
GENE.2777,chr10;chr10,177921;178507,178321;178870,+;+,765,286,287,289,302,270,34,121,34,270
GENE.2778,chr10;chr10,179344;180215,179940;180226,-;-,609,797,797,798,801,827,60,258,60,827
GENE.2779,chr10;chr10;chr10;chr10;chr10;chr10;chr10;chr10;chr10;chr10,182244;182385;182791;183149;183738;184174;184396;184786;186784;186973,182289;182552;183027;183530;184041;184309;184641;186639;186855;187100,+;+;+;+;+;+;+;+;+;+,3573,0,16,21,0,100,0,400,0,97
GENE.278,chr2,120524,124102,+,3579,15998,16191,15890,17878,15775,1000,4307,1000,15711
GENE.2780,chr10;chr10,187669;194617,194372;196954,-;-,9042,56382,55984,55478,50150,46062,3890,15756,3890,46059
GENE.2781,chr10,199452,202844,-,3393,1650,1657,1655,1546,1518,109,678,109,1512
GENE.2782,chr10,207000,209642,-,2643,5552,5515,5396,4682,4328,317,1448,317,4328
GENE.2783,chr10,213986,214594,-,609,196,196,197,188,216,18,66,18,216
GENE.2784,chr10;chr10;chr10;chr10;chr10;chr10,215717;216128;218818;219060;219273;219633,215805;218672;218975;219164;219488;219759,+;+;+;+;+;+,3240,0,5,22,0,75,0,46,0,74
GENE.2785,chr10;chr10;chr10;chr10,220018;220537;220762;221221,220350;220637;220998;221353,-;-;-;-,804,240,243,249,228,238,25,79,25,238
GENE.2786,chr10;chr10;chr10,221945;222281;222931,222152;222595;223430,+;+;+,1023,0,4,4,0,24,0,58,0,24
GENE.2787,chr10,224248,225207,+,960,1002,1002,1001,1008,1025,127,395,127,1025
GENE.2788,chr10,225456,227705,-,2250,0,17,48,0,98,0,67,0,98
GENE.2789,chr10,228798,232193,+,3396,31034,30712,30397,29332,26074,2158,8441,2158,26040
GENE.279,chr2,127994,128314,+,321,0,0,1,0,1,0,0,0,1
GENE.2790,chr10;chr10;chr10,232422;232563;232750,232470;232630;232818,-;-;-,186,0,0,0,0,4,0,0,0,4
GENE.2791,chr10;chr10,233285;234283,234125;234473,-;-,1032,12,13,14,14,45,2,8,2,45
GENE.2792,chr10;chr10,234795;235736,235585;235745,-;-,801,1962,1944,1924,1686,1427,34,345,34,1427
GENE.2793,chr10,237506,242245,-,4740,11382,11331,11250,10062,9075,519,2741,519,9063
GENE.2794,chr10,244145,246535,-,2391,0,8,14,0,56,0,128,0,55
GENE.2795,chr10;chr10,247495;249417,249289;249940,-;-,2319,0,7,21,0,56,0,9,0,56
GENE.2796,chr10;chr10,251579;252360,252128;252490,+;+,681,0,0,1,0,12,0,18,0,12
GENE.2797,chr10,253704,255611,+,1908,240,240,241,198,218,17,67,17,218
GENE.2798,chr10;chr10,256117;256572,256269;257699,-;-,1281,704,702,697,618,603,39,202,39,603
GENE.2799,chr10;chr10;chr10;chr10;chr10,259060;259361;259719;259873;260208,259130;259520;259779;260020;260304,-;-;-;-;-,537,0,0,1,0,23,0,2,0,23
GENE.28,chrM,5202,5283,-,82,0,0,0,0,0,0,0,0,0
GENE.280,chr2;chr2;chr2,129342;129605;129804,129521;129690;133563,-;-;-,4026,16258,16369,15924,15768,14107,1163,5003,1094,13976
GENE.2800,chr10;chr10;chr10,262150;262465;262947,262259;262627;262997,-;-;-,324,0,0,0,0,5,0,0,0,5
GENE.2801,chr10;chr10;chr10;chr10;chr10;chr10,265750;265922;266083;266221;266391;266695,265803;265948;266126;266290;266485;266836,-;-;-;-;-;-,432,519,514,505,428,376,8,120,8,376
GENE.2802,chr10,267219,269831,-,2613,1758,1749,1724,1582,1566,122,459,122,1566
GENE.2803,chr10,270535,271497,+,963,0,1,1,0,14,0,2,0,14
GENE.2804,chr10,272243,272824,-,582,1092,1090,1091,1040,1023,33,280,33,1023
GENE.2805,chr10;chr10,274091;274383,274198;275426,+;+,1152,1675,1687,1675,1855,1732,157,608,157,1732
GENE.2806,chr10;chr10;chr10;chr10,277621;278072;278353;278663,277638;278209;278431;279168,+;+;+;+,741,195,195,195,185,210,28,70,28,210
GENE.2807,chr10;chr10;chr10;chr10;chr10;chr10;chr10;chr10,281459;281891;282048;282251;282348;282533;282785;283012,281666;281950;282121;282252;282437;282573;282876;283104,+;+;+;+;+;+;+;+,660,0,1,0,0,26,0,7,0,26
GENE.2808,chr10;chr10;chr10;chr10;chr10;chr10;chr10;chr10,284577;284882;285093;285266;285406;285621;285816;286083,284653;284954;285149;285330;285506;285685;285940;286302,+;+;+;+;+;+;+;+,783,850,836,810,757,669,42,201,42,669
GENE.2809,chr10;chr10;chr10;chr10,286522;286841;286966;287380,286659;286892;287032;287473,-;-;-;-,351,67,64,63,63,71,8,25,8,71
GENE.281,chr2;chr2;chr2,129342;129605;129804,129521;129687;133563,-;-;-,4023,16258,16369,15924,15768,14107,1163,5003,1094,13976
GENE.2810,chr10;chr10;chr10;chr10;chr10,288383;289170;290198;290443;290738,289000;290017;290310;290556;290826,-;-;-;-;-,1782,0,1,6,0,46,0,0,0,46
GENE.2811,chr10;chr10,293850;295223,295013;295999,+;+,1941,0,0,7,0,65,0,5,0,65
GENE.2812,chr10,296906,297565,+,660,1282,1284,1277,1300,1221,128,404,128,1221
GENE.2813,chr10,298361,298687,+,327,0,3,0,0,23,0,6,0,23
GENE.2814,chr10,299280,299609,+,330,0,0,0,0,14,0,1,0,14
GENE.2815,chr10,301126,305919,-,4794,0,51,253,0,162,0,263,0,151
GENE.2816,chr10,311397,314516,-,3120,4370,4357,4309,4198,3709,351,1603,351,3709
GENE.2817,chr10,316649,318280,+,1632,0,2,7,0,51,1,36,1,51
GENE.2818,chr10,321011,328150,+,7140,4842,4837,4801,4522,4233,243,1419,243,4218
GENE.2819,chr10,331246,342807,+,11562,115442,114756,113254,107978,99585,7896,32546,7896,99429
GENE.282,chr2,135523,137139,+,1617,2276,2265,2257,2152,1968,144,585,144,1968
GENE.2820,chr10,343733,344899,-,1167,1336,1332,1322,1038,1009,45,269,45,1009
GENE.2821,chr10,346407,346514,+,108,0,0,3,0,7,0,0,0,7
GENE.2822,chr10;chr10,347206;348622,348506;348667,-;-,1347,0,1,8,0,59,1,29,1,59
GENE.2823,chr10,351703,355593,+,3891,0,8,22,0,141,2,114,2,137
GENE.2824,chr10,357345,358463,+,1119,646,648,656,628,627,29,338,29,626
GENE.2825,chr10;chr10;chr10,360625;361082;362385,360913;362034;362480,-;-;-,1338,3172,3164,3153,3049,3028,188,1049,188,3028
GENE.2826,chr10,365737,367146,-,1410,1010,1007,1010,948,1034,62,258,62,1034
GENE.2827,chr10;chr10,369199;370103,369804;370225,-;-,729,206,207,203,192,206,14,55,14,206
GENE.2828,chr10,371293,372117,+,825,0,1,1,0,20,0,0,0,20
GENE.2829,chr10,372519,374072,+,1554,3700,3674,3627,3522,3161,264,955,264,3159
GENE.283,chr2;chr2;chr2;chr2,137557;137684;138050;138353,137575;137909;138130;138389,-;-;-;-,363,30,29,30,30,40,5,12,5,40
GENE.2830,chr10,374864,377611,+,2748,0,21,20,0,119,0,141,0,119
GENE.2831,chr10,377906,379708,-,1803,3910,3842,3847,3198,2844,85,799,85,2844
GENE.2832,chr10,381361,382449,+,1089,652,651,661,644,685,46,195,46,685
GENE.2833,chr10;chr10;chr10;chr10,383044;383398;384316;384680,383135;384214;384420;384793,-;-;-;-,1128,165,167,164,158,166,11,57,11,166
GENE.2834,chr10,386976,388442,+,1467,5944,5893,5581,5166,4630,206,1741,206,4628
GENE.2835,chr10,389504,391165,-,1662,1732,1725,1716,1494,1432,60,338,60,1432
GENE.2836,chr10;chr10,393765;394044,393852;397993,-;-,4038,1557,1583,1578,1561,1496,88,420,88,1476
GENE.2837,chr10;chr10,399207;401680,401447;401778,+;+,2340,1868,1860,1852,1820,1739,152,775,152,1739
GENE.2838,chr10;chr10,401876;402376,402181;402711,-;-,642,1085,1083,1085,1281,1092,37,369,37,1092
GENE.2839,chr10,403679,404575,+,897,0,0,5,0,20,0,2,0,20
GENE.284,chr2;chr2;chr2;chr2;chr2;chr2;chr2;chr2;chr2;chr2,138927;139121;139373;139515;139674;139993;140297;140534;140719;141119,138986;139172;139415;139582;139776;140153;140344;140595;140911;141192,+;+;+;+;+;+;+;+;+;+,864,645,643,636,645,650,75,240,75,650
GENE.2840,chr10,405017,410536,-,5520,0,3,16,0,177,0,207,0,176
GENE.2841,chr10;chr10;chr10,414732;415103;415306,415003;415164;415328,+;+;+,357,8,7,7,11,27,0,10,0,27
GENE.2842,chr10;chr10;chr10;chr10;chr10;chr10,415404;416027;416258;416433;416654;417282,415496;416136;416347;416555;417142;417471,-;-;-;-;-;-,1095,0,1,0,0,26,0,29,0,26
GENE.2843,chr10;chr10;chr10;chr10;chr10;chr10;chr10;chr10,417705;417896;418096;418371;418686;418932;419060;419293,417713;417932;418163;418568;418733;418982;419132;419318,+;+;+;+;+;+;+;+,510,1162,1148,1125,801,717,16,175,16,717
GENE.2844,chr10;chr10,420185;420464,420260;421056,-;-,669,0,1,0,0,25,0,0,0,25
GENE.2845,chr10;chr10;chr10;chr10;chr10;chr10;chr10,422961;423231;423418;423637;423876;424104;424303,423082;423282;423478;423758;424021;424209;424365,+;+;+;+;+;+;+,672,216,219,202,178,125,1,56,1,125
GENE.2846,chr10,424866,425765,-,900,200,199,200,182,224,5,40,5,224
GENE.2847,chr10;chr10;chr10;chr10;chr10,426601;426797;427741;427938;428084,426666;427572;427836;427986;428146,+;+;+;+;+,1050,2019,2015,1995,1901,1772,96,473,96,1772
GENE.2848,chr10;chr10;chr10;chr10,429204;429588;429773;430068,429416;429662;429846;430140,-;-;-;-,435,481,480,478,456,417,48,173,48,417
GENE.2849,chr10;chr10,432505;432854,432739;435570,-;-,2952,0,3,5,0,74,0,58,0,74
GENE.285,chr2,141625,147564,-,5940,8664,8589,8505,7558,6904,557,2368,557,6895
GENE.2850,chr10;chr10;chr10;chr10,436958;437190;437407;437625,437086;437246;437481;437708,+;+;+;+,345,45,45,44,50,53,11,23,11,53
GENE.2851,chr10;chr10;chr10;chr10,436958;437194;437407;437625,437090;437246;437481;437708,+;+;+;+,345,46,47,45,51,54,11,24,11,54
GENE.2852,chr10,438446,440380,+,1935,7324,7303,7266,7102,6590,567,2395,567,6590
GENE.2853,chr10,441140,441955,-,816,1222,1205,1183,938,816,30,154,30,816
GENE.2854,chr10,443874,444401,-,528,342,342,342,344,374,22,105,22,374
GENE.2855,chr10,445164,447125,-,1962,2012,1996,1963,1742,1603,131,429,131,1603
GENE.2856,chr10,449154,450323,+,1170,2272,2263,2249,2102,2119,149,749,149,2119
GENE.2857,chr10,455398,458817,+,3420,0,14,34,0,121,0,146,0,116
GENE.2858,chr10;chr10;chr10;chr10;chr10;chr10,460335;460589;460821;461100;461374;461713,460460;460728;460902;461261;461500;461993,-;-;-;-;-;-,918,165,162,161,137,129,14,40,14,129
GENE.2859,chr10;chr10;chr10;chr10;chr10;chr10;chr10;chr10;chr10,463493;464832;465113;465326;465588;465741;465886;466127;466424,464656;464973;465173;465436;465649;465778;465969;466227;467006,+;+;+;+;+;+;+;+;+,2346,895,889,885,845,801,33,264,33,801
GENE.286,chr2,149524,156981,-,7458,0,4,44,0,158,1,27,1,157
GENE.2860,chr10;chr10,468071;469485,469182;469536,-;-,1164,2700,2689,2692,2598,2558,255,741,255,2558
GENE.2861,chr10;chr10,470979;471700,471548;471933,+;+,804,0,2,1,0,30,0,27,0,30
GENE.2862,chr10;chr10,472546;473179,472916;473386,-;-,579,778,777,772,758,716,57,230,57,716
GENE.2863,chr10;chr10;chr10,475327;476246;476547,475911;476339;476563,-;-;-,696,0,0,0,0,33,0,3,0,33
GENE.2864,chr10,478758,480539,-,1782,0,0,0,0,72,1,2,1,72
GENE.2865,chr10,482527,484194,-,1668,0,2,2,0,51,0,0,0,51
GENE.2866,chr10;chr10;chr10,487252;491405;491735,491272;491606;491828,+;+;+,4317,7975,7917,7784,7160,6475,562,2365,562,6466
GENE.2867,chr10,492550,495144,+,2595,0,2,10,0,80,0,58,0,80
GENE.2868,chr10;chr10,496331;497444,497343;497573,-;-,1143,584,581,575,558,573,55,202,55,573
GENE.2869,chr10;chr10;chr10;chr10,500210;500455;500653;500900,500288;500521;500747;502221,+;+;+;+,1563,1876,1862,1850,1667,1404,89,457,89,1404
GENE.287,chr2,158137,159660,-,1524,0,1,6,0,32,0,0,0,32
GENE.2870,chr10;chr10,502634;504158,504061;506392,-;-,3663,0,1,12,0,166,0,95,0,166
GENE.2871,chr10,511084,514278,+,3195,7824,7785,7627,7044,6588,449,2435,449,6535
GENE.2872,chr10,515721,517607,-,1887,0,0,4,0,45,1,2,1,45
GENE.2873,chr10;chr10;chr10;chr10;chr10;chr10;chr10;chr10;chr10;chr10;chr10,518542;518673;518876;519474;519804;520046;520237;520624;520868;521072;521325,518570;518786;519356;519699;519868;520129;520419;520731;520942;521172;522252,-;-;-;-;-;-;-;-;-;-;-,2394,0,1,3,0,72,0,35,0,72
GENE.2874,chr10;chr10;chr10;chr10,526840;530911;531181;531358,530765;530989;531242;531448,+;+;+;+,4158,5536,5506,5479,4996,4603,360,1927,360,4601
GENE.2875,chr10,533109,539825,+,6717,33632,33458,33314,31444,29599,2570,10696,2570,29590
GENE.2876,chr10;chr10;chr10,540622;541108;541583,540854;541338;541694,+;+;+,576,76,75,75,70,98,5,39,5,98
GENE.2877,chr10;chr10;chr10;chr10;chr10,542359;542856;543069;544154;544777,542427;542943;544050;544472;544779,+;+;+;+;+,1461,0,5,6,0,42,0,30,0,42
GENE.2878,chr10,545679,548903,-,3225,0,2,25,0,89,0,133,0,87
GENE.2879,chr10;chr10;chr10;chr10;chr10;chr10;chr10,550839;551040;551224;551369;551573;551828;552221,550894;551106;551259;551433;551749;552110;552571,-;-;-;-;-;-;-,1035,2111,2107,2115,2147,2024,153,642,153,2024
GENE.288,chr2,160514,161242,+,729,288,286,288,282,291,29,110,29,291
GENE.2880,chr10,555160,559527,+,4368,29392,29302,29152,27834,26834,2168,7844,2168,26832
GENE.2881,chr10;chr10,560538;560924,560777;563353,+;+,2670,4348,4311,4290,4002,3817,341,1324,341,3817
GENE.2882,chr10;chr10,565805;572786,572669;573060,+;+,7140,0,18,39,0,270,1,167,1,270
GENE.2883,chr10,574129,575103,+,975,888,886,890,890,907,119,358,119,907
GENE.2884,chr10,576579,580478,+,3900,0,4,32,0,133,0,530,0,132
GENE.2885,chr10,581354,589090,-,7737,0,12,49,0,235,0,264,0,230
GENE.2886,chr10,595308,596222,+,915,0,0,4,0,27,0,0,0,27
GENE.2887,chr10;chr10;chr10;chr10;chr10;chr10;chr10;chr10;chr10;chr10;chr10,596497;596700;596888;597316;597477;597974;599048;599554;599819;600171;600361,596544;596757;597146;597391;597870;598889;599424;599604;600037;600224;600413,-;-;-;-;-;-;-;-;-;-;-,2505,0,0,5,0,78,0,27,0,78
GENE.2888,chr10,600970,607809,-,6840,20500,20381,20208,18646,17723,1385,6028,1385,17721
GENE.2889,chr10,611213,612199,+,987,3166,3156,3124,2838,2667,150,856,150,2667
GENE.289,chr2;chr2;chr2;chr2,162065;162207;162697;162897,162078;162374;162786;162900,-;-;-;-,276,2,2,2,2,8,0,2,0,8
GENE.2890,chr10,612685,613875,-,1191,0,0,1,0,33,0,2,0,33
GENE.2891,chr10;chr10;chr10,614872;616680;617523,616536;616834;617736,-;-;-,2034,6023,5982,5953,6391,5043,245,1489,245,5043
GENE.2892,chr10;chr10;chr10,614872;616680;617523,616536;616831;617736,-;-;-,2031,6023,5982,5953,6391,5043,245,1489,245,5043
GENE.2893,chr10;chr10,614872;616680,616536;616796,-;-,1782,5718,5671,5641,5954,4771,234,1346,234,4771
GENE.2894,chr10,618440,619993,+,1554,3438,3422,3412,3292,3241,213,917,213,3219
GENE.2895,chr10,621305,623626,+,2322,5480,5470,5451,5154,5046,503,2052,503,5042
GENE.2896,chr10,624048,625895,-,1848,0,4,17,0,54,0,48,0,54
GENE.2897,chr10;chr10,627044;628899,628644;629040,-;-,1743,4185,4178,4155,3960,3878,351,1324,351,3877
GENE.2898,chr10;chr10;chr10;chr10;chr10;chr10;chr10;chr10;chr10,629909;630201;630461;630636;630845;630998;631180;631554;631995,630064;630333;630528;630708;630918;631052;631400;631714;632061,-;-;-;-;-;-;-;-;-,1008,376,377,374,383,364,19,129,19,364
GENE.2899,chr10;chr10;chr10;chr10;chr10;chr10;chr10,630310;630636;630845;630998;631180;631554;631995,630333;630708;630918;631052;631400;631714;632061,-;-;-;-;-;-;-,675,319,315,313,325,295,18,102,18,295
GENE.29,chrM,5284,5340,-,57,0,0,0,0,0,0,0,0,0
GENE.290,chr2,164269,164340,+,72,0,0,0,0,1,0,0,0,1
GENE.2900,chr10;chr10;chr10;chr10;chr10,633682;633891;634049;634412;635194,633768;633923;634185;635069;635286,+;+;+;+;+,1008,1532,1525,1518,1370,1322,105,451,105,1322
GENE.2901,chr10;chr10,637138;637714,637180;639011,+;+,1341,0,0,1,0,57,0,0,0,57
GENE.2902,chr10,641390,642751,+,1362,32,33,41,30,56,1,14,1,56
GENE.2903,chr10,643558,644331,-,774,0,1,6,0,22,0,10,0,19
GENE.2904,chr10,646054,647736,+,1683,0,3,1,0,40,1,32,1,40
GENE.2905,chr10;chr10,650898;653379,653183;653567,-;-,2475,0,1,2,0,45,0,1,0,45
GENE.2906,chr10;chr10;chr10,656709;656997;658830,656789;658547;659027,-;-;-,1830,1918,1911,1890,1686,1656,93,550,93,1656
GENE.2907,chr10;chr10,661742;663998,663841;664201,-;-,2304,1036,1040,1041,976,996,85,417,85,996
GENE.2908,chr10;chr10,665658;666514,666407;666654,-;-,891,0,1,0,0,16,0,13,0,16
GENE.2909,chr10;chr10,669202;671650,671490;671853,-;-,2493,25190,25067,24847,23338,21429,1378,6350,1378,21415
GENE.291,chr2,166144,168051,+,1908,8066,8002,7957,7886,6869,363,2148,363,6869
GENE.2910,chr10;chr10,675293;676268,676087;676417,-;-,945,0,1,9,0,30,0,3,0,30
GENE.2911,chr10,682182,682508,-,327,0,0,1,0,11,0,0,0,11
GENE.2912,chr10,685578,688862,+,3285,0,2,2,0,115,0,14,0,113
GENE.2913,chr10,689888,690820,-,933,2144,2139,2128,1968,1963,116,542,116,1963
GENE.2914,chr10;chr10,692426;694153,693952;694218,+;+,1593,254,251,255,243,276,17,114,17,276
GENE.2915,chr10;chr10,694840;696676,696527;696709,-;-,1722,13512,13420,13344,13810,12138,580,3115,580,12132
GENE.2916,chr10,694840,696591,-,1752,13512,13420,13345,13810,12140,580,3115,580,12134
GENE.2917,chr10;chr10;chr10;chr10;chr10;chr10;chr10;chr10,697970;698221;698433;698668;698914;699188;699369;699761,698071;698301;698496;698811;699005;699264;699480;699823,-;-;-;-;-;-;-;-,735,654,653,649,622,611,29,215,29,611
GENE.2918,chr10;chr10;chr10,701746;702071;702294,701892;702199;702422,+;+;+,405,146,147,146,152,146,22,60,22,146
GENE.2919,chr10,705537,708452,+,2916,0,11,26,0,75,0,188,0,69
GENE.292,chr2;chr2,168682;168855,168719;170136,-;-,1320,5076,5816,5515,7542,7290,261,1754,261,6484
GENE.2920,chr10,709507,710826,+,1320,0,2,3,0,37,0,26,0,37
GENE.2921,chr10;chr10;chr10,711016;711151;711388,711039;711266;714658,-;-;-,3411,7930,7873,7833,7226,6663,372,2230,372,6644
GENE.2922,chr10;chr10,715878;716157,716000;717437,+;+,1404,1902,1893,1868,1592,1458,65,449,65,1458
GENE.2923,chr10,718454,720136,+,1683,514,514,524,516,482,46,200,46,481
GENE.2924,chr10,720551,721399,+,849,0,0,0,0,32,0,29,0,32
GENE.2925,chr10;chr10,721734;721919,721821;728331,-;-,6501,4078,4133,4038,3714,3510,245,1296,216,3459
GENE.2926,chr10,729809,732856,-,3048,10414,11647,11354,15188,13495,904,2722,904,13469
GENE.2927,chr10;chr10;chr10;chr10,734722;734886;735073;735286,734779;734934;735112;735738,+;+;+;+,600,0,3,0,0,18,0,23,0,18
GENE.2928,chr10;chr10;chr10;chr10;chr10,735921;736140;736396;736652;736798,736010;736217;736508;736690;736813,-;-;-;-;-,336,0,0,0,0,8,0,0,0,8
GENE.2929,chr10,737692,743406,-,5715,0,31,29,0,157,0,374,0,152
GENE.293,chr2;chr2;chr2;chr2;chr2;chr2;chr2;chr2;chr2;chr2;chr2;chr2,171563;171882;172168;172665;172872;173089;173359;173580;173848;174067;174232;174514,171721;171977;172532;172761;172910;173196;173430;173670;173959;174108;174280;174912,-;-;-;-;-;-;-;-;-;-;-;-,1629,2376,2365,2379,2299,2318,168,771,168,2318
GENE.2930,chr10,747028,748887,+,1860,0,3,8,0,52,0,250,0,51
GENE.2931,chr10;chr10,750215;752474,752149;752665,+;+,2127,0,3,5,0,71,0,14,0,71
GENE.2932,chr10,752760,754910,-,2151,0,3,1,0,74,0,63,0,73
GENE.2933,chr10;chr10,757795;764970,764823;765158,+;+,7218,0,5,18,0,214,1,299,1,210
GENE.2934,chr10,766168,771954,-,5787,0,12,36,0,175,0,479,0,171
GENE.2935,chr10,773531,774490,+,960,1038,1035,1027,996,904,78,378,78,904
GENE.2936,chr10;chr10;chr10,774929;780164;780361,779997;780256;780487,-;-;-,5289,0,17,24,0,139,0,436,0,137
GENE.2937,chr10;chr10,786503;786806,786626;787008,+;+,327,15,17,14,16,30,1,4,1,30
GENE.2938,chr10;chr10;chr10;chr10;chr10;chr10;chr10;chr10;chr10;chr10;chr10;chr10;chr10;chr10;chr10;chr10;chr10;chr10;chr10;chr10;chr10;chr10;chr10;chr10;chr10,787745;788115;788465;788818;789125;789326;789612;789887;790142;790361;790589;790855;791082;791505;791792;792210;792446;792901;793254;793489;793894;794110;794380;794641;795155,787906;788250;788627;789016;789258;789493;789742;790002;790222;790436;790707;790919;791288;791625;792020;792335;792765;793108;793358;793807;793975;794271;794483;794767;795220,-;-;-;-;-;-;-;-;-;-;-;-;-;-;-;-;-;-;-;-;-;-;-;-;-,3726,9062,9024,8922,9222,7866,434,2554,434,7866
GENE.2939,chr10;chr10;chr10;chr10;chr10;chr10;chr10;chr10;chr10;chr10;chr10;chr10;chr10;chr10;chr10;chr10;chr10;chr10;chr10;chr10;chr10;chr10;chr10;chr10;chr10,787745;788115;788465;788818;789125;789330;789612;789887;790142;790361;790589;790855;791082;791505;791792;792210;792446;792901;793254;793489;793894;794110;794380;794641;795155,787906;788250;788627;789016;789262;789493;789742;790002;790222;790436;790707;790919;791288;791625;792020;792335;792765;793108;793358;793807;793975;794271;794483;794767;795220,-;-;-;-;-;-;-;-;-;-;-;-;-;-;-;-;-;-;-;-;-;-;-;-;-,3726,9062,9024,8922,9222,7866,434,2554,434,7866
GENE.294,chr2,176567,178300,+,1734,0,0,4,0,39,0,5,0,39
GENE.2940,chr10,796291,799923,+,3633,1802,1801,1767,1752,1508,82,696,82,1507
GENE.2941,chr10,800278,803502,-,3225,4648,5128,4662,5174,4350,284,1540,284,4288
GENE.2942,chr10,804328,807582,-,3255,4768,4705,4692,4686,4096,242,1323,242,4091
GENE.2943,chr10,808618,808992,-,375,0,0,0,0,10,0,0,0,10
GENE.2944,chr10;chr10;chr10;chr10;chr10;chr10;chr10;chr10;chr10;chr10,811106;811397;811679;811850;811994;812325;812495;812905;813156;813394,811224;811496;811756;811890;812147;812399;812572;813020;813272;813484,-;-;-;-;-;-;-;-;-;-,969,0,0,3,0,74,0,12,0,74
GENE.2945,chr10;chr10;chr10,814352;814608;814955,814468;814793;814957,-;-;-,306,0,0,2,0,7,0,6,0,7
GENE.2946,chr10;chr10;chr10,816066;818137;818804,817787;818717;818972,-;-;-,2472,0,1,1,0,75,0,39,0,75
GENE.2947,chr10,819830,822139,+,2310,0,1,5,0,73,0,60,0,73
GENE.2948,chr10;chr10,822602;824489,824302;824593,-;-,1806,160,158,162,160,189,4,72,4,189
GENE.2949,chr10,825451,826971,+,1521,2464,2443,2414,2232,2157,189,777,189,2155
GENE.295,chr2;chr2,178955;181103,180924;181526,+;+,2394,9956,9896,9773,9106,7704,572,2323,572,7704
GENE.2950,chr10;chr10;chr10,827488;827660;828016,827553;827782;834231,+;+;+,6405,10988,10894,10725,10146,9721,681,3426,681,9711
GENE.2951,chr10;chr10;chr10,835292;838932;839597,838801;839127;839700,+;+;+,3810,0,4,12,0,119,0,291,0,119
GENE.2952,chr10;chr10;chr10;chr10;chr10;chr10;chr10;chr10;chr10;chr10;chr10,840212;840664;840835;841340;841501;841648;841866;842051;842196;842340;843092,840454;840730;841224;841419;841547;841743;841946;842093;842275;842823;843403,+;+;+;+;+;+;+;+;+;+;+,1923,2241,2240,2234,2333,2188,240,809,240,2188
GENE.2953,chr10;chr10;chr10;chr10;chr10,845086;845294;845593;845811;846045,845173;845444;845680;845881;846192,-;-;-;-;-,546,0,1,0,0,21,0,2,0,21
GENE.2954,chr10;chr10;chr10;chr10,848859;849042;849797;850169,848953;849539;850029;850404,-;-;-;-,1062,1064,1057,1015,886,793,71,355,71,793
GENE.2955,chr10,851000,856285,-,5286,0,16,25,0,169,0,197,0,167
GENE.2956,chr10,857673,859742,-,2070,8986,8875,8782,7640,6622,587,2127,587,6621
GENE.2957,chr10;chr10,860960;861525,861399;862449,-;-,1365,3335,3326,3302,3167,3072,233,993,233,3072
GENE.2958,chr10;chr10;chr10;chr10;chr10;chr10;chr10,863907;864126;864685;865012;866104;866295;866499,863999;864509;864794;865890;866171;866376;866742,+;+;+;+;+;+;+,1860,0,1,4,0,58,0,6,0,58
GENE.2959,chr10,867635,869677,-,2043,0,8,10,0,86,0,148,0,86
GENE.296,chr2,182228,189115,-,6888,10836,11020,10624,9990,9456,660,3144,660,9450
GENE.2960,chr10,871095,871886,+,792,536,534,529,476,504,7,79,7,504
GENE.2961,chr10;chr10;chr10;chr10;chr10,873208;873597;874202;887427;894669,873466;874032;887026;894510;894869,-;-;-;-;-,20805,4177,4197,4218,3771,4168,270,2479,270,4145
GENE.2962,chr10;chr10;chr10;chr10,896865;897152;897438;897636,896901;897273;897530;903608,-;-;-;-,6225,0,7,7,0,199,0,164,0,199
GENE.2963,chr10,905473,912345,-,6873,0,56,59,0,176,0,428,0,169
GENE.2964,chr10;chr10,919772;921473,921311;924213,+;+,4281,6622,6564,6529,5990,5556,309,1786,309,5546
GENE.2965,chr10;chr10,925280;925990,925818;926230,-;-,780,245,244,246,232,253,5,82,5,253
GENE.2966,chr10;chr10;chr10,926831;927042;927915,926896;927759;929020,-;-;-,1890,3942,3924,3855,3510,3355,215,1026,215,3355
GENE.2967,chr10;chr10;chr10;chr10;chr10;chr10,932697;932954;933634;933913;934084;934253,932841;933385;933752;934000;934148;934381,+;+;+;+;+;+,978,5749,5736,5702,5597,5224,497,1888,497,5224
GENE.2968,chr10;chr10;chr10;chr10,939938;941391;941912;942133,941282;941477;941994;942234,-;-;-;-,1617,4254,4250,4221,4090,4117,257,1075,257,4117
GENE.2969,chr10,944398,946089,-,1692,13002,12952,12815,11594,10986,929,3423,929,10986
GENE.297,chr2;chr2;chr2;chr2;chr2,192818;193328;193649;193864;194161,193200;193490;193718;194039;194199,+;+;+;+;+,831,1008,1004,993,960,881,62,261,62,881
GENE.2970,chr10,948477,951152,+,2676,0,2,41,0,87,0,33,0,87
GENE.2971,chr10,951752,952579,-,828,842,838,840,782,694,61,213,61,694
GENE.2972,chr10,955883,958357,+,2475,2608,2564,2557,2284,2279,127,675,127,2278
GENE.2973,chr10;chr10;chr10;chr10,958939;959242;959531;959810,959034;959345;959600;959896,-;-;-;-,357,0,0,2,0,15,1,0,1,15
GENE.2974,chr10,961066,962307,-,1242,0,2,21,0,45,0,85,0,45
GENE.2975,chr10,963497,980560,-,17064,88020,87556,86641,80502,75101,4576,23068,4576,74959
GENE.2976,chr10,982231,983202,+,972,40,42,45,46,75,1,9,1,75
GENE.2977,chr10;chr10;chr10;chr10,984228;984469;984965;985325,984253;984546;985094;985330,-;-;-;-,240,1,3,3,2,8,0,1,0,8
GENE.2978,chr10;chr10;chr10;chr10;chr10;chr10;chr10,985350;985536;986027;986201;986503;986760;986956,985425;985575;986066;986420;986604;986836;986988,+;+;+;+;+;+;+,588,93,91,92,87,103,5,43,5,103
GENE.2979,chr10,987017,987310,-,294,0,0,0,0,7,0,0,0,7
GENE.298,chr2,194826,196916,-,2091,3164,3152,3143,3042,2904,192,858,192,2903
GENE.2980,chr10;chr10;chr10;chr10;chr10;chr10;chr10;chr10,987358;987663;988129;989033;989617;989834;989973;990125,987414;987826;988837;989435;989725;989870;990008;990148,-;-;-;-;-;-;-;-,1539,0,2,10,0,58,1,12,1,58
GENE.2981,chr10,991147,993420,+,2274,0,1,3,0,71,0,18,0,71
GENE.2982,chr10;chr10,994322;994730,994536;996788,+;+,2274,348,344,348,330,354,13,129,13,350
GENE.2983,chr10,997475,1007461,-,9987,19486,19432,19345,18558,17902,1360,6310,1360,17872
GENE.2984,chr10,1014896,1016596,+,1701,9160,9124,9056,8278,7676,494,2181,494,7676
GENE.2985,chr10,1017201,1020515,-,3315,5732,5752,5671,5700,4854,284,1550,284,4822
GENE.2986,chr10,1021292,1021774,-,483,214,214,216,208,229,11,52,11,229
GENE.2987,chr10,1022505,1022897,+,393,0,0,1,0,16,0,5,0,16
GENE.2988,chr10;chr10,1023205;1023507,1023350;1024869,-;-,1509,1622,1613,1614,1598,1403,116,445,116,1403
GENE.2989,chr10,1026120,1026914,+,795,2162,2152,2158,2252,2122,154,640,154,2120
GENE.299,chr2;chr2;chr2;chr2,197219;197367;197740;197984,197281;197465;197841;198043,-;-;-;-,324,23,23,24,19,23,1,11,1,23
GENE.2990,chr10;chr10;chr10;chr10;chr10;chr10,1027128;1027340;1027487;1027683;1028160;1028741,1027175;1027384;1027591;1027895;1028423;1029367,-;-;-;-;-;-,1302,0,1,4,0,44,0,21,0,44
GENE.2991,chr10,1030044,1031534,+,1491,2354,2343,2320,2132,2119,139,626,139,2119
GENE.2992,chr10,1034685,1039079,+,4395,5670,5888,5902,7648,6199,315,1521,315,6196
GENE.2993,chr10,1040289,1045004,-,4716,8866,8999,8925,10342,8802,588,2541,588,8767
GENE.2994,chr10;chr10;chr10;chr10;chr10;chr10;chr10,1045608;1045805;1046029;1048200;1049120;1049371;1049615,1045685;1045918;1048019;1048595;1049243;1049464;1049760,-;-;-;-;-;-;-,2943,2153,2181,2182,2035,1825,93,596,93,1819
GENE.2995,chr10,1052844,1055333,+,2490,12366,12316,12213,11738,11164,1197,3789,1197,11156
GENE.2996,chr10,1055744,1057030,-,1287,0,0,6,0,41,2,12,2,41
GENE.2997,chr10,1057890,1060658,-,2769,3870,3835,3791,3482,3143,322,1109,322,3138
GENE.2998,chr10;chr10;chr10;chr10;chr10;chr10;chr10;chr10;chr10;chr10;chr10;chr10;chr10,1061399;1061727;1063645;1064316;1064537;1064708;1065052;1065367;1065529;1065883;1066226;1066380;1066704,1061496;1063463;1064200;1064434;1064590;1064924;1065264;1065428;1065714;1066101;1066299;1066539;1067085,-;-;-;-;-;-;-;-;-;-;-;-;-,4077,0,5,9,0,171,1,29,1,171
GENE.2999,chr10;chr10;chr10;chr10;chr10;chr10;chr10;chr10;chr10;chr10;chr10,1067652;1067864;1068666;1069091;1069340;1072623;1073670;1076337;1076704;1080080;1086382,1067737;1068381;1068925;1069239;1072451;1073540;1076174;1076552;1079526;1086185;1086992,-;-;-;-;-;-;-;-;-;-;-,17304,14995,14913,14670,13436,12930,956,4953,956,12913
GENE.3,chrM,72,125,+,54,0,0,0,0,0,0,0,0,0
GENE.30,chrM,5341,5378,-,38,0,0,0,0,0,0,0,0,0
GENE.300,chr2,198353,199570,-,1218,2048,2047,2037,1960,1938,124,596,124,1938
GENE.3000,chr10,1088214,1088417,+,204,0,0,0,0,5,0,4,0,5
GENE.3001,chr10,1088931,1089494,+,564,106,107,104,104,116,7,37,7,116
GENE.3002,chr10;chr10;chr10,1089997;1090231;1090441,1090024;1090308;1090538,-;-;-,204,0,0,0,0,7,0,2,0,7
GENE.3003,chr10;chr10;chr10;chr10;chr10;chr10;chr10;chr10;chr10;chr10;chr10;chr10;chr10;chr10;chr10,1091436;1091649;1091841;1092057;1092311;1092450;1092794;1092959;1093122;1093556;1093803;1093988;1094146;1094416;1095037,1091471;1091687;1091948;1092128;1092349;1092701;1092859;1092997;1093451;1093700;1093897;1094053;1094241;1094787;1097277,-;-;-;-;-;-;-;-;-;-;-;-;-;-;-,3996,14239,14155,14068,14382,13169,1167,4511,1167,13167
GENE.3004,chr10;chr10;chr10,1098455;1098806;1099751,1098640;1099579;1099882,-;-;-,1092,1237,1220,1205,1185,993,46,221,46,993
GENE.3005,chr10;chr10;chr10;chr10;chr10,1101818;1102268;1102497;1102856;1103013,1102011;1102370;1102577;1102916;1103158,+;+;+;+;+,585,0,0,1,0,27,0,9,0,27
GENE.3006,chr10,1103464,1105230,-,1767,4114,4125,4060,4060,3673,213,1105,213,3575
GENE.3007,chr10,1106086,1109451,+,3366,0,12,14,0,77,1,135,1,76
GENE.3008,chr10,1109794,1111605,-,1812,322,319,318,278,327,15,92,15,326
GENE.3009,chr10,1112423,1112635,-,213,0,0,1,0,6,0,0,0,6
GENE.301,chr2,200482,204048,-,3567,0,7,22,0,61,0,50,0,61
GENE.3010,chr10,1113495,1118573,-,5079,2666,2752,2701,2890,2803,183,843,183,2801
GENE.3011,chr10;chr10,1122962;1123309,1123024;1124037,+;+,792,0,0,1,0,23,0,0,0,23
GENE.3012,chr10,1125283,1126167,+,885,20,21,22,20,36,4,15,4,36
GENE.3013,chr10,1126523,1131958,-,5436,38376,38088,37116,35018,30601,2020,10099,2020,30409
GENE.3014,chr10,1133838,1136156,-,2319,3092,3098,3062,3034,2800,216,1064,216,2798
GENE.3015,chr10,1138002,1139564,+,1563,0,0,3,0,55,0,1,0,55
GENE.3016,chr10;chr10;chr10,1140589;1141902;1142584,1141506;1142146;1142602,-;-;-,1182,0,0,13,0,34,0,35,0,34
GENE.3017,chr10;chr10,1145823;1146547,1146107;1146795,-;-,534,0,0,0,0,16,0,0,0,16
GENE.3018,chr10;chr10,1147866;1148168,1148038;1148213,+;+,219,0,3,0,0,11,0,14,0,11
GENE.3019,chr10;chr10;chr10;chr10;chr10;chr10;chr10;chr10;chr10,1148316;1148869;1149049;1149273;1149408;1149561;1149720;1149891;1150126,1148687;1148961;1149173;1149335;1149468;1149644;1149760;1150019;1150168,-;-;-;-;-;-;-;-;-,1011,0,0,2,0,22,0,1,0,22
GENE.302,chr2,205889,207403,-,1515,1378,1373,1347,1250,1176,87,380,87,1176
GENE.3020,chr10;chr10;chr10;chr10;chr10,1150663;1150932;1151061;1151349;1151671,1150782;1150975;1151138;1151463;1151853,-;-;-;-;-,540,174,172,167,207,149,8,80,8,149
GENE.3021,chr10;chr10;chr10;chr10;chr10,1150663;1150932;1151061;1151349;1151667,1150782;1150975;1151138;1151459;1151853,-;-;-;-;-,540,174,172,167,207,149,8,80,8,149
GENE.3022,chr10,1153271,1154431,-,1161,0,0,3,0,36,1,0,1,36
GENE.3023,chr10;chr10;chr10;chr10;chr10;chr10;chr10;chr10;chr10;chr10;chr10,1156648;1156804;1156960;1157269;1157446;1157685;1157889;1158208;1158514;1158686;1158882,1156701;1156848;1157050;1157340;1157505;1157745;1157934;1158398;1158586;1158751;1158980,+;+;+;+;+;+;+;+;+;+;+,858,0,0,8,0,36,1,8,1,36
GENE.3024,chr10;chr10;chr10;chr10;chr10;chr10;chr10;chr10;chr10;chr10;chr10;chr10;chr10,1160031;1160240;1160636;1161027;1161375;1161551;1161765;1162116;1162465;1162648;1162802;1162973;1163279,1160074;1160444;1160867;1161238;1161438;1161666;1161988;1162333;1162525;1162713;1162857;1163113;1163421,+;+;+;+;+;+;+;+;+;+;+;+;+,1782,0,2,14,0,87,0,6,0,87
GENE.3025,chr10,1163786,1165615,+,1830,0,0,6,0,82,0,53,0,82
GENE.3026,chr10,1166046,1166870,-,825,2452,2405,2348,1976,1626,92,539,92,1626
GENE.3027,chr10,1168010,1168957,-,948,126,127,133,130,143,13,69,13,143
GENE.3028,chr10,1169940,1171391,+,1452,326,334,360,264,313,26,297,26,305
GENE.3029,chr10;chr10;chr10,1172129;1174761;1174967,1174535;1174839;1174997,-;-;-,2517,2361,2363,2372,2312,2172,172,886,171,2169
GENE.303,chr2,209583,210833,-,1251,2182,2177,2152,2022,1952,141,551,141,1952
GENE.3030,chr10;chr10;chr10;chr10,1176461;1176716;1177046;1177683,1176536;1176901;1177132;1177849,-;-;-;-,516,0,0,4,0,14,0,3,0,14
GENE.3031,chr10,1181005,1182501,+,1497,2972,2984,2919,2930,2786,340,1042,340,2774
GENE.3032,chr10;chr10,1183487;1183747,1183591;1183995,-;-,354,0,0,0,0,8,0,0,0,8
GENE.3033,chr10;chr10,1184728;1185824,1185714;1185946,-;-,1110,648,643,634,594,584,37,177,37,584
GENE.3034,chr10;chr10;chr10;chr10;chr10;chr10;chr10;chr10,1187503;1187711;1188152;1188410;1188476;1188767;1188887;1189358,1187709;1188149;1188407;1188473;1188765;1188884;1189356;1189589,-;-;-;-;-;-;-;-,2076,538,529,520,446,409,22,189,22,408
GENE.3035,chr10;chr10;chr10;chr10,1190426;1194580;1194764;1194930,1194427;1194630;1194814;1195016,+;+;+;+,4191,26136,25856,25534,24030,20803,1341,6435,1341,20795
GENE.3036,chr10;chr10;chr10;chr10,1190426;1194580;1194770;1194930,1194427;1194630;1194814;1195016,+;+;+;+,4185,26136,25856,25534,24030,20802,1341,6435,1341,20794
GENE.3037,chr10,1195677,1197344,+,1668,0,4,18,0,50,0,310,0,49
GENE.3038,chr10,1197825,1200032,-,2208,0,5,11,0,77,0,49,0,77
GENE.3039,chr10,1200894,1202399,-,1506,0,0,4,0,45,0,3,0,45
GENE.304,chr2;chr2,211348;211681,211465;212627,+;+,1065,35,37,36,37,66,1,18,1,66
GENE.3040,chr10,1204346,1204762,-,417,0,0,0,0,16,0,2,0,16
GENE.3041,chr10,1206302,1207405,+,1104,0,0,6,0,30,1,0,1,30
GENE.3042,chr10;chr10;chr10,1208198;1210471;1210849,1210213;1210719;1210914,-;-;-,2331,0,3,6,0,84,0,1,0,84
GENE.3043,chr10,1211658,1212971,-,1314,822,817,817,774,750,45,223,45,750
GENE.3044,chr10,1217348,1222441,+,5094,50084,51829,50466,57460,48204,3394,13721,3394,48175
GENE.3045,chr10;chr10;chr10;chr10,1223375;1223527;1223720;1223937,1223390;1223581;1223819;1224167,+;+;+;+,402,0,0,0,0,8,0,1,0,8
GENE.3046,chr10;chr10;chr10;chr10,1224519;1226121;1226680;1226846,1225958;1226249;1226736;1229092,-;-;-;-,3873,0,3,14,0,129,1,33,1,129
GENE.3047,chr10,1230561,1231913,-,1353,3210,3202,3197,3136,3002,234,1024,234,3002
GENE.3048,chr10,1233667,1237002,-,3336,0,29,56,0,134,0,341,0,128
GENE.3049,chr10;chr10,1241767;1242857,1242482;1242977,-;-,837,0,1,2,0,26,0,17,0,26
GENE.305,chr2,212982,214508,-,1527,3332,3159,3247,3210,2746,171,909,171,2740
GENE.3050,chr10,1244215,1245396,+,1182,0,3,4,0,55,0,2,0,55
GENE.3051,chr10,1245880,1247676,-,1797,1530,1529,1524,1478,1479,69,466,69,1479
GENE.3052,chr10,1248533,1249306,+,774,348,347,354,314,285,11,103,11,285
GENE.3053,chr10,1250045,1250683,+,639,746,700,703,696,515,50,175,50,514
GENE.3054,chr10,1251151,1251807,-,657,0,0,4,0,18,0,14,0,18
GENE.3055,chr10,1253417,1254070,-,654,1632,1628,1626,1612,1613,159,597,159,1613
GENE.3056,chr10;chr10,1254843;1255456,1255266;1255586,-;-,555,0,0,2,0,21,0,3,0,21
GENE.3057,chr10,1257384,1258478,+,1095,1504,1499,1499,1398,1307,33,284,33,1306
GENE.3058,chr10,1260310,1263069,+,2760,30000,30782,28462,30060,24982,2199,9002,1963,24408
GENE.3059,chr10;chr10;chr10;chr10;chr10;chr10;chr10;chr10,1265079;1265300;1265429;1265714;1265911;1266066;1266275;1266539,1265141;1265347;1265569;1265793;1265974;1266161;1266352;1268785,+;+;+;+;+;+;+;+,2817,13484,13319,13215,12607,10483,600,3821,600,10444
GENE.306,chr2;chr2;chr2;chr2,214838;216175;216937;217132,216054;216786;217008;217348,-;-;-;-,2118,8351,8317,8139,8021,6764,498,2177,498,6734
GENE.3060,chr10;chr10;chr10;chr10;chr10;chr10;chr10;chr10,1265079;1265300;1265429;1265714;1265911;1266066;1266275;1266539,1265162;1265347;1265569;1265793;1265974;1266161;1266352;1268785,+;+;+;+;+;+;+;+,2838,13484,13320,13215,12607,10483,600,3823,600,10444
GENE.3061,chr10;chr10;chr10;chr10;chr10;chr10,1270528;1272270;1272662;1272896;1273416;1273845,1272116;1272558;1272733;1273225;1273589;1274144,+;+;+;+;+;+,2754,0,21,36,0,86,0,115,0,84
GENE.3062,chr10,1275863,1278577,+,2715,3212,3791,3381,4482,4029,228,874,228,3677
GENE.3063,chr10;chr10;chr10;chr10,1281252;1281555;1281778;1281962,1281435;1281647;1281823;1281989,+;+;+;+,351,50,47,51,47,65,2,31,2,65
GENE.3064,chr10;chr10;chr10,1282405;1283421;1283931,1283285;1283690;1284057,-;-;-,1278,5066,5058,5039,4936,4859,408,1593,408,4859
GENE.3065,chr10;chr10;chr10;chr10;chr10,1284588;1285074;1286198;1286651;1287218,1284827;1286095;1286393;1286925;1287287,-;-;-;-;-,1803,3435,3405,3371,3025,2747,144,908,144,2747
GENE.3066,chr10;chr10,1287715;1287944,1287823;1290045,-;-,2211,5076,5068,5059,4866,4692,207,1440,207,4690
GENE.3067,chr10,1293499,1297071,+,3573,98,103,162,102,222,8,238,8,222
GENE.3068,chr10;chr10;chr10;chr10;chr10,1298327;1298520;1298726;1298865;1299007,1298354;1298633;1298781;1298921;1299141,-;-;-;-;-,390,2,2,2,4,8,0,10,0,8
GENE.3069,chr10,1299794,1302409,+,2616,0,7,11,0,76,1,99,1,76
GENE.307,chr2;chr2;chr2;chr2,217882;218290;218533;218850,218097;218423;218715;218907,-;-;-;-,591,421,422,423,434,373,12,104,12,373
GENE.3070,chr10;chr10;chr10;chr10;chr10;chr10;chr10,1302594;1302808;1302964;1303183;1303431;1304304;1304710,1302660;1302877;1303051;1303224;1304180;1304500;1304881,-;-;-;-;-;-;-,1386,0,0,3,0,60,0,24,0,60
GENE.3071,chr10;chr10;chr10,1306241;1306820;1307175,1306446;1307047;1307532,-;-;-,792,39,38,37,25,40,0,5,0,40
GENE.3072,chr10,1308873,1309925,+,1053,494,494,489,476,425,33,171,33,425
GENE.3073,chr10,1310421,1312082,-,1662,44,48,47,56,86,6,100,6,86
GENE.3074,chr10;chr10;chr10;chr10,1313255;1314053;1314270;1314602,1313833;1314152;1314400;1314721,-;-;-;-,930,2951,2901,2896,2647,2218,85,676,85,2217
GENE.3075,chr10,1315718,1320949,-,5232,23952,23766,23281,21092,18833,1139,5520,1139,18819
GENE.3076,chr10,1321694,1323379,+,1686,1690,1708,1669,1654,1556,187,606,187,1548
GENE.3077,chr10,1324132,1328436,-,4305,2600,2583,2528,2312,1887,88,584,88,1885
GENE.3078,chr10,1335222,1336289,+,1068,1226,1220,1230,1176,1159,63,368,63,1159
GENE.3079,chr10;chr10;chr10,1338124;1338384;1338631,1338242;1338445;1338818,-;-;-,369,9,9,11,9,21,2,4,2,21
GENE.308,chr2;chr2;chr2;chr2;chr2;chr2,219690;221054;221260;221450;221760;222173,220936;221147;221355;221618;221920;222256,+;+;+;+;+;+,1851,341,341,336,293,294,16,155,16,294
GENE.3080,chr10,1339762,1340628,+,867,3942,3932,3910,3564,3331,67,1014,67,3331
GENE.3081,chr10,1341646,1343775,+,2130,4006,3967,3907,3302,3049,144,947,144,3049
GENE.3082,chr10,1344150,1346897,-,2748,0,1,11,0,90,0,42,0,86
GENE.3083,chr10;chr10;chr10,1348433;1349326;1349625,1349138;1349430;1350280,+;+;+,1467,1995,1994,1986,1870,1782,150,524,150,1782
GENE.3084,chr10;chr10;chr10;chr10;chr10;chr10;chr10;chr10,1351197;1351834;1351989;1352118;1352277;1352477;1352641;1352782,1351701;1351895;1352027;1352179;1352356;1352540;1352678;1353284,+;+;+;+;+;+;+;+,1353,1800,1791,1780,1636,1582,80,458,80,1582
GENE.3085,chr10;chr10;chr10;chr10;chr10,1354454;1354819;1355049;1355335;1355522,1354602;1354947;1355216;1355414;1355571,-;-;-;-;-,576,116,116,120,114,123,5,35,5,123
GENE.3086,chr10,1359318,1361309,-,1992,2124,2101,2096,1872,1720,73,638,73,1720
GENE.3087,chr10;chr10;chr10;chr10;chr10,1362149;1362350;1362536;1362660;1362877,1362248;1362414;1362571;1362688;1363069,-;-;-;-;-,423,425,419,409,389,344,17,73,17,344
GENE.3088,chr10,1363474,1364118,+,645,72,72,73,64,80,8,23,8,80
GENE.3089,chr10,1365099,1366691,+,1593,4380,4367,4342,3998,3554,287,1494,287,3544
GENE.309,chr2,223478,224851,+,1374,0,1,3,0,31,0,0,0,31
GENE.3090,chr10,1367294,1369189,-,1896,1874,1866,1829,1564,1534,97,458,97,1534
GENE.3091,chr10;chr10;chr10;chr10;chr10;chr10;chr10;chr10,1370731;1370899;1374950;1375135;1375298;1375530;1375698;1376000,1370770;1374814;1375036;1375187;1375400;1375586;1375845;1376131,+;+;+;+;+;+;+;+,4536,23158,23061,22901,21960,20386,1673,7446,1673,20384
GENE.3092,chr10,1376827,1377759,-,933,1952,1948,1941,1922,1711,134,499,134,1711
GENE.3093,chr10,1378759,1379295,+,537,0,0,0,0,25,0,0,0,25
GENE.3094,chr10;chr10;chr10;chr10;chr10;chr10;chr10;chr10;chr10;chr10;chr10;chr10,1380028;1380220;1380444;1380681;1380913;1381098;1381251;1381419;1381581;1381827;1382058;1382211,1380080;1380327;1380588;1380814;1381000;1381161;1381300;1381469;1381693;1381919;1382130;1382249,+;+;+;+;+;+;+;+;+;+;+;+,1011,0,1,12,0,42,0,11,0,42
GENE.3095,chr10,1383450,1386119,+,2670,3326,3318,3275,2932,2731,94,715,94,2731
GENE.3096,chr10,1386649,1389630,-,2982,1328,1311,1322,1300,1153,81,463,81,1153
GENE.3097,chr10,1391445,1393130,+,1686,328,328,331,302,292,7,96,7,292
GENE.3098,chr10,1394839,1396596,+,1758,9372,23115,25698,22266,1047,1839,2251,1839,1046
GENE.3099,chr10,1399195,1402896,+,3702,8344,8914,8258,9740,7881,452,1970,450,7401
GENE.31,chrM,5379,5446,-,68,0,0,0,0,0,0,0,0,0
GENE.310,chr2;chr2;chr2,225562;225984;226197,225814;226080;226245,-;-;-,399,235,236,223,210,211,5,76,5,211
GENE.3100,chr10,1404195,1405259,+,1065,934,932,933,910,863,79,329,79,863
GENE.3101,chr10,1407276,1408391,+,1116,0,2,4,0,39,0,19,0,39
GENE.3102,chr10,1409281,1410555,+,1275,318,320,320,318,360,28,157,28,360
GENE.3103,chr10,1413200,1415293,+,2094,2080,2073,2067,1894,1973,140,634,140,1973
GENE.3104,chr10,1420533,1422671,+,2139,982,2109,1723,1044,629,177,246,177,627
GENE.3105,chr10,1423983,1425683,+,1701,7836,9086,8778,10886,9956,597,1563,406,8812
GENE.3106,chr10,1427127,1428344,+,1218,1274,1278,1272,1264,1282,202,518,202,1282
GENE.3107,chr10,1432498,1434786,+,2289,4216,4179,4152,3902,3754,299,1110,299,3754
GENE.3108,chr10,1436316,1439804,+,3489,5120,6077,7693,13756,2083,683,1603,683,2069
GENE.3109,chr10,1441901,1443568,+,1668,0,6,13,0,95,0,96,0,82
GENE.311,chr2,228025,229932,+,1908,0,1,9,0,52,0,76,0,52
GENE.3110,chr10;chr10;chr10,1444441;1444758;1445185,1444550;1444965;1445529,+;+;+,663,731,728,707,628,491,14,109,14,491
GENE.3111,chr10;chr10;chr10,1444441;1444758;1445189,1444550;1444969;1445529,+;+;+,663,731,728,707,628,490,14,109,14,490
GENE.3112,chr10;chr10;chr10;chr10;chr10;chr10;chr10;chr10,1445916;1446139;1446306;1446545;1446724;1446923;1447165;1447448,1445945;1446206;1446427;1446642;1446810;1446987;1447279;1447495,-;-;-;-;-;-;-;-,633,1656,1650,1627,1588,1343,97,563,97,1343
GENE.3113,chr10;chr10;chr10;chr10;chr10;chr10;chr10;chr10;chr10,1448692;1448906;1449089;1449300;1449549;1450652;1450992;1451183;1451484,1448742;1449009;1449146;1449386;1450488;1450836;1451076;1451282;1451646,-;-;-;-;-;-;-;-;-,1773,257,257,259,237,253,18,103,18,253
GENE.3114,chr10;chr10;chr10,1452599;1452806;1453166,1452612;1452996;1458006,-;-;-,5046,27920,27569,27341,24618,22408,1402,6663,1402,22400
GENE.3115,chr10;chr10;chr10;chr10,1462351;1462633;1462864;1463116,1462446;1462731;1462909;1469555,+;+;+;+,6681,22332,22235,22125,20954,20124,1641,6634,1641,20112
GENE.3116,chr10,1469990,1472227,-,2238,4684,4668,4665,4562,4325,280,1408,280,4325
GENE.3117,chr10;chr10;chr10;chr10;chr10;chr10;chr10;chr10;chr10;chr10;chr10;chr10,1473514;1473846;1474059;1474248;1474553;1474786;1474984;1475157;1475383;1475732;1476166;1476605,1473749;1473960;1474160;1474456;1474686;1474892;1475049;1475262;1475598;1476033;1476443;1476860,+;+;+;+;+;+;+;+;+;+;+;+,2127,4973,4934,4854,4121,3395,197,1281,197,3395
GENE.3118,chr10,1477940,1478845,-,906,1426,1426,1421,1342,1343,75,358,75,1343
GENE.3119,chr10,1481763,1485353,-,3591,0,4,15,0,82,0,87,0,82
GENE.312,chr2;chr2;chr2;chr2;chr2,231141;231384;231618;232099;232421,231234;231484;231702;232327;232529,+;+;+;+;+,618,801,804,785,807,609,58,245,58,609
GENE.3120,chr10,1487959,1490088,+,2130,0,1,10,0,69,0,0,0,68
GENE.3121,chr10;chr10;chr10,1491414;1491734;1492631,1491556;1492503;1494378,+;+;+,2661,0,4,13,0,91,0,23,0,91
GENE.3122,chr10;chr10;chr10,1495973;1496241;1496565,1496075;1496361;1496658,+;+;+,318,14,14,14,14,17,2,4,2,17
GENE.3123,chr10;chr10;chr10;chr10;chr10;chr10;chr10;chr10;chr10;chr10;chr10;chr10;chr10;chr10;chr10;chr10;chr10,1497096;1497335;1497516;1497700;1498004;1498416;1498711;1498882;1499168;1499430;1499700;1499886;1500040;1500757;1501172;1501389;1501791,1497194;1497370;1497608;1497791;1498305;1498549;1498794;1498955;1499314;1499597;1499760;1499954;1500558;1501041;1501267;1501599;1502155,-;-;-;-;-;-;-;-;-;-;-;-;-;-;-;-;-,2835,0,1,5,0,74,0,30,0,74
GENE.3124,chr10;chr10;chr10;chr10,1502955;1503406;1503704;1504173,1503122;1503516;1503823;1504322,-;-;-;-,549,0,0,1,0,15,0,20,0,15
GENE.3125,chr10;chr10;chr10;chr10,1505835;1506289;1506550;1506779,1505871;1506428;1506614;1506896,+;+;+;+,360,32,32,37,37,43,7,19,7,43
GENE.3126,chr10;chr10;chr10;chr10,1505835;1506289;1506547;1506779,1505871;1506428;1506614;1506896,+;+;+;+,363,32,32,37,37,43,7,19,7,43
GENE.3127,chr10,1507582,1510524,-,2943,6672,6623,6574,6268,5681,417,2033,417,5675
GENE.3128,chr10;chr10,1511342;1511723,1511405;1511835,+;+,177,6,6,6,7,10,0,1,0,10
GENE.3129,chr10;chr10;chr10;chr10;chr10;chr10;chr10;chr10;chr10,1512190;1512473;1512713;1512974;1513208;1513482;1513931;1514159;1514375,1512280;1512585;1512829;1513093;1513312;1513814;1514029;1514239;1514416,-;-;-;-;-;-;-;-;-,1101,2436,2420,2388,2383,2153,142,748,142,2151
GENE.313,chr2;chr2;chr2;chr2;chr2;chr2,231141;231384;231618;231859;232099;232421,231234;231484;231702;231909;232327;232529,+;+;+;+;+;+,669,804,807,788,810,615,59,246,59,615
GENE.3130,chr10;chr10,1519021;1519347,1519233;1547825,+;+,28692,0,37,9,0,383,12,15,0,354
GENE.3131,chr10;chr10,1548455;1549522,1549369;1549731,-;-,1125,0,1,1,0,39,0,10,0,39
GENE.3132,chr10;chr10,1551497;1552969,1552849;1553172,-;-,1557,1862,1858,1856,1772,1698,173,647,173,1698
GENE.3133,chr10;chr10,1554529;1555493,1555401;1555702,-;-,1083,4014,3988,3933,3584,3005,30,755,30,3005
GENE.3134,chr10;chr10,1557816;1558159,1558013;1560696,+;+,2736,0,1,3,0,68,0,2,0,68
GENE.3135,chr10,1562809,1563888,+,1080,0,0,1,0,26,0,0,0,26
GENE.3136,chr10;chr10;chr10,1568709;1569060;1571735,1568909;1571519;1571815,+;+;+,2742,11126,11072,10971,10392,9636,794,3589,794,9636
GENE.3137,chr10;chr10,1574060;1574437,1574248;1575948,+;+,1701,0,4553,3286,6427,4113,336,287,336,4113
GENE.3138,chr10;chr10,1576441;1576887,1576788;1576991,-;-,453,54,392,276,358,274,16,14,16,274
GENE.3139,chr10,1581698,1582711,-,1014,0,0,0,0,10,0,0,0,10
GENE.314,chr2;chr2;chr2,232729;233011;233339,232781;233182;233476,-;-;-,363,37,37,37,36,44,6,14,6,44
GENE.3140,chr10,1587152,1588498,-,1347,534,819,615,1054,643,67,62,67,643
GENE.3141,chr10,1590146,1590973,+,828,0,2840,1956,3520,2671,99,98,99,2671
GENE.3142,chr10;chr10,1591578;1592299,1592204;1592367,-;-,696,180,226,213,314,203,22,51,22,203
GENE.3143,chr10;chr10,1594503;1595209,1595126;1595277,-;-,693,0,2594,1764,2758,2052,177,33,177,2052
GENE.3144,chr10;chr10,1596487;1596748,1596555;1597605,+;+,927,238,2990,1988,4288,2410,221,84,221,2410
GENE.3145,chr10;chr10,1599900;1600070,1599971;1601077,+;+,1080,0,21,16,18,29,8,6,8,29
GENE.3146,chr10;chr10,1602935;1603129,1603003;1603989,+;+,930,0,7,4,0,17,0,6,0,16
GENE.3147,chr10;chr10,1605930;1606105,1605998;1606953,+;+,918,0,2,0,0,16,0,10,0,16
GENE.3148,chr10;chr10,1609063;1609355,1609131;1610422,+;+,1137,694,699,692,602,565,30,161,30,565
GENE.3149,chr10;chr10,1612530;1612758,1612598;1613735,+;+,1047,0,5,7,16,50,0,68,0,47
GENE.315,chr2;chr2;chr2;chr2,235237;235535;238482;238737,235257;238219;238596;238816,+;+;+;+,2901,21472,21392,21119,18900,18373,1413,5918,1413,18373
GENE.3150,chr10;chr10,1615804;1616072,1615857;1617070,+;+,1053,816,848,834,765,734,50,241,50,734
GENE.3151,chr10;chr10,1619086;1619333,1619154;1620244,+;+,981,2113,2215,2057,1909,2028,110,543,110,2021
GENE.3152,chr10;chr10,1622368;1622620,1622421;1623684,+;+,1119,0,8,2,0,32,3,31,3,31
GENE.3153,chr10;chr10,1625772;1625991,1625825;1626824,+;+,888,0,32,371,6,317,81,96,3,315
GENE.3154,chr10;chr10,1628914;1629157,1628982;1630023,+;+,936,5627,5935,5189,4927,4850,295,1252,216,4832
GENE.3155,chr10;chr10,1632398;1632607,1632451;1633665,+;+,1113,0,5,6,0,29,5,50,5,29
GENE.3156,chr10;chr10,1635596;1635829,1635649;1636779,+;+,1005,0,5,9,0,44,0,5,0,40
GENE.3157,chr10;chr10,1639171;1639457,1639224;1640518,+;+,1116,0,9,5,2,35,5,39,5,35
GENE.3158,chr10;chr10,1642401;1644600,1643636;1649948,-;-,6585,392,474,419,418,437,59,312,59,437
GENE.3159,chr11;chr11,24160;30363,29472;31598,+;+,6549,0,66,88,176,164,41,175,41,163
GENE.316,chr2,239246,243796,-,4551,0,15,28,0,119,0,83,0,117
GENE.3160,chr11;chr11,32666;34671,33934;42386,-;-,8985,0,18,68,2,183,42,103,42,183
GENE.3161,chr11;chr11,45056;45265,45109;46233,+;+,1023,0,52,36,38,73,31,139,31,73
GENE.3162,chr11;chr11,48112;48390,48165;49307,+;+,972,180,193,191,182,201,12,44,12,201
GENE.3163,chr11;chr11,51623;52683,52537;52751,-;-,984,0,150,50,146,125,0,26,0,119
GENE.3164,chr11;chr11,54423;55252,55148;55371,-;-,846,0,2,6,0,29,0,0,0,29
GENE.3165,chr11;chr11,56792;57046,56860;57840,+;+,864,3126,3110,3105,2972,2804,226,933,226,2804
GENE.3166,chr11;chr11,59550;59702,59618;60328,+;+,696,0,23,18,54,36,6,97,6,36
GENE.3167,chr11;chr11,60928;61395,61392;61769,-;-,840,3068,3182,3018,3192,3080,431,1126,431,3064
GENE.3168,chr11,64441,64842,+,402,398,798,673,800,770,60,27,60,768
GENE.3169,chr11;chr11,66686;67912,67681;67965,-;-,1050,4215,4210,4121,3522,3343,125,996,125,3331
GENE.317,chr2;chr2;chr2;chr2,245358;246057;246251;246491,245734;246135;246335;246699,+;+;+;+,750,0,0,4,0,23,0,0,0,23
GENE.3170,chr11;chr11,70081;71221,71082;71289,-;-,1071,451,645,523,593,558,31,85,31,558
GENE.3171,chr11;chr11,73244;74374,74167;74442,-;-,993,345,351,351,319,248,4,102,4,248
GENE.3172,chr11;chr11,76820;77929,77830;78000,-;-,1083,1298,2021,1400,2072,1666,163,39,163,1666
GENE.3173,chr11;chr11,80306;81356,81163;81424,-;-,927,1441,2863,1934,3794,2300,194,54,194,2300
GENE.3174,chr11;chr11,82633;82792,82701;83415,+;+,693,0,2555,1793,2852,2013,132,33,132,2013
GENE.3175,chr11;chr11,85629;85792,85697;86418,+;+,696,236,345,264,442,320,32,38,32,318
GENE.3176,chr11,87041,87889,-,849,3624,6846,4196,7728,5845,312,229,312,5831
GENE.3177,chr11,90446,90874,+,429,128,364,215,230,250,24,9,24,250
GENE.3178,chr11,96964,99609,+,2646,0,0,0,0,24,0,0,0,24
GENE.3179,chr11;chr11,104300;104505,104404;104852,+;+,453,354,398,220,380,295,16,53,16,295
GENE.318,chr2,249030,250727,+,1698,498,497,506,496,485,21,255,21,484
GENE.3180,chr11;chr11,105357;107047,106868;107235,-;-,1701,8091,7489,6587,7683,6770,542,1046,542,6770
GENE.3181,chr11;chr11,110027;111349,111193;111429,-;-,1248,0,0,2,0,27,0,0,0,27
GENE.3182,chr11,114591,116573,-,1983,0,0,5,0,31,0,18,0,31
GENE.3183,chr11;chr11,119412;121345,121124;121506,-;-,1875,9911,9869,9860,9373,9097,585,2839,585,9097
GENE.3184,chr11;chr11,123818;124533,124429;124736,-;-,816,348,347,341,286,262,20,91,20,262
GENE.3185,chr11,128789,129064,+,276,0,0,1,0,1,0,0,0,1
GENE.3186,chr11,131703,131987,-,285,0,0,0,0,7,0,0,0,7
GENE.3187,chr11;chr11,136661;136944,136809;137442,+;+,648,0,0,0,0,12,0,3,0,12
GENE.3188,chr11;chr11,138646;138948,138834;139034,+;+,276,0,0,0,0,3,0,0,0,3
GENE.3189,chr11;chr11,140048;140602,140204;140801,-;-,357,7,7,8,7,12,2,4,2,12
GENE.319,chr2;chr2;chr2;chr2;chr2,252394;252757;253401;253989;254818,252507;253306;253484;254815;262443,+;+;+;+;+,9201,0,7,48,0,247,1,251,1,246
GENE.3190,chr11,143353,143425,+,73,0,0,0,0,3,0,0,0,3
GENE.3191,chr11,144841,144939,-,99,0,0,0,0,5,0,0,0,5
GENE.3192,chr11,146427,150815,+,4389,15346,15830,15538,18444,15091,1043,4324,1043,15077
GENE.3193,chr11;chr11;chr11;chr11;chr11;chr11;chr11;chr11;chr11;chr11;chr11;chr11;chr11,151196;151932;152160;152375;152533;152643;152824;152986;153200;153418;153746;153895;154020,151738;152035;152189;152402;152543;152688;152854;153088;153285;153633;153770;153923;154519,-;-;-;-;-;-;-;-;-;-;-;-;-,1752,7054,7025,6946,6842,6292,464,1885,464,6292
GENE.3194,chr11,156614,158113,+,1500,2660,2655,2645,2492,2336,142,775,142,2336
GENE.3195,chr11,160115,160852,+,738,0,0,1,0,17,2,2,2,17
GENE.3196,chr11,163985,174100,+,10116,0,22,57,0,242,0,502,0,231
GENE.3197,chr11,175248,175433,+,186,0,0,2,0,8,0,0,0,8
GENE.3198,chr11;chr11;chr11,175608;175800;176080,175660;175919;177778,-;-;-,1872,0,1,9,0,45,0,17,0,45
GENE.3199,chr11;chr11;chr11;chr11,179461;180351;180810;180997,180231;180450;180850;181128,-;-;-;-,1044,331,334,335,328,319,15,144,15,319
GENE.32,chrM,5447,5507,-,61,0,0,0,0,0,0,0,0,0
GENE.320,chr2,263037,267347,-,4311,0,8,28,0,90,0,213,0,88
GENE.3200,chr11;chr11;chr11;chr11;chr11,182383;182588;182840;183178;183429,182424;182707;183079;183261;187223,-;-;-;-;-,4281,4751,4732,4663,4279,4117,270,1544,270,4091
GENE.3201,chr11;chr11,190800;194261,194127;194358,-;-,3426,0,3,36,0,68,0,20,0,68
GENE.3202,chr11;chr11,196767;198070,197755;198355,+;+,1275,4419,4393,4362,4073,3874,321,1331,321,3874
GENE.3203,chr11,199103,201037,-,1935,4926,4867,4721,4064,3541,112,908,112,3539
GENE.3204,chr11,202330,204261,+,1932,0,1,24,0,50,0,157,0,46
GENE.3205,chr11;chr11;chr11;chr11;chr11;chr11,204593;204733;204853;205101;205279;205684,204640;204782;204956;205164;205462;205794,-;-;-;-;-;-,561,282,281,303,336,285,32,111,32,285
GENE.3206,chr11;chr11;chr11;chr11;chr11;chr11,204593;204733;204853;205101;205279;205684,204640;204782;204950;205164;205462;205794,-;-;-;-;-;-,555,282,281,303,336,285,32,111,32,285
GENE.3207,chr11;chr11;chr11;chr11;chr11;chr11;chr11;chr11;chr11,207440;207978;208433;208661;208863;209057;209261;209446;209659,207851;208310;208546;208730;208925;209133;209320;209496;209732,+;+;+;+;+;+;+;+;+,1254,0,0,8,0,30,0,11,0,30
GENE.3208,chr11,214825,219687,+,4863,3504,3535,3461,3254,2969,179,1145,179,2967
GENE.3209,chr11,221818,222129,-,312,0,0,1,0,9,0,0,0,9
GENE.321,chr2;chr2,270078;270421,270199;270619,-;-,321,1,1,1,2,7,1,1,1,7
GENE.3210,chr11,226065,226418,+,354,0,0,1,0,7,0,0,0,7
GENE.3211,chr11;chr11;chr11;chr11;chr11;chr11;chr11;chr11;chr11;chr11;chr11;chr11,228159;228291;228475;228651;228856;229156;229324;229564;229769;229930;230118;230634,228194;228352;228551;228768;228937;229202;229373;229622;229849;229994;230451;231014,-;-;-;-;-;-;-;-;-;-;-;-,1392,3051,3032,2971,2828,2427,180,947,180,2427
GENE.3212,chr11;chr11,231847;232125,231925;234238,-;-,2193,0,7,15,0,48,0,148,0,48
GENE.3213,chr11;chr11,235597;237095,236379;237097,-;-,786,1407,1394,1383,989,959,52,233,52,959
GENE.3214,chr11;chr11;chr11,239687;240111;240465,240008;240155;240613,+;+;+,516,399,397,395,393,313,30,72,30,301
GENE.3215,chr11,241184,243517,-,2334,8736,8720,8656,8298,8064,765,2646,765,8064
GENE.3216,chr11,247451,248971,+,1521,1732,1722,1714,1588,1594,98,434,98,1594
GENE.3217,chr11;chr11;chr11;chr11;chr11;chr11;chr11;chr11;chr11,250918;251119;251400;251656;251897;252097;252381;252622;252830,250948;251264;251509;251771;251939;252248;252481;252680;252872,+;+;+;+;+;+;+;+;+,801,714,708,693,576,526,36,163,36,526
GENE.3218,chr11,254523,254921,+,399,0,0,1,0,20,0,0,0,20
GENE.3219,chr11,255714,257141,-,1428,3862,3846,3819,3644,3405,229,1091,229,3405
GENE.322,chr2,271594,273009,+,1416,0,0,7,0,39,0,4,0,39
GENE.3220,chr11;chr11;chr11;chr11,258779;258963;259378;259703,258869;259258;259521;259981,+;+;+;+,810,2058,2041,2032,1825,1618,84,572,84,1618
GENE.3221,chr11;chr11;chr11,260867;263045;263271,262779;263116;263331,+;+;+,2046,28467,28204,27878,25493,22442,1496,6891,1496,22432
GENE.3222,chr11;chr11;chr11;chr11;chr11;chr11;chr11,263604;263778;263989;264187;264389;264626;265914,263634;263885;264060;264266;264464;265803;266570,-;-;-;-;-;-;-,2202,6683,6666,6560,6285,5895,627,2326,627,5893
GENE.3223,chr11,267547,267897,+,351,0,0,0,0,7,0,0,0,7
GENE.3224,chr11;chr11;chr11,268244;268462;273546,268348;273415;274552,-;-;-,6066,0,7,56,0,142,0,159,0,141
GENE.3225,chr11,275726,279667,+,3942,8096,8048,7992,7342,6616,404,2170,404,6581
GENE.3226,chr11,279920,282994,-,3075,0,4,6,0,96,1,35,1,95
GENE.3227,chr11;chr11;chr11;chr11;chr11;chr11;chr11;chr11,283869;287798;288003;288434;288636;288802;289004;289174,287683;287837;288332;288505;288683;288861;289093;289224,+;+;+;+;+;+;+;+,4506,8176,8107,8020,7356,6874,428,2081,428,6868
GENE.3228,chr11;chr11,289667;290089,289975;290286,+;+,507,0,0,5,0,14,0,5,0,14
GENE.3229,chr11;chr11;chr11;chr11,291680;291843;292049;292381,291685;291884;292259;292502,+;+;+;+,381,13,11,14,13,23,2,10,2,23
GENE.323,chr2,273689,274507,-,819,84,84,90,80,98,8,29,8,98
GENE.3230,chr11;chr11;chr11;chr11;chr11;chr11;chr11;chr11;chr11;chr11;chr11,294151;294687;295014;295290;295480;295772;296144;296319;296489;296707;296932,294565;294931;295199;295380;295677;296017;296221;296387;296566;296819;296979,+;+;+;+;+;+;+;+;+;+;+,1767,0,0,7,0,64,0,68,0,63
GENE.3231,chr11;chr11;chr11;chr11;chr11;chr11;chr11;chr11,297823;298093;298534;298711;298874;299100;299276;299450,297909;298426;298632;298766;299014;299162;299352;300734,+;+;+;+;+;+;+;+,2142,114,115,115,108,161,3,48,3,161
GENE.3232,chr11,301283,311287,-,10005,0,49,139,0,307,0,945,0,292
GENE.3233,chr11,317819,318871,-,1053,0,0,0,0,24,0,0,0,24
GENE.3234,chr11;chr11;chr11;chr11;chr11,320128;320337;320513;320747;321036,320157;320391;320620;320851;321205,-;-;-;-;-,468,632,624,621,556,485,32,187,32,485
GENE.3235,chr11,321886,325323,-,3438,0,9,20,0,87,0,49,0,86
GENE.3236,chr11,326881,328812,+,1932,3306,3293,3261,2956,2782,150,890,150,2782
GENE.3237,chr11;chr11,329867;332578,332329;335601,-;-,5487,5202,5178,5201,4924,4638,298,1853,298,4617
GENE.3238,chr11,343913,349351,-,5439,0,9,12,0,164,0,112,0,164
GENE.3239,chr11,352556,354262,+,1707,0,1,4,0,58,0,60,0,57
GENE.324,chr2;chr2,275540;275981,275844;276494,-;-,819,1084,1082,1070,1132,948,47,299,47,948
GENE.3240,chr11;chr11;chr11,356083;360183;360333,360059;360210;360434,+;+;+,4107,0,4,2,0,99,1,106,1,99
GENE.3241,chr11,361408,361902,+,495,0,0,1,0,17,0,0,0,17
GENE.3242,chr11;chr11,362421;362681,362537;362887,+;+,324,0,0,1,0,18,0,5,0,18
GENE.3243,chr11,365093,366100,+,1008,1700,1696,1690,1818,1593,126,636,126,1593
GENE.3244,chr11;chr11;chr11,367316;367603;367963,367357;367683;368823,+;+;+,984,0,0,12,0,23,0,0,0,23
GENE.3245,chr11,369675,370706,-,1032,0,1,0,0,41,0,1,0,41
GENE.3246,chr11,373238,374860,-,1623,0,1,1,0,34,0,1,0,34
GENE.3247,chr11;chr11,377740;378122,377932;378396,+;+,468,1395,1385,1363,975,776,7,189,7,776
GENE.3248,chr11,379247,380638,+,1392,1016,995,998,898,834,38,364,38,834
GENE.3249,chr11,381154,381259,-,106,0,0,0,0,3,0,0,0,3
GENE.325,chr2;chr2;chr2,275540;275981;276558,275844;276441;276577,-;-;-,786,1084,1082,1070,1132,948,47,299,47,948
GENE.3250,chr11;chr11,382569;385911,385732;387150,-;-,4404,0,4,21,0,149,0,165,0,149
GENE.3251,chr11;chr11;chr11;chr11,387748;388232;388877;389531,388013;388679;389230;389620,-;-;-;-,1158,0,0,0,0,31,0,1,0,31
GENE.3252,chr11,390441,390508,-,68,0,1,0,0,0,0,1,0,0
GENE.3253,chr11;chr11;chr11;chr11;chr11;chr11,390644;390809;391302;391501;391965;392828,390687;390925;391407;391671;392333;393331,-;-;-;-;-;-,1311,7559,7497,7248,6430,5795,568,1914,568,5795
GENE.3254,chr11,391061,391145,-,85,10,8,9,14,9,4,6,4,9
GENE.3255,chr11,391758,391840,-,83,10,8,8,8,11,4,6,4,11
GENE.3256,chr11,392510,392712,-,203,16,17,16,18,19,3,12,3,19
GENE.3257,chr11,395252,395336,-,85,0,0,1,0,4,0,0,0,4
GENE.3258,chr11;chr11,397124;397480,397166;397775,+;+,339,11,11,11,13,23,2,13,2,23
GENE.3259,chr11;chr11,398659;399008,398688;399226,+;+,249,57,56,55,76,50,4,26,4,50
GENE.326,chr2;chr2,277494;277973,277828;278456,-;-,819,1018,1015,1019,1270,991,86,304,86,991
GENE.3260,chr11,400686,403238,+,2553,8924,8845,8551,7992,7281,445,2560,445,7260
GENE.3261,chr11;chr11,405495;409308,409074;409717,+;+,3990,5382,5353,5287,4839,4731,346,1309,346,4727
GENE.3262,chr11;chr11;chr11;chr11,410202;410827;411060;411316,410687;410899;411126;411355,-;-;-;-,666,923,918,887,715,664,7,117,7,660
GENE.3263,chr11;chr11;chr11,414797;415281;415529,415106;415394;419556,+;+;+,4452,0,10,46,0,143,1,379,1,134
GENE.3264,chr11;chr11,422057;422398,422188;425418,+;+,3153,84,98,122,80,177,5,362,5,176
GENE.3265,chr11;chr11;chr11;chr11;chr11,425904;426151;426306;426564;426777,426049;426232;426426;426663;426864,-;-;-;-;-,537,522,522,520,544,499,38,203,38,499
GENE.3266,chr11;chr11;chr11;chr11,428362;428581;429696;430027,428398;429515;429839;430047,+;+;+;+,1137,5882,5853,5738,4937,4325,229,1443,229,4325
GENE.3267,chr11;chr11;chr11;chr11;chr11;chr11;chr11,430157;430324;430571;430723;430897;431185;431415,430201;430449;430630;430801;431031;431283;431476,-;-;-;-;-;-;-,606,96,95,97,96,136,6,51,6,136
GENE.3268,chr11,431906,433645,-,1740,0,0,6,0,41,0,93,0,41
GENE.3269,chr11,434802,436541,+,1740,1348,1348,1345,1270,1269,84,422,84,1269
GENE.327,chr2;chr2;chr2,281907;287127;287281,287016;287189;287345,+;+;+,5238,42090,41917,41504,39488,36837,3004,12573,3004,36831
GENE.3270,chr11,437171,438220,-,1050,0,0,2,0,25,0,0,0,25
GENE.3271,chr11;chr11,439698;440014,439815;441680,-;-,1785,7350,7241,7084,5565,4812,280,1677,280,4812
GENE.3272,chr11,442959,443828,-,870,4454,4372,4329,3790,3003,45,502,45,3003
GENE.3273,chr11,445233,445799,-,567,132,132,134,128,132,22,63,22,132
GENE.3274,chr11;chr11,446020;446415,446264;446559,-;-,390,25,25,26,28,38,4,9,4,38
GENE.3275,chr11;chr11;chr11;chr11,448912;451225;451422;451681,450942;451321;451510;451698,+;+;+;+,2235,76,76,84,68,160,6,63,6,159
GENE.3276,chr11,452459,454861,-,2403,0,1,12,0,49,1,150,1,49
GENE.3277,chr11;chr11,455669;456467,456208;456994,+;+,1068,676,673,672,666,649,46,267,46,649
GENE.3278,chr11;chr11;chr11,457936;458717;459102,458488;458778;459197,+;+;+,711,593,588,562,488,469,24,137,24,469
GENE.3279,chr11;chr11;chr11;chr11,459776;459971;460236;460587,459797;460043;460325;460620,+;+;+;+,219,19,19,20,23,42,3,8,3,42
GENE.328,chr2,288183,288665,-,483,654,653,646,628,498,13,132,13,498
GENE.3280,chr11,462290,469672,+,7383,0,3,30,0,239,1,97,1,239
GENE.3281,chr11,470541,471608,+,1068,420,420,415,382,435,15,116,15,435
GENE.3282,chr11;chr11,471946;472279,472087;474674,-;-,2538,0,2,22,0,67,0,76,0,67
GENE.3283,chr11,475880,476455,+,576,0,0,3,0,34,0,8,0,34
GENE.3284,chr11,477484,478320,+,837,410,407,410,400,322,35,132,35,322
GENE.3285,chr11,478823,480946,-,2124,0,8,32,0,97,0,556,0,92
GENE.3286,chr11;chr11;chr11;chr11,481851;482580;482812;485760,482477;482645;485526;485831,+;+;+;+,3480,1225,1217,1203,1041,1049,55,289,55,1048
GENE.3287,chr11,486329,487666,+,1338,5790,5764,5728,5436,4990,397,1799,397,4990
GENE.3288,chr11;chr11;chr11;chr11;chr11;chr11;chr11;chr11;chr11,487822;487970;488237;488484;488794;489087;489328;489847;490050,487874;488096;488321;488704;488993;489237;489394;489929;490154,-;-;-;-;-;-;-;-;-,1092,8135,8096,7940,7291,6569,276,1813,276,6569
GENE.3289,chr11;chr11;chr11;chr11;chr11;chr11;chr11,492091;493471;495738;496287;496774;497746;498629,493315;495633;496163;496535;497598;498516;510738,+;+;+;+;+;+;+,17769,86514,86008,85412,80368,75142,5440,24584,5440,75120
GENE.329,chr2;chr2;chr2;chr2;chr2,290168;290445;291685;292345;292526,290349;291541;292208;292403;292703,-;-;-;-;-,2040,16600,16512,16474,15872,15155,1302,5477,1302,15151
GENE.3290,chr11,511105,511761,-,657,0,0,2,0,18,0,4,0,18
GENE.3291,chr11;chr11,517311;517896,517610;517985,+;+,390,0,0,0,0,12,0,0,0,12
GENE.3292,chr11,519189,520220,+,1032,6718,6656,6538,5358,4893,304,1432,304,4893
GENE.3293,chr11;chr11;chr11;chr11,521122;522169;522446;522680,521912;522303;522541;522824,-;-;-;-,1167,3253,3246,3233,3056,2980,238,1110,238,2974
GENE.3294,chr11,524492,526588,+,2097,0,3,11,0,85,0,18,0,85
GENE.3295,chr11,527572,528702,+,1131,856,855,855,744,692,46,294,46,692
GENE.3296,chr11,529493,530563,+,1071,1042,1040,1045,1036,1129,149,498,149,1129
GENE.3297,chr11,531177,533285,-,2109,2814,2790,2773,2518,2085,81,625,81,2085
GENE.3298,chr11,534973,536499,-,1527,2784,2772,2751,2570,2485,196,677,196,2485
GENE.3299,chr11;chr11,537647;538181,538057;538297,+;+,528,190,187,169,142,103,6,30,6,103
GENE.33,chrM,5508,5548,-,41,0,0,0,0,0,0,0,0,0
GENE.330,chr2;chr2;chr2;chr2,294273;296452;296725;297583,296317;296586;297351;297616,-;-;-;-,2841,2776,2774,2744,2617,2540,209,877,209,2529
GENE.3300,chr11;chr11;chr11;chr11,539903;540161;540625;541242,539969;540340;541068;541387,+;+;+;+,837,647,640,628,594,591,39,214,39,591
GENE.3301,chr11;chr11;chr11;chr11,539903;540167;540625;541242,539969;540340;541068;541387,+;+;+;+,831,647,640,628,594,591,39,214,39,591
GENE.3302,chr11;chr11;chr11;chr11;chr11;chr11;chr11;chr11;chr11;chr11;chr11,542330;542599;542873;543077;543298;543513;543728;543947;544141;544409;544642,542446;542760;542942;543173;543412;543599;543809;544015;544230;544517;544765,-;-;-;-;-;-;-;-;-;-;-,1122,1435,1426,1344,1137,1020,23,288,23,1020
GENE.3303,chr11,546632,546979,+,348,0,0,1,0,5,0,4,0,5
GENE.3304,chr11,547383,549296,-,1914,2868,2859,2835,2630,2576,227,902,227,2576
GENE.3305,chr11,549866,551152,+,1287,1438,1432,1405,1276,1224,23,272,23,1224
GENE.3306,chr11,552259,553266,+,1008,0,1,8,0,22,0,30,0,22
GENE.3307,chr11;chr11;chr11;chr11;chr11;chr11;chr11;chr11;chr11,555514;555929;556328;556648;557062;557487;557700;558077;558502,555802;556202;556556;556914;557372;557593;557923;558308;558668,+;+;+;+;+;+;+;+;+,2100,12853,12759,12591,11505,10491,833,3742,833,10491
GENE.3308,chr11;chr11;chr11;chr11;chr11;chr11;chr11;chr11,558924;559193;559545;559787;560092;560352;560697;560904,559091;559345;559694;559918;560262;560543;560786;561032,-;-;-;-;-;-;-;-,1185,851,844,835,772,705,27,208,27,705
GENE.3309,chr11,562017,569459,+,7443,2446,2436,2442,2280,2286,120,959,120,2280
GENE.331,chr2;chr2;chr2;chr2,298897;301166;301403;302531,301052;301300;302173;302564,-;-;-;-,3096,0,5,9,0,83,0,30,0,78
GENE.3310,chr11;chr11;chr11,570017;570410;570618,570260;570506;570714,+;+;+,438,43,42,43,41,52,0,22,0,52
GENE.3311,chr11;chr11;chr11;chr11;chr11;chr11;chr11;chr11;chr11;chr11;chr11;chr11;chr11,571007;571114;571327;571509;571670;571790;571949;572104;572256;572443;572695;572873;573165,571029;571215;571427;571549;571691;571855;571994;572136;572333;572512;572757;573009;573306,-;-;-;-;-;-;-;-;-;-;-;-;-,924,1674,1677,1670,1692,1542,147,619,147,1542
GENE.3312,chr11;chr11;chr11;chr11;chr11;chr11;chr11,576773;577193;578828;579083;579373;579955;580217,576902;578593;578983;579187;579814;580042;580276,+;+;+;+;+;+;+,2382,0,2,1,0,97,0,37,0,97
GENE.3313,chr11,581250,582698,-,1449,3484,3558,3428,3580,3983,332,885,332,3965
GENE.3314,chr11,584328,585806,-,1479,0,1,3,0,78,10,3,0,70
GENE.3315,chr11;chr11;chr11;chr11,588169;588687;589039;589252,588449;588903;589087;589400,+;+;+;+,696,190,192,181,160,146,4,42,4,146
GENE.3316,chr11;chr11;chr11,589707;590383;590618,590204;590460;590629,-;-;-,588,660,658,657,638,646,114,289,114,646
GENE.3317,chr11,592130,593584,-,1455,484,960,883,1016,1454,164,259,154,1438
GENE.3318,chr11,596289,597203,-,915,1818,1805,1766,1390,1286,28,348,28,1286
GENE.3319,chr11;chr11;chr11;chr11;chr11;chr11;chr11;chr11;chr11;chr11,600176;600373;600652;600979;601301;601431;601609;601778;601952;602109,600242;600522;600776;601161;601337;601471;601677;601816;602015;602215,+;+;+;+;+;+;+;+;+;+,882,0,0,1,0,26,0,13,0,26
GENE.332,chr2;chr2;chr2;chr2,303593;305700;306016;306994,305580;305840;306846;307027,-;-;-;-,2994,0,2,22,0,125,5,0,5,123
GENE.3320,chr11;chr11;chr11,602983;603303;606843,603173;606641;606918,-;-;-,3606,0,2,5,0,121,0,14,0,121
GENE.3321,chr11,607902,613394,-,5493,1424,1432,1431,1382,1464,94,883,94,1462
GENE.3322,chr11;chr11;chr11;chr11;chr11;chr11;chr11,615744;616002;616224;616434;616700;616901;617085,615853;616056;616337;616549;616754;617008;617186,-;-;-;-;-;-;-,660,1047,1048,1042,1137,1014,107,348,107,1014
GENE.3323,chr11;chr11;chr11;chr11;chr11;chr11,615744;616002;616434;616700;616901;617085,615853;616056;616549;616754;617008;617186,-;-;-;-;-;-,546,1037,1036,1033,1127,993,102,342,102,993
GENE.3324,chr11;chr11;chr11;chr11;chr11;chr11,618312;618514;618688;618996;619479;619678,618389;618566;618796;619117;619519;619778,+;+;+;+;+;+,504,373,369,333,289,271,21,102,21,271
GENE.3325,chr11,619893,621350,-,1458,1676,1670,1656,1596,1566,150,567,150,1566
GENE.3326,chr11,624370,625737,+,1368,0,1,2,0,44,0,9,0,44
GENE.3327,chr11;chr11,626709;629316,629162;629432,-;-,2571,19552,19179,18962,16754,14600,744,3849,744,14586
GENE.3328,chr11,630779,632881,-,2103,0,1,6,0,60,0,3,0,60
GENE.3329,chr11;chr11;chr11;chr11,636094;638842;639080;639413,638502;638930;639203;639511,-;-;-;-,2721,0,0,10,0,86,0,38,0,86
GENE.333,chr2;chr2;chr2;chr2,308847;311120;311366;312122,310975;311254;311956;312155,-;-;-;-,2889,560,580,548,510,578,19,135,19,548
GENE.3330,chr11;chr11;chr11;chr11;chr11;chr11;chr11,644100;644342;644508;644803;644966;645149;645483,644209;644399;644648;644886;645047;645257;645537,-;-;-;-;-;-;-,639,0,0,1,0,22,0,49,0,22
GENE.3331,chr11;chr11;chr11;chr11;chr11,646922;647230;647470;647632;647854,647076;647339;647527;647670;651343,-;-;-;-;-,3852,0,19,41,0,135,0,163,0,134
GENE.3332,chr11,652579,653976,+,1398,0,6,3,0,51,0,106,0,50
GENE.3333,chr11;chr11,654871;655102,654906;660420,+;+,5355,2654,2592,2628,2496,2432,179,884,179,2426
GENE.3334,chr11,662000,662386,+,387,0,0,7,0,9,0,0,0,9
GENE.3335,chr11,664163,665356,+,1194,676,675,678,720,683,38,212,38,683
GENE.3336,chr11,666037,667722,-,1686,6684,6644,6645,6382,6134,498,2163,498,6134
GENE.3337,chr11;chr11;chr11;chr11;chr11;chr11,668368;668649;668853;669061;669265;669411,668475;668725;668908;669131;669333;669491,+;+;+;+;+;+,462,0,0,1,0,25,0,6,0,25
GENE.3338,chr11;chr11;chr11;chr11;chr11,668368;668649;668853;669061;669411,668475;668725;668908;669131;669491,+;+;+;+;+,393,0,0,1,0,23,0,6,0,23
GENE.3339,chr11;chr11,670711;671398,671237;671515,-;-,645,112,112,112,118,149,13,33,13,149
GENE.334,chr2;chr2;chr2;chr2,313449;315623;315900;316708,315448;315775;316505;316741,-;-;-;-,2793,0,2,13,0,66,0,10,0,57
GENE.3340,chr11,674299,677349,-,3051,43838,43283,42947,39148,34511,1782,11338,1782,34493
GENE.3341,chr11;chr11,678752;682992,682877;683281,+;+,4416,11094,11063,11009,10760,10374,868,3734,868,10369
GENE.3342,chr11;chr11,683860;684239,684084;684616,-;-,603,0,1,3,0,27,1,7,1,27
GENE.3343,chr11;chr11,687235;687496,687416;687781,+;+,468,92,92,92,90,101,7,30,7,101
GENE.3344,chr11,688766,691558,-,2793,0,2,18,0,82,1,49,1,82
GENE.3345,chr11,694655,699121,+,4467,9432,10387,9267,9606,8157,378,2240,378,8152
GENE.3346,chr11,699869,700789,-,921,574,574,575,564,548,42,213,42,548
GENE.3347,chr11,703175,704959,+,1785,6774,6720,6657,6370,5537,378,1590,378,5533
GENE.3348,chr11,705556,707382,-,1827,3096,3118,3052,2910,2688,88,709,85,2686
GENE.3349,chr11;chr11;chr11;chr11;chr11;chr11;chr11;chr11;chr11;chr11;chr11;chr11;chr11;chr11;chr11;chr11;chr11;chr11,708526;708696;708882;709220;709516;709694;710311;710588;710825;711024;711194;711411;711602;711848;712145;712394;712577;712714,708550;708749;708973;709372;709563;710095;710415;710716;710879;711106;711290;711494;711735;711956;712287;712457;712608;712863,-;-;-;-;-;-;-;-;-;-;-;-;-;-;-;-;-;-,1959,6116,6098,6037,5825,5013,485,2099,485,5013
GENE.335,chr2;chr2;chr2;chr2,317596;320016;320241;321277,319880;320171;321083;321310,-;-;-;-,3318,6480,6471,6241,5486,5198,358,1626,358,5119
GENE.3350,chr11;chr11;chr11;chr11;chr11;chr11;chr11,714117;714622;714864;715071;715288;715612;716102,714425;714764;714933;715137;715384;715915;716287,-;-;-;-;-;-;-,1176,2457,2448,2437,2388,2354,133,747,133,2354
GENE.3351,chr11;chr11;chr11;chr11;chr11;chr11;chr11,716795;717364;717481;717760;717895;718119;718315,717133;717413;717626;717785;717948;718152;718412,+;+;+;+;+;+;+,747,137,136,134,154,143,13,78,13,143
GENE.3352,chr11,718650,719765,-,1116,1986,1964,1969,1928,1635,88,511,88,1635
GENE.3353,chr11;chr11;chr11;chr11,720992;721703;721884;722037,721600;721771;721943;722273,+;+;+;+,975,0,4,5,0,39,0,32,0,38
GENE.3354,chr11;chr11,722717;722890,722769;723289,-;-,453,512,514,510,534,497,17,152,17,497
GENE.3355,chr11,724855,725739,-,885,188,190,192,182,238,13,48,13,238
GENE.3356,chr11,727896,734339,+,6444,0,14,82,0,239,0,313,0,234
GENE.3357,chr11;chr11;chr11,736069;737113;737508,736962;737301;737735,+;+;+,1311,7428,7397,7155,6532,5793,338,1963,338,5793
GENE.3358,chr11,738513,741671,-,3159,0,5,17,0,103,1,33,1,103
GENE.3359,chr11,744874,745932,+,1059,1772,1767,1748,1612,1597,72,563,72,1597
GENE.336,chr2;chr2;chr2;chr2,322338;324582;324892;325690,324478;324722;325560;325723,-;-;-;-,2985,0,2,5,0,81,0,31,0,76
GENE.3360,chr11,746854,747456,-,603,554,552,555,580,567,55,182,55,567
GENE.3361,chr11,749152,754401,+,5250,0,11,27,0,184,0,499,0,182
GENE.3362,chr11;chr11;chr11;chr11;chr11;chr11,756192;759028;759291;759477;759707;760271,758886;759164;759351;759577;759760;760435,+;+;+;+;+;+,3213,0,2,4,0,84,0,51,0,84
GENE.3363,chr11;chr11;chr11,761695;761884;762182,761728;761965;762818,+;+;+,753,0,0,0,0,28,0,0,0,28
GENE.3364,chr11;chr11,765033;765539,765197;765625,+;+,252,25,25,25,28,37,8,12,8,37
GENE.3365,chr11;chr11,766759;767121,767008;768460,+;+,1590,34,35,46,32,76,0,130,0,76
GENE.3366,chr11;chr11,769252;770383,770182;770600,-;-,1149,4728,4712,4708,4602,4380,388,1530,388,4380
GENE.3367,chr11;chr11,772539;774968,774839;775042,+;+,2376,3840,3825,3789,3430,3309,235,1139,235,3309
GENE.3368,chr11;chr11;chr11;chr11;chr11;chr11,775233;775471;775869;776119;776268;783524,775295;775671;776006;776166;783339;783639,-;-;-;-;-;-,7638,27933,28179,27776,29871,24953,1678,7848,1678,24691
GENE.3369,chr11,784592,788350,-,3759,19558,19400,19257,18250,16165,1342,6241,1342,16144
GENE.337,chr2;chr2;chr2;chr2;chr2;chr2;chr2;chr2;chr2;chr2;chr2;chr2;chr2;chr2;chr2;chr2,327932;328121;328323;328549;328775;328965;329168;329331;329520;329748;330127;330413;330562;330935;331108;331310,328021;328157;328414;328672;328843;329038;329229;329403;329593;330010;330218;330455;330796;331012;331177;335203,+;+;+;+;+;+;+;+;+;+;+;+;+;+;+;+,5370,0,13,59,0,158,0,228,0,157
GENE.3370,chr11,790011,790262,+,252,0,0,1,0,20,0,51,0,20
GENE.3371,chr11,790267,790608,+,342,0,0,0,0,7,0,20,0,7
GENE.3372,chr11;chr11;chr11;chr11;chr11;chr11,792197;792892;793128;793476;793671;793892,792648;793009;793292;793537;793701;793945,+;+;+;+;+;+,882,2795,2781,2753,2573,2315,181,860,181,2315
GENE.3373,chr11;chr11;chr11;chr11,794254;795631;799004;799555,795459;798823;799232;799561,-;-;-;-,4635,5748,5705,5644,5138,4606,182,1604,182,4605
GENE.3374,chr11;chr11,800781;801255,801044;801458,-;-,468,113,114,115,113,142,8,30,8,142
GENE.3375,chr11;chr11,801945;805746,805636;807081,-;-,5028,11500,11551,11519,12613,11035,717,3693,717,10992
GENE.3376,chr11;chr11,810210;810726,810393;812290,+;+,1749,3937,3915,3873,3529,3201,231,1032,231,3201
GENE.3377,chr11,812583,814130,-,1548,0,40,4,0,55,0,28,0,55
GENE.3378,chr11;chr11;chr11,815386;815568;816202,815433;815887;816322,-;-;-,489,1039,1035,1029,922,824,31,291,31,824
GENE.3379,chr11,820073,822520,+,2448,0,0,4,0,107,0,22,0,107
GENE.338,chr2;chr2;chr2;chr2;chr2;chr2;chr2;chr2;chr2;chr2;chr2;chr2;chr2;chr2;chr2;chr2,327932;328121;328323;328553;328775;328965;329168;329331;329520;329748;330127;330413;330562;330935;331108;331310,328021;328157;328418;328672;328843;329038;329229;329403;329593;330010;330218;330455;330796;331012;331177;335203,+;+;+;+;+;+;+;+;+;+;+;+;+;+;+;+,5370,0,13,59,0,158,0,228,0,157
GENE.3380,chr11,823239,829313,-,6075,2216,2212,2204,2020,2076,110,691,110,2075
GENE.3381,chr11,835889,837466,-,1578,0,0,2,0,52,0,15,0,52
GENE.3382,chr11;chr11;chr11,838380;839675;839971,839538;839828;840100,-;-;-,1443,0,0,0,0,48,0,12,0,47
GENE.3383,chr11;chr11;chr11,840728;840930;841189,840828;841111;842450,-;-;-,1545,3102,3071,2970,2454,2110,64,618,64,2110
GENE.3384,chr11;chr11;chr11;chr11;chr11;chr11;chr11;chr11;chr11;chr11;chr11,842991;843239;843488;843637;843805;844064;844221;844398;844733;845253;845522,843140;843372;843544;843711;843932;844118;844307;844627;845017;845366;845547,-;-;-;-;-;-;-;-;-;-;-,1341,6510,6499,6454,7171,5675,398,2287,398,5675
GENE.3385,chr11,846929,848014,+,1086,1192,1180,1165,1038,965,70,272,70,965
GENE.3386,chr11;chr11;chr11;chr11;chr11;chr11;chr11,849335;851472;851633;851866;852077;852248;852499,851375;851514;851780;851960;852131;852349;852570,+;+;+;+;+;+;+,2556,0,6,15,0,88,0,87,0,88
GENE.3387,chr11,853355,859225,+,5871,0,12,26,0,225,0,496,0,222
GENE.3388,chr11;chr11;chr11;chr11;chr11;chr11;chr11;chr11;chr11;chr11;chr11;chr11;chr11;chr11;chr11;chr11;chr11;chr11;chr11;chr11;chr11;chr11,860134;861348;862112;862416;862908;863315;864017;864212;864480;864612;864858;865213;865571;865913;866329;866554;866850;867102;867258;867610;867815;868069,861141;862033;862306;862748;863106;863881;864101;864361;864486;864731;865110;865470;865819;866145;866447;866733;867004;867162;867485;867717;867967;868220,+;+;+;+;+;+;+;+;+;+;+;+;+;+;+;+;+;+;+;+;+;+,5499,22311,22170,21892,20246,18231,1906,7147,1904,17857
GENE.3389,chr11,868388,869152,-,765,82,83,85,92,91,4,32,4,91
GENE.339,chr2,335679,336581,-,903,0,1,1,0,29,0,2,0,29
GENE.3390,chr11;chr11;chr11;chr11;chr11;chr11,872031;875562;876694;877196;877364;877634,875355;876505;877015;877272;877504;877678,+;+;+;+;+;+,4854,26093,25974,25613,22733,20362,1082,6080,1082,20343
GENE.3391,chr11;chr11;chr11,878969;882082;895204,881786;894949;895273,+;+;+,15756,0,42,91,0,602,0,881,0,597
GENE.3392,chr11,895967,903370,-,7404,8200,8095,8122,7418,6841,513,2327,513,6819
GENE.3393,chr11;chr11,909366;909632,909470;916324,+;+,6798,20325,20924,20107,20459,18704,1023,5299,1023,18671
GENE.3394,chr11;chr11;chr11,918228;920693;921010,920502;920802;921069,+;+;+,2445,2982,2969,2930,2708,2526,119,720,119,2525
GENE.3395,chr11,921823,923892,+,2070,7150,7161,6889,6284,5492,428,1913,428,5479
GENE.3396,chr11;chr11,925728;926623,926493;927524,+;+,1668,5088,5007,4978,4386,4001,217,1175,217,4001
GENE.3397,chr11,929354,933364,-,4011,18446,18328,17923,17628,15414,1363,5116,1362,15394
GENE.3398,chr11,936084,938222,+,2139,0,5,12,0,89,0,301,0,89
GENE.3399,chr11;chr11,938950;939478,939267;939612,+;+,453,36,36,30,26,35,0,5,0,35
GENE.34,chrM,5547,5576,-,30,0,0,0,0,0,0,0,0,0
GENE.340,chr2,337558,342966,+,5409,0,2,11,0,139,1,23,1,139
GENE.3400,chr11,940527,944333,+,3807,110,113,123,102,257,6,88,6,256
GENE.3401,chr11;chr11;chr11,945470;945813;945990,945644;945916;946148,+;+;+,438,1223,1220,1135,900,744,10,200,10,744
GENE.3402,chr11;chr11;chr11;chr11;chr11,948591;949413;949921;950359;950566,949171;949756;950147;950462;950707,+;+;+;+;+,1398,0,2,3,0,68,0,43,0,68
GENE.3403,chr11,951382,956343,-,4962,0,9,22,0,172,0,175,0,172
GENE.3404,chr11;chr11;chr11;chr11,957514;958270;959001;959157,958119;958842;959038;959199,-;-;-;-,1260,5501,5489,5484,5393,5415,451,1795,451,5415
GENE.3405,chr11;chr11;chr11,962156;963649;963862,963541;963743;963958,+;+;+,1578,32,32,38,24,50,1,58,1,50
GENE.3406,chr11;chr11;chr11,964675;965043;965264,964919;965144;965360,-;-;-,444,432,430,413,416,310,22,158,22,310
GENE.3407,chr11,966980,968806,+,1827,3106,3069,2998,2564,2257,127,898,127,2256
GENE.3408,chr11,970105,971376,-,1272,0,3,3,0,58,0,3,0,58
GENE.3409,chr11;chr11,974493;974664,974523;975538,-;-,906,150,149,150,150,160,14,49,14,160
GENE.341,chr2,343308,349340,-,6033,0,41,58,0,171,1,180,1,166
GENE.3410,chr11;chr11;chr11,976880;977275;977869,977051;977775;977936,-;-;-,741,0,0,1,0,34,0,16,0,34
GENE.3411,chr11;chr11;chr11;chr11,981945;982184;982603;983026,981947;982334;982762;983086,+;+;+;+,375,17,17,17,20,29,2,18,2,29
GENE.3412,chr11;chr11;chr11;chr11;chr11;chr11;chr11,983951;984202;984360;984582;984788;985043;985264,984076;984273;984411;984682;984884;985111;985619,-;-;-;-;-;-;-,873,1065,1062,1060,1078,1008,67,298,67,1008
GENE.3413,chr11,986630,988120,+,1491,2636,2616,2563,2356,2266,170,655,170,2266
GENE.3414,chr11;chr11;chr11;chr11,989159;989645;990037;990241,989484;989902;990108;990301,-;-;-;-,717,0,0,0,0,36,0,152,0,36
GENE.3415,chr11,991863,996458,+,4596,11478,11415,11306,11204,10235,816,3328,816,10232
GENE.3416,chr11;chr11,997923;999329,999116;999547,-;-,1413,544,545,537,462,463,14,116,14,463
GENE.3417,chr11,1001182,1001562,-,381,0,0,0,0,39,0,3,0,39
GENE.3418,chr11;chr11,1003226;1003612,1003394;1003694,-;-,252,0,0,0,0,11,0,0,0,11
GENE.3419,chr11;chr11;chr11;chr11;chr11;chr11,1004780;1005685;1006037;1006233;1006673;1007009,1005584;1005886;1006122;1006539;1006936;1007354,-;-;-;-;-;-,2010,680,679,679,636,635,49,234,49,631
GENE.342,chr2;chr2;chr2,352836;353086;353482,352881;353306;353628,+;+;+,414,298,296,295,301,283,6,97,6,283
GENE.3420,chr11;chr11;chr11;chr11,1008409;1008815;1009349;1009670,1008542;1009189;1009434;1010853,-;-;-;-,1779,6093,6064,6023,5856,5595,420,1561,420,5591
GENE.3421,chr11,1013466,1013747,+,282,0,0,0,0,8,0,0,0,8
GENE.3422,chr11,1014334,1017375,-,3042,4780,4768,4729,4398,4261,303,1262,303,4256
GENE.3423,chr11;chr11,1018366;1018632,1018452;1022495,-;-,3951,2922,2938,2893,2788,2761,217,905,217,2727
GENE.3424,chr11;chr11,1023790;1024293,1024056;1024496,-;-,471,84,83,80,66,102,7,25,7,102
GENE.3425,chr11;chr11;chr11;chr11;chr11,1026976;1028770;1028979;1029166;1029488,1028560;1028817;1029025;1029282;1029544,+;+;+;+;+,1854,0,0,4,0,80,0,10,0,80
GENE.3426,chr11;chr11;chr11,1030679;1030907;1031338,1030762;1031224;1031481,+;+;+,546,205,206,202,203,202,31,64,31,202
GENE.3427,chr11,1033062,1037168,+,4107,0,10,14,0,157,0,196,0,155
GENE.3428,chr11,1037643,1039691,-,2049,0,8,14,0,79,0,49,0,76
GENE.3429,chr11;chr11;chr11;chr11;chr11;chr11;chr11;chr11;chr11;chr11;chr11;chr11;chr11;chr11;chr11;chr11;chr11;chr11;chr11,1040790;1042181;1042371;1042632;1042833;1043029;1043179;1043329;1043456;1043631;1043902;1044416;1044566;1044724;1044935;1045263;1045518;1045749;1046031,1042020;1042215;1042481;1042721;1042931;1043079;1043232;1043370;1043497;1043702;1044312;1044466;1044619;1044786;1045051;1045334;1045562;1045832;1046087,-;-;-;-;-;-;-;-;-;-;-;-;-;-;-;-;-;-;-,2781,0,3,6,0,110,0,36,0,110
GENE.343,chr2,354621,356117,+,1497,378,379,381,366,420,26,204,26,420
GENE.3430,chr11,1049921,1052665,+,2745,11426,11387,11352,12092,11027,1160,3839,1160,11023
GENE.3431,chr11;chr11;chr11;chr11,1053642;1053818;1054063;1054325,1053699;1053920;1054153;1054333,-;-;-;-,261,0,1,2,0,6,0,2,0,6
GENE.3432,chr11;chr11;chr11;chr11;chr11;chr11;chr11,1056198;1056689;1056930;1057205;1057419;1057622;1058003,1056515;1056793;1057048;1057282;1057490;1057741;1058054,-;-;-;-;-;-;-,864,1047,1041,1028,994,868,81,296,81,868
GENE.3433,chr11,1060262,1060783,-,522,372,371,374,376,383,21,90,21,383
GENE.3434,chr11;chr11,1062718;1062942,1062793;1063072,+;+,207,0,0,1,0,28,0,1,0,27
GENE.3435,chr11,1063670,1064551,-,882,1336,1321,1318,1374,1191,111,567,111,1191
GENE.3436,chr11;chr11;chr11,1065785;1066109;1066441,1065949;1066294;1066569,+;+;+,480,0,0,2,0,18,0,3,0,18
GENE.3437,chr11;chr11;chr11;chr11;chr11;chr11;chr11;chr11;chr11;chr11;chr11;chr11;chr11;chr11;chr11,1067197;1067518;1067740;1067918;1068193;1068416;1068590;1068784;1068961;1069168;1069342;1069555;1069704;1069899;1070121,1067351;1067620;1067813;1068004;1068283;1068481;1068676;1068877;1069042;1069225;1069410;1069606;1069761;1069998;1070219,+;+;+;+;+;+;+;+;+;+;+;+;+;+;+,1275,0,2,2,0,65,0,23,0,65
GENE.3438,chr11;chr11;chr11;chr11;chr11;chr11;chr11;chr11;chr11;chr11,1071752;1072034;1072376;1072594;1072794;1072977;1073199;1073390;1073582;1073755,1071829;1072257;1072478;1072683;1072827;1073104;1073291;1073434;1073621;1073813,+;+;+;+;+;+;+;+;+;+,894,0,1,1,0,44,2,23,2,44
GENE.3439,chr11;chr11;chr11,1074626;1075188;1075355,1074864;1075241;1076405,-;-;-,1344,2225,2224,2222,2239,2183,186,766,186,2183
GENE.344,chr2;chr2;chr2;chr2;chr2;chr2,356645;356888;357126;357357;357621;357930,356713;357000;357280;357437;357738;358014,-;-;-;-;-;-,621,1315,1315,1308,1246,898,22,276,22,898
GENE.3440,chr11,1077288,1081550,-,4263,20768,20259,20157,19320,16777,1445,6149,1445,16756
GENE.3441,chr11;chr11;chr11,1083321;1084683;1085030,1084472;1084727;1085062,-;-;-,1230,34,34,38,34,91,1,19,1,91
GENE.3442,chr11;chr11;chr11;chr11,1087314;1091933;1092249;1092668,1091829;1092090;1092506;1093105,+;+;+;+,5370,4908,4887,4788,4540,3981,256,1417,256,3972
GENE.3443,chr11;chr11;chr11;chr11,1087314;1091933;1092249;1092668,1091829;1092051;1092506;1093105,+;+;+;+,5331,4908,4887,4788,4540,3980,256,1417,256,3971
GENE.3444,chr11;chr11;chr11,1094909;1095313;1095815,1095159;1095691;1095931,-;-;-,747,515,515,517,521,505,39,187,39,505
GENE.3445,chr11,1097117,1097527,+,411,268,263,270,248,230,6,66,6,230
GENE.3446,chr11;chr11;chr11;chr11;chr11,1098167;1098387;1098593;1099325;1101675,1098256;1098461;1099112;1101471;1103555,-;-;-;-;-,4713,567,570,557,472,640,21,197,21,639
GENE.3447,chr11;chr11;chr11;chr11;chr11;chr11;chr11;chr11;chr11;chr11;chr11,1104216;1104393;1104532;1104805;1105020;1105210;1105625;1105769;1106006;1106223;1106449,1104268;1104418;1104692;1104903;1105105;1105481;1105696;1105856;1106104;1106340;1106505,-;-;-;-;-;-;-;-;-;-;-,1131,0,1,5,0,59,0,1,0,59
GENE.3448,chr11,1107786,1109942,+,2157,0,4,11,0,68,1,122,1,68
GENE.3449,chr11,1110436,1112115,-,1680,4186,4178,4166,3980,3743,265,1222,265,3729
GENE.345,chr2;chr2;chr2;chr2;chr2;chr2;chr2,356501;356649;356888;357126;357357;357621;357930,356552;356713;357000;357280;357437;357738;358014,-;-;-;-;-;-;-,669,1316,1316,1310,1247,900,23,277,23,900
GENE.3450,chr11,1113996,1115477,+,1482,0,3,13,0,50,0,12,0,50
GENE.3451,chr11;chr11;chr11;chr11,1118249;1119316;1120225;1120603,1119094;1119973;1120506;1120685,+;+;+;+,1869,0,7,14,0,97,0,61,0,97
GENE.3452,chr11;chr11;chr11;chr11,1121930;1122325;1122925;1123220,1122145;1122795;1123045;1123377,+;+;+;+,966,2168,2165,2122,1946,1814,112,690,112,1814
GENE.3453,chr11,1125952,1127310,+,1359,642,638,634,612,639,31,144,31,639
GENE.3454,chr11;chr11;chr11;chr11,1128774;1129508;1130114;1130760,1129136;1129840;1130545;1130813,+;+;+;+,1182,0,0,5,0,45,0,74,0,45
GENE.3455,chr11,1131294,1136834,-,5541,3498,3482,3500,3322,3278,260,1271,260,3277
GENE.3456,chr11,1138075,1139979,-,1905,4556,4542,4492,4206,3863,197,1198,197,3862
GENE.3457,chr11;chr11;chr11;chr11;chr11,1141486;1143215;1143446;1143608;1143815,1143030;1143277;1143520;1143664;1143910,+;+;+;+;+,1836,0,1,3,0,72,1,22,1,72
GENE.3458,chr11,1144754,1148770,+,4017,18784,18655,18272,18202,15835,985,5447,985,15825
GENE.3459,chr11,1149976,1150518,-,543,0,1,1,0,24,0,1,0,24
GENE.346,chr2,359142,359849,+,708,1686,1671,1649,1576,1350,123,457,123,1350
GENE.3460,chr11,1152379,1153227,+,849,78,78,79,80,84,3,46,3,84
GENE.3461,chr11,1156437,1158266,+,1830,636,633,635,572,596,32,156,32,596
GENE.3462,chr11,1159366,1162188,-,2823,39384,38705,38005,34702,28878,1532,9044,1532,28841
GENE.3463,chr11,1163094,1163357,-,264,0,0,1,0,8,0,1,0,8
GENE.3464,chr11,1165221,1166171,+,951,150,150,150,152,163,11,51,11,163
GENE.3465,chr11,1166588,1166687,+,100,0,0,0,0,3,0,0,0,3
GENE.3466,chr11,1166812,1166914,+,103,0,0,0,0,5,0,0,0,5
GENE.3467,chr11,1168879,1170198,+,1320,3846,3835,3826,3504,3545,256,1075,256,3545
GENE.3468,chr11;chr11;chr11;chr11;chr11;chr11;chr11,1171680;1173028;1174737;1174907;1175101;1175403;1175605,1172708;1174557;1174823;1174969;1175181;1175450;1175724,+;+;+;+;+;+;+,2958,7505,7475,7416,7091,6721,609,2232,609,6721
GENE.3469,chr11;chr11;chr11;chr11;chr11;chr11,1176441;1178795;1179007;1179217;1179402;1179567,1178629;1178896;1179078;1179309;1179473;1179705,+;+;+;+;+;+,2667,1846,1861,1846,1900,1772,125,544,125,1772
GENE.347,chr2,360828,368354,+,7527,19356,19254,19159,18240,17640,1409,5912,1409,17640
GENE.3470,chr11,1180160,1185616,-,5457,0,7,38,0,216,0,145,0,214
GENE.3471,chr11;chr11,1187604;1189416,1188980;1189562,+;+,1524,0,1,5,0,72,0,4,0,72
GENE.3472,chr11;chr11,1190123;1194228,1194073;1194335,+;+,4059,0,5,27,0,142,1,165,1,142
GENE.3473,chr11,1194524,1195036,-,513,794,786,771,730,671,52,233,52,663
GENE.3474,chr11,1195988,1198309,-,2322,4090,4080,4080,4140,4082,343,1366,343,4076
GENE.3475,chr11;chr11;chr11;chr11;chr11;chr11,1199253;1199673;1200148;1200554;1201215;1201611,1199458;1199820;1200279;1200886;1201346;1201805,+;+;+;+;+;+,1146,0,1,10,0,45,0,56,0,44
GENE.3476,chr11,1201922,1203619,-,1698,0,8,36,0,167,0,188,0,160
GENE.3477,chr11;chr11,1204297;1206758,1206572;1209587,-;-,5106,39986,39626,38801,36527,32016,2225,9900,2225,31977
GENE.3478,chr11,1210686,1211456,-,771,0,1,5,0,42,0,0,0,41
GENE.3479,chr11,1216521,1224812,+,8292,2498,2533,2589,2280,2476,148,1721,148,2461
GENE.348,chr2,370438,379845,+,9408,590,596,600,570,832,47,206,47,827
GENE.3480,chr11;chr11;chr11;chr11;chr11,1225688;1225881;1226040;1226164;1226425,1225786;1225949;1226078;1226317;1226474,-;-;-;-;-,411,12,13,16,16,23,0,3,0,23
GENE.3481,chr11,1227220,1231950,-,4731,12420,12313,12115,11218,11183,811,3821,811,11171
GENE.3482,chr11,1234061,1236391,-,2331,14744,14595,14497,13956,12464,876,3601,876,12460
GENE.3483,chr11,1239900,1242548,+,2649,3330,3291,3296,3148,3002,211,1445,211,2981
GENE.3484,chr11,1243226,1246618,-,3393,0,7,40,0,146,0,235,0,146
GENE.3485,chr11;chr11,1248310;1250175,1249886;1250232,-;-,1635,152,151,156,144,215,10,46,10,215
GENE.3486,chr11,1253073,1253894,+,822,0,0,4,0,30,0,6,0,29
GENE.3487,chr11,1255286,1259671,-,4386,4082,4280,4175,4684,4153,310,1452,310,4143
GENE.3488,chr11,1261759,1266078,+,4320,10948,10869,10826,10130,9818,658,3236,658,9816
GENE.3489,chr11;chr11,1266250;1267455,1267280;1267584,-;-,1161,1297,1282,1288,1113,1099,59,314,59,1099
GENE.349,chr2;chr2;chr2,381130;382252;383071,382168;382877;383445,-;-;-,2040,234,236,251,226,265,23,119,23,265
GENE.3490,chr11,1268455,1269456,+,1002,136,136,137,116,172,8,84,8,172
GENE.3491,chr11,1271204,1271980,+,777,1886,1879,1878,1806,1735,180,476,180,1735
GENE.3492,chr11,1273407,1274009,+,603,302,304,302,304,336,21,117,21,336
GENE.3493,chr11,1275574,1275663,+,90,0,0,0,0,3,0,0,0,3
GENE.3494,chr11;chr11,1277346;1280488,1280369;1280637,+;+,3174,6674,6660,6615,6436,6067,564,2404,564,6057
GENE.3495,chr11;chr11,1281284;1281732,1281600;1287633,-;-,6219,19420,20978,19376,18022,17726,1076,5319,1046,17675
GENE.3496,chr11,1290501,1291601,+,1101,818,807,812,746,597,27,189,27,597
GENE.3497,chr11,1293856,1295724,+,1869,4026,4006,3942,3406,3255,164,881,164,3255
GENE.3498,chr11;chr11,1296801;1297786,1297565;1298199,+;+,1179,0,3,3,0,42,0,15,0,41
GENE.3499,chr11,1298474,1300600,-,2127,6894,6829,6762,6240,5411,318,1802,318,5411
GENE.35,chrM,5577,5771,-,195,0,0,0,0,0,0,0,0,0
GENE.350,chr2;chr2;chr2;chr2;chr2;chr2;chr2;chr2,384865;385079;385368;385556;385752;386031;386224;386448,384984;385204;385427;385644;385869;386133;386302;386580,-;-;-;-;-;-;-;-,828,0,1,1,0,21,1,7,1,21
GENE.3500,chr11;chr11,1302173;1303426,1302604;1305987,+;+,2994,21951,21812,21545,20247,18121,1049,5632,1049,18099
GENE.3501,chr11;chr11,1309024;1310937,1310740;1311793,+;+,2574,11118,11002,10893,10149,8971,464,2524,464,8969
GENE.3502,chr11;chr11,1313257;1313767,1313545;1317173,+;+,3696,0,4,10,0,202,0,30,0,202
GENE.3503,chr11,1320114,1322105,+,1992,0,1,5,0,83,1,0,1,83
GENE.3504,chr11,1323043,1324314,-,1272,3404,3393,3359,3156,2974,185,983,185,2973
GENE.3505,chr11,1326747,1332164,+,5418,14476,14426,14397,13550,12903,1070,4779,1070,12903
GENE.3506,chr11,1333536,1340219,+,6684,24150,24092,23951,23146,22032,1508,6881,1508,22023
GENE.3507,chr11;chr11;chr11;chr11;chr11;chr11,1340486;1340752;1340937;1341149;1341390;1341617,1340623;1340811;1341041;1341241;1341454;1341680,-;-;-;-;-;-,525,0,5,1,0,15,0,3,0,15
GENE.3508,chr11;chr11,1344303;1349594,1349367;1349763,+;+,5235,0,28,39,0,223,1,807,1,219
GENE.3509,chr11,1350621,1355789,-,5169,0,17,47,0,211,0,130,0,208
GENE.351,chr2;chr2,387273;388063,387906;388151,+;+,723,248,247,245,208,192,15,79,15,192
GENE.3510,chr11;chr11,1359364;1362625,1362428;1364113,-;-,4554,13502,13400,13127,11551,11211,908,3518,908,11209
GENE.3511,chr11;chr11,1367186;1368720,1368559;1368809,+;+,1464,440,439,455,424,486,32,153,32,486
GENE.3512,chr11,1369619,1371667,+,2049,2656,2632,2623,2460,2120,80,1022,80,2107
GENE.3513,chr11;chr11;chr11;chr11;chr11;chr11;chr11,1372311;1372572;1372828;1373023;1373319;1373656;1373794,1372373;1372697;1372909;1373190;1373467;1373703;1373859,+;+;+;+;+;+;+,702,1048,1045,1036,1050,873,74,313,74,873
GENE.3514,chr11;chr11;chr11;chr11,1373052;1373319;1373656;1373794,1373190;1373467;1373703;1373859,+;+;+;+,402,730,724,710,724,519,19,168,19,519
GENE.3515,chr11;chr11;chr11,1373052;1373319;1373656,1373190;1373467;1373712,+;+;+,345,730,723,709,724,517,19,168,19,517
GENE.3516,chr11,1374592,1376661,-,2070,0,2,9,0,75,0,9,0,74
GENE.3517,chr11,1378290,1379852,-,1563,0,1,3,0,44,0,33,0,44
GENE.3518,chr11,1381015,1382244,-,1230,0,2,8,0,56,1,1,1,56
GENE.3519,chr11,1384378,1385115,-,738,126,126,125,126,164,16,123,16,164
GENE.352,chr2;chr2;chr2;chr2;chr2;chr2;chr2,388424;388716;388945;389268;389427;389742;390504,388457;388784;389162;389336;389618;390404;390611,-;-;-;-;-;-;-,1353,0,0,2,0,44,1,1,1,44
GENE.3520,chr11;chr11;chr11;chr11;chr11,1387091;1387422;1387578;1387782;1388743,1387163;1387484;1387664;1388471;1388909,-;-;-;-;-,1080,0,0,3,0,57,0,6,0,57
GENE.3521,chr11;chr11;chr11;chr11;chr11,1390064;1390676;1390986;1391272;1392029,1390489;1390855;1391130;1391832;1396173,+;+;+;+;+,5457,0,17,34,0,203,0,83,0,202
GENE.3522,chr11;chr11,1396433;1396651,1396543;1396764,-;-,225,0,0,0,0,11,0,1,0,11
GENE.3523,chr11,1397506,1397985,+,480,56,58,65,56,82,6,31,6,82
GENE.3524,chr11;chr11;chr11;chr11;chr11;chr11;chr11;chr11;chr11;chr11,1398486;1398636;1398849;1399086;1399297;1399572;1399788;1400023;1400293;1400499,1398519;1398729;1398965;1399143;1399405;1399694;1399917;1400103;1400334;1400601,-;-;-;-;-;-;-;-;-;-,891,2932,2925,2921,2972,2801,211,976,211,2801
GENE.3525,chr11;chr11,1403906;1404248,1404047;1414512,+;+,10407,119584,121770,118780,124962,111840,8100,33612,8050,111471
GENE.3526,chr11,1415406,1417214,+,1809,0,5,12,0,88,0,6,0,88
GENE.3527,chr11;chr11;chr11;chr11;chr11,1417466;1418076;1418471;1418694;1418943,1417877;1418322;1418594;1418821;1420071,-;-;-;-;-,2040,11352,11302,11104,10242,9047,509,2975,509,9026
GENE.3528,chr11;chr11,1422744;1422978,1422816;1426201,+;+,3297,4184,4161,4162,4072,3992,222,1112,222,3987
GENE.3529,chr11,1427011,1429671,-,2661,2146,2115,2093,1932,1713,90,587,90,1698
GENE.353,chr2,391275,392789,-,1515,1448,1444,1412,1314,1282,46,386,46,1282
GENE.3530,chr11;chr11;chr11;chr11;chr11;chr11;chr11;chr11,1433141;1433481;1433737;1434199;1434388;1434684;1434913;1435095,1433276;1433580;1434063;1434271;1434536;1434753;1434953;1435170,-;-;-;-;-;-;-;-,972,36,37,35,38,70,2,13,2,70
GENE.3531,chr11;chr11;chr11;chr11;chr11;chr11;chr11;chr11;chr11,1431881;1433156;1433481;1433737;1434199;1434388;1434684;1434913;1435095,1431898;1433276;1433580;1434063;1434271;1434536;1434753;1434953;1435170,-;-;-;-;-;-;-;-;-,975,36,37,35,38,70,2,13,2,70
GENE.3532,chr11,1441503,1445471,+,3969,11226,11160,11037,9828,9051,533,2908,533,9010
GENE.3533,chr11;chr11;chr11;chr11;chr11;chr11;chr11,1446489;1446683;1447092;1447234;1447458;1447672;1447869,1446546;1446926;1447151;1447334;1447544;1447750;1448505,+;+;+;+;+;+;+,1266,1717,1699,1697,1547,1324,107,402,107,1324
GENE.3534,chr11;chr11;chr11;chr11;chr11;chr11,1446489;1446683;1447234;1447458;1447672;1447869,1446546;1446926;1447334;1447544;1447750;1448505,+;+;+;+;+;+,1206,1711,1694,1691,1536,1315,104,398,104,1315
GENE.3535,chr11;chr11;chr11;chr11;chr11,1449690;1449870;1450051;1450237;1450668,1449731;1449928;1450147;1450365;1451450,-;-;-;-;-,1110,1859,1815,1780,1463,1351,99,576,99,1351
GENE.3536,chr11;chr11,1456151;1459035,1458891;1460319,+;+,4026,28058,27884,27712,25531,24373,2168,7937,2168,24353
GENE.3537,chr11,1461301,1461498,-,198,0,0,1,0,29,0,0,0,29
GENE.3538,chr11,1462168,1463070,+,903,0,0,5,0,35,0,1,0,35
GENE.3539,chr11,1463811,1465058,-,1248,1360,1355,1349,1254,1152,71,363,71,1152
GENE.354,chr2;chr2;chr2;chr2;chr2;chr2;chr2;chr2,394237;394560;394996;395450;395969;396202;396412;396669,394404;394853;395204;395771;396093;396284;396532;398745,-;-;-;-;-;-;-;-,3399,7670,7629,7445,6921,6489,420,1912,420,6488
GENE.3540,chr11,1466197,1468266,-,2070,0,0,8,0,92,0,1,0,92
GENE.3541,chr11,1470600,1471877,-,1278,2014,2004,2016,1914,1999,116,714,116,1999
GENE.3542,chr11;chr11,1473505;1473702,1473608;1474116,-;-,519,0,0,3,0,19,0,0,0,19
GENE.3543,chr11;chr11,1474667;1476524,1476322;1476838,-;-,1971,4784,4745,4626,3970,3395,136,844,136,3391
GENE.3544,chr11,1477643,1479850,+,2208,652,661,648,614,684,47,666,47,684
GENE.3545,chr11;chr11,1480900;1481466,1481294;1481526,-;-,456,572,571,557,480,413,4,218,4,413
GENE.3546,chr11;chr11,1483375;1485552,1485356;1485858,+;+,2289,0,9,3,0,84,0,156,0,83
GENE.3547,chr11,1487594,1496143,+,8550,9606,9607,9568,9088,8651,609,3564,609,8610
GENE.3548,chr11,1497134,1497514,+,381,0,0,0,0,9,0,1,0,9
GENE.3549,chr11;chr11,1498208;1498623,1498421;1498969,+;+,561,162,161,162,146,146,10,40,10,146
GENE.355,chr2,400153,401859,-,1707,1000,1044,979,878,874,58,279,57,862
GENE.3550,chr11,1499137,1499571,-,435,258,256,258,270,282,24,90,24,282
GENE.3551,chr11,1501011,1513691,-,12681,1124,1151,1202,1012,1420,67,1030,67,1417
GENE.3552,chr11,1518464,1521238,+,2775,15386,15249,15092,13990,12261,753,3528,753,12238
GENE.3553,chr11;chr11;chr11,1522359;1522619;1524278,1522459;1524032;1524346,-;-;-,1584,0,4,2,0,45,0,31,0,45
GENE.3554,chr11;chr11;chr11;chr11,1525654;1531248;1531477;1531663,1531065;1531326;1531516;1531744,-;-;-;-,5613,0,48,42,0,240,0,92,0,238
GENE.3555,chr11;chr11;chr11;chr11;chr11;chr11;chr11,1533252;1533416;1533651;1534085;1534378;1535306;1535688,1533271;1533574;1533968;1534213;1535119;1535531;1539856,-;-;-;-;-;-;-,5763,12442,12201,11901,10448,9226,513,3113,512,9199
GENE.3556,chr11,1540804,1544163,+,3360,0,11,5,20,92,0,73,0,92
GENE.3557,chr11,1546288,1547469,+,1182,120,119,119,102,132,8,42,8,132
GENE.3558,chr11,1548186,1553561,+,5376,0,20,30,0,185,0,405,0,179
GENE.3559,chr11;chr11,1554154;1554675,1554474;1555505,-;-,1152,362,355,348,316,313,8,106,8,313
GENE.356,chr2;chr2,404281;406082,405380;406355,-;-,1374,1962,1960,1955,1852,1904,211,792,211,1904
GENE.3560,chr11;chr11;chr11,1556744;1557317;1563935,1557124;1563786;1565045,-;-;-,7962,0,29,38,0,301,0,345,0,294
GENE.3561,chr11,1569604,1573189,+,3586,236,242,233,258,292,8,126,8,292
GENE.3562,chr11;chr11;chr11;chr11;chr11;chr11;chr11,1576132;1576431;1576658;1576781;1577005;1577258;1577796,1576278;1576533;1576689;1576849;1577111;1577554;1578978,-;-;-;-;-;-;-,1938,774,766,763,710,734,43,271,43,734
GENE.3563,chr11;chr11;chr11,1577407;1577482;1577796,1577410;1577554;1578978,-;-;-,1260,774,766,763,710,712,43,254,43,712
GENE.3564,chr11,1580594,1582483,+,1890,188,190,182,170,210,15,254,15,210
GENE.3565,chr11,1582995,1584512,-,1518,3594,3571,3560,3222,2931,220,984,220,2931
GENE.3566,chr11,1585393,1592034,-,6642,0,14,24,0,206,0,318,0,204
GENE.3567,chr11;chr11;chr11;chr11,1593966;1594314;1594631;1594864,1594175;1594514;1594728;1594951,+;+;+;+,597,944,943,939,992,829,90,394,90,829
GENE.3568,chr11;chr11,1595767;1597243,1597093;1597718,+;+,1803,1711,1704,1653,1503,1376,73,445,73,1376
GENE.3569,chr11;chr11;chr11;chr11,1598550;1598932;1599147;1599567,1598705;1599014;1599228;1599632,-;-;-;-,387,0,0,0,0,19,0,1,0,19
GENE.357,chr2,407900,408438,+,539,30,30,30,34,46,2,33,2,46
GENE.3570,chr11;chr11,1601257;1603075,1602596;1603078,-;-,1344,4886,4857,4734,5050,3792,332,1462,332,3788
GENE.3571,chr11,1605321,1606406,+,1086,426,425,427,412,456,29,146,29,456
GENE.3572,chr11;chr11,1608006;1608430,1608329;1608609,+;+,504,0,0,0,0,16,0,0,0,16
GENE.3573,chr11;chr11;chr11;chr11;chr11,1610100;1614533;1615102;1615545;1615720,1614440;1614956;1615391;1615616;1615809,+;+;+;+;+,5217,5840,5810,5737,5352,5328,323,1809,323,5328
GENE.3574,chr11,1616416,1621890,-,5475,6590,6639,6522,6896,5951,371,1817,371,5950
GENE.3575,chr11,1623447,1630274,-,6828,5600,5635,5587,5582,5188,381,2295,380,5132
GENE.3576,chr11,1633920,1636331,+,2412,3716,3695,3647,3456,3139,171,1369,171,3134
GENE.3577,chr11;chr11;chr11;chr11;chr11;chr11,1637103;1637291;1638946;1641756;1642590;1642931,1637127;1638641;1641588;1642440;1642790;1643392,-;-;-;-;-;-,5367,0,7,19,0,166,0,94,0,165
GENE.3578,chr11,1644911,1647382,+,2472,1134,1129,1121,1020,1001,74,423,74,1001
GENE.3579,chr11,1649321,1657012,+,7692,0,20,48,0,318,1,517,1,314
GENE.358,chr2,409983,410228,+,246,0,0,1,0,15,0,0,0,15
GENE.3580,chr11;chr11,1657507;1657818,1657681;1657978,-;-,336,0,0,1,0,8,0,0,0,8
GENE.3581,chr11;chr11,1659070;1659735,1659483;1662359,-;-,3039,4739,4716,4671,4365,3938,322,1337,322,3938
GENE.3582,chr11;chr11;chr11;chr11;chr11,1663621;1664099;1664328;1664523;1664729,1663872;1664198;1664440;1664597;1665250,+;+;+;+;+,1062,1953,1914,1832,1629,1542,129,702,129,1542
GENE.3583,chr11;chr11;chr11;chr11;chr11;chr11;chr11;chr11;chr11;chr11;chr11;chr11;chr11;chr11,1665761;1665985;1666135;1666309;1666542;1666734;1666841;1666991;1667234;1667422;1667597;1667739;1667852;1668094,1665899;1666035;1666172;1666438;1666637;1666751;1666898;1667091;1667310;1667449;1667618;1667749;1667925;1668162,+;+;+;+;+;+;+;+;+;+;+;+;+;+,912,2915,2860,2705,2452,1707,67,874,67,1707
GENE.3584,chr11,1668302,1669081,-,780,0,1,1,0,27,0,4,0,27
GENE.3585,chr11;chr11;chr11;chr11;chr11,1669951;1670856;1671088;1671270;1671475,1670668;1670901;1671169;1671327;1671512,+;+;+;+;+,942,702,701,705,692,695,45,320,45,695
GENE.3586,chr11;chr11;chr11;chr11;chr11;chr11;chr11,1672519;1672951;1673187;1673566;1673828;1673976;1674267,1672814;1673022;1673450;1673705;1673879;1674045;1674557,-;-;-;-;-;-;-,1185,0,0,2,0,41,0,29,0,41
GENE.3587,chr11,1676255,1677769,-,1515,26,27,33,20,59,2,44,2,59
GENE.3588,chr11,1679078,1681156,+,2079,8522,8507,8486,8946,8253,800,2762,800,8251
GENE.3589,chr11,1681868,1690084,-,8217,9174,9098,9022,8126,7574,426,2928,426,7568
GENE.359,chr2;chr2;chr2,412275;412492;412701,412295;412602;412859,+;+;+,291,0,0,1,0,18,0,0,0,18
GENE.3590,chr11;chr11;chr11,1692897;1693768;1694074,1693581;1693837;1694137,-;-;-,819,526,513,507,443,405,13,117,13,405
GENE.3591,chr11;chr11;chr11,1695507;1695766;1701113,1695623;1700989;1701258,+;+;+,5487,14738,14659,14578,13680,12953,1110,4719,1110,12949
GENE.3592,chr11;chr11,1702089;1703631,1703489;1703642,-;-,1413,1682,1671,1661,1654,1496,141,513,141,1496
GENE.3593,chr11;chr11;chr11,1705696;1706226;1706432,1705858;1706304;1706573,-;-;-,384,9,8,8,8,14,2,13,2,14
GENE.3594,chr11;chr11,1708066;1708528,1708336;1708679,-;-,423,502,502,503,499,491,25,182,25,487
GENE.3595,chr11,1710325,1712172,-,1848,12564,12477,12089,10830,10195,671,3343,671,10195
GENE.3596,chr11,1713081,1713974,+,894,0,1,15,0,46,0,3,0,46
GENE.3597,chr11,1715283,1716806,+,1524,2514,2501,2496,2460,2297,270,960,270,2297
GENE.3598,chr11,1717546,1718694,+,1149,0,7,0,0,46,0,13,0,46
GENE.3599,chr11,1720047,1724861,-,4815,35352,35105,34568,32520,29797,2059,9286,2059,29739
GENE.36,chrM,5772,5854,-,83,0,0,0,0,0,0,0,0,0
GENE.360,chr2;chr2;chr2,412275;412492;412701,412295;412537;412741,+;+;+,108,0,0,1,0,9,0,0,0,9
GENE.3600,chr11;chr11,1729793;1730058,1729916;1730899,+;+,966,832,827,827,786,766,45,239,45,766
GENE.3601,chr11,1731899,1732900,-,1002,1136,1131,1109,1052,978,50,361,50,978
GENE.3602,chr11;chr11;chr11;chr11;chr11;chr11,1735126;1735417;1735796;1735995;1736278;1736567,1735141;1735500;1735880;1736090;1736458;1736572,+;+;+;+;+;+,468,0,0,1,0,29,0,12,0,29
GENE.3603,chr11;chr11,1737256;1737479,1737341;1740029,-;-,2637,1148,1145,1133,1028,987,58,353,58,983
GENE.3604,chr11,1740935,1741828,-,894,666,663,673,702,629,52,246,52,626
GENE.3605,chr11;chr11;chr11;chr11;chr11;chr11,1742589;1743379;1744395;1745303;1745706;1746122,1743031;1744232;1745119;1745494;1745877;1746306,+;+;+;+;+;+,2571,10008,9907,9719,8634,7483,293,2023,293,7481
GENE.3606,chr11,1748439,1751138,+,2700,9036,8990,8927,8544,8210,477,2529,477,8210
GENE.3607,chr11;chr11;chr11,1751577;1752198;1753203,1751921;1752961;1753269,-;-;-,1176,0,2,2,0,27,0,0,0,27
GENE.3608,chr11;chr11,1755438;1755801,1755551;1755935,+;+,249,2,3,2,2,15,1,1,1,15
GENE.3609,chr11;chr11;chr11,1756557;1756812;1757036,1756679;1756913;1757182,-;-;-,372,5,6,6,7,18,0,4,0,18
GENE.361,chr2;chr2,413278;413428,413334;421137,-;-,7767,23170,23040,22511,21554,19550,1367,5972,1367,19465
GENE.3610,chr11;chr11,1757488;1757822,1757631;1758637,-;-,960,1174,1153,1156,992,897,49,316,49,897
GENE.3611,chr11;chr11,1759257;1759869,1759322;1759922,-;-,120,12,11,12,16,18,5,5,5,18
GENE.3612,chr11,1762256,1766650,+,4395,480,519,539,576,609,44,404,44,607
GENE.3613,chr11,1768328,1769344,+,1017,0,0,3,0,40,0,17,0,40
GENE.3614,chr11,1770949,1771902,+,954,1456,1449,1453,1316,1273,56,385,56,1273
GENE.3615,chr11;chr11;chr11;chr11;chr11,1772350;1772656;1772983;1773323;1773478,1772428;1772822;1773127;1773369;1773819,-;-;-;-;-,780,0,4,3,0,17,0,2,0,17
GENE.3616,chr11,1774750,1776726,+,1977,0,2,13,0,58,0,38,0,58
GENE.3617,chr11;chr11;chr11;chr11,1777525;1778348;1778522;1778913,1778025;1778413;1778562;1778928,-;-;-;-,624,0,0,7,0,17,0,0,0,17
GENE.3618,chr11;chr11;chr11;chr11;chr11;chr11,1780084;1780649;1781046;1781309;1781466;1781659,1780554;1780893;1781187;1781373;1781536;1782398,-;-;-;-;-;-,1734,0,1,7,0,60,0,21,0,60
GENE.3619,chr11,1783357,1786563,-,3207,0,5,29,0,101,0,109,0,101
GENE.362,chr2;chr2,423063;424223,424004;424654,-;-,1374,2144,2134,2125,1914,1823,77,482,77,1823
GENE.3620,chr11,1789323,1795370,-,6048,0,20,42,0,180,1,221,1,177
GENE.3621,chr11;chr11;chr11;chr11,1798776;1799054;1799294;1799610,1798854;1799122;1799348;1799670,-;-;-;-,264,0,0,12,0,9,0,1,0,9
GENE.3622,chr11;chr11;chr11;chr11,1800544;1800735;1800929;1801248,1800570;1800781;1801065;1803550,-;-;-;-,2514,20287,20219,20000,18957,18237,1296,5157,1296,18237
GENE.3623,chr11;chr11;chr11,1807359;1809800;1810084,1809650;1809962;1810130,+;+;+,2502,4984,4937,4933,4838,4404,291,1447,291,4404
GENE.3624,chr11;chr11;chr11,1810290;1810477;1810724,1810317;1810619;1812442,-;-;-,1890,9451,9372,9283,9326,8055,671,2620,671,8054
GENE.3625,chr11,1813419,1814573,+,1155,756,749,763,764,715,64,277,64,712
GENE.3626,chr11,1814957,1817704,-,2748,0,13,22,0,69,0,146,0,69
GENE.3627,chr11;chr11;chr11;chr11;chr11;chr11;chr11;chr11;chr11;chr11;chr11,1818594;1818753;1819129;1819305;1819494;1819685;1819826;1819999;1820208;1820389;1820659,1818615;1819036;1819221;1819370;1819555;1819731;1819868;1820090;1820236;1820450;1820743,+;+;+;+;+;+;+;+;+;+;+,885,0,0,3,0,27,0,18,0,27
GENE.3628,chr11,1821032,1822969,-,1938,0,1,6,0,47,0,54,0,47
GENE.3629,chr11;chr11;chr11;chr11;chr11;chr11;chr11;chr11,1824148;1824297;1824487;1824763;1824899;1825042;1825261;1825454,1824170;1824369;1824579;1824793;1824923;1825136;1825322;1825579,-;-;-;-;-;-;-;-,528,0,0,2,0,24,1,3,1,24
GENE.363,chr2;chr2;chr2;chr2,425689;425995;426209;426476,425855;426074;426299;426497,+;+;+;+,360,0,0,0,0,20,0,1,0,20
GENE.3630,chr11;chr11,1826203;1826398,1826305;1826792,-;-,498,522,520,467,308,232,5,116,5,232
GENE.3631,chr11;chr11,1828240;1828345,1828264;1829054,-;-,735,0,2,2,0,16,0,12,0,16
GENE.3632,chr11,1830464,1831417,+,954,2024,2013,2010,2036,1827,127,489,127,1827
GENE.3633,chr11;chr11;chr11;chr11,1834401;1838089;1838274;1838522,1837925;1838164;1838326;1838773,+;+;+;+,3906,0,28,30,2,123,0,675,0,119
GENE.3634,chr11;chr11;chr11;chr11;chr11;chr11;chr11;chr11;chr11,1839423;1841028;1841446;1841634;1841842;1841986;1842208;1842345;1842626,1840823;1841232;1841514;1841749;1841889;1842089;1842265;1842499;1842878,-;-;-;-;-;-;-;-;-,2409,6401,6393,6350,6569,5799,618,2525,618,5799
GENE.3635,chr11;chr11,1843645;1852133,1851971;1853372,-;-,9567,0,75,95,0,287,0,734,0,282
GENE.3636,chr11;chr11;chr11;chr11;chr11;chr11;chr11,1856390;1856507;1856679;1856868;1857033;1857306;1857547,1856402;1856559;1856760;1856910;1857152;1857442;1857656,+;+;+;+;+;+;+,558,239,237,224,204,190,14,66,14,190
GENE.3637,chr11;chr11;chr11,1858329;1858777;1859070,1858646;1858993;1867357,-;-;-,8823,6996,7046,6959,6554,6167,447,2440,447,6137
GENE.3638,chr11;chr11;chr11;chr11,1870415;1870580;1870774;1870948,1870459;1870643;1870843;1871077,-;-;-;-,309,9,10,10,9,17,1,9,1,17
GENE.3639,chr11,1873147,1881414,+,8268,10182,10109,10062,9642,9160,676,3197,676,9157
GENE.364,chr2,427490,431530,+,4041,4414,4396,4380,4266,4123,314,1315,314,4122
GENE.3640,chr11,1883775,1887860,+,4086,7740,7706,7618,7266,6733,457,2082,457,6733
GENE.3641,chr11;chr11,1888637;1889054,1888784;1889139,-;-,234,0,0,1,0,7,0,0,0,7
GENE.3642,chr11,1889826,1892597,-,2772,5178,5152,5118,4810,4485,207,1288,207,4485
GENE.3643,chr11;chr11;chr11;chr11;chr11,1893436;1893629;1893835;1894074;1894377,1893507;1893714;1893910;1894163;1895843,-;-;-;-;-,1791,4120,4104,4071,3923,3713,354,1353,354,3713
GENE.3644,chr11;chr11;chr11,1897204;1897416;1897845,1897327;1897716;1897884,+;+;+,465,0,0,2,0,15,0,6,0,15
GENE.3645,chr11;chr11;chr11;chr11;chr11,1899181;1899579;1905492;1905690;1905881,1899355;1905362;1905570;1905757;1905942,+;+;+;+;+,6168,12370,13075,13779,15724,11330,768,3613,755,11156
GENE.3646,chr11;chr11;chr11;chr11,1899181;1899579;1905476;1905690,1899355;1905362;1905570;1905695,+;+;+;+,6060,12354,13041,13757,15709,11314,768,3589,755,11140
GENE.3647,chr11,1907055,1907708,-,654,666,667,658,640,595,34,217,34,595
GENE.3648,chr11,1909210,1913499,-,4290,0,22,28,0,133,0,59,0,128
GENE.3649,chr11,1916392,1918050,+,1659,0,0,10,0,39,0,10,0,39
GENE.365,chr2;chr2;chr2;chr2;chr2,432041;432636;432929;433426;433963,432508;432823;433304;433610;434086,-;-;-;-;-,1341,2512,2501,2499,2448,2251,100,761,100,2251
GENE.3650,chr11,1920268,1920811,+,544,0,364,293,482,365,31,49,31,365
GENE.3651,chr11,1922656,1922928,+,273,0,54,69,0,71,1,16,1,47
GENE.3652,chr11,1925942,1933150,+,7209,0,11628,6975,12442,10617,859,553,859,10617
GENE.3653,chr11;chr11,1934333;1935511,1935373;1935582,-;-,1113,826,823,814,764,760,67,248,67,760
GENE.3654,chr11;chr11,1941348;1941670,1941547;1942588,+;+,1119,0,0,2,0,27,0,4,0,27
GENE.3655,chr11,1945778,1946047,+,270,0,0,0,0,5,0,5,0,5
GENE.3656,chr11;chr11,1950210;1952149,1951913;1968726,+;+,18282,11898,12265,12236,13224,12239,836,3457,830,12062
GENE.3657,chr11;chr11,1972400;1972714,1972591;1973874,+;+,1353,958,1226,1168,1966,1748,112,226,46,1456
GENE.3658,chr11;chr11,1972400;1972717,1972591;1973874,+;+,1350,958,1226,1168,1966,1748,112,226,46,1456
GENE.3659,chr11;chr11,1976407;1976724,1976598;1979804,+;+,3273,18285,18503,17764,16509,14627,779,4574,779,14613
GENE.366,chr2,436050,436994,+,945,0,1,3,0,28,0,0,0,28
GENE.3660,chr11;chr11;chr11,1982354;1982515;1984173,1982410;1984065;1984247,+;+;+,1683,1820,1796,1764,1590,1456,65,390,65,1456
GENE.3661,chr11;chr11,1985870;1986571,1986430;1986639,-;-,630,0,1,1,0,17,0,0,0,17
GENE.3662,chr11;chr11;chr11,1991359;1992869;1993827,1992867;1993687;1994018,-;-;-,2520,8384,8364,8320,8066,7824,751,2594,751,7824
GENE.3663,chr11;chr11,2001068;2001325,2001223;2003313,+;+,2145,2154,2140,2127,2016,1916,187,616,187,1916
GENE.3664,chr11,2004754,2005011,+,258,0,0,0,0,2,0,0,0,2
GENE.3665,chr11;chr11,2006706;2006954,2006774;2007829,+;+,945,589,587,573,483,471,27,199,27,471
GENE.3666,chr11;chr11,2009875;2010045,2009943;2010902,+;+,927,238,243,237,200,236,22,92,22,236
GENE.3667,chr11;chr11,2012989;2013276,2013057;2014316,+;+,1110,894,892,891,828,823,34,230,34,823
GENE.3668,chr11,2015649,2016509,-,861,2494,2480,2462,2002,1630,75,422,75,1630
GENE.3669,chr11;chr11,2018714;2019914,2019676;2019967,-;-,1017,0,7,6,0,33,0,8,0,33
GENE.367,chr2,437755,439002,-,1248,0,1,4,0,37,0,13,0,37
GENE.3670,chr11;chr11,2021854;2022981,2022825;2023034,-;-,1026,7196,7149,6970,6456,5853,497,1773,497,5853
GENE.3671,chr11;chr11,2025817;2034681,2033970;2035886,+;+,9360,5531,5527,5495,5067,5029,333,1620,333,5029
GENE.3672,chr12;chr12,16973;23037,22048;24497,+;+,6537,4441,4471,4384,4157,4054,282,1258,281,4050
GENE.3673,chr12;chr12,26321;27634,27403;27687,-;-,1137,2007,2053,2001,1932,1835,126,614,126,1835
GENE.3674,chr12;chr12,30078;31193,31046;31261,-;-,1038,0,14,7,0,23,0,54,0,21
GENE.3675,chr12;chr12,32703;40726,40070;41940,+;+,8583,6603,6517,6494,5715,5477,314,1611,314,5473
GENE.3676,chr12;chr12,43800;45053,44855;45106,-;-,1110,0,29,2,0,36,0,34,0,36
GENE.3677,chr12;chr12,46788;48802,47954;56805,-;-,9171,31690,31722,31353,28264,27240,2074,8193,2074,27240
GENE.3678,chr12,61556,64336,-,2781,2858,2857,2850,2696,2554,204,787,204,2552
GENE.3679,chr12;chr12;chr12,68808;69063;70768,68885;70613;70842,-;-;-,1704,0,1,4,0,66,1,2,1,66
GENE.368,chr2,442080,442934,-,855,0,2,4,0,35,0,3,0,35
GENE.3680,chr12;chr12,73229;74376,74233;74522,-;-,1152,2102,2087,2057,1876,1776,144,643,144,1776
GENE.3681,chr12;chr12,76846;78993,78732;79067,-;-,1962,6164,6821,5952,7245,5757,566,2054,566,5731
GENE.3682,chr12;chr12,81449;84239,83938;84451,-;-,2703,7505,7436,7358,6602,6020,363,1845,363,6020
GENE.3683,chr12;chr12,89934;90276,90125;90749,+;+,666,0,0,1,0,24,0,0,0,24
GENE.3684,chr12,92242,92562,+,321,0,0,3,0,20,0,0,0,20
GENE.3685,chr12;chr12,93581;96975,96798;97146,-;-,3390,2924,2922,2831,2606,2461,149,824,149,2437
GENE.3686,chr12,98978,100471,+,1494,858,856,890,774,785,49,288,49,785
GENE.3687,chr12,101581,102624,-,1044,0,2,6,0,32,0,0,0,32
GENE.3688,chr12,103861,104604,-,744,12,13,21,10,48,1,11,1,48
GENE.3689,chr12,105683,106339,-,657,3082,3072,3037,2798,2619,137,880,137,2619
GENE.369,chr2,443824,444608,+,785,1274,1269,1266,1254,1243,76,345,76,1243
GENE.3690,chr12;chr12,107338;108164,107922;108202,-;-,624,194,186,184,184,150,4,92,4,150
GENE.3691,chr12;chr12;chr12;chr12;chr12;chr12;chr12,109247;109502;109814;109979;110379;110732;111088,109349;109710;109882;110178;110548;110952;112758,-;-;-;-;-;-;-,2643,0,5,12,0,101,0,16,0,101
GENE.3692,chr12;chr12;chr12;chr12;chr12;chr12;chr12,113787;114020;114311;115173;115347;115572;115811,113893;114190;114849;115247;115443;115675;115923,+;+;+;+;+;+;+,1206,569,578,553,629,463,13,132,13,463
GENE.3693,chr12;chr12;chr12;chr12;chr12;chr12;chr12,113787;114020;114311;115176;115347;115572;115811,113893;114190;114849;115247;115443;115675;115923,+;+;+;+;+;+;+,1203,569,578,553,629,463,13,131,13,463
GENE.3694,chr12,116475,117449,-,975,1056,1050,1038,954,953,109,335,109,952
GENE.3695,chr12;chr12;chr12;chr12;chr12;chr12;chr12;chr12;chr12;chr12;chr12;chr12;chr12;chr12;chr12;chr12;chr12;chr12;chr12;chr12;chr12;chr12;chr12;chr12;chr12;chr12;chr12;chr12;chr12;chr12;chr12;chr12;chr12;chr12,119402;119599;119809;124003;124396;124640;124988;125182;125551;125931;126360;126528;126801;127144;127454;127755;127944;128156;128400;128917;129209;129500;130685;130993;131300;131706;132050;132299;132590;133258;137247;139436;139920;141239,119491;119686;123868;124288;124483;124869;125068;125457;125802;126228;126442;126685;126942;127364;127614;127829;128030;128249;128796;129121;129408;130492;130811;131189;131551;131893;132126;132372;133069;136786;139281;139628;141098;141499,+;+;+;+;+;+;+;+;+;+;+;+;+;+;+;+;+;+;+;+;+;+;+;+;+;+;+;+;+;+;+;+;+;+,17157,167193,166268,165472,157141,145282,12150,50464,12150,145109
GENE.3696,chr12;chr12;chr12;chr12;chr12;chr12;chr12;chr12,141642;141842;142051;142266;142496;142711;142858;143194,141740;141911;142154;142360;142601;142787;142912;143268,-;-;-;-;-;-;-;-,681,1452,1446,1450,1512,1388,168,577,168,1388
GENE.3697,chr12,144046,147285,-,3240,6280,6230,6236,6228,5519,558,1827,558,5518
GENE.3698,chr12;chr12;chr12;chr12;chr12;chr12,148238;148467;148707;148984;149247;149521,148342;148595;148805;149112;149369;155478,-;-;-;-;-;-,6543,2395,2444,2430,2355,2376,131,660,131,2367
GENE.3699,chr12;chr12;chr12;chr12;chr12,158233;159342;159506;159705;159913,159195;159394;159561;159772;160011,+;+;+;+;+,1239,3515,3499,3497,3439,3308,184,963,184,3308
GENE.37,chrM,5855,5955,-,101,0,0,0,0,0,0,0,0,0
GENE.370,chr2,451751,455116,+,3366,0,7,4,0,98,0,19,0,98
GENE.3700,chr12;chr12;chr12,160716;160926;161196,160829;161042;161255,+;+;+,291,0,0,0,0,16,0,0,0,16
GENE.3701,chr12,162429,162722,-,294,0,0,0,0,4,0,0,0,4
GENE.3702,chr12,167706,171275,+,3570,2038,2030,2020,1978,1893,102,649,102,1890
GENE.3703,chr12;chr12,171507;171735,171617;172136,-;-,513,986,970,959,850,613,29,186,29,613
GENE.3704,chr12;chr12,172936;173150,173038;173361,+;+,315,0,0,0,0,14,0,1,0,14
GENE.3705,chr12,173875,176853,-,2979,5612,5673,5524,5194,4975,321,1481,321,4975
GENE.3706,chr12,178162,181914,+,3753,666,675,681,636,734,39,461,39,729
GENE.3707,chr12,182298,183968,-,1671,934,933,927,894,924,53,221,53,923
GENE.3708,chr12;chr12;chr12,184914;185232;185615,185064;185481;185768,+;+;+,555,645,643,643,661,608,34,187,34,608
GENE.3709,chr12;chr12;chr12,187146;188299;188819,188107;188356;188842,-;-;-,1044,754,742,735,607,615,26,182,26,615
GENE.371,chr2,455579,456286,-,708,910,907,900,832,832,81,320,81,832
GENE.3710,chr12,190105,193113,-,3009,0,9,2,0,100,0,66,0,100
GENE.3711,chr12;chr12;chr12;chr12;chr12,194144;194629;194900;195099;195365,194167;194732;194969;195246;195462,+;+;+;+;+,444,0,0,0,0,12,0,0,0,12
GENE.3712,chr12;chr12;chr12;chr12;chr12;chr12;chr12,197509;197809;197996;198215;198413;198640;198814,197620;197908;198053;198279;198485;198706;198830,+;+;+;+;+;+;+,492,0,0,1,0,17,0,11,0,17
GENE.3713,chr12,198970,202239,-,3270,0,5,9,0,162,0,31,0,162
GENE.3714,chr12,202948,204837,+,1890,0,1,1,0,61,0,14,0,61
GENE.3715,chr12,205491,205976,-,486,66,66,66,70,86,9,34,9,86
GENE.3716,chr12;chr12;chr12;chr12;chr12;chr12;chr12;chr12;chr12;chr12;chr12;chr12;chr12,208165;208398;208541;208703;209128;209449;209661;209838;210029;210166;210390;210525;210767,208217;208451;208612;208803;209257;209545;209737;209924;210073;210247;210433;210605;210893,-;-;-;-;-;-;-;-;-;-;-;-;-,1050,0,2,1,0,62,1,9,1,62
GENE.3717,chr12,211517,212356,-,840,408,408,400,394,382,31,146,31,382
GENE.3718,chr12,213211,214191,+,981,0,1,1,0,42,1,7,1,42
GENE.3719,chr12;chr12;chr12;chr12;chr12,214834;215036;215256;215455;215631,214934;215113;215309;215519;215695,+;+;+;+;+,363,0,0,0,0,16,0,0,0,16
GENE.372,chr2;chr2;chr2;chr2;chr2;chr2,457130;457309;457461;457687;457913;458362,457203;457379;457589;457760;458219;458585,-;-;-;-;-;-,879,734,729,737,580,543,13,173,13,543
GENE.3720,chr12;chr12;chr12;chr12;chr12;chr12,217184;217403;217584;217704;217968;218194,217244;217465;217624;217766;218086;218239,+;+;+;+;+;+,393,19,18,17,16,51,0,6,0,51
GENE.3721,chr12;chr12;chr12,219580;221579;221861,221444;221746;222173,+;+;+,2346,0,4,6,0,100,0,136,0,97
GENE.3722,chr12;chr12;chr12;chr12;chr12,222695;224263;224474;224700;224908,224126;224364;224560;224731;224991,-;-;-;-;-,1737,972,968,960,870,938,87,307,87,938
GENE.3723,chr12,226054,227070,-,1017,598,597,601,628,565,30,202,30,558
GENE.3724,chr12,230463,231407,+,945,1118,1117,1109,1094,1038,50,249,50,1038
GENE.3725,chr12,232389,235646,-,3258,11632,11587,11543,11048,10244,912,3375,912,10244
GENE.3726,chr12,242811,248168,+,5358,18168,18018,17873,16722,15544,1054,5465,1054,15462
GENE.3727,chr12;chr12;chr12;chr12;chr12;chr12;chr12;chr12,249336;249575;250122;250384;250579;250880;251162;251393,249464;249907;250280;250451;250703;250994;251227;251399,-;-;-;-;-;-;-;-,1002,1072,1064,1038,930,895,41,328,41,895
GENE.3728,chr12,253155,254123,+,969,0,4,3,0,47,0,22,0,47
GENE.3729,chr12;chr12;chr12;chr12,256367;262191;262510;263574,261997;262350;263415;263731,+;+;+;+,6855,39943,39605,39321,37355,35225,3163,12506,3163,35152
GENE.373,chr2;chr2;chr2;chr2;chr2;chr2;chr2;chr2,459072;459329;459593;460162;460395;460785;461049;461374,459164;459397;459927;460275;460530;460916;461140;461518,-;-;-;-;-;-;-;-,1116,3647,3636,3594,3549,3199,387,1303,387,3199
GENE.3730,chr12,264615,267863,-,3249,742,744,749,720,885,90,331,90,885
GENE.3731,chr12,270300,271214,-,915,5496,5398,5351,4574,3699,116,1083,116,3699
GENE.3732,chr12;chr12;chr12;chr12;chr12;chr12;chr12;chr12;chr12,272320;272588;272952;273132;273559;273785;274061;274274;274640,272437;272756;273029;273349;273691;273935;274188;274510;274742,-;-;-;-;-;-;-;-;-,1335,0,1,3,0,68,0,2,0,68
GENE.3733,chr12;chr12;chr12,275744;276189;279256,275912;278893;279336,-;-;-,2955,14519,14376,14112,12609,11488,582,2955,582,11482
GENE.3734,chr12,281020,289302,-,8283,0,21,47,0,389,0,258,0,374
GENE.3735,chr12,290836,291876,+,1041,758,755,749,708,719,20,219,20,719
GENE.3736,chr12,292424,294379,+,1956,840,857,893,866,875,38,270,38,865
GENE.3737,chr12,294997,299349,-,4353,10988,10929,10821,9724,9566,625,2732,625,9558
GENE.3738,chr12,301129,302826,-,1698,0,29,20,0,84,0,6,0,80
GENE.3739,chr12,308214,310397,+,2184,3380,3281,3209,2552,2229,103,647,103,2226
GENE.374,chr2,463163,466900,+,3738,0,16,18,0,134,0,124,0,134
GENE.3740,chr12;chr12;chr12;chr12,310831;311110;311274;311647,310932;311172;311489;313239,+;+;+;+,1974,0,7,7,0,110,0,13,0,110
GENE.3741,chr12;chr12;chr12,313869;320975;321131,320876;321027;321908,-;-;-,7839,19294,19152,18980,17338,15690,1169,5417,1169,15633
GENE.3742,chr12,324336,326858,-,2523,0,4,23,0,103,0,42,0,103
GENE.3743,chr12,329635,337806,-,8172,32728,32516,32368,31590,29527,2291,9063,2280,29452
GENE.3744,chr12;chr12;chr12;chr12;chr12;chr12,343326;343425;343626;343765;343986;344233,343330;343449;343670;343816;344059;344361,-;-;-;-;-;-,330,0,0,0,0,21,0,1,0,21
GENE.3745,chr12;chr12,345922;346284,346153;347239,+;+,1188,354,349,338,308,295,5,103,5,295
GENE.3746,chr12;chr12;chr12,348274;348488;348916,348336;348788;349100,+;+;+,549,0,2,3,0,45,0,4,0,45
GENE.3747,chr12,349479,351284,-,1806,622,620,623,576,584,52,196,52,584
GENE.3748,chr12;chr12;chr12;chr12;chr12;chr12;chr12;chr12;chr12,351850;352163;352339;352542;352770;353007;353420;353690;353929,352066;352257;352407;352649;352853;353333;353482;353776;354006,-;-;-;-;-;-;-;-;-,1128,469,467,466,464,476,48,168,48,476
GENE.3749,chr12,354540,357446,-,2907,6930,6836,6683,5554,5085,231,1518,231,5085
GENE.375,chr2,467847,468476,+,630,446,441,436,436,403,28,121,28,403
GENE.3750,chr12;chr12,357915;359295,359060;359333,-;-,1185,0,2,3,0,39,0,13,0,39
GENE.3751,chr12;chr12,359995;360332,360210;360499,+;+,384,11,13,11,15,22,3,6,3,22
GENE.3752,chr12;chr12;chr12;chr12,361900;362231;375379;375734,362095;375146;375535;375874,+;+;+;+,13410,17181,17090,16995,15553,15093,805,5045,805,15089
GENE.3753,chr12;chr12;chr12,376552;377037;377277,376814;377144;387483,+;+;+,10578,75862,75391,74929,69890,64644,4437,20508,4437,64604
GENE.3754,chr12;chr12,388545;389040,388910;389147,+;+,474,340,335,332,308,272,15,93,15,272
GENE.3755,chr12,390932,395626,+,4695,0,11,39,0,237,1,721,1,236
GENE.3756,chr12,395986,401247,-,5262,1376,1405,1402,1204,1334,54,536,54,1334
GENE.3757,chr12,402300,402527,+,228,0,3,1,0,4,0,0,0,4
GENE.3758,chr12;chr12;chr12,403350;404538;404785,404435;404618;404814,+;+;+,1197,2762,2754,2742,2628,2612,162,1017,162,2612
GENE.3759,chr12,405608,409150,-,3543,5948,6075,5913,5824,5503,391,1722,391,5391
GENE.376,chr2,469790,473491,+,3702,0,4,6,0,105,1,31,1,105
GENE.3760,chr12,415404,419732,+,4329,16198,16049,15963,14224,13786,1086,4872,1086,13780
GENE.3761,chr12;chr12,421371;421977,421649;422201,-;-,504,0,0,1,0,16,0,58,0,16
GENE.3762,chr12,423462,426011,-,2550,6974,6945,6872,6254,5797,235,1562,235,5789
GENE.3763,chr12;chr12;chr12;chr12,427272;427486;427721;427910,427386;427557;427791;427978,+;+;+;+,327,0,0,1,0,27,0,0,0,27
GENE.3764,chr12,428495,432880,-,4386,11504,11362,11397,11042,10595,773,3240,773,10563
GENE.3765,chr12,436092,438470,+,2379,0,22,4,0,99,1,106,1,98
GENE.3766,chr12;chr12;chr12,439711;439852;442055,439738;441884;442858,+;+;+,2865,12140,12048,11930,11784,9978,767,3245,767,9976
GENE.3767,chr12;chr12;chr12;chr12,439711;439852;441085;442055,439738;440898;441884;442858,+;+;+;+,2679,11796,11703,11598,11322,9861,767,3213,767,9859
GENE.3768,chr12,443680,444987,+,1308,0,2,3,0,61,0,10,0,61
GENE.3769,chr12;chr12;chr12;chr12;chr12;chr12;chr12,445625;445757;446209;446521;446646;447050;447225,445642;446041;446403;446546;446687;447084;447268,+;+;+;+;+;+;+,645,0,1,2,0,32,0,16,0,32
GENE.377,chr2,475242,477074,+,1833,5118,5101,5111,4960,4858,326,1361,326,4858
GENE.3770,chr12,447381,447950,-,570,92,90,97,90,115,4,21,4,115
GENE.3771,chr12,448772,451339,-,2568,23888,23690,23418,21252,19635,1518,5995,1518,19623
GENE.3772,chr12;chr12,452595;453386,453171;453828,+;+,1020,496,492,481,442,382,8,131,8,382
GENE.3773,chr12,455304,456236,-,933,2476,2472,2466,2406,2213,194,592,194,2213
GENE.3774,chr12,458677,461679,-,3003,7198,7097,7015,6358,6064,415,1827,415,6046
GENE.3775,chr12,465115,465744,+,630,0,1,6,0,45,0,13,0,45
GENE.3776,chr12,466602,469307,-,2706,5564,5548,5508,5230,5107,360,1567,360,5100
GENE.3777,chr12,470229,471545,+,1317,5668,5625,5593,5576,4993,324,1342,324,4991
GENE.3778,chr12,472260,475457,-,3198,1214,1229,1206,1048,1030,71,434,71,1025
GENE.3779,chr12;chr12;chr12,476577;476778;476948,476680;476831;478370,-;-;-,1581,602,599,601,564,564,55,260,55,563
GENE.378,chr2;chr2;chr2,477432;478927;479089,478704;479003;479091,-;-;-,1353,2193,2170,2169,1897,1739,122,539,122,1739
GENE.3780,chr12,479489,479588,-,100,0,0,0,0,5,1,0,1,5
GENE.3781,chr12;chr12;chr12;chr12;chr12;chr12;chr12;chr12,480593;481540;481782;481959;482180;482343;482563;482708,481389;481657;481880;482000;482239;482393;482622;482806,+;+;+;+;+;+;+;+,1326,1189,1181,1160,1098,912,60,319,60,912
GENE.3782,chr12;chr12;chr12,484065;484285;484699,484187;484492;489902,+;+;+,5535,12375,12468,12313,12203,10850,640,3364,640,10840
GENE.3783,chr12,490862,491557,+,696,1536,1532,1516,1288,1239,40,309,40,1239
GENE.3784,chr12,491893,497388,-,5496,0,16,13,0,238,0,55,0,236
GENE.3785,chr12;chr12;chr12;chr12,498524;498690;498877;502184,498591;498765;502094;502229,-;-;-;-,3408,964,960,970,898,957,46,299,46,956
GENE.3786,chr12;chr12;chr12;chr12,505344;505685;505958;506400,505449;505786;506221;506662,+;+;+;+,735,254,254,252,239,281,12,55,12,281
GENE.3787,chr12,507808,508971,-,1164,0,4,3,0,37,1,6,1,37
GENE.3788,chr12;chr12,510323;519288,519058;519437,+;+,8886,24080,23993,23832,22806,21721,1704,7384,1704,21706
GENE.3789,chr12;chr12;chr12;chr12,521687;523808;524190;524401,523638;523952;524299;524470,+;+;+;+,2277,587,583,587,553,632,54,179,54,632
GENE.379,chr2;chr2;chr2,480100;480783;481194,480595;480983;481432,+;+;+,936,225,226,220,226,237,4,55,4,237
GENE.3790,chr12;chr12,526109;526663,526136;527780,+;+,1146,3328,5207,6158,14528,11074,829,689,182,10854
GENE.3791,chr12,529005,532799,-,3795,8898,8862,8774,7980,7598,424,2099,424,7598
GENE.3792,chr12;chr12;chr12,534912;535231;535619,535061;535401;535915,-;-;-,618,0,1,0,0,51,0,0,0,51
GENE.3793,chr12,536951,538627,+,1677,0,14,27,0,63,0,168,0,62
GENE.3794,chr12,540725,542932,-,2208,0,1,12,0,94,0,100,0,94
GENE.3795,chr12;chr12;chr12;chr12;chr12;chr12;chr12;chr12;chr12,543518;543756;544004;544359;544934;545455;547752;548084;548373,543611;543857;544219;544638;545259;547656;547986;548224;548532,+;+;+;+;+;+;+;+;+,3756,0,5,19,0,141,0,212,0,141
GENE.3796,chr12,549888,550910,+,1023,202,204,208,188,209,11,108,11,209
GENE.3797,chr12,552102,553853,-,1752,0,0,1,0,59,1,24,1,59
GENE.3798,chr12;chr12;chr12;chr12,555820;556000;556318;556679,555900;556147;556460;556762,-;-;-;-,456,24,22,25,30,33,0,54,0,33
GENE.3799,chr12;chr12;chr12,556085;556318;556679,556136;556460;556762,-;-;-,279,18,16,18,20,20,0,49,0,20
GENE.38,chrX,17,88,-,72,0,0,0,0,1,0,0,0,1
GENE.380,chr2,483436,488970,+,5535,0,75,103,0,173,0,91,0,170
GENE.3800,chr12,558047,562180,-,4134,16796,16709,16473,14936,14388,690,3883,690,14315
GENE.3801,chr12,565966,566931,+,966,0,0,0,0,49,0,0,0,49
GENE.3802,chr12,568569,571835,-,3267,0,9,11,0,125,0,228,0,124
GENE.3803,chr12,575540,576292,+,753,648,640,636,622,542,36,185,36,540
GENE.3804,chr12,576417,576580,-,164,0,0,0,0,12,0,0,0,12
GENE.3805,chr12,577529,578365,+,837,160,163,161,148,167,10,48,10,167
GENE.3806,chr12;chr12,578470;578760,578647;578917,-;-,336,16,16,17,14,35,1,15,1,35
GENE.3807,chr12,579595,581325,-,1731,7124,7102,7088,6918,6891,550,2206,550,6891
GENE.3808,chr12;chr12,583089;584889,584750;585323,+;+,2097,0,1,6,0,71,0,93,0,71
GENE.3809,chr12,586809,587090,+,282,0,0,0,0,20,0,0,0,20
GENE.381,chr2;chr2,489904;490125,489977;490818,-;-,768,0,0,1,0,25,0,0,0,25
GENE.3810,chr12;chr12;chr12,588128;588541;588824,588260;588686;588982,-;-;-,438,147,148,143,135,139,10,58,10,139
GENE.3811,chr12,590194,592434,-,2241,5310,5278,5211,4470,4102,234,1153,234,4098
GENE.3812,chr12;chr12,595167;595448,595251;598776,-;-,3414,2216,2200,2192,1982,1972,148,630,148,1970
GENE.3813,chr12;chr12,600954;601317,601146;601564,-;-,441,719,718,717,620,567,4,131,4,567
GENE.3814,chr12;chr12;chr12;chr12,602428;605428;606680;606852,605267;606525;606752;606962,+;+;+;+,4122,0,6,7,0,189,0,104,0,186
GENE.3815,chr12;chr12,607379;607581,607489;608006,-;-,537,616,616,614,622,651,117,298,117,651
GENE.3816,chr12;chr12,608542;609181,609010;610013,-;-,1302,0,0,3,0,48,0,18,0,48
GENE.3817,chr12;chr12,610271;610458,610321;610769,-;-,363,4,5,4,4,21,0,2,0,21
GENE.3818,chr12;chr12;chr12;chr12;chr12;chr12,611892;612243;612485;612658;612861;613098,612114;612392;612513;612747;612898;613128,+;+;+;+;+;+,561,0,0,1,0,24,0,7,0,24
GENE.3819,chr12;chr12;chr12;chr12;chr12,613561;613804;614030;614275;614565,613675;613933;614133;614392;614574,-;-;-;-;-,477,22,22,22,22,41,1,4,1,41
GENE.382,chr2;chr2;chr2,492616;492831;493252,492689;492985;494306,+;+;+,1284,3293,3248,3222,2731,2540,257,978,257,2540
GENE.3820,chr12,615636,616100,+,465,206,205,201,172,155,1,17,1,155
GENE.3821,chr12;chr12;chr12,616782;617032;617238,616910;617082;617387,+;+;+,330,2,3,3,0,15,0,0,0,15
GENE.3822,chr12;chr12;chr12;chr12;chr12,618764;619043;619359;619712;620028,618940;619156;619562;619870;620111,+;+;+;+;+,738,0,1,0,0,23,0,0,0,23
GENE.3823,chr12,621125,621775,+,651,130,130,129,120,122,2,36,2,122
GENE.3824,chr12;chr12,623126;626177,625890;626273,+;+,2862,5410,5379,5376,4988,4774,319,1573,319,4770
GENE.3825,chr12,627361,628203,+,843,924,918,921,814,775,56,208,56,775
GENE.3826,chr12;chr12;chr12,629009;629318;629665,629185;629449;629667,-;-;-,312,0,0,0,0,14,0,3,0,14
GENE.3827,chr12,631161,633011,-,1851,0,5,7,0,67,0,73,0,65
GENE.3828,chr12;chr12;chr12,633892;634253;634495,633951;634351;634545,-;-;-,210,14,14,14,14,18,2,4,2,18
GENE.3829,chr12,635035,635457,+,423,238,234,235,236,233,11,135,11,233
GENE.383,chr2;chr2;chr2,495166;495882;501855,495681;501641;507854,-;-;-,12276,0,29,57,0,313,1,218,1,310
GENE.3830,chr12,635538,638879,-,3342,2180,2170,2170,1990,2025,142,879,142,2021
GENE.3831,chr12,639395,640495,+,1101,558,566,554,506,495,23,318,23,494
GENE.3832,chr12,641552,643519,+,1968,0,4,10,0,84,0,118,0,75
GENE.3833,chr12,644539,646395,+,1857,16270,16212,16196,15970,15266,1708,5495,1708,15266
GENE.3834,chr12,646979,647860,+,882,0,0,3,0,35,0,95,0,35
GENE.3835,chr12;chr12;chr12;chr12;chr12,648889;649105;649660;649969;650388,648933;649563;649791;650271;650552,+;+;+;+;+,1104,1983,1976,1964,1899,1853,235,667,235,1853
GENE.3836,chr12,651398,651856,-,459,110,110,110,116,125,14,40,14,125
GENE.3837,chr12,653670,656435,+,2766,0,10,14,0,118,0,101,0,116
GENE.3838,chr12,657339,658004,-,666,0,1,0,0,22,0,0,0,22
GENE.3839,chr12,659738,660286,-,549,266,265,264,246,278,21,94,21,278
GENE.384,chr2;chr2,509525;516327,516077;521746,+;+,11973,4562,4564,4527,4258,4154,258,1569,258,4130
GENE.3840,chr12,663061,666282,+,3222,0,1,3,0,108,0,145,0,108
GENE.3841,chr12,666884,666955,+,72,0,0,3,0,2,0,0,0,2
GENE.3842,chr12,670447,673266,+,2820,794,793,790,716,816,48,341,48,816
GENE.3843,chr12,674349,674777,-,429,0,0,1,0,21,0,11,0,21
GENE.3844,chr12;chr12;chr12;chr12;chr12;chr12;chr12;chr12,675456;675766;675941;676176;676428;676646;676972;677228,675558;675825;676073;676226;676514;676814;677003;677576,-;-;-;-;-;-;-;-,984,325,320,315,299,279,16,93,16,279
GENE.3845,chr12;chr12;chr12;chr12;chr12;chr12;chr12,675456;675941;676176;676428;676646;676972;677228,675558;676073;676226;676514;676814;677003;677576,-;-;-;-;-;-;-,924,321,315,310,293,273,15,92,15,273
GENE.3846,chr12,678602,681961,+,3360,0,9,15,0,124,0,122,0,119
GENE.3847,chr12,682837,685722,+,2886,300,340,366,446,459,15,253,15,459
GENE.3848,chr12,686307,688871,-,2565,954,953,956,902,980,90,544,90,979
GENE.3849,chr12,693067,693711,+,645,304,304,302,316,305,31,130,31,305
GENE.385,chr2;chr2,522931;523471,523154;523999,+;+,753,0,2,2,0,34,0,0,0,34
GENE.3850,chr12,695559,696455,+,897,292,291,293,238,251,15,81,15,251
GENE.3851,chr12,696895,698457,-,1563,6958,6700,6635,7240,5575,392,1572,392,5570
GENE.3852,chr12,698771,699013,-,243,0,1,0,0,24,0,0,0,24
GENE.3853,chr12;chr12;chr12,700531;700722;700905,700583;700813;702211,+;+;+,1452,126,123,127,98,161,13,35,13,161
GENE.3854,chr12,703895,704953,+,1059,0,0,0,0,48,0,0,0,48
GENE.3855,chr12;chr12;chr12;chr12;chr12,706227;707282;707635;707976;708142,707148;707464;707790;708051;708196,+;+;+;+;+,1392,1315,1298,1226,967,776,30,305,30,776
GENE.3856,chr12;chr12;chr12,708936;709182;709397,708983;709269;715665,-;-;-,6405,24081,23947,23779,22558,21341,1659,6961,1659,21339
GENE.3857,chr12,717955,719820,+,1866,4158,4150,4138,3914,3681,179,1036,179,3681
GENE.3858,chr12;chr12;chr12;chr12;chr12;chr12;chr12;chr12;chr12;chr12,720886;721098;721339;721587;721723;721990;722175;722304;722555;722762,720978;721168;721449;721628;721856;722051;722212;722429;722627;723448,-;-;-;-;-;-;-;-;-;-,1437,2174,2149,2108,1778,1573,70,588,70,1573
GENE.3859,chr12;chr12;chr12;chr12;chr12,725841;726037;726219;726527;729189,725863;726112;726370;728812;729837,-;-;-;-;-,3186,6087,6050,5996,5349,5290,217,1094,217,5290
GENE.386,chr2,524700,526043,-,1344,4098,4073,4028,3610,3501,292,1419,292,3491
GENE.3860,chr12;chr12;chr12;chr12;chr12;chr12;chr12,732174;732321;732579;732840;733086;733330;734830,732218;732447;732681;732929;733205;734487;734959,-;-;-;-;-;-;-,1773,14257,14185,13988,12648,11481,304,3115,304,11479
GENE.3861,chr12,736335,737825,-,1491,1014,1008,1016,988,1015,45,352,45,1015
GENE.3862,chr12;chr12;chr12;chr12;chr12;chr12;chr12;chr12,738357;738886;739048;739214;739468;739604;739742;740084,738730;738954;739107;739262;739524;739646;739967;740255,-;-;-;-;-;-;-;-,1050,1015,1013,1003,1005,1013,55,294,55,1013
GENE.3863,chr12,740994,743147,-,2154,1392,1393,1371,1278,1196,98,476,98,1194
GENE.3864,chr12,746002,754926,+,8925,0,14,23,0,372,0,471,0,369
GENE.3865,chr12,757649,763642,+,5994,0,14,32,0,260,0,388,0,259
GENE.3866,chr12,764448,765151,+,704,1458,1455,1456,1340,1374,151,556,151,1374
GENE.3867,chr12;chr12,766654;768756,767982;774197,-;-,6771,12966,12879,12771,11768,11496,787,3611,787,11491
GENE.3868,chr12;chr12;chr12,776510;778065;778834,778062;778831;779933,-;-;-,3420,0,2,14,0,105,0,21,0,105
GENE.3869,chr12,784018,784830,+,813,286,283,285,244,255,23,93,23,255
GENE.387,chr2,528249,531923,+,3675,18834,18773,18531,17546,15939,1134,4986,1134,15933
GENE.3870,chr12;chr12;chr12;chr12,785571;785811;786023;790624,785663;785885;790472;790673,-;-;-;-,4668,0,3,8,0,189,0,73,0,187
GENE.3871,chr12,792877,793449,-,573,222,222,222,214,232,39,85,39,232
GENE.3872,chr12,795157,795318,+,162,0,0,1,0,8,0,0,0,8
GENE.3873,chr12,796500,797183,+,684,1514,1511,1506,1410,1462,87,536,87,1462
GENE.3874,chr12,798304,799611,-,1308,7234,7130,7074,5994,5718,265,1570,265,5718
GENE.3875,chr12,802544,804400,+,1857,88,89,95,80,130,5,52,5,130
GENE.3876,chr12;chr12;chr12;chr12;chr12;chr12;chr12;chr12,804963;805081;805414;805492;805933;806425;806470;806584,805078;805412;805489;805930;806422;806467;806582;806698,-;-;-;-;-;-;-;-,1724,2220,2208,2157,2306,1900,135,599,135,1898
GENE.3877,chr12;chr12;chr12;chr12;chr12,807560;808039;815431;815911;816166,807903;815317;815782;816014;816204,+;+;+;+;+,8118,31640,31284,30842,28412,25620,1909,8511,1909,25587
GENE.3878,chr12,816909,818468,+,1560,0,4,5,0,66,0,71,0,66
GENE.3879,chr12,818703,819659,-,957,464,464,461,444,424,18,117,18,424
GENE.388,chr2,533253,534350,+,1098,0,0,2,0,28,0,0,0,28
GENE.3880,chr12;chr12;chr12;chr12,820586;821074;821529;822013,820814;821425;821778;822198,+;+;+;+,1017,0,1,8,0,32,0,15,0,32
GENE.3881,chr12;chr12;chr12;chr12,822958;823586;823870;824145,823234;823681;823985;824204,-;-;-;-,549,336,337,338,322,318,25,98,25,318
GENE.3882,chr12,825697,827712,-,2016,0,10,7,0,69,0,97,0,68
GENE.3883,chr12,831252,832052,-,801,824,819,822,776,737,48,270,48,737
GENE.3884,chr12,836912,843901,-,6990,3034,3029,3009,2670,2791,185,1030,185,2776
GENE.3885,chr12;chr12;chr12;chr12;chr12;chr12;chr12;chr12;chr12;chr12,847437;847635;847891;848025;848183;848476;848679;848849;849008;849145,847539;847717;847927;848062;848367;848573;848746;848920;849067;849183,+;+;+;+;+;+;+;+;+;+,783,0,2,2,0,31,0,31,0,31
GENE.3886,chr12;chr12;chr12;chr12,849840;850073;850302;850577,849867;850188;850402;850652,+;+;+;+,321,0,0,1,0,14,0,6,0,14
GENE.3887,chr12;chr12;chr12;chr12;chr12;chr12;chr12;chr12;chr12,851012;851900;852122;852353;852740;853099;853971;854267;854518,851720;851970;852195;852486;852815;853774;854050;854360;854739,-;-;-;-;-;-;-;-;-,2136,1925,1924,1894,1915,1716,138,739,138,1716
GENE.3888,chr12,857097,858671,+,1575,0,0,1,0,51,0,7,0,51
GENE.3889,chr12,860262,862790,+,2529,1506,1483,1503,1442,1372,94,557,94,1358
GENE.389,chr2,535646,536146,+,501,486,483,485,454,378,8,78,8,378
GENE.3890,chr12,863810,865186,+,1377,0,41,88,0,36,0,256,0,32
GENE.3891,chr12;chr12,865726;868488,868373;868581,+;+,2742,2644,2638,2622,2554,2418,177,811,177,2417
GENE.3892,chr12,869260,871368,+,2109,52,53,55,52,135,1,24,1,135
GENE.3893,chr12,872361,874940,-,2580,0,5,9,0,97,0,40,0,97
GENE.3894,chr12,876916,878625,-,1710,0,4,10,0,74,0,0,0,74
GENE.3895,chr12,879630,881186,-,1557,3756,3719,3700,3312,3067,221,854,221,3067
GENE.3896,chr12,881970,882114,-,145,0,0,1,0,3,0,6,0,3
GENE.3897,chr12,883567,886032,-,2466,4514,4509,4485,4084,4066,316,1363,316,4066
GENE.3898,chr12,890581,898257,+,7677,45584,45059,44929,42526,39384,3082,13752,3082,39329
GENE.3899,chr12;chr12;chr12;chr12;chr12;chr12;chr12,899198;899552;899690;899862;900052;900279;900959,899442;899618;899741;899938;900137;900377;901076,-;-;-;-;-;-;-,744,1830,1808,1756,1527,1223,82,471,82,1223
GENE.39,chrX,236,1662,-,1427,558,536,492,508,407,22,40,22,407
GENE.390,chr2;chr2;chr2,537789;538286;538849,537797;538691;539420,+;+;+,987,2309,2287,2185,1752,1544,78,415,78,1544
GENE.3900,chr12,907203,914501,+,7299,0,76,133,0,290,0,1783,0,273
GENE.3901,chr12,918722,919336,+,615,1536,1532,1526,1458,1418,103,410,103,1418
GENE.3902,chr12;chr12;chr12;chr12;chr12;chr12;chr12,920790;921058;921262;921598;921900;922147;922291,920927;921111;921375;921806;921984;922212;922416,-;-;-;-;-;-;-,792,0,0,3,0,40,0,43,0,38
GENE.3903,chr12;chr12,923527;925090,924923;925198,+;+,1506,1526,1519,1503,1396,1339,106,438,106,1339
GENE.3904,chr12;chr12;chr12;chr12,925375;925513;925842;926127,925416;925709;925884;926249,-;-;-;-,405,649,649,646,793,687,81,277,81,687
GENE.3905,chr12;chr12;chr12,927825;929035;929972,928825;929339;929991,-;-;-,1326,0,1,1,0,71,0,0,0,71
GENE.3906,chr12,932917,934281,+,1365,0,0,7,0,52,0,21,0,52
GENE.3907,chr12,934971,938639,-,3669,17246,17120,17000,16436,14861,1189,4479,1189,14842
GENE.3908,chr12;chr12;chr12;chr12;chr12;chr12,941125;944949;945449;945926;946392;946620,944802;945251;945802;946233;946479;946745,+;+;+;+;+;+,4857,13418,13321,13190,12254,11370,790,3821,790,11363
GENE.3909,chr12;chr12;chr12;chr12,946864;947056;947400;947689,946905;947135;947514;960969,-;-;-;-,13518,0,30,96,0,569,2,415,2,559
GENE.391,chr2;chr2,540409;540877,540696;540969,-;-,381,15,13,13,12,24,0,1,0,24
GENE.3910,chr12;chr12,962631;966956,966777;967491,-;-,4683,19768,19700,19634,19004,18251,1881,6680,1881,18208
GENE.3911,chr12;chr12,968980;969954,969681;970073,+;+,822,0,1,6,0,21,0,8,0,21
GENE.3912,chr12,971268,972194,+,927,1062,1061,1056,1116,1097,103,563,103,1094
GENE.3913,chr12,972710,973393,-,684,936,935,931,914,909,94,280,94,906
GENE.3914,chr12,974372,975541,+,1170,1322,1320,1320,1276,1262,127,432,127,1262
GENE.3915,chr12;chr12;chr12;chr12,976820;977050;977372;977767,976926;977232;977537;977889,-;-;-;-,579,0,0,1,0,28,0,1,0,28
GENE.3916,chr12;chr12;chr12;chr12;chr12,981301;983673;984011;984259;984412,983370;983843;984118;984305;984475,+;+;+;+;+,2460,0,2,8,0,82,0,27,0,82
GENE.3917,chr12,988628,991255,+,2628,6128,6112,6060,5508,5489,340,1597,340,5487
GENE.3918,chr12;chr12,994255;995751,995354;996438,+;+,1788,1627,1602,1554,1279,1208,85,410,85,1208
GENE.3919,chr12;chr12,998353;998712,998610;999275,+;+,822,0,0,0,0,54,0,18,0,54
GENE.392,chr2;chr2;chr2,541086;541224;541445,541131;541310;541548,-;-;-,237,0,0,0,0,13,0,0,0,13
GENE.3920,chr12;chr12;chr12;chr12;chr12,1000679;1000873;1001227;1001456;1001837,1000795;1000981;1001313;1001729;1001945,-;-;-;-;-,696,0,2,1,0,34,0,23,0,34
GENE.3921,chr12,1003201,1007586,-,4386,11474,11435,11378,10584,9972,723,3420,723,9962
GENE.3922,chr12,1009289,1010251,+,963,466,456,453,416,434,14,172,14,434
GENE.3923,chr12;chr12,1010832;1011287,1011096;1011342,-;-,321,4,4,4,6,9,0,13,0,9
GENE.3924,chr12;chr12;chr12,1012310;1012558;1014395,1012400;1014199;1017848,-;-;-,5187,0,8,20,0,225,0,69,0,225
GENE.3925,chr12;chr12;chr12;chr12,1018506;1018930;1020154;1023921,1018780;1019965;1023845;1024008,+;+;+;+,5091,0,12,33,0,191,0,127,0,189
GENE.3926,chr12,1024455,1028018,-,3564,5766,5732,5696,5294,4922,409,2193,409,4890
GENE.3927,chr12;chr12,1029862;1031178,1030691;1031388,+;+,1041,7540,7492,7446,7323,6929,512,2420,512,6915
GENE.3928,chr12,1031825,1032565,-,741,0,11,4,10,24,0,1,0,24
GENE.3929,chr12;chr12,1033551;1034866,1034635;1035112,+;+,1332,0,5,2,0,61,0,112,0,60
GENE.393,chr2;chr2;chr2;chr2,541811;542425;543101;543724,541919;542933;543430;543807,+;+;+;+,1032,14,15,24,11,40,0,2,0,40
GENE.3930,chr12;chr12;chr12;chr12;chr12,1035261;1035417;1035571;1035955;1036217,1035316;1035486;1035731;1036074;1038155,-;-;-;-;-,2346,2413,2411,2416,2387,2248,160,810,160,2248
GENE.3931,chr12,1039410,1043915,-,4506,8934,8885,8784,8150,7758,522,2489,522,7748
GENE.3932,chr12;chr12;chr12,1045995;1046279;1049560,1046018;1049405;1049831,+;+;+,3423,10825,10745,10622,9908,8876,652,3528,652,8875
GENE.3933,chr12,1050280,1052400,-,2121,0,8,18,0,70,0,259,0,69
GENE.3934,chr12;chr12,1053296;1053844,1053583;1056282,-;-,2727,22811,22650,22357,19970,18209,1160,5440,1160,18209
GENE.3935,chr12,1058202,1059152,+,951,1044,1049,1049,1042,1040,135,381,135,1040
GENE.3936,chr12,1059718,1061469,-,1752,1398,1393,1394,1324,1228,76,468,76,1228
GENE.3937,chr12,1065796,1066683,+,888,518,517,515,478,499,23,97,23,499
GENE.3938,chr12;chr12;chr12;chr12;chr12,1067470;1067662;1067850;1069526;1071070,1067508;1067707;1069048;1070572;1071309,-;-;-;-;-,2571,5315,5283,5233,4748,4533,254,1444,254,4532
GENE.3939,chr12,1072459,1076976,+,4518,0,16,22,0,232,0,246,0,225
GENE.394,chr2;chr2;chr2;chr2;chr2,543802;544050;544624;545563;545812,543891;544386;545409;545648;545895,-;-;-;-;-,1383,3653,3644,3607,3534,3225,224,930,224,3225
GENE.3940,chr12;chr12,1077868;1078598,1078483;1078776,-;-,795,0,0,8,0,45,0,0,0,45
GENE.3941,chr12,1081198,1083108,+,1911,6074,6047,5986,5580,5255,383,1942,383,5255
GENE.3942,chr12;chr12;chr12;chr12;chr12,1085387;1085858;1086685;1086909;1087193,1085467;1086583;1086795;1087064;1087264,+;+;+;+;+,1146,0,0,1,0,47,1,0,1,47
GENE.3943,chr12,1088536,1090023,-,1488,3150,3123,3115,2872,2775,215,871,215,2775
GENE.3944,chr12,1092160,1092651,-,492,0,1,1,0,20,0,0,0,20
GENE.3945,chr12,1093543,1095771,-,2229,9586,9529,9396,9412,7932,380,2449,380,7901
GENE.3946,chr12;chr12,1098129;1104197,1104002;1104223,+;+,5901,9139,9087,9053,8565,7929,531,2682,531,7926
GENE.3947,chr12,1105251,1108739,+,3489,11314,11273,11253,11252,10073,663,3587,651,10059
GENE.3948,chr12,1109151,1112669,-,3519,0,28,53,0,224,0,99,0,197
GENE.3949,chr12;chr12,1114025;1114925,1114767;1121093,-;-,6912,14532,14538,14473,14520,13414,882,4673,882,13403
GENE.395,chr2;chr2;chr2;chr2;chr2;chr2;chr2;chr2;chr2;chr2;chr2;chr2,546482;546928;547175;547426;547638;547846;548039;548369;548583;548861;549432;553897,546784;547043;547307;547548;547757;547890;548216;548431;548708;549258;553685;555294,-;-;-;-;-;-;-;-;-;-;-;-,7257,0,12,31,0,202,4,118,4,202
GENE.3950,chr12;chr12,1124788;1128124,1127918;1128340,+;+,3348,10248,10368,10122,10556,9392,526,3172,526,9361
GENE.3951,chr12;chr12;chr12,1128939;1129870;1131137,1129712;1130861;1131686,-;-;-,2316,0,6,4,0,105,0,72,0,105
GENE.3952,chr12,1134370,1137648,-,3279,0,3,14,0,177,0,156,0,177
GENE.3953,chr12,1138608,1140302,+,1695,8866,9708,9005,10768,9495,409,2284,409,9491
GENE.3954,chr12,1140943,1141386,+,444,330,329,330,306,315,35,136,35,315
GENE.3955,chr12;chr12;chr12,1141583;1142301;1142922,1142199;1142754;1143194,-;-;-,1344,3672,3657,3588,3425,3017,141,861,141,3016
GENE.3956,chr12,1143660,1146116,+,2457,0,4,19,0,101,0,435,0,100
GENE.3957,chr12;chr12,1148111;1151233,1151055;1151461,+;+,3174,6522,6665,6426,6090,5446,315,1621,247,5328
GENE.3958,chr12,1153352,1157557,+,4206,10874,15860,15354,11048,8624,847,2677,847,8606
GENE.3959,chr12;chr12;chr12,1158554;1158709;1158953,1158582;1158799;1160062,+;+;+,1230,4270,4218,4093,3666,3248,261,1052,261,3248
GENE.396,chr2;chr2,557048;557523,557338;557696,+;+,465,621,610,595,567,482,65,228,65,482
GENE.3960,chr12,1160729,1162960,-,2232,11186,11124,11094,10866,10336,1230,4102,1230,10332
GENE.3961,chr12;chr12,1165508;1168931,1168697;1169148,+;+,3408,10361,10296,10242,9603,9351,697,2838,697,9349
GENE.3962,chr12,1169557,1179186,-,9630,0,69,116,0,389,0,532,0,377
GENE.3963,chr12;chr12;chr12;chr12;chr12;chr12;chr12;chr12;chr12;chr12;chr12;chr12;chr12;chr12;chr12;chr12;chr12;chr12;chr12;chr12;chr12,1180670;1180921;1181101;1181381;1181550;1181769;1181969;1182255;1182410;1182591;1182793;1183040;1183211;1183572;1183733;1184027;1184353;1184517;1184676;1184899;1185235,1180760;1180988;1181232;1181457;1181618;1181853;1182130;1182275;1182478;1182716;1182897;1183103;1183421;1183632;1183930;1184167;1184412;1184564;1184763;1185056;1185483,-;-;-;-;-;-;-;-;-;-;-;-;-;-;-;-;-;-;-;-;-,2283,1438,1434,1427,1402,1413,133,551,133,1411
GENE.3964,chr12,1186415,1191919,+,5505,0,7,21,0,208,1,106,1,208
GENE.3965,chr12,1192888,1199214,-,6327,21804,21674,21417,20118,19553,1706,6970,1706,19533
GENE.3966,chr12,1203582,1204752,+,1171,3906,3902,3864,4418,3675,324,1154,323,3661
GENE.3967,chr12,1204991,1207963,+,2973,0,24,27,0,102,0,180,0,100
GENE.3968,chr12;chr12,1208912;1209271,1208990;1209542,+;+,351,27,27,30,33,44,10,24,10,44
GENE.3969,chr12;chr12,1211788;1212022,1211874;1213563,+;+,1629,4963,4919,4856,4121,3709,113,1066,113,3709
GENE.397,chr2,558585,560594,+,2010,0,1,14,0,58,0,17,0,58
GENE.3970,chr12;chr12,1214043;1214321,1214139;1217715,-;-,3492,0,11,16,0,148,0,237,0,142
GENE.3971,chr12;chr12;chr12,1218181;1218486;1218692,1218261;1218578;1218766,+;+;+,249,0,0,0,0,8,0,0,0,8
GENE.3972,chr12;chr12;chr12;chr12,1219136;1219363;1219634;1226219,1219222;1219432;1226054;1226465,-;-;-;-,6825,0,15,42,0,288,0,75,0,283
GENE.3973,chr12;chr12;chr12;chr12;chr12;chr12;chr12;chr12;chr12;chr12;chr12;chr12;chr12;chr12;chr12;chr12;chr12;chr12;chr12;chr12;chr12;chr12;chr12;chr12,1228063;1228466;1228776;1228936;1229193;1229345;1229499;1229650;1229792;1229989;1230237;1230511;1230672;1230901;1231110;1231269;1231550;1231694;1231853;1232057;1232200;1232457;1232723;1232970,1228377;1228549;1228853;1229079;1229249;1229402;1229545;1229677;1229832;1230085;1230325;1230569;1230744;1230999;1231180;1231392;1231618;1231750;1231917;1232105;1232323;1232560;1232827;1233005,-;-;-;-;-;-;-;-;-;-;-;-;-;-;-;-;-;-;-;-;-;-;-;-,2073,0,2,8,0,130,0,71,0,130
GENE.3974,chr12;chr12;chr12;chr12;chr12;chr12;chr12;chr12;chr12;chr12;chr12;chr12;chr12;chr12;chr12;chr12;chr12;chr12;chr12;chr12;chr12;chr12;chr12,1228063;1228466;1228776;1228936;1229345;1229499;1229650;1229792;1229989;1230237;1230511;1230672;1230901;1231110;1231269;1231550;1231694;1231853;1232057;1232200;1232457;1232723;1232970,1228377;1228549;1228853;1229079;1229402;1229545;1229677;1229832;1230085;1230325;1230569;1230744;1230999;1231180;1231392;1231618;1231750;1231917;1232105;1232323;1232560;1232827;1233005,-;-;-;-;-;-;-;-;-;-;-;-;-;-;-;-;-;-;-;-;-;-;-,2016,0,2,8,0,127,0,71,0,127
GENE.3975,chr12;chr12;chr12;chr12;chr12;chr12;chr12;chr12;chr12;chr12;chr12,1233696;1234050;1234391;1234715;1234905;1235195;1235565;1235767;1236114;1236376;1241189,1233934;1234227;1234529;1234790;1235014;1235360;1235649;1235957;1236241;1240970;1241287,+;+;+;+;+;+;+;+;+;+;+,6006,43230,44551,42339,41406,36866,2036,11144,2033,36823
GENE.3976,chr12,1242025,1243599,-,1575,3176,3171,3160,3006,3068,361,1089,361,3063
GENE.3977,chr12;chr12;chr12,1245535;1245921;1248520,1245634;1248517;1249170,+;+;+,3348,0,7,22,0,117,0,161,0,109
GENE.3978,chr12;chr12,1249768;1250037,1249923;1250657,-;-,777,1227,1225,1182,1049,912,17,229,17,912
GENE.3979,chr12;chr12;chr12;chr12;chr12,1251914;1252354;1252591;1252818;1253005,1252224;1252480;1252629;1252901;1253067,-;-;-;-;-,624,170,170,168,171,160,13,51,13,160
GENE.398,chr2,561122,564622,-,3501,6208,6217,6044,5828,5448,383,1685,383,5430
GENE.3980,chr12,1253973,1255481,-,1509,0,2,3,0,65,0,2,0,65
GENE.3981,chr12;chr12,1256690;1257210,1256925;1258104,+;+,1131,0,1,2,0,63,0,14,0,63
GENE.3982,chr12,1259620,1262088,+,2469,2142,2145,2136,2036,2024,163,978,163,2023
GENE.3983,chr12;chr12,1263661;1263929,1263750;1265593,+;+,1755,0,3,12,0,79,0,163,0,79
GENE.3984,chr12,1267368,1270181,+,2814,0,14,8,0,101,0,54,0,101
GENE.3985,chr12;chr12;chr12;chr12;chr12;chr12;chr12;chr12,1271140;1271254;1271444;1271651;1271809;1271959;1272176;1272655,1271154;1271313;1271566;1271712;1271858;1272065;1272488;1274855,+;+;+;+;+;+;+;+,2931,0,17,20,0,126,0,141,0,125
GENE.3986,chr12;chr12;chr12;chr12;chr12;chr12;chr12,1276257;1276437;1276750;1276973;1277287;1277491;1277688,1276305;1276575;1276833;1277174;1277355;1277542;1277734,+;+;+;+;+;+;+,642,313,313,308,311,366,34,168,34,366
GENE.3987,chr12,1278460,1279611,-,1152,0,1,2,0,64,0,0,0,64
GENE.3988,chr12,1286498,1289356,-,2859,2592,2587,2559,2264,2216,130,724,130,2216
GENE.3989,chr12;chr12;chr12,1290685;1291107;1296898,1290882;1296571;1297069,-;-;-,5835,5808,5723,5635,4966,4502,211,1431,211,4500
GENE.399,chr2;chr2,566121;566269,566123;567894,+;+,1629,256,256,254,232,282,14,74,14,282
GENE.3990,chr12,1299608,1300027,+,420,166,166,166,172,186,10,44,10,183
GENE.3991,chr12,1301098,1304604,-,3507,0,7,1,0,166,1,47,1,166
GENE.3992,chr12;chr12,1306524;1306835,1306593;1306968,-;-,204,3,3,3,3,14,0,2,0,14
GENE.3993,chr12,1314696,1320170,+,5475,0,53,69,0,221,0,1923,0,211
GENE.3994,chr12,1321980,1325240,+,3261,16178,16035,15799,14632,13109,905,3849,905,13109
GENE.3995,chr12;chr12,1325484;1325759,1325573;1327339,-;-,1671,329,338,324,305,370,37,252,37,370
GENE.3996,chr12;chr12,1328311;1330355,1329450;1331371,-;-,2157,0,5,7,0,103,0,60,0,103
GENE.3997,chr12;chr12,1333134;1333429,1333204;1334896,+;+,1539,10197,10180,10124,9537,9174,477,2921,477,9174
GENE.3998,chr12;chr12;chr12,1336272;1336605;1337124,1336425;1336834;1337213,+;+;+,474,38,39,41,38,53,11,56,11,53
GENE.3999,chr12,1337710,1338816,-,1107,1454,1452,1435,1374,1237,38,280,38,1237
GENE.4,chrM,126,165,+,40,0,0,0,0,0,0,0,0,0
GENE.40,chrX,1709,1779,-,71,0,0,0,0,1,0,0,0,1
GENE.400,chr2;chr2;chr2;chr2,568529;568699;569171;569376,568565;569048;569259;573315,-;-;-;-,4416,6762,6735,6688,6266,6015,460,1974,460,6012
GENE.4000,chr12;chr12,1339845;1343038,1342783;1343314,-;-,3216,5984,6066,5786,5290,4407,207,1218,201,4351
GENE.4001,chr12,1344263,1345351,+,1089,1170,1179,1169,1070,1046,69,322,69,1046
GENE.4002,chr12;chr12;chr12;chr12;chr12;chr12;chr12;chr12;chr12;chr12;chr12;chr12;chr12;chr12;chr12;chr12;chr12,1346052;1346400;1346650;1346885;1347057;1347231;1347394;1347596;1347831;1347981;1348170;1348523;1348683;1348852;1349017;1349227;1349409,1346303;1346498;1346753;1346940;1347104;1347286;1347447;1347688;1347885;1348052;1348254;1348610;1348764;1348935;1349121;1349291;1350512,+;+;+;+;+;+;+;+;+;+;+;+;+;+;+;+;+,2502,0,1,12,0,117,1,57,1,117
GENE.4003,chr12;chr12;chr12,1350645;1350797;1350987,1350683;1350889;1351283,-;-;-,429,343,344,345,359,375,53,121,53,375
GENE.4004,chr12;chr12;chr12;chr12;chr12;chr12;chr12;chr12;chr12,1351482;1351824;1352010;1352349;1352532;1352700;1352847;1353048;1353569,1351528;1351893;1352198;1352424;1352580;1352746;1352936;1353365;1354104,-;-;-;-;-;-;-;-;-,1422,2557,2541,2520,2463,2219,222,824,222,2219
GENE.4005,chr12,1355317,1357728,-,2412,556,558,565,514,559,35,168,35,559
GENE.4006,chr12,1359169,1359576,+,408,0,1,5,0,17,0,19,0,17
GENE.4007,chr12;chr12,1360631;1363866,1363575;1370637,-;-,9717,43204,42796,42591,42068,37469,2539,11878,2539,37362
GENE.4008,chr12;chr12,1360631;1363887,1363575;1370637,-;-,9696,43204,42796,42590,42068,37468,2539,11878,2539,37361
GENE.4009,chr12,1375346,1379587,+,4242,0,5,19,0,197,0,135,0,197
GENE.401,chr2;chr2,575155;575966,575704;576054,-;-,639,0,3,1,0,20,1,0,1,20
GENE.4010,chr12;chr12;chr12;chr12,1380094;1380408;1380577;1381109,1380268;1380469;1380920;1382378,-;-;-;-,1851,0,5,16,0,88,0,70,0,88
GENE.4011,chr12;chr12;chr12,1385707;1401933;1402181,1401831;1402089;1402218,+;+;+,16320,50510,50721,49552,46714,42689,2281,12689,2281,42601
GENE.4012,chr12,1403139,1404884,+,1746,1728,1698,1650,1438,1297,35,491,35,1297
GENE.4013,chr12;chr12;chr12,1405182;1405768;1405893,1405673;1405820;1405968,-;-;-,621,232,220,219,165,201,9,56,9,201
GENE.4014,chr12;chr12;chr12,1407674;1410751;1410995,1410589;1410879;1411030,+;+;+,3081,0,10,27,0,122,4,170,4,122
GENE.4015,chr12;chr12,1411607;1411989,1411756;1413104,-;-,1266,2104,2096,2070,2030,1926,145,540,145,1926
GENE.4016,chr12,1414414,1426104,+,11691,0,41,110,0,451,0,1270,0,440
GENE.4017,chr12;chr12;chr12,1427398;1430376;1431472,1430374;1431470;1433600,+;+;+,6201,4032,4019,3977,3494,3385,204,1380,204,3379
GENE.4018,chr12;chr12,1433820;1435028,1434726;1435995,-;-,1875,0,7,4,0,125,0,229,0,125
GENE.4019,chr12;chr12;chr12;chr12;chr12;chr12,1436790;1437005;1437254;1437454;1437577;1437915,1436897;1437102;1437360;1437501;1437751;1439349,-;-;-;-;-;-,1971,5542,5461,5331,4798,3957,272,1458,272,3957
GENE.402,chr2,578662,586164,+,7503,53598,56773,54263,59204,53024,4070,13857,3831,52152
GENE.4020,chr12,1439896,1441050,-,1155,2558,2533,2496,2216,2016,112,538,112,2016
GENE.4021,chr12,1441736,1445128,-,3393,20160,20398,20143,19790,18670,1493,5746,1493,18648
GENE.4022,chr12;chr12,1446375;1450104,1449913;1450335,-;-,3771,0,16,10,0,167,0,23,0,166
GENE.4023,chr12;chr12;chr12;chr12;chr12,1452606;1456245;1456433;1456700;1457090,1456115;1456337;1456579;1456801;1457227,+;+;+;+;+,3990,0,1,16,0,167,0,17,0,167
GENE.4024,chr12;chr12;chr12,1458233;1458570;1459105,1458269;1458910;1459182,+;+;+,456,0,0,2,0,27,0,0,0,27
GENE.4025,chr12;chr12;chr12,1459834;1460419;1461240,1460299;1461061;1461486,+;+;+,1356,926,927,930,896,906,83,301,83,906
GENE.4026,chr12;chr12,1462209;1462491,1462312;1462602,-;-,216,0,0,0,0,6,0,0,0,6
GENE.4027,chr12;chr12,1464219;1464450,1464269;1467572,-;-,3174,0,10,12,0,110,0,289,0,110
GENE.4028,chr12,1470713,1475701,+,4989,11912,11858,11639,11162,10278,686,3674,686,10247
GENE.4029,chr12,1476529,1480014,-,3486,16554,17305,16484,18918,16368,764,3604,764,16343
GENE.403,chr2;chr2;chr2,586765;587119;587387,586839;587238;589051,-;-;-,1860,3718,3678,3586,3598,2882,81,731,81,2882
GENE.4030,chr12,1481002,1482942,+,1941,3754,3741,3745,3602,3485,204,1076,204,3484
GENE.4031,chr12;chr12;chr12,1484306;1484427;1484688,1484308;1484528;1485911,+;+;+,1329,0,1,2,0,64,0,0,0,64
GENE.4032,chr12,1487084,1488691,+,1608,4692,4676,4635,4352,4353,277,1339,277,4353
GENE.4033,chr12;chr12;chr12;chr12;chr12;chr12;chr12;chr12;chr12;chr12;chr12;chr12;chr12;chr12,1489319;1489571;1489799;1490034;1490946;1493551;1493968;1494478;1494746;1494944;1495241;1495510;1495698;1496085,1489480;1489652;1489952;1490775;1493370;1493797;1494340;1494612;1494835;1495086;1495391;1495614;1495952;1497065,-;-;-;-;-;-;-;-;-;-;-;-;-;-,6045,0,17,64,0,314,0,287,0,313
GENE.4034,chr12;chr12;chr12;chr12;chr12,1497687;1498126;1498332;1498576;1498754,1497834;1498214;1498457;1498650;1501411,-;-;-;-;-,3096,0,17,47,0,124,1,109,1,122
GENE.4035,chr12,1502836,1504068,+,1233,788,788,778,782,699,49,229,49,697
GENE.4036,chr12,1506932,1508269,-,1338,0,11,70,0,49,0,68,0,44
GENE.4037,chr12,1512200,1516516,-,4317,0,5,30,0,206,2,32,2,206
GENE.4038,chr12,1520327,1521604,+,1278,0,3,13,0,42,0,32,0,42
GENE.4039,chr12;chr12;chr12,1522463;1522800;1524290,1522538;1524198;1524632,+;+;+,1818,6557,6501,6395,5418,4746,167,1289,167,4743
GENE.404,chr2,590501,591421,+,921,0,0,2,0,35,1,2,1,35
GENE.4040,chr12,1525407,1526216,-,810,1906,1903,1911,1888,1876,125,682,125,1876
GENE.4041,chr12;chr12,1527455;1527953,1527831;1528034,-;-,459,380,379,372,350,315,16,135,16,315
GENE.4042,chr12,1529821,1531347,-,1527,3046,3016,3003,2884,2578,275,1067,275,2573
GENE.4043,chr12;chr12;chr12,1532248;1533780;1534053,1533595;1533936;1534077,+;+;+,1530,10192,10112,10024,9151,8406,636,2519,636,8404
GENE.4044,chr12;chr12;chr12,1534519;1534864;1535048,1534725;1534943;1535879,-;-;-,1119,466,469,470,438,481,33,151,33,481
GENE.4045,chr12;chr12,1538138;1540252,1540041;1540408,+;+,2061,6354,6303,6329,6205,6015,418,2020,418,5977
GENE.4046,chr12,1540766,1549144,-,8379,141174,142012,139778,142636,124265,7794,38121,7794,123271
GENE.4047,chr12,1550324,1556071,+,5748,9050,9049,9113,9380,8607,500,3003,500,8584
GENE.4048,chr12;chr12;chr12,1556299;1556542;1557021,1556389;1556777;1557617,-;-;-,924,247,246,258,239,256,17,106,17,256
GENE.4049,chr12;chr12;chr12,1558909;1559161;1559724,1558939;1559546;1560623,+;+;+,1317,0,4,13,0,53,0,19,0,52
GENE.405,chr2,594196,599340,+,5145,53924,53194,52968,48922,44253,3163,13249,3160,44237
GENE.4050,chr12,1561534,1566579,-,5046,18570,18404,18171,16610,14559,1103,5231,1103,14502
GENE.4051,chr12;chr12;chr12,1568605;1569016;1570450,1568834;1570174;1570569,+;+;+,1509,153,154,160,131,174,5,71,5,174
GENE.4052,chr12;chr12,1572371;1572971,1572416;1573557,+;+,633,851,848,843,739,696,24,143,24,696
GENE.4053,chr12;chr12,1575197;1575403,1575302;1575518,+;+,222,0,0,2,0,7,0,0,0,7
GENE.4054,chr12,1577181,1580747,+,3567,9308,9422,9056,8648,8010,605,2754,603,7896
GENE.4055,chr12;chr12;chr12,1581984;1582346;1582981,1582044;1582724;1582987,+;+;+,447,520,519,512,482,484,18,199,18,484
GENE.4056,chr12,1583909,1584595,-,687,0,0,4,0,63,0,0,0,63
GENE.4057,chr12;chr12,1586261;1587367,1587210;1587466,-;-,1050,0,0,7,0,38,0,35,0,38
GENE.4058,chr12,1589169,1592072,+,2904,0,4,13,0,111,1,130,1,111
GENE.4059,chr12;chr12;chr12;chr12;chr12,1592402;1592568;1592806;1593175;1593419,1592452;1592686;1592976;1593318;1593632,-;-;-;-;-,699,770,764,764,740,763,34,149,34,763
GENE.406,chr2;chr2;chr2;chr2;chr2;chr2;chr2;chr2;chr2,599829;599997;600187;600357;600562;600804;600961;601134;601487,599882;600049;600253;600452;600675;600867;601046;601279;601712,-;-;-;-;-;-;-;-;-,906,680,668,667,576,529,45,142,45,529
GENE.4060,chr12;chr12;chr12,1594826;1600209;1600418,1600084;1600279;1600526,+;+;+,5439,6106,6156,6201,6468,6048,403,1757,403,6002
GENE.4061,chr12,1601515,1602696,-,1182,4282,4244,4219,3872,3604,365,1132,365,3604
GENE.4062,chr12;chr12;chr12;chr12;chr12,1605107;1605348;1605850;1606070;1607274,1605125;1605446;1605888;1607164;1607539,+;+;+;+;+,1518,3709,3697,3645,3408,3167,255,1256,255,3161
GENE.4063,chr12,1610363,1612741,+,2379,0,9,95,0,91,0,95,0,90
GENE.4064,chr12,1615323,1616852,-,1530,5870,5856,5788,4986,4606,329,1519,329,4604
GENE.4065,chr12,1621237,1623705,-,2469,13436,13355,13291,12330,11275,623,3955,623,11265
GENE.4066,chr12;chr12,1626773;1627758,1627411;1627928,+;+,810,0,0,2,0,27,0,0,0,27
GENE.4067,chr12,1634695,1642428,+,7734,1450,1475,1528,1380,1565,70,1758,70,1556
GENE.4068,chr12,1645219,1645836,+,618,1278,1266,1269,1176,1032,59,453,59,1032
GENE.4069,chr12,1646612,1647151,-,540,0,0,2,0,18,0,1,0,18
GENE.407,chr2;chr2,605045;605403,605237;609325,+;+,4116,40395,41680,40952,39033,35414,2170,9942,2169,35377
GENE.4070,chr12,1648667,1651687,+,3021,7092,7043,6979,6786,6079,559,2022,559,6078
GENE.4071,chr12,1652936,1653844,-,909,3352,3255,3264,2890,2756,266,821,266,2756
GENE.4072,chr12,1655487,1658129,+,2643,344,346,346,316,393,20,144,20,392
GENE.4073,chr12,1660451,1677754,+,17304,0,39,118,0,596,0,1443,0,592
GENE.4074,chr12,1678438,1681536,-,3099,11438,11407,11336,10750,9754,535,2657,535,9725
GENE.4075,chr12,1682835,1684460,+,1626,4434,4420,4378,4106,3975,325,1329,325,3971
GENE.4076,chr12,1685094,1685411,-,318,0,0,0,0,8,0,0,0,8
GENE.4077,chr12;chr12;chr12;chr12,1688606;1689178;1690040;1690347,1689175;1690038;1690345;1691162,-;-;-;-,2553,1272,1265,1252,1166,1245,73,390,73,1245
GENE.4078,chr12;chr12,1694150;1701705,1700707;1703087,+;+,7941,0,47,38,10,295,6,163,6,279
GENE.4079,chr12;chr12,1704512;1711060,1709944;1712490,+;+,6864,9555,9749,9284,8999,8932,748,2593,748,8813
GENE.408,chr2;chr2;chr2;chr2;chr2;chr2;chr2;chr2;chr2;chr2;chr2;chr2;chr2;chr2;chr2,610625;610872;612764;613019;613250;613453;613649;613831;613980;614114;614326;614534;614697;614868;615181,610685;612646;612889;613126;613319;613493;613688;613872;614032;614191;614388;614575;614755;614970;615372,+;+;+;+;+;+;+;+;+;+;+;+;+;+;+,2853,0,11,27,0,130,3,61,3,124
GENE.4080,chr12,1715841,1715980,-,140,0,0,0,0,9,0,2,0,9
GENE.4081,chr12;chr12,1719574;1726116,1725312;1727456,+;+,7080,0,54,20,0,245,0,124,0,240
GENE.4082,chr12;chr12;chr12;chr12,1728774;1729015;1729573;1729957,1728821;1729570;1729955;1730007,+;+;+;+,1038,1137,1148,1120,1057,1077,38,335,38,1073
GENE.4083,chr12,1731821,1731955,-,135,0,0,0,0,6,0,0,0,6
GENE.4084,chr12;chr12,1735543;1742005,1741002;1743408,+;+,6864,1477,2026,1797,1929,2241,201,696,201,2130
GENE.4085,chr12,1745285,1745422,-,138,0,0,0,0,2,0,12,0,2
GENE.4086,chr12;chr12,1746444;1747909,1747765;1747993,-;-,1407,2136,2117,2107,1752,1739,87,510,87,1739
GENE.4087,chr12;chr12;chr12,1748873;1755866;1756183,1755644;1755968;1756237,-;-;-,6930,0,23,48,0,259,0,376,0,250
GENE.4088,chr12,1757517,1759199,-,1683,7664,7444,7444,6238,5905,515,2640,515,5900
GENE.4089,chr12,1760416,1766391,-,5976,49862,49422,48933,45800,41230,3080,13355,3080,41169
GENE.409,chr2,616772,619429,-,2658,7734,7712,7681,7136,6739,312,1826,312,6723
GENE.4090,chr12,1771996,1773258,-,1263,246,243,233,174,194,7,157,7,194
GENE.4091,chr12;chr12;chr12;chr12;chr12;chr12;chr12,1774901;1775055;1775474;1775749;1776058;1776220;1776442,1774913;1775267;1775552;1775948;1776120;1776281;1776582,+;+;+;+;+;+;+,771,3312,3282,3195,2654,2379,108,717,108,2379
GENE.4092,chr12;chr12,1778154;1778566,1778318;1779411,+;+,1011,220,220,224,219,252,17,126,17,252
GENE.4093,chr12,1780012,1782648,-,2637,9288,9237,8980,8170,7786,406,2370,406,7757
GENE.4094,chr12,1784380,1786410,+,2031,1524,1538,1538,1646,1635,88,475,88,1622
GENE.4095,chr12,1787236,1788831,-,1596,0,5,9,0,70,0,28,0,70
GENE.4096,chr12,1790557,1790763,+,207,0,1,1,0,7,0,5,0,7
GENE.4097,chr12,1791156,1793075,+,1920,5306,5297,5271,4980,4982,325,1598,325,4982
GENE.4098,chr12;chr12;chr12;chr12;chr12;chr12;chr12,1793532;1793750;1793907;1794129;1794295;1794516;1794681,1793650;1793798;1794000;1794190;1794320;1794571;1794835,-;-;-;-;-;-;-,561,155,154,152,157,175,7,47,7,175
GENE.4099,chr12;chr12;chr12;chr12,1795845;1796155;1796868;1797374,1796009;1796493;1797229;1797860,+;+;+;+,1353,0,0,4,0,54,0,26,0,54
GENE.41,chrX,1809,1880,+,72,0,0,0,0,2,0,0,0,2
GENE.410,chr2;chr2;chr2;chr2;chr2;chr2;chr2,622524;622789;622939;623143;623715;624073;624250,622582;622840;623014;623529;623944;624108;624306,-;-;-;-;-;-;-,897,404,403,390,373,343,22,115,22,343
GENE.4100,chr12,1798643,1799788,+,1146,0,0,1,0,42,1,16,1,42
GENE.4101,chr12;chr12,1800562;1802221,1802037;1802310,+;+,1566,406,406,405,380,423,29,178,29,423
GENE.4102,chr12;chr12,1803653;1804073,1803655;1804483,+;+,414,244,244,244,250,259,39,94,39,259
GENE.4103,chr12;chr12;chr12;chr12,1805380;1806734;1807013;1807339,1806587;1806826;1807073;1807356,-;-;-;-,1380,1937,1924,1896,1748,1702,67,461,67,1702
GENE.4104,chr12;chr12;chr12,1808878;1809283;1809566,1808935;1809455;1809622,-;-;-,288,11,11,10,7,26,1,7,1,26
GENE.4105,chr12,1811790,1812698,+,909,0,0,2,0,25,0,13,0,25
GENE.4106,chr12,1813507,1814235,-,729,3118,3115,3119,3248,3199,577,1433,577,3199
GENE.4107,chr12,1815311,1815562,+,252,0,0,1,0,10,0,0,0,10
GENE.4108,chr12;chr12,1816069;1816275,1816134;1816448,-;-,240,0,0,0,0,21,0,0,0,21
GENE.4109,chr12,1818738,1820069,+,1332,5192,5180,5141,5192,4904,298,1451,298,4904
GENE.411,chr2,626976,627710,+,735,530,527,524,488,426,15,91,15,426
GENE.4110,chr12;chr12;chr12;chr12;chr12;chr12;chr12;chr12,1820881;1821034;1821187;1821308;1821511;1821864;1822314;1822530,1820925;1821086;1821222;1821365;1821619;1822090;1822400;1822595,-;-;-;-;-;-;-;-,681,0,1,2,0,28,0,1,0,28
GENE.4111,chr12;chr12;chr12,1825959;1826413;1826738,1826058;1826513;1826884,+;+;+,348,3,3,4,3,21,1,5,1,21
GENE.4112,chr12,1829660,1831057,+,1398,1820,1807,1777,1822,1570,110,537,110,1562
GENE.4113,chr12;chr12;chr12;chr12,1831484;1831640;1831824;1831998,1831521;1831690;1831895;1832949,-;-;-;-,1113,0,0,5,0,50,0,7,0,50
GENE.4114,chr12;chr12;chr12;chr12;chr12;chr12,1834064;1834593;1834887;1837000;1839282;1840353,1834335;1834661;1836648;1839159;1840175;1840736,-;-;-;-;-;-,5541,0,7,11,0,227,0,36,0,222
GENE.4115,chr12;chr12;chr12,1842399;1842697;1845461,1842561;1845261;1845651,-;-;-,2919,0,8,10,0,110,0,128,0,110
GENE.4116,chr12;chr12;chr12;chr12;chr12,1847677;1851162;1851453;1851793;1852112,1851055;1851272;1851638;1851962;1852156,+;+;+;+;+,3891,14031,13885,13653,12457,11137,434,2681,434,11131
GENE.4117,chr12,1852844,1855681,-,2838,5898,5862,5840,5680,5523,365,1590,365,5464
GENE.4118,chr12,1857849,1858090,+,242,0,0,1,0,8,0,0,0,8
GENE.4119,chr12;chr12,1859656;1863799,1863615;1863846,+;+,4008,4876,4837,4814,4662,4459,187,1457,187,4446
GENE.412,chr2,628642,631308,-,2667,1464,1461,1461,1418,1481,113,480,113,1473
GENE.4120,chr12,1864229,1866661,-,2433,0,1,24,0,93,0,70,0,89
GENE.4121,chr12,1868533,1869531,-,999,0,3,1,0,39,0,55,0,37
GENE.4122,chr12;chr12;chr12,1871919;1872184;1872864,1871986;1872736;1872911,+;+;+,669,0,1,1,0,16,1,13,1,16
GENE.4123,chr12;chr12;chr12;chr12;chr12;chr12;chr12;chr12;chr12,1873194;1873366;1873532;1873801;1874088;1874290;1874505;1874933;1875178,1873217;1873418;1873665;1873973;1874164;1874359;1874746;1875057;1875287,-;-;-;-;-;-;-;-;-,1008,1166,1164,1164,1179,1096,213,606,213,1096
GENE.4124,chr12;chr12;chr12;chr12;chr12;chr12,1877039;1879202;1879379;1879634;1879784;1879975,1879038;1879260;1879452;1879667;1879841;1880041,+;+;+;+;+;+,2292,1,4,30,2,78,0,68,0,76
GENE.4125,chr12,1880036,1881406,-,1371,1236,1233,1227,1214,1098,84,414,84,1098
GENE.4126,chr12;chr12,1883469;1883752,1883519;1887681,+;+,3981,13545,13434,13426,12419,11631,920,3967,920,11575
GENE.4127,chr12,1888250,1892698,-,4449,0,11,5,0,129,2,91,2,129
GENE.4128,chr12;chr12;chr12;chr12,1893069;1893224;1893523;1893784,1893120;1893408;1893639;1893903,+;+;+;+,474,0,0,1,0,15,0,1,0,15
GENE.4129,chr12,1894942,1895967,+,1026,0,2,5,0,36,1,0,1,36
GENE.413,chr2,634589,637507,-,2919,5250,5268,5169,5714,4661,287,1381,281,4561
GENE.4130,chr12;chr12;chr12;chr12;chr12;chr12;chr12;chr12;chr12;chr12;chr12,1896891;1897220;1897521;1897695;1897890;1898076;1898226;1898427;1898632;1898805;1899070,1896939;1897263;1897595;1897793;1897938;1898134;1898265;1898503;1898685;1898873;1899837,+;+;+;+;+;+;+;+;+;+;+,1383,3179,3151,3085,2898,2355,112,842,112,2355
GENE.4131,chr12,1900249,1905066,-,4818,1008,1049,1015,974,1135,81,656,81,1124
GENE.4132,chr12,1907045,1907960,+,916,0,11,2,0,28,0,81,0,28
GENE.4133,chr12;chr12;chr12,1908149;1908405;1908718,1908207;1908594;1909764,+;+;+,1296,0,1,3,0,41,0,16,0,41
GENE.4134,chr12,1910963,1911898,+,936,888,882,870,798,760,63,245,63,760
GENE.4135,chr12;chr12;chr12;chr12,1912457;1913522;1914295;1914538,1913393;1913891;1914381;1914595,+;+;+;+,1452,52,51,52,36,82,4,20,4,82
GENE.4136,chr12;chr12,1915749;1917651,1917493;1917798,+;+,1893,3430,3379,3360,3304,3358,336,1167,336,3355
GENE.4137,chr12,1920784,1921914,+,1131,964,960,950,856,854,98,326,98,854
GENE.4138,chr12;chr12;chr12;chr12;chr12;chr12;chr12;chr12;chr12;chr12,1925642;1926038;1926505;1926707;1926915;1927638;1928440;1928771;1928928;1929226,1925863;1926368;1926598;1926785;1927497;1928341;1928619;1928832;1929126;1929438,+;+;+;+;+;+;+;+;+;+,2667,0,3,8,0,108,1,65,1,108
GENE.4139,chr12,1931970,1932584,+,615,1332,1322,1309,1088,1028,103,439,103,1028
GENE.414,chr2,640400,642694,+,2295,15478,19301,16041,13610,10737,1191,3689,1191,10723
GENE.4140,chr12,1933761,1935467,-,1707,0,1,6,0,81,0,15,0,77
GENE.4141,chr12,1936522,1937694,+,1173,742,735,737,726,643,36,203,36,643
GENE.4142,chr12,1938643,1939965,+,1323,100,102,114,88,96,6,144,6,96
GENE.4143,chr12;chr12;chr12;chr12,1941365;1941930;1942205;1942420,1941828;1942061;1942322;1942491,+;+;+;+,786,3273,3269,3256,3327,3278,459,1281,459,3278
GENE.4144,chr12;chr12,1943358;1944848,1944609;1945803,-;-,2208,974,970,952,902,856,49,290,49,856
GENE.4145,chr12;chr12;chr12;chr12;chr12;chr12,1946914;1947222;1947447;1947685;1947983;1948667,1947116;1947344;1947584;1947752;1948487;1948733,+;+;+;+;+;+,1104,2104,2100,2095,2042,2016,137,695,137,2016
GENE.4146,chr12;chr12;chr12;chr12;chr12;chr12,1946914;1947222;1947447;1947685;1947983;1948667,1947116;1947344;1947572;1947752;1948487;1948733,+;+;+;+;+;+,1092,2104,2100,2095,2042,2016,137,695,137,2016
GENE.4147,chr12;chr12,1949594;1950185,1950028;1950493,+;+,744,723,721,700,713,593,28,254,28,593
GENE.4148,chr12,1950989,1951513,-,525,0,1,3,0,18,0,9,0,18
GENE.4149,chr12;chr12,1952568;1954469,1954007;1954624,+;+,1596,4342,4289,4186,3669,3036,106,630,106,3036
GENE.415,chr2,643106,644317,-,1212,0,3,27,0,41,0,136,0,41
GENE.4150,chr12,1955124,1956038,-,915,0,2,2,0,42,0,25,0,42
GENE.4151,chr12,1959612,1962341,+,2730,0,1,2,0,103,0,49,0,103
GENE.4152,chr12,1962774,1964258,-,1485,0,2,1,0,48,0,18,0,48
GENE.4153,chr12,1964862,1966025,-,1164,2638,2616,2619,2478,2270,110,537,110,2270
GENE.4154,chr12;chr12;chr12;chr12;chr12;chr12;chr12;chr12,1968163;1968465;1968714;1969074;1969244;1969527;1969842;1970101,1968243;1968573;1968882;1969129;1969297;1969731;1969966;1971074,+;+;+;+;+;+;+;+,1773,3612,3601,3587,3520,3285,250,1157,250,3283
GENE.4155,chr12,1972438,1973076,+,639,760,759,758,766,711,79,305,79,711
GENE.4156,chr12,1973584,1974246,+,663,514,515,514,528,475,51,171,51,475
GENE.4157,chr12,1975172,1976437,+,1266,0,5,27,0,46,0,55,0,42
GENE.4158,chr12,1977865,1978938,+,1074,2714,2704,2676,2478,2371,159,660,159,2371
GENE.4159,chr12,1979786,1980199,-,414,0,0,0,0,17,0,6,0,17
GENE.416,chr2;chr2,645929;646115,645980;650085,+;+,4023,11812,11745,11684,10750,10446,735,3038,735,10446
GENE.4160,chr12,1981906,1982763,+,858,70,71,71,66,82,5,57,5,82
GENE.4161,chr12,1983480,1984349,-,870,3842,3836,3821,3864,3512,309,1182,309,3512
GENE.4162,chr12;chr12;chr12,1988237;1990413;1990700,1990315;1990528;1990745,+;+;+,2241,176,176,177,176,216,13,100,13,216
GENE.4163,chr12,1994775,2000744,+,5970,0,53,105,0,183,0,589,0,176
GENE.4164,chr12,2001987,2002271,+,285,0,0,3,0,4,0,0,0,4
GENE.4165,chr12,2002723,2004030,-,1308,0,3,14,0,40,0,5,0,40
GENE.4166,chr12,2005175,2007193,-,2019,1374,1366,1358,1286,1166,116,390,116,1166
GENE.4167,chr12;chr12;chr12,2008194;2008482;2009628,2008259;2009513;2009708,+;+;+,1179,0,16,1,0,33,0,6,0,33
GENE.4168,chr12;chr12,2010428;2011017,2010885;2011101,+;+,543,283,284,283,279,308,19,134,19,308
GENE.4169,chr12,2012643,2015726,+,3084,1730,1720,1661,1504,1320,78,935,78,1305
GENE.417,chr2,650663,653362,-,2700,0,7,14,0,76,1,52,1,75
GENE.4170,chr12,2016325,2016756,-,432,0,0,1,0,11,0,3,0,11
GENE.4171,chr12;chr12;chr12;chr12;chr12,2017364;2017625;2017817;2018019;2018257,2017405;2017657;2017915;2018111;2018469,-;-;-;-;-,480,745,741,737,716,689,65,207,65,689
GENE.4172,chr12;chr12;chr12,2018995;2019334;2021720,2019029;2021557;2022007,-;-;-,2547,0,2,14,0,102,5,49,5,101
GENE.4173,chr12,2023455,2026181,-,2727,0,27,67,0,107,0,307,0,90
GENE.4174,chr12;chr12;chr12;chr12,2030910;2031235;2031452;2031703,2031061;2031351;2031528;2039852,-;-;-;-,8496,30133,29846,29466,28001,24716,2142,8894,2142,24645
GENE.4175,chr12,2041293,2043212,-,1920,31492,31466,30962,32150,28435,2078,7369,2073,28314
GENE.4176,chr12,2044120,2044626,+,507,0,2,1,0,18,0,31,0,17
GENE.4177,chr12,2045070,2054429,-,9360,22300,22191,21951,20116,19250,1299,5716,1299,19185
GENE.4178,chr12;chr12;chr12;chr12;chr12;chr12,2059108;2061741;2062038;2062364;2062704;2062967,2061337;2061940;2062185;2062475;2062872;2063227,+;+;+;+;+;+,3120,6258,6218,6114,5754,5331,303,1690,303,5328
GENE.4179,chr12;chr12,2064987;2065150,2064989;2066040,+;+,894,2522,2505,2496,2444,2467,272,832,272,2467
GENE.418,chr2;chr2;chr2;chr2;chr2;chr2;chr2;chr2;chr2;chr2,654918;655082;655282;655548;655658;655860;656056;656377;656634;656781,654966;655172;655369;655583;655750;655921;656190;656486;656692;656840,-;-;-;-;-;-;-;-;-;-,783,2089,2085,2088,2137,1919,301,902,301,1919
GENE.4180,chr12,2067400,2069370,+,1971,5100,5074,5020,4738,4484,184,969,184,4484
GENE.4181,chr12;chr12;chr12;chr12;chr12;chr12,2070094;2070245;2070477;2070684;2070835;2070979,2070162;2070372;2070552;2070755;2070868;2071073,+;+;+;+;+;+,474,507,506,499,495,444,42,155,42,444
GENE.4182,chr12,2071602,2073641,-,2040,1468,1460,1456,1354,1346,99,522,99,1339
GENE.4183,chr12;chr12,2075792;2076122,2075929;2076517,+;+,534,0,0,1,0,13,0,0,0,13
GENE.4184,chr12;chr12,2077718;2078131,2077904;2082887,+;+,4944,14662,14604,14529,13284,12634,903,4097,903,12631
GENE.4185,chr12,2083353,2084318,-,966,0,0,3,0,28,0,26,0,28
GENE.4186,chr12;chr12;chr12;chr12;chr12;chr12;chr12;chr12,2085370;2085553;2085795;2085978;2086312;2086479;2086660;2086892,2085426;2085622;2085833;2086060;2086371;2086560;2086761;2086959,-;-;-;-;-;-;-;-,561,27,26,27,25,47,2,12,2,47
GENE.4187,chr12;chr12;chr12,2089484;2089872;2090077,2089697;2089918;2090220,+;+;+,405,0,0,0,0,11,0,0,0,11
GENE.4188,chr12;chr12;chr12,2092087;2092263;2092549,2092120;2092354;2094231,+;+;+,1809,6792,6721,6659,5824,5164,253,1431,253,5164
GENE.4189,chr12;chr12;chr12;chr12;chr12;chr12;chr12,2095062;2095234;2095467;2095710;2095964;2096205;2096456,2095139;2095343;2095575;2095800;2096072;2096287;2096508,-;-;-;-;-;-;-,633,1222,1188,1150,892,749,31,239,31,749
GENE.419,chr2,658636,664629,+,5994,23102,25629,24434,30612,24222,1414,6114,1414,24161
GENE.4190,chr12,2097436,2098845,-,1410,0,0,5,0,29,0,0,0,29
GENE.4191,chr12,2099852,2101969,+,2118,10622,10563,10504,9964,8865,347,2368,347,8865
GENE.4192,chr12,2103117,2105255,+,2139,1820,1808,1792,1744,1553,112,513,112,1551
GENE.4193,chr12;chr12;chr12,2106216;2106404;2108096,2106242;2107858;2108293,-;-;-,1680,2671,2667,2647,2633,2498,101,729,101,2498
GENE.4194,chr12,2108960,2110927,-,1968,0,13,16,0,57,0,83,0,54
GENE.4195,chr12,2112878,2112950,+,73,0,0,0,0,2,0,0,0,2
GENE.4196,chr12,2113730,2113801,-,72,0,0,0,0,0,0,0,0,0
GENE.4197,chr12;chr12;chr12;chr12;chr12;chr12;chr12;chr12,2114628;2119036;2120487;2120877;2121431;2121693;2121963;2122364,2118827;2120280;2120734;2121278;2121556;2121827;2122130;2122487,-;-;-;-;-;-;-;-,6648,0,1,28,0,188,0,121,0,186
GENE.4198,chr12,2125435,2126571,+,1137,1252,1245,1237,1204,1278,122,445,122,1278
GENE.4199,chr12;chr12,2128400;2128568,2128438;2128786,-;-,258,0,0,0,0,6,0,1,0,6
GENE.42,chrX,1891,1969,-,79,0,0,0,0,2,0,0,0,2
GENE.420,chr2,664984,668532,-,3549,2404,2396,2364,2336,2044,113,622,113,2044
GENE.4200,chr12;chr12;chr12;chr12,2136053;2136261;2137552;2138284,2136110;2137550;2138282;2144874,+;+;+;+,8670,0,11,15,0,206,0,196,0,205
GENE.4201,chr12;chr12,2145266;2146425,2146258;2146616,-;-,1185,0,1,1,0,33,0,51,0,33
GENE.4202,chr12,2150554,2151915,+,1362,1116,1114,1111,1056,998,46,285,46,998
GENE.4203,chr12;chr12,2154618;2154964,2154809;2156124,+;+,1353,0,0,0,0,42,0,0,0,42
GENE.4204,chr12;chr12,2159573;2159864,2159701;2161615,+;+,1881,0,1,1,0,36,0,17,0,36
GENE.4205,chr12;chr12,2162707;2163080,2162982;2163145,-;-,342,0,0,0,0,2,0,3,0,2
GENE.4206,chr12;chr12,2168181;2168413,2168243;2169759,+;+,1410,10464,10424,10324,9630,9047,239,2472,239,9047
GENE.4207,chr12;chr12,2171342;2171621,2171479;2172349,+;+,867,0,2,13,0,11,0,1,0,11
GENE.4208,chr12;chr12,2173799;2174245,2174140;2174322,-;-,420,0,0,0,0,23,0,2,0,23
GENE.4209,chr12;chr12;chr12,2175329;2175552;2175751,2175412;2175748;2176087,+;+;+,618,224,275,222,332,296,42,75,42,296
GENE.421,chr2;chr2,668985;669221,669047;669841,-;-,684,376,372,367,320,258,12,78,12,258
GENE.4210,chr12,2180419,2182869,+,2451,0,2,0,0,68,0,44,0,68
GENE.4211,chr12;chr12,2183464;2184100,2184027;2184168,-;-,633,262,245,203,254,236,8,78,8,236
GENE.4212,chr12;chr12,2188760;2189378,2189375;2189613,+;+,852,0,0,0,0,21,0,11,0,21
GENE.4213,chr12;chr12,2190483;2191693,2191532;2191770,-;-,1128,0,3,1,0,31,0,1,0,31
GENE.4214,chr12;chr12,2196157;2196400,2196288;2197122,+;+,855,342,628,372,564,504,15,34,15,504
GENE.4215,chr12;chr12;chr12,2198926;2199150;2199556,2199057;2199554;2199846,+;+;+,828,2178,2405,2075,2524,2118,165,435,165,2118
GENE.4216,chr12;chr12,2201495;2201703,2201551;2202686,+;+,1041,0,21,22,242,43,15,78,15,42
GENE.4217,chr12;chr12,2204724;2204896,2204792;2205714,+;+,888,406,424,410,368,410,41,127,33,375
GENE.4218,chr12;chr12,2207830;2208114,2207883;2209115,+;+,1056,0,41,33,39,60,28,120,28,60
GENE.4219,chr12;chr12,2211543;2211715,2211611;2212554,+;+,909,1860,2147,1819,1676,1770,49,252,27,1642
GENE.422,chr2,670413,674558,+,4146,5520,5487,5442,5118,4435,169,1398,169,4426
GENE.4220,chr12;chr12,2214671;2214949,2214739;2216019,+;+,1140,0,3,2,0,16,0,4,0,15
GENE.4221,chr12;chr12,2218452;2218667,2218505;2219533,+;+,921,2024,2016,1994,1796,1791,134,447,134,1791
GENE.4222,chr12;chr12,2221835;2222009,2221903;2222848,+;+,909,1158,1652,1555,1534,1752,124,311,108,1624
GENE.4223,chr12;chr12,2224997;2226148,2225923;2226201,-;-,981,1954,1953,1920,1666,1590,139,564,139,1590
GENE.4224,chr12;chr12,2228632;2229687,2229531;2229740,-;-,954,0,1,2,2,20,0,5,0,20
GENE.4225,chr12,2232691,2232903,+,213,0,0,0,0,5,0,0,0,5
GENE.4226,chr12;chr12,2234600;2234827,2234671;2235792,+;+,1038,292,300,297,284,291,36,160,36,291
GENE.4227,chr12;chr12,2238210;2238419,2238263;2239417,+;+,1053,537,559,506,475,458,5,90,5,455
GENE.4228,chr12;chr12,2241271;2243488,2242602;2248962,-;-,6807,0,34,26,24,143,28,69,28,138
GENE.4229,chr13;chr13,21364;27474,26538;28787,+;+,6489,18173,21279,17116,19215,18259,1260,2822,1260,18258
GENE.423,chr2,675431,677599,+,2169,4526,4502,4481,4328,4151,338,1337,338,4151
GENE.4230,chr13;chr13,30605;31828,31597;31881,-;-,1047,789,799,798,756,816,98,350,98,816
GENE.4231,chr13;chr13,33959;35899,35155;44742,-;-,10041,73372,72991,72044,67364,62974,4295,18223,4295,62968
GENE.4232,chr13;chr13,47583;47792,47636;48769,+;+,1032,3006,3401,3164,3333,2744,311,990,311,2741
GENE.4233,chr13;chr13,50662;50916,50715;51857,+;+,996,2827,2798,2804,2748,2812,318,992,318,2809
GENE.4234,chr13;chr13,54067;55188,55032;55259,-;-,1038,0,0,1,0,36,1,173,1,35
GENE.4235,chr13;chr13,57109;58369,58164;58422,-;-,1110,0,2,10,0,37,0,21,0,36
GENE.4236,chr13;chr13;chr13,60097;60504;60754,60407;60634;61172,-;-;-,861,62,1367,1195,1472,1539,205,47,205,1539
GENE.4237,chr13;chr13,62515;63479,63372;63547,-;-,927,786,773,764,616,583,16,176,16,583
GENE.4238,chr13;chr13,65548;66760,66600;66816,-;-,1110,794,1833,1215,2244,1677,50,105,50,1673
GENE.4239,chr13;chr13,68484;69280,69185;69411,-;-,834,1110,2099,1388,2502,1830,103,58,103,1830
GENE.424,chr2;chr2,678487;679042,678756;683703,+;+,4932,0,14,17,0,128,0,36,0,128
GENE.4240,chr13;chr13,73099;74225,74043;74413,-;-,1134,2175,2478,2357,5132,2974,200,731,200,2968
GENE.4241,chr13;chr13;chr13,78614;79167;79441,79165;79328;79470,-;-;-,744,0,3,2,0,15,0,18,0,15
GENE.4242,chr13;chr13,82718;82948,82792;84018,+;+,1146,950,934,907,846,832,61,220,61,832
GENE.4243,chr13;chr13,85563;86436,86300;86624,-;-,927,1711,1708,1676,1520,1517,89,446,89,1517
GENE.4244,chr13;chr13;chr13;chr13,89319;89525;89737;89956,89392;89607;89815;93352,-;-;-;-,3633,1028,1028,1026,952,1035,64,324,64,1035
GENE.4245,chr13;chr13,99548;99853,99616;100521,+;+,738,874,873,863,844,787,29,249,29,787
GENE.4246,chr13;chr13,102842;106985,106849;109471,+;+,6495,0,2,5,0,203,0,149,0,203
GENE.4247,chr13;chr13,109695;110185,109976;110268,-;-,366,48,47,47,51,76,5,18,5,76
GENE.4248,chr13;chr13,112792;113609,113523;113815,-;-,939,0,5,47,0,51,0,2,0,51
GENE.4249,chr13,121636,122289,-,654,0,0,0,0,27,0,0,0,27
GENE.425,chr2,686485,688545,+,2061,776,804,797,738,760,36,290,36,759
GENE.4250,chr13,123726,124415,-,690,774,758,739,634,562,32,158,32,562
GENE.4251,chr13;chr13,126611;127036,126873;127141,-;-,369,5,5,7,3,13,0,11,0,13
GENE.4252,chr13;chr13;chr13;chr13;chr13;chr13;chr13;chr13;chr13,129717;129854;130030;130228;130414;130556;130689;130887;131011,129758;129899;130106;130290;130473;130584;130782;130891;131086,-;-;-;-;-;-;-;-;-,492,249,249,249,249,267,17,98,17,267
GENE.4253,chr13;chr13;chr13;chr13,131849;135444;136039;138618,135332;135924;138328;140594,-;-;-;-,8232,40072,39697,39277,35700,33569,2498,10556,2498,33562
GENE.4254,chr13,142860,144095,-,1236,818,818,809,666,684,43,403,43,683
GENE.4255,chr13;chr13;chr13,145174;149499;150069,149318;149924;150198,+;+;+,4701,0,8,17,0,190,1,382,1,190
GENE.4256,chr13;chr13,150783;151217,150948;151635,-;-,585,55,56,54,49,51,2,8,2,51
GENE.4257,chr13,154992,157394,+,2403,0,2,9,0,84,1,12,1,83
GENE.4258,chr13;chr13;chr13,158144;158370;158596,158205;158478;158778,+;+;+,354,26,26,26,28,32,7,14,7,32
GENE.4259,chr13;chr13,159024;159414,159190;159915,+;+,669,104,104,104,90,114,2,28,2,114
GENE.426,chr2;chr2;chr2;chr2;chr2;chr2;chr2,690311;690474;690716;690961;691295;691682;692805,690346;690513;690837;691020;691489;692401;695783,+;+;+;+;+;+;+,4152,1513,1505,1498,1406,1368,85,419,85,1366
GENE.4260,chr13;chr13;chr13;chr13;chr13,160488;160905;161149;161357;161630,160775;160989;161256;161471;161660,-;-;-;-;-,627,941,940,935,961,934,101,304,101,934
GENE.4261,chr13;chr13;chr13;chr13,160488;160905;161357;161630,160775;160989;161471;161660,-;-;-;-,519,929,923,912,944,890,99,300,99,890
GENE.4262,chr13,162917,163879,+,963,0,0,3,0,37,0,1,0,37
GENE.4263,chr13,165013,168081,-,3069,2910,2904,2839,2648,2487,184,955,184,2471
GENE.4264,chr13;chr13,169874;170183,170029;175789,-;-,5763,52670,52222,51725,47758,42942,2731,12966,2731,42882
GENE.4265,chr13;chr13,178783;179237,179049;179353,+;+,384,0,0,2,0,16,0,11,0,16
GENE.4266,chr13;chr13;chr13;chr13;chr13;chr13,180549;180727;180990;181249;181422;181711,180582;180833;181026;181314;181508;184517,+;+;+;+;+;+,3138,7947,7846,7799,7511,6312,407,2101,407,6310
GENE.4267,chr13,184845,212660,-,27816,75904,75431,74566,69950,64263,4570,20459,4569,64194
GENE.4268,chr13;chr13;chr13;chr13;chr13,215291;215493;215671;215983;216240,215383;215588;215858;216125;216331,+;+;+;+;+,612,0,0,2,0,28,0,17,0,28
GENE.4269,chr13;chr13;chr13;chr13,216652;216868;217061;217204,216758;216955;217114;220029,-;-;-;-,3075,0,5,26,0,137,1,168,1,137
GENE.427,chr2;chr2;chr2;chr2;chr2;chr2;chr2,690311;690474;690716;690961;691295;691682;692805,690346;690513;690837;691020;691471;692401;695783,+;+;+;+;+;+;+,4134,1513,1505,1498,1406,1368,85,419,85,1366
GENE.4270,chr13;chr13,221816;224524,224357;224720,-;-,2739,0,4,10,0,149,1,15,1,149
GENE.4271,chr13;chr13,226669;227021,226805;228290,-;-,1407,7898,7835,7715,7846,6254,457,2269,457,6254
GENE.4272,chr13;chr13;chr13,226669;227021;228846,226805;228262;228873,-;-;-,1407,7899,7836,7716,7847,6254,458,2270,458,6254
GENE.4273,chr13,231083,231724,+,642,1566,1561,1557,1724,1300,117,499,117,1300
GENE.4274,chr13;chr13,232493;232813,232699;234447,-;-,1842,6053,6046,6039,6053,5922,645,1909,645,5922
GENE.4275,chr13,235800,236435,-,636,1206,1204,1199,1214,1248,54,290,54,1248
GENE.4276,chr13,237361,241233,+,3873,5492,5486,5500,5256,5075,354,2394,354,5058
GENE.4277,chr13;chr13;chr13;chr13;chr13;chr13,241657;242002;242257;242631;242870;243149,241872;242181;242459;242727;242954;243192,+;+;+;+;+;+,825,500,504,499,460,455,25,169,25,455
GENE.4278,chr13,243655,243772,-,118,0,0,0,0,4,0,0,0,4
GENE.4279,chr13;chr13;chr13;chr13,245199;245526;245777;246125,245269;245612;245948;246175,+;+;+;+,381,36,34,36,33,49,5,12,5,47
GENE.428,chr2,696193,699561,-,3369,0,1,13,0,82,0,2,0,82
GENE.4280,chr13,247312,251751,+,4440,17138,17024,16814,15116,14683,881,4000,881,14678
GENE.4281,chr13,252526,253788,-,1263,912,912,922,882,946,89,375,89,946
GENE.4282,chr13,255130,256116,+,987,0,0,8,0,51,1,0,1,51
GENE.4283,chr13;chr13,256430;256773,256597;267182,-;-,10578,85644,84862,83819,75072,68684,5021,22880,5021,68672
GENE.4284,chr13;chr13,268785;269183,269059;270737,-;-,1830,10244,10198,10159,9512,8760,811,2891,811,8760
GENE.4285,chr13,271411,273726,+,2316,0,4,15,0,89,0,68,0,89
GENE.4286,chr13;chr13,274073;274416,274280;275200,-;-,993,399,401,400,406,416,24,137,24,416
GENE.4287,chr13,277139,277729,+,591,10,11,15,10,41,0,1,0,40
GENE.4288,chr13,278294,279133,+,840,1092,1085,1093,1096,1046,126,434,126,1046
GENE.4289,chr13;chr13,279990;281113,280828;281701,-;-,1428,2148,2150,2164,2038,2026,112,623,112,2026
GENE.429,chr2,701245,702894,+,1650,2910,2911,2844,2520,2311,122,728,122,2311
GENE.4290,chr13,283475,287500,+,4026,0,8,18,0,163,0,200,0,154
GENE.4291,chr13,288163,288561,+,399,0,0,1,0,14,0,0,0,14
GENE.4292,chr13,289564,291000,-,1437,262,265,265,254,270,23,140,23,269
GENE.4293,chr13;chr13;chr13;chr13;chr13;chr13;chr13,293442;293750;295484;295859;296036;296335;296530,293651;295393;295697;295920;296139;296425;296607,+;+;+;+;+;+;+,2403,0,1,5,0,92,0,88,0,92
GENE.4294,chr13,297178,298359,-,1182,4962,4925,4803,3988,3515,192,896,192,3515
GENE.4295,chr13,300988,313929,+,12942,0,28,53,0,504,0,696,0,498
GENE.4296,chr13;chr13;chr13,315042;315634;316722,315453;316526;316784,-;-;-,1368,1535,1515,1475,1261,1082,70,354,70,1082
GENE.4297,chr13;chr13;chr13;chr13,318332;318462;318655;318830,318386;318524;318710;319735,-;-;-;-,1080,0,2,9,0,56,0,28,0,55
GENE.4298,chr13,320815,322017,-,1203,258,256,258,234,267,9,61,9,267
GENE.4299,chr13;chr13,323472;324974,324762;325032,+;+,1350,344,343,349,324,342,22,101,22,342
GENE.43,chrX,1977,2048,-,72,0,0,0,0,1,0,0,0,1
GENE.430,chr2;chr2;chr2;chr2,703090;703291;704045;705195,703202;703795;704964;706587,-;-;-;-,2931,84,89,113,82,165,4,56,4,165
GENE.4300,chr13;chr13;chr13,325215;325509;325770,325265;325593;326371,-;-;-,738,658,658,657,652,689,113,303,113,689
GENE.4301,chr13,327893,330928,+,3036,16584,17615,16808,18992,16987,1203,4529,1203,16947
GENE.4302,chr13,331558,332526,-,969,4316,4309,4297,4728,4197,617,1686,617,4197
GENE.4303,chr13,333597,335489,+,1893,4566,4516,4478,4056,3685,163,926,163,3685
GENE.4304,chr13;chr13,335852;336687,336438;337263,-;-,1164,162,163,161,154,159,14,119,14,159
GENE.4305,chr13,338189,338455,-,267,0,1,0,0,3,0,0,0,3
GENE.4306,chr13;chr13,339927;341780,341677;341888,-;-,1860,6518,6465,6392,5994,5358,352,1571,352,5358
GENE.4307,chr13,344525,348232,+,3708,1266,1247,1288,1112,1177,50,821,50,1176
GENE.4308,chr13;chr13;chr13,348743;348959;349399,348818;349178;350788,-;-;-,1686,0,4,8,0,105,0,95,0,105
GENE.4309,chr13;chr13,351840;354667,354348;354818,-;-,2661,12086,12045,11942,11396,10169,681,3545,681,10161
GENE.431,chr2,707738,709393,+,1656,11510,11498,11456,10990,11118,1110,4134,1110,11117
GENE.4310,chr13,356709,359201,+,2493,0,5,19,0,116,0,72,0,116
GENE.4311,chr13,360169,360627,+,459,0,0,0,0,32,1,3,1,32
GENE.4312,chr13;chr13,361166;368468,368265;368495,-;-,7128,0,16,33,0,309,0,130,0,303
GENE.4313,chr13;chr13,372260;372565,372426;372646,+;+,249,0,0,0,0,7,0,0,0,7
GENE.4314,chr13;chr13,373487;380976,380833;392072,-;-,18444,0,46,142,0,762,1,831,1,749
GENE.4315,chr13,393857,394936,-,1080,760,760,752,698,721,69,238,69,721
GENE.4316,chr13,396734,400951,-,4218,17314,17232,17211,16456,15585,1480,5593,1480,15569
GENE.4317,chr13,401577,403400,+,1824,2942,3163,3203,5756,3800,236,872,236,3792
GENE.4318,chr13;chr13;chr13;chr13;chr13;chr13;chr13;chr13;chr13;chr13;chr13;chr13;chr13,403788;404067;404214;404373;404527;404707;404990;405243;405492;405683;405843;405991;406184,403886;404127;404273;404409;404621;404857;405050;405356;405552;405741;405906;406081;406703,-;-;-;-;-;-;-;-;-;-;-;-;-,1473,2300,2283,2229,1958,1597,53,568,53,1597
GENE.4319,chr13,408580,412101,-,3522,0,12,13,0,184,1,53,1,180
GENE.432,chr2,709799,715252,-,5454,15746,15980,15381,15918,14439,1158,4282,1158,14392
GENE.4320,chr13,415916,416998,-,1083,236,236,234,234,272,17,81,17,272
GENE.4321,chr13;chr13;chr13,418820;419275;419963,418999;419424;420121,+;+;+,489,178,179,180,196,208,24,92,24,208
GENE.4322,chr13,419513,419819,+,307,6,6,6,6,18,3,9,3,18
GENE.4323,chr13;chr13;chr13,424232;426753;427010,426632;426808;427036,+;+;+,2484,3324,3314,3310,3320,3330,284,1387,284,3329
GENE.4324,chr13,427457,429643,-,2187,0,3,9,0,104,0,326,0,103
GENE.4325,chr13,431892,435875,+,3984,19844,19890,19567,19726,18384,1991,7402,1990,18313
GENE.4326,chr13,436676,437305,-,630,1590,1590,1585,1836,1654,86,416,86,1651
GENE.4327,chr13,438510,439376,+,867,0,0,2,0,35,0,17,0,35
GENE.4328,chr13,440265,445283,+,5019,4906,4877,4751,4116,3791,264,1697,264,3775
GENE.4329,chr13;chr13,445611;446577,446446;446658,-;-,918,0,1,3,0,53,0,1,0,53
GENE.433,chr2;chr2;chr2,715798;716160;716494,716033;716293;716549,-;-;-,426,168,168,167,184,161,21,60,21,161
GENE.4330,chr13,447424,448101,+,678,374,372,375,364,361,31,162,31,361
GENE.4331,chr13,448907,449668,+,762,6,7,6,6,28,0,12,0,28
GENE.4332,chr13,450398,453415,+,3018,0,1,10,0,100,0,81,0,100
GENE.4333,chr13;chr13,454061;454311,454169;454636,+;+,435,92,89,92,104,100,6,38,6,100
GENE.4334,chr13,455792,456535,-,744,2626,2618,2607,2614,2426,170,649,170,2426
GENE.4335,chr13,458961,462368,+,3408,6698,6665,6620,6316,5960,386,1901,386,5938
GENE.4336,chr13,463385,464002,-,618,0,0,1,0,33,0,2,0,33
GENE.4337,chr13;chr13;chr13;chr13;chr13;chr13,465091;465340;465511;465716;466047;466312,465143;465376;465567;465839;466158;466552,-;-;-;-;-;-,624,2099,2067,2062,1949,1817,151,792,151,1817
GENE.4338,chr13,468232,468663,-,432,0,1,2,0,25,0,38,0,25
GENE.4339,chr13;chr13;chr13,470595;470830;471076,470706;470948;475002,-;-;-,4158,12701,13211,13007,16093,13607,799,3488,799,13573
GENE.434,chr2;chr2,717692;717928,717784;718281,+;+,447,374,373,368,340,304,16,94,16,304
GENE.4340,chr13,476223,477134,+,912,1536,1531,1526,1504,1573,111,461,111,1573
GENE.4341,chr13;chr13,477424;477748,477582;477852,-;-,264,14,13,14,13,35,2,14,2,35
GENE.4342,chr13,479353,480840,+,1488,1026,1016,999,838,786,20,199,20,786
GENE.4343,chr13,481499,483082,-,1584,8472,8429,8325,7418,6905,263,1718,263,6905
GENE.4344,chr13;chr13;chr13,484205;485167;485410,484996;485256;485463,+;+;+,936,817,817,804,779,750,32,263,32,748
GENE.4345,chr13,487511,488824,+,1314,2044,2009,1980,1788,1757,240,741,240,1757
GENE.4346,chr13;chr13,489927;491541,491120;491609,-;-,1263,4057,4055,4041,3860,3813,207,1109,207,3813
GENE.4347,chr13,494453,496294,+,1842,11718,11532,11484,10282,9391,679,2749,679,9389
GENE.4348,chr13,497534,498013,-,480,190,191,190,164,169,4,60,4,169
GENE.4349,chr13,501790,505047,+,3258,8282,8246,8143,7480,7226,395,1988,395,7226
GENE.435,chr2;chr2;chr2;chr2;chr2,720437;721895;722144;722395;722602,721654;721994;722262;722472;722661,+;+;+;+;+,1575,0,1,2,0,49,0,106,0,49
GENE.4350,chr13,507900,509735,+,1836,5984,5972,5963,5802,5899,592,2009,592,5899
GENE.4351,chr13,511396,512607,+,1212,0,1,2,0,55,0,43,0,55
GENE.4352,chr13;chr13,513068;517057,516799;517326,-;-,4002,2834,2828,2829,2716,2600,170,860,170,2596
GENE.4353,chr13;chr13;chr13,518107;519014;519290,518828;519095;519367,+;+;+,882,714,714,710,650,634,26,180,26,634
GENE.4354,chr13,519599,520441,-,843,70,70,70,70,94,10,39,10,94
GENE.4355,chr13,521050,524436,+,3387,3560,3549,3564,3416,3358,295,1208,295,3354
GENE.4356,chr13,526863,527060,-,198,0,0,1,0,13,0,0,0,13
GENE.4357,chr13,529976,531265,+,1290,0,1,2,0,31,0,7,0,31
GENE.4358,chr13,532270,533958,-,1689,0,0,8,0,48,0,37,0,48
GENE.4359,chr13;chr13,536702;544459,543722;544523,-;-,7086,0,7,22,0,297,0,158,0,295
GENE.436,chr2;chr2;chr2;chr2;chr2;chr2;chr2,723747;724873;728594;728930;729149;729359;729744,724604;728449;728721;728995;729259;729562;729932,-;-;-;-;-;-;-,5133,2808,2793,2773,2512,2416,172,800,172,2409
GENE.4360,chr13;chr13;chr13,548586;548884;549193,548645;548942;552841,+;+;+,3768,12524,12363,11968,10210,9005,555,3849,555,8933
GENE.4361,chr13;chr13,553752;554113,553843;554251,-;-,231,7,7,7,7,13,1,1,1,13
GENE.4362,chr13;chr13,556285;565194,564983;565251,+;+,8757,18640,18479,18372,16650,15109,929,5214,929,15096
GENE.4363,chr13,566236,568233,+,1998,0,17,4,0,65,0,77,0,65
GENE.4364,chr13;chr13;chr13,568664;569050;569413,568908;569323;569535,+;+;+,642,411,410,413,431,431,30,129,30,431
GENE.4365,chr13,569840,572332,-,2493,0,9,7,0,94,0,94,0,93
GENE.4366,chr13;chr13,573169;577363,577265;578479,-;-,5214,0,14,38,0,231,0,219,0,226
GENE.4367,chr13,579526,585615,-,6090,0,18,18,0,276,0,200,0,275
GENE.4368,chr13,587015,587809,-,795,2388,2367,2361,2208,1939,106,462,106,1939
GENE.4369,chr13;chr13,588800;598688,598524;599198,-;-,10236,0,33,40,0,364,0,550,0,360
GENE.437,chr2;chr2;chr2;chr2,731120;731548;731754;732171,731387;731623;731972;732312,-;-;-;-,705,20,20,23,22,44,4,7,4,44
GENE.4370,chr13,600666,601868,-,1203,2432,2426,2393,2236,1933,91,600,91,1933
GENE.4371,chr13,602983,606600,+,3618,4920,4875,4826,4334,4124,227,1353,227,4094
GENE.4372,chr13,607794,610052,+,2259,458,456,465,412,449,28,135,28,449
GENE.4373,chr13,611332,618888,+,7557,0,35,58,0,273,0,452,0,268
GENE.4374,chr13,619131,620525,-,1395,3416,3401,3382,3018,2821,116,872,116,2821
GENE.4375,chr13;chr13,621387;621720,621598;621876,-;-,369,7,8,8,7,24,0,4,0,24
GENE.4376,chr13;chr13;chr13;chr13,622691;623008;623355;623570,622876;623178;623472;623715,-;-;-;-,621,328,327,326,332,342,16,93,16,342
GENE.4377,chr13,624785,626011,+,1227,4814,4674,4610,4044,3357,128,758,128,3357
GENE.4378,chr13;chr13;chr13;chr13,626481;628143;628308;628552,627926;628175;628369;628675,-;-;-;-,1665,3919,3991,3810,3753,3603,230,867,207,3491
GENE.4379,chr13;chr13,629766;630130,629984;630444,-;-,534,612,607,607,592,573,34,189,34,573
GENE.438,chr2,734272,734595,+,324,0,0,2,0,15,0,0,0,15
GENE.4380,chr13;chr13;chr13;chr13;chr13,632336;632575;633034;633402;633647,632365;632659;633169;633492;634510,+;+;+;+;+,1206,0,1,0,0,37,0,1,0,37
GENE.4381,chr13;chr13,636812;637326,637169;637612,+;+,645,393,392,391,399,393,22,103,22,393
GENE.4382,chr13,638286,639389,+,1104,36,37,34,32,64,2,20,2,64
GENE.4383,chr13,639681,642890,-,3210,2240,2235,2220,2126,2213,161,705,161,2213
GENE.4384,chr13;chr13,644714;645034,644788;646392,+;+,1434,0,1,7,0,53,0,193,0,53
GENE.4385,chr13;chr13;chr13;chr13;chr13,647986;648241;650040;650225;650457,648026;649262;650067;650338;650511,-;-;-;-;-,1260,3566,3553,3529,3486,3370,225,990,225,3370
GENE.4386,chr13;chr13;chr13;chr13,652794;653067;653351;653662,652975;653157;653452;653838,-;-;-;-,552,0,0,0,0,16,0,4,0,16
GENE.4387,chr13;chr13;chr13;chr13;chr13;chr13;chr13;chr13;chr13,655207;655483;655609;656067;656293;656465;656679;656865;657211,655275;655529;655704;656146;656347;656523;656718;656999;657259,-;-;-;-;-;-;-;-;-,630,647,645,635,640,612,26,123,26,612
GENE.4388,chr13,658595,659545,+,951,0,1,1,0,20,0,12,0,20
GENE.4389,chr13,660018,661262,-,1245,2194,2185,2155,1818,1676,42,377,42,1676
GENE.439,chr2,735438,736997,-,1560,708,703,688,592,567,25,207,25,567
GENE.4390,chr13;chr13;chr13;chr13,663741;667311;667567;667870,667127;667400;667728;667929,+;+;+;+,3699,0,9,11,0,166,0,102,0,163
GENE.4391,chr13;chr13;chr13;chr13;chr13;chr13;chr13;chr13;chr13;chr13;chr13;chr13;chr13,668360;668600;668749;668918;669096;669259;669422;669518;669717;669858;670016;670271;670603,668429;668641;668831;668960;669155;669328;669440;669618;669762;669933;670057;670462;670745,-;-;-;-;-;-;-;-;-;-;-;-;-,987,0,0,1,0,68,0,13,0,68
GENE.4392,chr13,673717,678522,+,4806,0,7,9,0,165,0,195,0,165
GENE.4393,chr13;chr13,680039;680355,680212;680855,+;+,675,0,6,5,0,25,0,59,0,25
GENE.4394,chr13;chr13;chr13;chr13;chr13,681363;681503;681739;681880;682066,681410;681571;681800;681931;682149,-;-;-;-;-,315,0,0,0,0,12,0,1,0,12
GENE.4395,chr13;chr13;chr13;chr13;chr13;chr13;chr13,683084;683289;683504;683686;683937;684089;684375,683159;683410;683580;683802;683994;684223;684476,+;+;+;+;+;+;+,687,179,178,172,168,168,13,106,13,168
GENE.4396,chr13,685951,688671,+,2721,0,5,9,0,101,0,42,0,100
GENE.4397,chr13;chr13;chr13,691014;691367;691550,691049;691445;694125,+;+;+,2691,2390,2384,2326,2354,2245,178,708,178,2244
GENE.4398,chr13;chr13;chr13,695732;696165;696878,695896;696763;697985,+;+;+,1872,0,2,4,0,83,0,11,0,83
GENE.4399,chr13;chr13;chr13;chr13;chr13;chr13;chr13,698218;698477;698745;698880;699151;699345;699758,698370;698582;698799;699046;699240;699481;699922,-;-;-;-;-;-;-,873,1606,1601,1581,1543,1590,125,594,125,1590
GENE.44,chrX,2050,2121,-,72,0,0,0,0,0,0,0,0,0
GENE.440,chr2,738860,739852,+,993,510,508,495,450,389,3,74,3,389
GENE.4400,chr13,701047,703923,-,2877,33988,33670,33216,30544,25780,1270,8118,1270,25734
GENE.4401,chr13,708346,710268,+,1923,14412,14365,14352,14420,14175,2126,5719,2126,14161
GENE.4402,chr13,711944,714961,+,3018,5016,4989,4939,4630,4418,248,1350,248,4418
GENE.4403,chr13,721961,729979,+,8019,2928,2977,3040,2704,2788,172,2140,172,2729
GENE.4404,chr13;chr13;chr13;chr13;chr13,730859;731693;731862;732064;732279,731544;731765;731927;732114;732293,-;-;-;-;-,891,3130,3113,3078,3269,2883,238,822,238,2883
GENE.4405,chr13,733245,733862,+,618,498,497,497,536,463,79,232,79,463
GENE.4406,chr13,734604,734873,-,270,0,0,1,0,13,0,0,0,13
GENE.4407,chr13;chr13;chr13;chr13;chr13;chr13;chr13,735538;737034;737259;737449;737608;737827;737985,736883;737165;737300;737524;737728;737888;738068,+;+;+;+;+;+;+,1863,0,3,7,0,76,0,48,0,76
GENE.4408,chr13,738480,738953,-,474,396,394,380,354,314,1,74,1,314
GENE.4409,chr13;chr13,740527;741020,740529;741454,+;+,438,283,283,283,276,258,32,102,32,258
GENE.441,chr2;chr2;chr2;chr2,741014;741954;742153;742341,741831;742018;742218;742459,+;+;+;+,1068,1269,1257,1257,1143,1061,87,409,87,1061
GENE.4410,chr13,741926,744850,-,2925,6142,5988,5969,5712,4671,262,1557,262,4671
GENE.4411,chr13,745947,746525,-,579,286,288,285,290,293,36,141,36,293
GENE.4412,chr13,748387,748971,-,585,214,214,213,234,209,2,48,2,209
GENE.4413,chr13,750316,751518,+,1203,512,521,491,466,459,25,141,25,459
GENE.4414,chr13,753910,759432,+,5523,0,50,63,0,151,0,410,0,149
GENE.4415,chr13;chr13,760326;760879,760721;764139,-;-,3657,0,4,7,0,151,0,100,0,151
GENE.4416,chr13;chr13;chr13;chr13;chr13;chr13;chr13;chr13,766140;766334;766508;766734;766974;767211;767385;767723,766181;766399;766654;766847;767071;767275;767491;767770,+;+;+;+;+;+;+;+,687,988,979,969,899,809,33,181,33,809
GENE.4417,chr13,768049,769650,+,1602,420,418,412,372,365,10,111,10,365
GENE.4418,chr13,770646,772895,-,2250,930,930,928,860,916,75,331,75,916
GENE.4419,chr13,774790,776745,-,1956,0,1,2,0,86,0,3,0,86
GENE.442,chr2,743289,745712,-,2424,12966,12916,12885,12758,11828,936,3504,936,11742
GENE.4420,chr13,779934,781679,+,1746,6060,6003,5970,5318,4835,383,1596,383,4834
GENE.4421,chr13,784110,786992,+,2883,0,29,81,0,115,0,116,0,113
GENE.4422,chr13,789437,791848,+,2412,0,17,51,0,103,0,851,0,100
GENE.4423,chr13,792381,794987,-,2607,0,4,1,0,120,0,64,0,120
GENE.4424,chr13,795939,798353,-,2415,8696,8620,8481,7540,6938,495,2234,495,6938
GENE.4425,chr13;chr13;chr13;chr13;chr13;chr13;chr13;chr13;chr13;chr13,801712;803993;804222;804462;804749;804996;805190;805386;805529;805784,803863;804063;804368;804587;804914;805076;805275;805441;805610;806029,+;+;+;+;+;+;+;+;+;+,3213,17312,17067,16882,15183,13809,570,3753,570,13805
GENE.4426,chr13,807219,807443,+,225,0,0,0,0,3,0,0,0,3
GENE.4427,chr13,810187,815088,+,4902,0,11,38,0,147,0,165,0,147
GENE.4428,chr13,815822,818398,-,2577,2556,2560,2574,2356,2252,175,799,175,2250
GENE.4429,chr13,820741,821178,+,438,0,0,1,0,15,0,0,0,15
GENE.443,chr2;chr2;chr2;chr2,747566;747980;748306;749042,747816;748031;748743;749365,-;-;-;-,1065,702,700,699,696,610,51,212,51,610
GENE.4430,chr13,822078,826547,-,4470,892,896,893,790,923,58,283,58,921
GENE.4431,chr13,829534,833310,+,3777,6268,6241,6211,5878,5513,271,1547,271,5510
GENE.4432,chr13;chr13;chr13;chr13;chr13,834180;834353;834587;834839;835135,834250;834498;834706;834906;835308,-;-;-;-;-,579,216,215,215,218,218,17,137,17,218
GENE.4433,chr13,836563,838446,+,1884,5524,5483,5459,4986,4693,361,1365,361,4693
GENE.4434,chr13,838848,840965,-,2118,0,2,5,0,63,0,15,0,63
GENE.4435,chr13,841671,842750,-,1080,2580,2511,2502,2422,2155,269,871,269,2155
GENE.4436,chr13;chr13;chr13;chr13;chr13;chr13,843639;843965;844330;844674;844850;845025,843686;844079;844596;844729;844912;845111,+;+;+;+;+;+,636,0,3,1,0,46,0,5,0,46
GENE.4437,chr13;chr13;chr13;chr13;chr13,847090;847303;847490;848088;848330,847129;847351;847914;848170;848383,+;+;+;+;+,651,0,0,2,0,22,2,2,2,22
GENE.4438,chr13,849662,853990,+,4329,0,2,12,0,160,0,70,0,160
GENE.4439,chr13;chr13;chr13,854932;855104;855334,854961;855209;856463,+;+;+,1266,9556,9523,9506,9247,8922,1053,3671,1053,8922
GENE.444,chr2,750049,751737,-,1689,0,5,6,0,32,0,11,0,32
GENE.4440,chr13;chr13;chr13;chr13,857147;857302;857495;857809,857173;857369;857641;857944,-;-;-;-,378,20,20,22,18,38,0,3,0,38
GENE.4441,chr13,859299,861347,+,2049,9868,9762,9727,8932,7998,289,2320,289,7995
GENE.4442,chr13;chr13;chr13;chr13,861442;861673;862258;871174,861513;862146;870896;872332,-;-;-;-,10344,18413,19032,18615,19026,17276,966,4633,934,17161
GENE.4443,chr13;chr13;chr13,875265;875455;875731,875288;875550;875847,+;+;+,237,4,4,4,4,8,2,2,2,8
GENE.4444,chr13,876221,886264,-,10044,30616,30366,30019,26878,24478,1671,8852,1671,24458
GENE.4445,chr13;chr13;chr13;chr13;chr13;chr13;chr13;chr13;chr13;chr13;chr13;chr13,887271;887475;887830;888053;888188;888348;888531;888776;889047;889293;889431;889637,887322;887595;887943;888099;888241;888435;888639;888849;889189;889341;889458;889699,+;+;+;+;+;+;+;+;+;+;+;+,942,1524,1521,1508,1478,1340,129,497,129,1340
GENE.4446,chr13;chr13;chr13;chr13;chr13;chr13;chr13;chr13;chr13,890106;890387;890896;891327;891955;892253;892618;892874;893104,890295;890790;891159;891737;892116;892357;892717;892978;894782,-;-;-;-;-;-;-;-;-,3420,0,2,17,0,134,0,129,0,134
GENE.4447,chr13;chr13;chr13;chr13;chr13;chr13;chr13;chr13;chr13,890106;890387;890896;891327;891955;892253;892614;892874;893104,890295;890790;891159;891737;892116;892353;892717;892978;894782,-;-;-;-;-;-;-;-;-,3420,0,2,17,0,134,0,129,0,134
GENE.4448,chr13;chr13;chr13;chr13;chr13;chr13;chr13;chr13;chr13,897716;898091;898358;898689;898926;899207;899510;899859;900220,897977;898239;898539;898793;899127;899344;899740;900074;901044,+;+;+;+;+;+;+;+;+,2310,0,0,10,0,114,0,6,0,114
GENE.4449,chr13;chr13,902383;904780,904590;905166,+;+,2595,3359,3340,3308,3053,2969,237,972,237,2963
GENE.445,chr2;chr2,752966;753269,753100;753439,+;+,306,0,0,0,0,3,0,4,0,3
GENE.4450,chr13;chr13;chr13;chr13,908503;909166;909381;909545,909044;909244;909444;909639,+;+;+;+,780,0,0,0,0,46,0,37,0,46
GENE.4451,chr13,911667,912545,-,879,0,0,0,0,34,0,0,0,34
GENE.4452,chr13;chr13;chr13;chr13,916360;917898;918231;918478,917706;918055;918306;918594,+;+;+;+,1698,4598,4559,4509,3970,3536,104,1122,104,3530
GENE.4453,chr13;chr13;chr13;chr13;chr13,920971;927550;928092;928764;929075,927336;927902;928563;928844;929449,+;+;+;+;+,7647,0,44,115,0,301,0,760,0,293
GENE.4454,chr13;chr13;chr13;chr13;chr13;chr13;chr13;chr13;chr13;chr13,931314;936519;936936;937188;937526;937755;938602;938770;939377;943809,936313;936799;937032;937376;937626;937796;938691;939083;943562;943825,+;+;+;+;+;+;+;+;+;+,10317,0,26,59,0,410,0,803,0,405
GENE.4455,chr13;chr13;chr13;chr13,944275;944941;948857;949132,944733;948732;948951;949285,-;-;-;-,4500,0,14,10,0,183,0,158,0,180
GENE.4456,chr13;chr13;chr13,951155;951357;951611,951233;951521;952479,+;+;+,1113,268,283,266,280,276,17,79,17,274
GENE.4457,chr13;chr13;chr13;chr13;chr13;chr13,953154;953383;953618;954179;954451;954701,953286;953451;954054;954367;954564;955789,+;+;+;+;+;+,2031,1725,1713,1697,1583,1563,144,522,144,1563
GENE.4458,chr13,955957,957495,-,1539,0,8,3,0,67,0,52,0,67
GENE.4459,chr13,958219,959175,-,957,464,459,447,342,350,13,143,13,350
GENE.446,chr2,755418,762560,+,7143,0,21,59,0,194,0,283,0,182
GENE.4460,chr13;chr13,960166;960491,960357;960646,+;+,348,0,0,0,0,16,0,5,0,16
GENE.4461,chr13;chr13;chr13;chr13;chr13;chr13;chr13;chr13;chr13;chr13;chr13;chr13;chr13,961213;961465;961669;961772;961949;962087;962337;962564;962706;962852;963150;963308;963533,961315;961506;961690;961798;961988;962149;962486;962576;962746;963007;963218;963344;963561,+;+;+;+;+;+;+;+;+;+;+;+;+,792,0,1,1,0,34,0,2,0,34
GENE.4462,chr13;chr13,963661;964135,963797;964690,-;-,693,286,288,280,278,293,23,75,23,293
GENE.4463,chr13;chr13,965486;966235,966012;966280,-;-,573,178,178,179,178,202,13,49,13,202
GENE.4464,chr13;chr13;chr13,968110;968461;968708,968289;968561;968798,-;-;-,372,1,2,4,1,14,0,0,0,14
GENE.4465,chr13,970278,971336,+,1059,930,917,882,948,806,68,276,68,806
GENE.4466,chr13;chr13;chr13;chr13,971847;972104;972598;973012,971931;972349;972814;973036,-;-;-;-,573,763,755,739,654,480,19,171,19,480
GENE.4467,chr13,975403,977175,+,1773,4140,4116,4013,3412,3206,201,1101,201,3206
GENE.4468,chr13,978965,980221,+,1257,0,4,8,0,63,0,39,0,62
GENE.4469,chr13;chr13;chr13,982611;983050;983266,982924;983111;983801,+;+;+,912,1568,1551,1519,1280,1202,9,370,9,1202
GENE.447,chr2;chr2,763491;765175,764922;765191,-;-,1449,2492,2467,2392,2033,1892,131,661,131,1892
GENE.4470,chr13,984596,988657,-,4062,16894,18066,17587,20616,16812,947,4081,947,16805
GENE.4471,chr13,989468,990598,+,1131,3448,3443,3423,3364,3155,225,1092,225,3153
GENE.4472,chr13,990899,995278,-,4380,12380,12810,13174,16372,13850,1036,3704,1036,13800
GENE.4473,chr13,997721,999262,+,1542,2104,2100,2087,1950,1959,142,685,142,1959
GENE.4474,chr13;chr13;chr13,1000100;1001346;1001757,1001202;1001595;1001882,-;-;-,1479,0,0,4,0,59,0,60,0,58
GENE.4475,chr13;chr13;chr13,1002748;1003499;1003770,1003336;1003623;1019303,-;-;-,16248,10608,10681,10455,10306,9675,631,3814,631,9625
GENE.4476,chr13;chr13;chr13;chr13;chr13,1021509;1021698;1021934;1022210;1022418,1021562;1021842;1022089;1022286;1022537,+;+;+;+;+,552,0,0,1,0,27,0,0,0,27
GENE.4477,chr13;chr13;chr13;chr13;chr13;chr13;chr13;chr13,1023260;1023797;1026047;1026484;1026669;1027179;1027339;1027687,1023666;1025882;1026184;1026536;1026896;1027240;1027607;1027743,-;-;-;-;-;-;-;-,3300,6648,6619,6557,6177,5504,336,1941,336,5504
GENE.4478,chr13;chr13,1028492;1028766,1028613;1033629,+;+,4986,0,31,44,0,206,0,300,0,199
GENE.4479,chr13;chr13,1034900;1035598,1035525;1035637,+;+,666,1258,1246,1220,1134,1026,84,388,84,1025
GENE.448,chr2,766390,767015,-,626,748,747,738,772,619,17,143,17,619
GENE.4480,chr13;chr13;chr13;chr13,1036543;1036713;1036981;1037329,1036586;1036835;1037179;1038531,-;-;-;-,1569,2023,2014,2009,1863,1731,199,598,199,1731
GENE.4481,chr13,1041157,1042107,+,951,1432,1429,1404,1240,1212,38,314,38,1212
GENE.4482,chr13,1042855,1043088,-,234,0,0,1,0,10,0,0,0,10
GENE.4483,chr13,1044552,1045865,-,1314,0,2,8,0,41,1,25,1,41
GENE.4484,chr13;chr13;chr13,1047848;1048636;1049239,1048339;1049027;1049359,-;-;-,1005,1013,1003,1002,936,888,81,296,81,888
GENE.4485,chr13,1050915,1051319,+,405,28,28,26,26,46,0,39,0,46
GENE.4486,chr13,1052751,1063310,+,10560,41708,41726,41067,43824,35857,1981,11041,1980,35306
GENE.4487,chr13;chr13;chr13;chr13;chr13,1063944;1065677;1065816;1066067;1066345,1065558;1065719;1065961;1066199;1066411,+;+;+;+;+,2004,0,2,13,0,90,1,58,1,90
GENE.4488,chr13;chr13,1067097;1067320,1067156;1067685,+;+,426,67,67,63,35,64,4,18,4,64
GENE.4489,chr13;chr13;chr13,1068050;1068407;1068585,1068199;1068445;1068635,-;-;-,240,0,0,0,0,22,0,24,0,22
GENE.449,chr2,767584,767743,-,160,0,0,0,0,2,0,0,0,2
GENE.4490,chr13,1071146,1075747,+,4602,0,8,17,0,151,0,301,0,151
GENE.4491,chr13;chr13,1076161;1076356,1076199;1084587,-;-,8271,0,14,37,0,294,0,248,0,293
GENE.4492,chr13;chr13;chr13;chr13,1085786;1085948;1086117;1086799,1085807;1086027;1086443;1086861,-;-;-;-,492,368,367,367,374,361,31,114,31,361
GENE.4493,chr13;chr13;chr13;chr13,1087584;1087754;1088761;1089056,1087624;1088559;1088880;1089099,+;+;+;+,1011,0,0,10,0,47,0,24,0,47
GENE.4494,chr13;chr13;chr13,1090329;1090521;1090767,1090402;1090683;1091327,-;-;-,798,36,36,42,34,43,0,11,0,43
GENE.4495,chr13;chr13,1092394;1094105,1093894;1094187,-;-,1584,2260,2250,2214,2072,2073,211,691,211,2064
GENE.4496,chr13;chr13;chr13;chr13;chr13;chr13;chr13;chr13;chr13;chr13,1095553;1095872;1096112;1096344;1096656;1096860;1097061;1097243;1097820;1098078,1095639;1096005;1096181;1096424;1096754;1096978;1097112;1097574;1097880;1098464,-;-;-;-;-;-;-;-;-;-,1422,0,0,12,0,83,0,13,0,82
GENE.4497,chr13,1099489,1105836,-,6348,0,19,44,0,270,1,326,1,264
GENE.4498,chr13;chr13,1107875;1122200,1121876;1122540,+;+,14343,68860,68116,67532,63542,58313,3894,18475,3894,58151
GENE.4499,chr13,1125280,1126908,+,1629,2222,2214,2194,2130,1949,106,584,106,1948
GENE.45,chrX,2142,2213,+,72,0,0,0,0,0,0,0,0,0
GENE.450,chr2,767977,768058,-,82,0,0,0,0,2,0,0,0,2
GENE.4500,chr13,1127436,1128761,-,1326,606,596,606,544,508,12,313,12,506
GENE.4501,chr13,1129363,1133046,-,3684,0,7,9,0,141,0,64,0,141
GENE.4502,chr13;chr13;chr13,1134070;1134299;1134693,1134171;1134493;1138040,-;-;-,3645,6142,8302,8215,5002,4389,398,1764,398,4389
GENE.4503,chr13;chr13;chr13;chr13;chr13;chr13;chr13;chr13;chr13;chr13;chr13;chr13;chr13;chr13;chr13;chr13,1138558;1138846;1138958;1139092;1139313;1139442;1139597;1139760;1139955;1140098;1140326;1140498;1140668;1140880;1141140;1141324,1138589;1138871;1138998;1139155;1139329;1139476;1139662;1139807;1139976;1140203;1140391;1140540;1140721;1140988;1141207;1141561,-;-;-;-;-;-;-;-;-;-;-;-;-;-;-;-,1035,0,1,0,0,41,1,2,1,41
GENE.4504,chr13,1143157,1143915,+,759,272,251,257,222,224,24,86,24,224
GENE.4505,chr13,1145719,1151106,+,5388,12630,12691,12415,11600,10677,870,3608,825,10648
GENE.4506,chr13,1152603,1153511,-,909,738,730,713,682,577,17,133,17,576
GENE.4507,chr13;chr13;chr13,1155022;1155682;1156662,1155585;1156459;1157905,+;+;+,2586,0,0,5,0,107,0,7,0,107
GENE.4508,chr13,1159366,1159980,+,615,0,1,1,0,38,0,6,0,38
GENE.4509,chr13,1160461,1161276,-,816,0,1,1,0,40,0,9,0,40
GENE.451,chr2,769761,771041,+,1281,552,551,545,498,488,32,141,32,488
GENE.4510,chr13,1162620,1164302,+,1683,0,2,6,0,50,0,23,0,50
GENE.4511,chr13;chr13;chr13;chr13;chr13,1165307;1165647;1165874;1166197;1166433,1165408;1165747;1165890;1166267;1166558,+;+;+;+;+,417,1613,1614,1551,1332,981,106,543,106,981
GENE.4512,chr13,1174191,1180832,-,6642,3210,3192,3180,2978,3109,236,1344,236,3109
GENE.4513,chr13,1184208,1185020,+,813,862,853,817,610,557,2,68,2,557
GENE.4514,chr13;chr13;chr13;chr13,1186619;1193365;1194230;1194917,1193203;1194024;1194706;1195201,+;+;+;+,8007,15490,15362,15123,13376,12607,653,4121,653,12599
GENE.4515,chr13;chr13;chr13,1196229;1196807;1197080,1196663;1196940;1197509,-;-;-,999,454,454,453,451,513,60,234,60,513
GENE.4516,chr13,1200840,1202342,-,1503,4614,4579,4553,4154,4037,313,1312,313,4035
GENE.4517,chr13,1204186,1207200,-,3015,0,52,117,0,129,0,158,0,124
GENE.4518,chr13;chr13;chr13;chr13;chr13;chr13;chr13;chr13;chr13,1209744;1210085;1210227;1210477;1210737;1210918;1211233;1211430;1211725,1209953;1210135;1210360;1210566;1210826;1211118;1211308;1211621;1211772,-;-;-;-;-;-;-;-;-,1092,0,0,5,0,50,0,5,0,50
GENE.4519,chr13,1213394,1213615,+,222,0,0,1,0,4,0,11,0,4
GENE.452,chr2;chr2,772316;772518,772319;772690,+;+,177,0,0,0,0,6,0,0,0,6
GENE.4520,chr13,1214907,1215728,+,822,614,604,611,616,559,29,130,29,559
GENE.4521,chr13,1215925,1217118,-,1194,2892,2879,2843,2498,2369,191,922,191,2369
GENE.4522,chr13;chr13;chr13;chr13;chr13,1217917;1218104;1218458;1218697;1220084,1217983;1218316;1218579;1219913;1225535,-;-;-;-;-,7071,3826,3849,3843,3594,3575,226,1129,226,3566
GENE.4523,chr13;chr13;chr13;chr13,1227372;1227664;1234147;1234359,1227470;1233872;1234261;1234418,-;-;-;-,6483,62583,62221,61727,56765,53990,4705,18272,4705,53966
GENE.4524,chr13;chr13,1237200;1238156,1237738;1238429,-;-,813,0,1,3,0,29,0,0,0,29
GENE.4525,chr13,1239486,1241234,-,1749,2260,2253,2234,2042,2000,90,678,90,2000
GENE.4526,chr13;chr13;chr13;chr13;chr13;chr13;chr13;chr13,1243172;1243516;1244003;1245240;1245569;1245864;1246030;1246278,1243399;1243765;1245068;1245418;1245687;1245925;1246140;1246344,+;+;+;+;+;+;+;+,2082,0,2,4,0,112,0,3,0,112
GENE.4527,chr13;chr13;chr13,1252059;1256218;1256539,1256088;1256287;1257973,+;+;+,5535,24925,24732,24413,21488,19751,1269,7292,1251,19693
GENE.4528,chr13,1258956,1259861,-,906,2642,2683,2547,2980,2380,109,772,109,2380
GENE.4529,chr13,1261345,1262943,-,1599,2030,2010,1985,1850,1664,65,463,65,1660
GENE.453,chr2,773335,773754,-,420,2,2,3,0,20,0,0,0,20
GENE.4530,chr13,1265137,1268763,+,3627,6522,6567,6400,6104,5843,321,1828,302,5835
GENE.4531,chr13,1269311,1271434,+,2124,0,5,20,0,94,0,27,0,93
GENE.4532,chr13;chr13;chr13;chr13;chr13;chr13;chr13;chr13,1272213;1272451;1272668;1272874;1273120;1273415;1273608;1273776,1272329;1272537;1272700;1272965;1273195;1273499;1273654;1273859,+;+;+;+;+;+;+;+,621,381,384,381,399,331,25,196,25,331
GENE.4533,chr13;chr13;chr13;chr13;chr13;chr13;chr13,1272213;1272451;1272874;1273120;1273415;1273608;1273776,1272329;1272537;1272965;1273195;1273499;1273654;1273859,+;+;+;+;+;+;+,588,378,381,378,396,325,25,193,25,325
GENE.4534,chr13,1274448,1275008,+,561,0,1,0,0,25,0,7,0,25
GENE.4535,chr13;chr13,1275104;1275762,1275646;1275899,+;+,681,849,845,847,882,855,83,297,83,855
GENE.4536,chr13;chr13;chr13;chr13;chr13;chr13,1276089;1276771;1277065;1277279;1277622;1278264,1276348;1276902;1277100;1277336;1278021;1278373,-;-;-;-;-;-,996,0,0,5,0,56,0,19,0,56
GENE.4537,chr13;chr13;chr13;chr13;chr13,1279800;1280046;1280229;1280405;1280755,1279937;1280105;1280282;1280476;1281285,-;-;-;-;-,855,1008,997,942,982,752,85,424,85,752
GENE.4538,chr13;chr13;chr13;chr13,1280063;1280229;1280405;1280755,1280080;1280282;1280476;1281285,-;-;-;-,675,951,939,885,962,734,85,395,85,734
GENE.4539,chr13,1284988,1287165,+,2178,0,0,7,0,91,2,24,2,90
GENE.454,chr2;chr2;chr2,774815;775639;775990,774916;775795;776036,+;+;+,306,6,6,9,10,13,0,6,0,13
GENE.4540,chr13,1287891,1289408,-,1518,3688,3666,3666,3420,3621,461,1463,461,3621
GENE.4541,chr13;chr13;chr13;chr13;chr13;chr13;chr13;chr13,1290118;1291515;1291703;1291840;1292035;1292180;1292538;1292809,1291365;1291601;1291744;1291920;1292088;1292236;1292658;1292954,+;+;+;+;+;+;+;+,1836,1316,1307,1309,1242,1144,69,343,69,1144
GENE.4542,chr13;chr13,1294615;1295246,1294684;1296966,+;+,1791,1502,1505,1460,1315,1218,47,490,47,1213
GENE.4543,chr13,1294943,1295022,+,80,7,6,6,10,12,4,5,4,12
GENE.4544,chr13,1297600,1299273,-,1674,0,2,7,0,80,0,77,0,80
GENE.4545,chr13;chr13;chr13;chr13;chr13;chr13;chr13;chr13;chr13;chr13,1299906;1300116;1300407;1300720;1301067;1303138;1304417;1304752;1305016;1305230,1299975;1300214;1300520;1300942;1302876;1304218;1304546;1304812;1305097;1305294,-;-;-;-;-;-;-;-;-;-,3735,7920,7863,7687,7200,6787,351,1999,351,6765
GENE.4546,chr13;chr13,1306654;1306785,1306662;1307999,+;+,1224,998,1007,1007,1010,976,109,477,109,975
GENE.4547,chr13;chr13,1309177;1309603,1309327;1310006,+;+,555,0,2,2,0,18,0,0,0,18
GENE.4548,chr13,1310771,1312216,+,1446,0,0,2,0,62,0,24,0,62
GENE.4549,chr13,1313924,1315786,+,1863,9164,9159,8966,8958,8457,467,2631,467,8455
GENE.455,chr2;chr2,775639;775990,775795;776036,+;+,204,6,6,8,10,12,0,6,0,12
GENE.4550,chr13;chr13;chr13;chr13,1316496;1316773;1317210;1317611,1316562;1316983;1317422;1317806,-;-;-;-,687,461,454,458,418,381,13,120,13,381
GENE.4551,chr13,1319089,1321845,-,2757,0,4,7,0,134,0,109,0,134
GENE.4552,chr13;chr13,1324012;1324509,1324137;1324802,+;+,420,83,82,83,87,91,16,42,16,91
GENE.4553,chr13,1324253,1324342,+,90,0,0,0,0,4,0,0,0,4
GENE.4554,chr13;chr13;chr13;chr13;chr13,1325913;1326093;1326485;1326830;1327355,1325963;1326354;1326597;1327071;1327532,-;-;-;-;-,846,0,1,2,0,50,0,8,0,50
GENE.4555,chr13,1329491,1331059,+,1569,2772,2736,2727,2458,2191,246,828,246,2191
GENE.4556,chr13;chr13;chr13,1332299;1334111;1335432,1333970;1335283;1335592,+;+;+,3006,2046,2043,2013,1756,1743,101,553,101,1743
GENE.4557,chr13,1336401,1336892,+,492,66,67,67,62,82,2,17,2,82
GENE.4558,chr13,1337117,1339693,-,2577,8366,8300,8208,7424,6828,507,2128,507,6824
GENE.4559,chr13,1340786,1341442,+,657,0,0,2,0,25,0,0,0,25
GENE.456,chr2;chr2,776828;777591,777369;778065,-;-,1017,1222,1221,1220,1228,1275,162,516,162,1275
GENE.4560,chr13,1342012,1343805,-,1794,2166,2157,2148,2032,1961,100,581,100,1961
GENE.4561,chr13,1344806,1346278,-,1473,0,0,0,0,56,0,0,0,56
GENE.4562,chr13,1348779,1349522,+,744,648,634,614,486,439,21,86,21,439
GENE.4563,chr13,1350042,1353860,-,3819,0,10,20,0,176,1,133,1,176
GENE.4564,chr13;chr13;chr13;chr13;chr13;chr13,1355285;1355507;1355754;1355965;1356476;1356817,1355368;1355567;1355872;1356032;1356542;1357194,+;+;+;+;+;+,777,24,24,24,24,67,1,14,1,67
GENE.4565,chr13,1357704,1360319,-,2616,2460,2460,2437,2370,2365,176,825,176,2363
GENE.4566,chr13,1362093,1367609,+,5517,2372,2368,2360,2210,2323,174,715,174,2316
GENE.4567,chr13,1368081,1368716,-,636,418,417,404,368,356,23,104,23,356
GENE.4568,chr13,1370083,1370799,+,717,0,1,0,0,26,0,14,0,26
GENE.4569,chr13,1371671,1373056,+,1386,134,138,134,116,158,6,136,6,158
GENE.457,chr2,779418,782132,-,2715,8554,8537,8459,7934,7721,650,2721,650,7721
GENE.4570,chr13,1373390,1377397,-,4008,0,13,15,0,178,0,283,0,177
GENE.4571,chr13,1379109,1379621,-,513,0,0,0,0,19,0,10,0,19
GENE.4572,chr13,1382631,1383335,+,705,252,246,254,240,217,10,49,10,217
GENE.4573,chr13;chr13,1385058;1387627,1387527;1389143,+;+,3987,0,7,25,0,140,1,185,1,139
GENE.4574,chr13,1390016,1391353,-,1338,0,3,1,0,56,0,34,0,56
GENE.4575,chr13,1392614,1395565,-,2952,2740,2732,2731,2512,2585,161,847,161,2585
GENE.4576,chr13,1398271,1399845,+,1575,46,51,46,44,102,2,126,2,102
GENE.4577,chr13,1400897,1402276,-,1380,148,155,149,150,190,18,76,18,187
GENE.4578,chr13,1403522,1404451,-,930,14,16,14,12,71,3,40,3,70
GENE.4579,chr13;chr13,1405731;1407910,1407570;1407929,-;-,1860,5375,5342,5326,5712,4909,406,1776,406,4903
GENE.458,chr2;chr2,783723;784688,784469;784828,-;-,888,0,0,0,0,21,0,0,0,21
GENE.4580,chr13,1409049,1409945,-,897,0,1,2,0,30,0,64,0,30
GENE.4581,chr13,1411100,1411708,-,609,0,1,2,0,19,0,0,0,19
GENE.4582,chr13,1413102,1413947,-,846,16,18,17,18,50,3,16,3,50
GENE.4583,chr13,1414878,1415018,-,141,0,0,0,0,5,0,9,0,5
GENE.4584,chr13,1416316,1417458,-,1143,0,0,1,0,57,0,5,0,57
GENE.4585,chr13,1419086,1420141,-,1056,106,110,112,106,134,8,49,8,134
GENE.4586,chr13;chr13;chr13;chr13;chr13;chr13;chr13;chr13;chr13;chr13;chr13;chr13;chr13;chr13,1422322;1422455;1422575;1422818;1422908;1422962;1423043;1423859;1424177;1424777;1424957;1425062;1425281;1425404,1422453;1422572;1422816;1422905;1422959;1423040;1423856;1424175;1424774;1424955;1425059;1425279;1425402;1425596,-;-;-;-;-;-;-;-;-;-;-;-;-;-,3255,0,3,9,0,146,0,247,0,145
GENE.4587,chr13;chr13,1428874;1438795,1438580;1438852,-;-,9765,73082,96629,91166,91599,78491,5614,6680,5614,78483
GENE.4588,chr13;chr13,1440779;1441051,1440836;1450385,+;+,9393,33927,88086,83169,87087,73466,5369,5366,5369,73416
GENE.4589,chr13;chr13;chr13,1451489;1452570;1453187,1452415;1452867;1453443,+;+;+,1482,2886,2888,2877,2814,2833,266,977,266,2833
GENE.459,chr2;chr2,786870;787848,787736;787940,-;-,960,1666,1655,1643,1408,1304,126,466,126,1304
GENE.4590,chr13;chr13,1454507;1454824,1454690;1455875,+;+,1236,1592,1589,1575,1526,1434,123,554,123,1433
GENE.4591,chr13;chr13;chr13,1456110;1456473;1457099,1456281;1456902;1461326,-;-;-,4830,0,4,18,0,184,0,229,0,183
GENE.4592,chr13,1462180,1463991,+,1812,0,0,2,0,79,0,17,0,79
GENE.4593,chr13,1464895,1466619,-,1725,312,311,304,276,376,16,97,16,376
GENE.4594,chr13;chr13;chr13,1469844;1470348;1471337,1470201;1471072;1471453,+;+;+,1200,0,1,0,0,55,0,1,0,55
GENE.4595,chr13;chr13;chr13,1472183;1472434;1472926,1472225;1472669;1473114,+;+;+,468,47,48,46,49,63,6,23,6,63
GENE.4596,chr13;chr13;chr13;chr13;chr13,1474274;1474974;1475215;1475399;1475623,1474884;1475054;1475262;1475513;1475661,+;+;+;+;+,894,709,703,692,635,517,36,312,36,517
GENE.4597,chr13,1476333,1477307,+,975,3560,3542,3534,3940,3310,110,947,110,3310
GENE.4598,chr13;chr13;chr13;chr13;chr13;chr13;chr13;chr13;chr13,1477961;1478267;1478452;1478639;1478892;1479045;1479271;1479670;1479978,1478167;1478328;1478551;1478698;1478954;1479113;1479377;1479803;1480024,-;-;-;-;-;-;-;-;-,849,0,0,1,0,41,0,17,0,41
GENE.4599,chr13,1479501,1479598,-,98,0,0,0,0,4,0,0,0,4
GENE.46,chrX,2219,2292,+,74,0,0,0,0,0,0,0,0,0
GENE.460,chr2;chr2,791464;791899,791673;792381,+;+,693,0,0,1,0,22,0,0,0,22
GENE.4600,chr13;chr13;chr13;chr13,1480954;1481099;1481282;1481665,1480966;1481164;1481440;1481702,+;+;+;+,276,7,7,8,7,22,0,4,0,22
GENE.4601,chr13,1482361,1482837,-,477,0,4,2,0,24,0,51,0,23
GENE.4602,chr13,1486456,1487616,+,1161,0,0,3,0,38,0,40,0,38
GENE.4603,chr13;chr13,1488061;1490149,1489845;1490262,-;-,1899,12300,12243,12060,10461,9908,451,2711,451,9908
GENE.4604,chr13;chr13,1491265;1491579,1491432;1494308,-;-,2898,1594,1591,1564,1480,1550,93,678,93,1549
GENE.4605,chr13;chr13;chr13;chr13;chr13;chr13;chr13;chr13,1495259;1495464;1495760;1495955;1496433;1496612;1496890;1497182,1495319;1495613;1495839;1496301;1496466;1496698;1496989;1497240,+;+;+;+;+;+;+;+,918,805,805,790,759,704,38,233,38,704
GENE.4606,chr13,1497877,1501494,+,3618,2868,2861,2864,2686,2703,161,1171,161,2698
GENE.4607,chr13;chr13,1503015;1505156,1504859;1506022,+;+,2712,0,5,0,0,110,0,79,0,110
GENE.4608,chr13;chr13;chr13,1506965;1508291;1508598,1508141;1508488;1508977,+;+;+,1755,0,4,1,0,86,0,108,0,86
GENE.4609,chr13,1509589,1519593,-,10005,2926,3308,3601,3866,3126,291,1167,291,3116
GENE.461,chr2;chr2,796752;797108,796949;801586,+;+,4677,872,951,1020,1088,862,66,225,66,862
GENE.4610,chr13,1524111,1524192,-,82,0,0,0,0,4,0,0,0,4
GENE.4611,chr13;chr13;chr13;chr13,1525562;1526125;1526519;1526778,1525927;1526430;1526660;1527814,+;+;+;+,1851,2765,2736,2697,2518,2300,136,893,136,2300
GENE.4612,chr13,1528502,1530208,-,1707,0,1,4,0,87,0,0,0,87
GENE.4613,chr13,1534507,1535166,+,660,798,795,798,768,741,76,265,76,741
GENE.4614,chr13;chr13;chr13;chr13;chr13;chr13;chr13;chr13;chr13;chr13;chr13;chr13;chr13;chr13;chr13;chr13;chr13;chr13;chr13;chr13,1536463;1536680;1536938;1537087;1537239;1537416;1537588;1537790;1538005;1538264;1538489;1538711;1538933;1539141;1539365;1539518;1539706;1539984;1540124;1540285,1536504;1536832;1536995;1537158;1537309;1537490;1537639;1537863;1538121;1538337;1538581;1538786;1539031;1539281;1539430;1539565;1539799;1540034;1540191;1540353,+;+;+;+;+;+;+;+;+;+;+;+;+;+;+;+;+;+;+;+,1593,3866,3863,3803,4151,3390,311,1133,311,3389
GENE.4615,chr13;chr13,1542080;1543634,1543243;1543981,+;+,1512,330,331,320,260,366,24,82,24,366
GENE.4616,chr13,1545070,1545735,-,666,0,0,4,0,35,1,12,1,35
GENE.4617,chr13;chr13,1548692;1549170,1548700;1550396,+;+,1236,0,0,4,0,40,0,10,0,40
GENE.4618,chr13;chr13;chr13;chr13;chr13;chr13;chr13;chr13,1550949;1551329;1551644;1551866;1552058;1552221;1552415;1552647,1551190;1551484;1551725;1551979;1552135;1552289;1552548;1553103,-;-;-;-;-;-;-;-,1332,5194,5090,5107,4601,4345,258,969,258,4343
GENE.4619,chr13,1554199,1556364,+,2166,0,1,7,0,96,1,128,1,90
GENE.462,chr2;chr2,804520;804943,804714;807741,+;+,2994,96,97,99,116,165,6,42,6,165
GENE.4620,chr13;chr13;chr13,1556659;1559322;1559610,1559197;1559501;1559734,-;-;-,2844,12274,12237,12076,11366,11215,596,2887,596,11213
GENE.4621,chr13,1561255,1563123,-,1869,5166,5119,5124,4790,4624,394,1411,394,4624
GENE.4622,chr13;chr13;chr13;chr13;chr13;chr13;chr13;chr13;chr13;chr13;chr13,1564932;1565103;1565304;1565626;1565892;1566466;1566644;1566761;1567066;1567245;1567399,1564966;1565163;1565518;1565777;1566397;1566564;1566664;1566895;1567155;1567321;1567660,-;-;-;-;-;-;-;-;-;-;-,1653,2589,2567,2527,2359,2249,204,769,204,2249
GENE.4623,chr13,1568374,1571169,-,2796,3578,3560,3540,3156,3090,241,1005,241,3090
GENE.4624,chr13;chr13;chr13;chr13,1572631;1573059;1573389;1573622,1572924;1573189;1573443;1573723,-;-;-;-,582,0,1,0,0,24,0,1,0,24
GENE.4625,chr13,1575356,1575427,+,72,0,0,0,0,3,0,0,0,3
GENE.4626,chr13,1576926,1576997,-,72,0,0,0,0,5,0,0,0,5
GENE.4627,chr13,1583226,1584053,+,828,0,0,2,0,27,0,5,0,27
GENE.4628,chr13;chr13,1585806;1586096,1585948;1586399,-;-,447,0,0,1,0,12,0,0,0,12
GENE.4629,chr13;chr13;chr13;chr13,1587028;1587207;1587500;1587751,1587051;1587305;1587588;1587874,-;-;-;-,336,16,16,17,16,30,3,14,3,30
GENE.463,chr2;chr2,809511;810230,809984;810298,-;-,543,0,0,1,0,12,0,0,0,12
GENE.4630,chr13;chr13,1588404;1590238,1590129;1590290,+;+,1779,0,0,13,0,82,1,167,1,81
GENE.4631,chr13,1590510,1596320,-,5811,56612,56465,55507,53260,50302,3685,17572,3673,50080
GENE.4632,chr13,1597400,1597618,-,219,0,0,0,0,9,0,2,0,9
GENE.4633,chr13,1598401,1601178,+,2778,5388,5372,5288,5044,4683,355,1628,355,4677
GENE.4634,chr13,1601698,1603554,-,1857,1042,1029,1042,918,839,44,263,44,825
GENE.4635,chr13,1604376,1605212,-,837,1936,1920,1907,1730,1459,71,329,71,1459
GENE.4636,chr13,1605800,1605976,-,177,0,1,2,0,7,0,0,0,7
GENE.4637,chr13,1607323,1610190,+,2868,0,17,16,0,106,0,148,0,106
GENE.4638,chr13;chr13,1610715;1611864,1611746;1611989,-;-,1158,398,423,397,350,371,11,282,11,371
GENE.4639,chr13,1613197,1616805,-,3609,14846,14707,14542,13660,12290,1009,4204,1009,12282
GENE.464,chr2;chr2,813827;814580,814390;814654,-;-,639,2897,2878,2805,2779,2565,146,591,146,2565
GENE.4640,chr13,1618001,1619728,-,1728,0,1,11,0,72,0,42,0,72
GENE.4641,chr13;chr13;chr13;chr13;chr13,1621292;1621688;1622108;1622353;1622658,1621573;1621909;1622166;1622418;1622718,-;-;-;-;-,690,0,0,0,0,29,0,0,0,29
GENE.4642,chr13;chr13,1624054;1624267,1624150;1624490,+;+,321,0,0,4,0,8,0,0,0,8
GENE.4643,chr13;chr13,1627311;1629407,1629300;1629480,+;+,2064,748,746,738,712,771,38,187,38,766
GENE.4644,chr13,1631333,1631406,+,74,0,0,0,0,1,0,0,0,1
GENE.4645,chr13,1632602,1632709,-,108,0,0,0,0,5,0,0,0,5
GENE.4646,chr13;chr13,1633860;1634495,1634378;1634530,-;-,555,376,376,378,374,380,33,159,33,380
GENE.4647,chr13;chr13;chr13,1636556;1636904;1637529,1636558;1637159;1637833,+;+;+,564,201,199,201,200,213,21,61,21,213
GENE.4648,chr13,1637268,1637347,+,80,6,5,5,5,12,3,4,3,12
GENE.4649,chr13,1639617,1641143,+,1527,858,841,867,876,808,78,918,78,803
GENE.465,chr2;chr2;chr2,820429;820569;821129,820467;821126;822541,+;+;+,2010,1414,1417,1409,1384,1289,112,511,112,1289
GENE.4650,chr13,1642119,1644479,+,2361,1576,1586,1561,1440,1410,81,676,81,1409
GENE.4651,chr13;chr13;chr13,1645066;1645266;1645545,1645142;1645384;1645666,+;+;+,318,0,0,1,0,17,0,0,0,17
GENE.4652,chr13,1646330,1647718,-,1389,0,1,6,0,57,1,6,1,57
GENE.4653,chr13;chr13;chr13;chr13;chr13;chr13;chr13,1649113;1649300;1649532;1649732;1649906;1650329;1650609,1649180;1649370;1649611;1649797;1650205;1650446;1650649,-;-;-;-;-;-;-,744,0,1,4,0,34,0,9,0,34
GENE.4654,chr13,1653211,1654131,-,921,2196,2171,2132,2064,1550,150,421,150,1550
GENE.4655,chr13,1657442,1660171,+,2730,6086,6047,5987,5336,5029,372,1694,372,5029
GENE.4656,chr13,1660812,1663730,-,2919,1422,1415,1437,1286,1253,69,499,69,1253
GENE.4657,chr13,1664854,1665645,+,792,752,748,727,762,635,24,172,24,635
GENE.4658,chr13;chr13,1666832;1667680,1667515;1668153,-;-,1158,0,1,6,0,38,1,7,1,38
GENE.4659,chr13;chr13;chr13;chr13;chr13,1669694;1670232;1670466;1670687;1670884,1670070;1670305;1670596;1670769;1670956,-;-;-;-;-,738,1027,1016,1009,887,798,53,317,53,798
GENE.466,chr2;chr2,823825;824796,824571;824864,-;-,816,0,10,8,10,32,2,5,2,22
GENE.4660,chr13;chr13;chr13,1673699;1673952;1674317,1673794;1674089;1676539,+;+;+,2457,0,0,6,0,153,1,33,1,153
GENE.4661,chr13;chr13;chr13,1677540;1677676;1677857,1677562;1677768;1677917,-;-;-,177,0,0,0,0,2,0,0,0,2
GENE.4662,chr13,1679693,1681444,+,1752,666,665,664,630,678,35,168,35,678
GENE.4663,chr13,1682393,1693969,-,11577,40410,40935,39605,40256,36874,2661,11865,2658,36798
GENE.4664,chr13;chr13;chr13;chr13,1696894;1697106;1697308;1697494,1696960;1697136;1697390;1698113,+;+;+;+,801,2297,2284,2242,2039,1814,125,548,125,1814
GENE.4665,chr13,1699683,1700630,-,948,0,1,7,0,35,0,0,0,35
GENE.4666,chr13,1704570,1706123,+,1554,0,5,11,0,62,0,88,0,62
GENE.4667,chr13,1707731,1710679,-,2949,13882,13779,13677,12758,11889,876,3962,876,11864
GENE.4668,chr13;chr13;chr13,1714443;1714993;1716110,1714653;1715994;1719255,+;+;+,4359,16075,16028,16010,15306,14675,1093,5011,1093,14675
GENE.4669,chr13;chr13;chr13;chr13,1720319;1721165;1721379;1721550,1721011;1721242;1721408;1721672,+;+;+;+,924,284,283,283,270,258,14,66,14,257
GENE.467,chr2;chr2,831189;831424,831284;832005,+;+,678,0,1,0,0,13,0,0,0,13
GENE.4670,chr13,1721904,1723685,-,1782,4990,4957,4966,4634,4313,350,1388,350,4303
GENE.4671,chr13,1724817,1726997,-,2181,3432,3408,3388,2854,2797,94,684,94,2796
GENE.4672,chr13,1730702,1753486,-,22785,91016,90410,89820,82734,76937,5582,24425,5582,76895
GENE.4673,chr13,1756212,1758158,+,1947,4590,4567,4527,4192,4158,342,1323,342,4152
GENE.4674,chr13,1759466,1761991,+,2526,2304,2286,2288,2150,2062,134,646,134,2062
GENE.4675,chr13,1764190,1766607,+,2418,162,157,161,126,246,5,68,5,246
GENE.4676,chr13,1769129,1771927,+,2799,4088,4057,4009,3360,3272,157,1125,157,3272
GENE.4677,chr13;chr13;chr13,1774275;1778561;1779041,1778347;1778766;1779042,-;-;-,4281,0,31,45,0,175,0,220,0,168
GENE.4678,chr13,1785333,1786805,-,1473,984,993,994,978,997,77,351,77,997
GENE.4679,chr13;chr13;chr13,1787820;1788350;1788827,1788279;1788671;1788869,-;-;-,825,0,2,9,0,40,0,1,0,40
GENE.468,chr2;chr2,833805;834122,833996;834688,+;+,759,626,624,624,620,603,74,228,74,603
GENE.4680,chr13,1789425,1790672,+,1248,0,0,2,0,66,0,2,0,66
GENE.4681,chr13,1791032,1794766,-,3735,5062,4977,4918,4454,3940,250,1379,250,3940
GENE.4682,chr13;chr13;chr13,1796274;1796884;1797569,1796762;1797381;1797709,+;+;+,1128,1089,1089,1087,1067,1087,83,326,83,1087
GENE.4683,chr13,1801271,1805737,+,4467,4264,4242,4216,3776,3553,172,1897,172,3542
GENE.4684,chr13;chr13;chr13;chr13;chr13;chr13;chr13;chr13;chr13;chr13;chr13,1807159;1807309;1807596;1807749;1807948;1808218;1808365;1808598;1808874;1809060;1809450,1807184;1807460;1807644;1807791;1808124;1808248;1808462;1808738;1808940;1809118;1809617,+;+;+;+;+;+;+;+;+;+;+,1011,2180,2177,2156,2139,1981,177,892,177,1981
GENE.4685,chr13;chr13;chr13;chr13,1809736;1810038;1810164;1810330,1809933;1810071;1810213;1810521,-;-;-;-,474,58,58,58,51,65,3,22,3,65
GENE.4686,chr13,1812220,1813929,-,1710,3906,3885,3885,3754,3550,387,1297,387,3546
GENE.4687,chr13;chr13;chr13,1815075;1815198;1815411,1815095;1815293;1815548,-;-;-,255,0,0,0,0,9,0,6,0,9
GENE.4688,chr13;chr13;chr13;chr13,1816344;1816889;1817554;1817828,1816693;1817331;1817712;1821300,-;-;-;-,4425,5042,5031,5018,4926,4889,301,1475,301,4883
GENE.4689,chr13,1823190,1824026,+,837,0,0,0,0,25,0,0,0,25
GENE.469,chr2;chr2;chr2;chr2;chr2;chr2;chr2;chr2;chr2,838843;839924;840606;840757;840965;841202;841500;841746;842647,839764;840493;840659;840819;841096;841387;841658;842512;844116,+;+;+;+;+;+;+;+;+,4323,0,0,3,0,99,0,8,0,99
GENE.4690,chr13;chr13,1826411;1827143,1827016;1827649,+;+,1113,6221,6205,6179,5900,5667,369,1625,369,5667
GENE.4691,chr13,1828283,1829689,-,1407,0,1,2,0,58,0,5,0,58
GENE.4692,chr13;chr13,1831842;1833931,1833765;1834991,+;+,2985,0,21,96,0,114,0,82,0,111
GENE.4693,chr13;chr13;chr13;chr13;chr13;chr13;chr13,1835511;1835726;1835899;1836102;1836273;1836464;1836679,1835629;1835821;1836000;1836198;1836322;1836529;1836799,-;-;-;-;-;-;-,651,937,933,908,865,706,42,344,42,706
GENE.4694,chr13;chr13,1837752;1838170,1837903;1840105,-;-,2088,2175,2154,2139,1905,1814,124,772,124,1814
GENE.4695,chr13;chr13,1843376;1843483,1843379;1844897,+;+,1419,368,367,364,338,363,50,159,50,363
GENE.4696,chr13,1845878,1846384,-,507,736,729,727,684,690,23,142,23,690
GENE.4697,chr13;chr13;chr13,1849528;1849974;1850417,1849769;1850266;1850517,+;+;+,636,224,221,207,171,154,4,26,4,154
GENE.4698,chr13,1852898,1870864,+,17967,0,27,88,0,726,0,1055,0,703
GENE.4699,chr13,1871922,1873709,+,1788,1022,1023,1007,1002,935,55,255,55,935
GENE.47,chrX,2335,5029,+,2695,0,4,3,0,37,0,116,0,37
GENE.470,chr2;chr2;chr2,845600;846020;846298,846018;846131;846375,-;-;-,609,2806,2792,2753,2762,2455,286,926,286,2455
GENE.4700,chr13,1874060,1874725,-,666,104,106,104,112,113,11,32,11,113
GENE.4701,chr13,1876016,1877362,-,1347,0,0,1,0,100,0,0,0,100
GENE.4702,chr13,1878875,1880194,-,1320,0,3,0,0,81,0,15,0,81
GENE.4703,chr13,1881902,1882657,+,756,818,816,830,840,811,70,391,70,806
GENE.4704,chr13;chr13;chr13;chr13;chr13;chr13;chr13,1882964;1883395;1883555;1883883;1884170;1884360;1884691,1883191;1883465;1883717;1884007;1884233;1884544;1884946,-;-;-;-;-;-;-,1092,1491,1493,1465,1331,1230,75,389,75,1230
GENE.4705,chr13,1886344,1888476,+,2133,3940,3781,3876,3530,3182,99,1065,99,3171
GENE.4706,chr13,1889853,1891121,-,1269,194,194,191,178,208,13,118,13,208
GENE.4707,chr13;chr13;chr13;chr13;chr13;chr13,1893613;1893807;1893943;1894229;1894479;1894883,1893681;1893857;1894122;1894291;1894637;1895023,-;-;-;-;-;-,663,431,430,425,399,364,51,159,51,364
GENE.4708,chr13,1895983,1896402,+,420,252,249,213,190,188,7,90,7,188
GENE.4709,chr13;chr13,1897983;1898826,1898564;1899362,-;-,1119,0,4,1,0,49,0,1,0,48
GENE.471,chr2;chr2,848092;848277,848157;849119,+;+,909,241,240,241,233,232,15,81,15,232
GENE.4710,chr13;chr13;chr13;chr13;chr13;chr13;chr13;chr13;chr13;chr13;chr13;chr13;chr13;chr13,1902723;1903060;1903325;1903509;1903848;1904008;1904169;1904329;1904514;1904659;1904823;1904980;1905163;1905294,1902777;1903157;1903363;1903665;1903885;1904038;1904212;1904396;1904550;1904719;1904867;1905044;1905196;1905355,+;+;+;+;+;+;+;+;+;+;+;+;+;+,834,0,1,1,0,53,0,9,0,53
GENE.4711,chr13;chr13;chr13,1908960;1910658;1910828,1910549;1910731;1910885,+;+;+,1722,0,2,3,0,83,0,102,0,82
GENE.4712,chr13;chr13;chr13;chr13;chr13;chr13,1911507;1911807;1911951;1912166;1912470;1912685,1911678;1911855;1912057;1912365;1912564;1912832,+;+;+;+;+;+,771,118,118,118,114,162,5,47,5,162
GENE.4713,chr13;chr13;chr13,1912948;1913174;1913533,1913019;1913273;1918904,-;-;-,5544,0,6,23,0,181,0,296,0,181
GENE.4714,chr13;chr13;chr13;chr13,1919834;1923570;1923843;1923988,1923364;1923731;1923875;1923999,-;-;-;-,3738,884,878,870,845,808,56,292,56,808
GENE.4715,chr13;chr13;chr13;chr13;chr13;chr13;chr13;chr13;chr13,1925049;1925312;1925581;1925812;1926015;1926249;1926429;1926588;1926754,1925164;1925421;1925682;1925915;1926054;1926297;1926489;1926653;1926780,+;+;+;+;+;+;+;+;+,675,206,204,203,203,225,25,99,25,225
GENE.4716,chr13;chr13,1927449;1927710,1927512;1928260,+;+,615,98,97,93,100,93,4,31,4,93
GENE.4717,chr13;chr13;chr13,1929091;1929409;1930132,1929153;1929940;1933721,-;-;-,4185,1645,1631,1607,1401,1502,76,620,76,1494
GENE.4718,chr13;chr13;chr13,1935596;1935802;1936117,1935682;1936018;1947380,-;-;-,11568,30814,30861,30281,30416,24955,1936,9049,1918,24807
GENE.4719,chr13;chr13,1950400;1950916,1950511;1951847,+;+,1044,3115,3109,3024,2617,2506,200,894,200,2504
GENE.472,chr2;chr2;chr2,851052;851291;851647,851164;851644;851962,+;+;+,783,0,1,1,0,16,0,1,0,15
GENE.4720,chr13;chr13;chr13;chr13,1953304;1953548;1953730;1953908,1953359;1953609;1953782;1954852,+;+;+;+,1116,0,0,1,0,41,0,16,0,41
GENE.4721,chr13;chr13;chr13;chr13;chr13;chr13;chr13;chr13,1955254;1955462;1955623;1955757;1956182;1957127;1957389;1957713,1955300;1955542;1955682;1956024;1956957;1957246;1957538;1958358,-;-;-;-;-;-;-;-,2148,3080,3067,3052,2906,2826,194,1004,194,2826
GENE.4722,chr13;chr13;chr13;chr13;chr13,1959657;1960427;1963034;1965499;1965656,1960239;1962884;1965409;1965564;1965677,+;+;+;+;+,5505,0,10,31,0,195,2,353,2,194
GENE.4723,chr13,1965963,1966322,-,360,0,0,1,0,9,0,3,0,9
GENE.4724,chr13;chr13;chr13;chr13;chr13;chr13;chr13;chr13;chr13;chr13;chr13,1966890;1967239;1967427;1967705;1967873;1968038;1968257;1968465;1968772;1969008;1969280,1967088;1967330;1967573;1967780;1967925;1968130;1968388;1968643;1968909;1969178;1969427,-;-;-;-;-;-;-;-;-;-;-,1428,1056,1049,1013,927,797,35,291,35,797
GENE.4725,chr13;chr13;chr13,1969769;1970039;1970363,1969848;1970159;1970752,-;-;-,591,0,0,1,0,19,0,8,0,19
GENE.4726,chr13,1971890,1974481,-,2592,0,7,27,0,115,0,143,0,111
GENE.4727,chr13,1977269,1982692,+,5424,1940,1945,1908,1854,1841,96,637,96,1838
GENE.4728,chr13;chr13;chr13;chr13;chr13,1983823;1984006;1984559;1984772;1984977,1983879;1984438;1984634;1984869;1985011,+;+;+;+;+,699,404,404,400,384,333,4,110,4,333
GENE.4729,chr13;chr13,1985337;1985527,1985394;1995614,-;-,10146,6199,6193,6113,6807,5425,293,2064,293,5374
GENE.473,chr2;chr2,854966;855187,855034;855738,+;+,621,138,137,138,132,149,13,55,13,149
GENE.4730,chr13;chr13,1997023;1997787,1997450;1998282,+;+,924,1108,1104,1102,1074,1038,49,263,49,1038
GENE.4731,chr13;chr13,1998815;1999206,1999016;1999771,+;+,768,451,450,436,405,338,8,105,8,338
GENE.4732,chr13,2000681,2002000,+,1320,1494,1489,1491,1474,1514,135,542,135,1514
GENE.4733,chr13,2002429,2002989,-,561,534,530,522,484,334,28,134,28,334
GENE.4734,chr13;chr13;chr13;chr13;chr13;chr13;chr13;chr13,2003332;2003588;2003868;2004188;2004331;2004571;2004725;2004969,2003466;2003668;2003997;2004261;2004410;2004635;2004797;2005134,-;-;-;-;-;-;-;-,804,0,0,1,0,22,0,24,0,22
GENE.4735,chr13;chr13,2005962;2007748,2007510;2007950,-;-,1752,3079,3070,3049,2812,2807,160,905,160,2807
GENE.4736,chr13;chr13;chr13;chr13,2009477;2009655;2009878;2010234,2009495;2009779;2009967;2010281,-;-;-;-,282,0,0,0,0,11,0,42,0,11
GENE.4737,chr13,2011168,2012085,+,918,2270,2262,2231,2306,1936,203,995,203,1920
GENE.4738,chr13,2012799,2014919,+,2121,9044,8989,8613,7966,6512,181,2038,181,6505
GENE.4739,chr13,2015367,2018801,-,3435,4644,4623,4610,4348,4340,309,1369,309,4336
GENE.474,chr2;chr2;chr2;chr2,857567;857785;858090;858430,857782;858088;858427;858675,-;-;-;-,1104,0,0,0,0,27,0,28,0,27
GENE.4740,chr13;chr13,2021350;2022192,2022019;2022307,+;+,786,754,750,749,744,698,32,178,32,698
GENE.4741,chr13,2023259,2024944,+,1686,266,275,271,328,338,29,199,29,338
GENE.4742,chr13,2025366,2026106,-,741,0,1,4,0,27,0,28,0,27
GENE.4743,chr13,2027073,2028638,-,1566,0,7,6,0,73,0,46,0,73
GENE.4744,chr13;chr13;chr13;chr13,2033838;2039374;2039691;2039867,2039219;2039492;2039756;2039882,+;+;+;+,5583,18725,18632,18569,17415,16453,1160,5631,1160,16414
GENE.4745,chr13;chr13;chr13;chr13;chr13;chr13,2040405;2040627;2040882;2041090;2041279;2041468,2040455;2040738;2040955;2041153;2041360;2041555,-;-;-;-;-;-,471,601,597,574,538,539,15,172,15,539
GENE.4746,chr13,2043106,2047758,+,4653,534,567,620,506,625,37,325,37,618
GENE.4747,chr13;chr13,2048381;2049209,2049021;2049656,-;-,1089,2589,2576,2568,2528,2431,180,1024,180,2431
GENE.4748,chr13;chr13;chr13,2052108;2052333;2053082,2052147;2052601;2053384,+;+;+,612,156,156,154,152,200,8,82,8,200
GENE.4749,chr13,2052741,2052885,+,145,4,4,5,4,7,1,5,1,7
GENE.475,chr2;chr2,860466;860650,860534;861504,+;+,924,2146,2138,2130,2130,2036,253,1011,253,2034
GENE.4750,chr13,2055216,2056721,+,1506,2154,2139,2087,1728,1734,126,578,126,1734
GENE.4751,chr13;chr13;chr13,2059616;2059838;2060076,2059663;2059897;2063924,+;+;+,3957,0,10,30,0,185,0,251,0,179
GENE.4752,chr13;chr13,2065373;2065793,2065448;2066409,+;+,693,234,233,232,220,195,8,174,8,194
GENE.4753,chr13;chr13,2065373;2065778,2065448;2066409,+;+,708,234,233,232,220,195,8,174,8,194
GENE.4754,chr13,2067529,2068767,-,1239,0,2,4,0,51,0,96,0,51
GENE.4755,chr13,2069317,2075337,+,6021,3740,3752,3717,3638,3513,229,1714,229,3495
GENE.4756,chr13,2076078,2079227,-,3150,0,3,4,0,107,0,44,0,106
GENE.4757,chr13;chr13;chr13;chr13;chr13;chr13;chr13;chr13,2080764;2081126;2081867;2082067;2082247;2082550;2082882;2083078,2080931;2081776;2081952;2082157;2082338;2082713;2082949;2083152,+;+;+;+;+;+;+;+,1395,3653,3641,3646,3659,3582,389,1368,389,3582
GENE.4758,chr13,2083689,2085530,-,1842,2140,2073,1985,1762,1608,125,510,125,1608
GENE.4759,chr13,2087393,2092177,+,4785,14090,13972,13858,12994,11956,759,4148,759,11933
GENE.476,chr2;chr2;chr2,863079;863389;863774,863387;863688;863842,-;-;-,678,40,41,38,30,29,0,16,0,29
GENE.4760,chr13;chr13,2093365;2094202,2093855;2094337,-;-,627,0,0,1,0,20,0,4,0,20
GENE.4761,chr13;chr13;chr13;chr13;chr13;chr13;chr13;chr13;chr13;chr13;chr13;chr13;chr13;chr13;chr13,2096326;2096486;2096723;2096908;2097061;2097255;2097426;2097625;2097813;2097994;2098309;2098506;2098703;2098870;2099063,2096363;2096569;2096812;2096965;2097164;2097340;2097484;2097658;2097875;2098072;2098356;2098603;2098749;2098943;2099369,-;-;-;-;-;-;-;-;-;-;-;-;-;-;-,1269,2445,2435,2414,2297,2157,172,636,172,2157
GENE.4762,chr13,2101485,2109086,+,7602,0,13,65,0,299,0,729,0,297
GENE.4763,chr13;chr13;chr13,2110352;2112630;2112952,2112480;2112750;2113356,+;+;+,2655,24649,24586,24513,23891,22967,1777,7065,1777,22957
GENE.4764,chr13;chr13;chr13,2114157;2115963;2116170,2115807;2116018;2116211,-;-;-,1749,3353,3331,3317,2951,2802,144,654,144,2802
GENE.4765,chr13;chr13,2118361;2120734,2120586;2120913,-;-,2406,180,183,183,176,245,12,82,12,245
GENE.4766,chr13;chr13,2124272;2125073,2124931;2125270,-;-,858,122,121,119,102,124,6,23,6,124
GENE.4767,chr13;chr13,2130531;2130934,2130812;2131065,+;+,414,0,0,0,0,9,0,0,0,9
GENE.4768,chr13;chr13,2132068;2138465,2138155;2138583,-;-,6207,8912,8861,8810,8512,7888,516,2582,516,7885
GENE.4769,chr13,2139728,2143222,+,3495,18090,18210,17982,17102,16618,1327,5930,1327,16585
GENE.477,chr2;chr2,865916;866405,866402;866538,-;-,621,1724,1724,1700,1712,1666,196,697,196,1664
GENE.4770,chr13,2144125,2145105,+,981,852,848,842,768,764,36,278,36,764
GENE.4771,chr13;chr13;chr13,2146181;2146704;2147008,2146527;2146882;2147147,-;-;-,666,478,477,471,456,470,7,121,7,470
GENE.4772,chr13,2150068,2150574,+,507,0,0,1,0,21,0,0,0,21
GENE.4773,chr13;chr13,2151402;2151843,2151611;2152373,-;-,741,701,701,701,693,655,39,200,39,655
GENE.4774,chr13;chr13;chr13;chr13,2154162;2154581;2154988;2155167,2154419;2154907;2155077;2155217,+;+;+;+,726,0,0,1,0,33,0,0,0,33
GENE.4775,chr13,2155755,2157542,-,1788,380,383,380,350,402,18,118,18,402
GENE.4776,chr13,2158129,2159199,-,1071,1192,1176,1160,1102,955,47,413,47,955
GENE.4777,chr13,2160318,2162729,-,2412,3954,3936,3955,3724,3845,379,1400,379,3844
GENE.4778,chr13;chr13,2164239;2164575,2164456;2167416,-;-,3060,4342,4313,4294,4000,3733,288,1229,288,3731
GENE.4779,chr13;chr13;chr13;chr13;chr13,2169314;2169475;2169727;2170044;2170313,2169369;2169578;2169907;2170144;2170416,-;-;-;-;-,546,354,352,348,335,318,11,93,11,318
GENE.478,chr2;chr2,869508;871086,870950;871124,-;-,1482,1246,1268,1238,1236,1259,69,276,69,1238
GENE.4780,chr13;chr13,2174346;2175550,2175426;2175797,+;+,1329,258,257,256,214,221,8,59,8,221
GENE.4781,chr13;chr13;chr13,2176308;2176830;2177123,2176724;2177021;2177272,-;-;-,759,1060,1057,1043,994,924,69,323,69,924
GENE.4782,chr13,2178639,2179862,-,1224,4362,4309,4306,4016,3458,153,1268,153,3458
GENE.4783,chr13,2180958,2182799,-,1842,0,1,3,0,58,1,61,1,58
GENE.4784,chr13,2184037,2185950,+,1914,5298,5270,5181,4618,4197,256,1491,256,4192
GENE.4785,chr13,2187435,2190224,+,2790,0,2,6,0,115,0,93,0,115
GENE.4786,chr13,2191058,2194111,-,3054,0,5,6,0,96,0,106,0,95
GENE.4787,chr13,2195449,2196978,+,1530,0,2,2,0,61,0,0,0,61
GENE.4788,chr13,2197906,2197978,-,73,0,0,0,0,2,1,0,1,2
GENE.4789,chr13,2199594,2201570,+,1977,0,1,7,0,87,0,0,0,87
GENE.479,chr2,873131,873319,+,189,0,0,0,0,7,0,0,0,7
GENE.4790,chr13;chr13,2202611;2203576,2203393;2204481,-;-,1689,0,0,7,0,63,0,11,0,63
GENE.4791,chr13,2206592,2210458,-,3867,0,1,31,0,137,0,239,0,136
GENE.4792,chr13;chr13;chr13;chr13,2214445;2214666;2214861;2215041,2214536;2214725;2214924;2215085,+;+;+;+,261,0,0,1,0,8,0,0,0,8
GENE.4793,chr13,2216346,2217563,+,1218,1098,1091,1067,920,828,36,287,36,828
GENE.4794,chr13,2218743,2222939,+,4197,2602,2583,2545,2324,2241,111,959,111,2241
GENE.4795,chr13,2224146,2227040,-,2895,10406,10342,10315,9958,9520,1034,3339,1034,9515
GENE.4796,chr13;chr13,2228520;2229126,2228857;2229291,-;-,504,220,220,222,220,245,27,84,27,245
GENE.4797,chr13;chr13;chr13;chr13;chr13;chr13;chr13,2231883;2232081;2232402;2232650;2232838;2233017;2233183,2231930;2232254;2232552;2232719;2232892;2233061;2233248,+;+;+;+;+;+;+,609,0,0,1,0,26,0,3,0,26
GENE.4798,chr13,2235089,2238109,+,3021,2218,2218,2199,2074,2149,117,795,117,2149
GENE.4799,chr13;chr13,2239261;2239655,2239498;2240004,+;+,588,474,472,460,418,373,14,123,14,373
GENE.48,chrX,5044,5116,+,73,0,0,0,0,1,0,0,0,1
GENE.480,chr2;chr2;chr2;chr2;chr2,873917;874119;874328;874545;874849,874117;874325;874543;874847;875178,-;-;-;-;-,1257,404,956,650,1012,851,73,202,73,851
GENE.4800,chr13,2240970,2242412,-,1443,1926,1922,1910,1750,1717,129,478,129,1717
GENE.4801,chr13;chr13;chr13;chr13;chr13;chr13;chr13,2245189;2245311;2245650;2245891;2246131;2246317;2246488,2245210;2245466;2245807;2246036;2246180;2246356;2246512,+;+;+;+;+;+;+,597,1656,1655,1607,1576,1552,95,669,95,1552
GENE.4802,chr13,2249587,2261721,+,12135,20204,20090,19801,18708,17062,1054,5734,1054,17041
GENE.4803,chr13;chr13;chr13;chr13;chr13,2263199;2263474;2263959;2264255;2264617,2263318;2263777;2264118;2264398;2264755,-;-;-;-;-,867,126,127,127,104,141,3,27,3,141
GENE.4804,chr13,2265817,2267148,-,1332,0,1087,927,802,690,62,31,62,690
GENE.4805,chr13,2268901,2270232,+,1332,1554,1443,1275,1160,1057,138,185,138,1057
GENE.4806,chr13;chr13;chr13;chr13;chr13;chr13;chr13,2271537;2272151;2272370;2272613;2273030;2273265;2273450,2271955;2272237;2272454;2272914;2273155;2273336;2274083,+;+;+;+;+;+;+,1725,2189,2176,2180,1999,1937,159,777,159,1937
GENE.4807,chr13,2274713,2275078,+,366,0,0,2,0,17,0,11,0,17
GENE.4808,chr13,2276521,2280060,+,3540,8340,8328,8277,7854,7248,340,2082,340,7234
GENE.4809,chr13,2281492,2284212,+,2721,138,140,143,132,228,3,124,3,228
GENE.481,chr2,876984,877832,+,849,6334,7396,4705,8346,6319,299,106,299,6319
GENE.4810,chr13;chr13;chr13;chr13,2284813;2285168;2285424;2285642,2284991;2285221;2285488;2285703,+;+;+;+,360,18,18,20,21,33,2,9,2,33
GENE.4811,chr13;chr13;chr13;chr13,2286220;2286503;2286708;2286880,2286378;2286592;2286784;2290210,-;-;-;-,3657,0,1,4,0,131,0,10,0,131
GENE.4812,chr13;chr13;chr13,2291897;2292372;2292692,2291912;2292502;2294134,+;+;+,1590,4274,4249,4225,3537,3254,95,844,95,3254
GENE.4813,chr13;chr13;chr13;chr13;chr13;chr13,2295637;2295823;2296051;2296276;2296514;2297101,2295655;2295962;2296125;2296341;2296946;2297156,+;+;+;+;+;+,789,105,105,102,88,92,6,26,6,92
GENE.4814,chr13;chr13,2297900;2303981,2303724;2304194,-;-,6039,0,14,16,0,208,0,294,0,208
GENE.4815,chr13,2305436,2307640,-,2205,530,522,510,434,444,17,155,17,443
GENE.4816,chr13;chr13,2309035;2313860,2313559;2314125,+;+,4791,8308,8253,8178,8236,7230,573,2686,573,7199
GENE.4817,chr13,2314457,2315479,-,1023,70,68,69,62,93,9,112,9,93
GENE.4818,chr13;chr13;chr13,2317002;2317350;2317650,2317114;2317461;2317844,+;+;+,420,672,672,671,728,686,87,250,87,686
GENE.4819,chr13,2318686,2320527,+,1842,10436,10376,10149,9158,8601,515,3067,515,8595
GENE.482,chr2;chr2,878468;879183,879088;879251,-;-,690,202,256,230,306,245,27,44,27,245
GENE.4820,chr13,2322060,2325077,+,3018,4752,4738,4707,4204,4375,446,1672,446,4366
GENE.4821,chr13,2326394,2326855,-,462,36,37,36,32,56,7,18,7,56
GENE.4822,chr13,2331074,2331529,+,456,72,72,72,56,67,0,12,0,67
GENE.4823,chr13;chr13;chr13;chr13;chr13;chr13;chr13;chr13;chr13;chr13;chr13;chr13;chr13;chr13;chr13,2332196;2332355;2332554;2332730;2332980;2333175;2333385;2333531;2333666;2333872;2334086;2334352;2334567;2334708;2334901,2332245;2332430;2332594;2332884;2333092;2333255;2333447;2333576;2333751;2333963;2334213;2334411;2334607;2334764;2334915,-;-;-;-;-;-;-;-;-;-;-;-;-;-;-,1104,5331,5316,5320,5524,5250,552,1632,552,5250
GENE.4824,chr13,2336005,2345850,-,9846,16710,16448,16231,14504,13504,967,4354,967,13498
GENE.4825,chr13,2347863,2349986,-,2124,976,974,971,856,883,26,278,26,881
GENE.4826,chr13;chr13;chr13;chr13;chr13;chr13;chr13;chr13;chr13;chr13;chr13,2350437;2350817;2351127;2351267;2351532;2351672;2351899;2352136;2352295;2352489;2352813,2350609;2350882;2351171;2351354;2351570;2351747;2351933;2352195;2352363;2352588;2352820,-;-;-;-;-;-;-;-;-;-;-,759,1076,1075,1044,1054,920,67,339,67,920
GENE.4827,chr13,2353681,2356902,+,3222,1758,1739,1747,1550,1593,91,529,91,1593
GENE.4828,chr13;chr13,2359251;2360106,2359687;2361198,-;-,1530,674,673,679,666,732,53,218,53,732
GENE.4829,chr13,2364426,2365235,+,810,638,639,633,632,567,46,248,46,567
GENE.483,chr2;chr2,881469;882199,882092;882267,-;-,693,42,2607,1788,2768,2081,178,17,178,2077
GENE.4830,chr13,2371882,2377959,+,6078,10484,10489,10397,9962,9749,944,3976,944,9733
GENE.4831,chr13,2381165,2392261,+,11097,42636,42638,42053,40748,38030,3144,13377,3144,38018
GENE.4832,chr13;chr13;chr13,2393370;2393775;2394002,2393517;2393884;2394355,+;+;+,612,2853,2839,2833,2648,2268,151,753,151,2268
GENE.4833,chr13,2395974,2402354,+,6381,0,8,47,0,268,0,353,0,268
GENE.4834,chr13,2403511,2404044,-,534,62,61,60,46,52,0,11,0,52
GENE.4835,chr13;chr13;chr13;chr13,2405249;2405380;2405782;2406140,2405289;2405641;2405943;2406217,-;-;-;-,543,0,0,3,0,23,0,0,0,23
GENE.4836,chr13;chr13;chr13;chr13;chr13;chr13;chr13,2406838;2407130;2407286;2407462;2407646;2407878;2408237,2406894;2407203;2407351;2407526;2407745;2408140;2408385,-;-;-;-;-;-;-,774,0,0,2,0,34,0,0,0,34
GENE.4837,chr13,2409348,2410466,-,1119,1362,1342,1336,1238,1134,137,554,137,1134
GENE.4838,chr13,2411357,2412298,+,942,942,941,947,906,869,27,345,27,869
GENE.4839,chr13;chr13;chr13;chr13;chr13;chr13;chr13;chr13;chr13;chr13;chr13;chr13;chr13;chr13,2413324;2413551;2413817;2414253;2414539;2414825;2415317;2415659;2416039;2417269;2417688;2418046;2418690;2425102,2413350;2413679;2414080;2414427;2414691;2415166;2415554;2415915;2417114;2417567;2417907;2418449;2424485;2425261,+;+;+;+;+;+;+;+;+;+;+;+;+;+,9540,0,12,52,0,353,1,134,1,352
GENE.484,chr2,883452,884312,+,861,200,2724,1598,3606,2103,161,100,161,2103
GENE.4840,chr13;chr13;chr13;chr13;chr13,2426133;2429116;2429391;2430672;2431146,2427883;2429262;2430482;2431036;2431183,-;-;-;-;-,3393,0,15,57,0,121,1,159,1,116
GENE.4841,chr13,2435343,2438924,+,3582,10560,10530,10504,9778,9396,556,2711,556,9389
GENE.4842,chr13;chr13;chr13;chr13;chr13;chr13;chr13;chr13;chr13,2440438;2440938;2441129;2441440;2441702;2441983;2442220;2442614;2442901,2440704;2440980;2441313;2441550;2441863;2442060;2442441;2442706;2442909,-;-;-;-;-;-;-;-;-,1170,0,0,9,0,36,1,16,1,36
GENE.4843,chr13,2445090,2447264,-,2175,3156,3127,3112,2552,2342,87,589,87,2336
GENE.4844,chr13;chr13;chr13;chr13;chr13,2450461;2453052;2453248;2453509;2453693,2452934;2453137;2453368;2453582;2453760,+;+;+;+;+,2823,9808,9748,9665,9033,8495,586,2741,586,8492
GENE.4845,chr13;chr13;chr13;chr13;chr13;chr13,2455261;2459826;2460018;2460199;2460472;2460878,2459745;2459879;2460107;2460297;2460575;2461424,+;+;+;+;+;+,5379,87493,86833,85876,81613,74456,4992,24410,4992,74256
GENE.4846,chr13;chr13;chr13;chr13;chr13;chr13;chr13;chr13;chr13;chr13,2462069;2462337;2462494;2462646;2462773;2462918;2463110;2463301;2463530;2463762,2462194;2462400;2462559;2462687;2462811;2462962;2463194;2463406;2463650;2463784,+;+;+;+;+;+;+;+;+;+,717,846,838,831,554,444,19,255,19,444
GENE.4847,chr13;chr13,2464135;2464502,2464349;2464718,-;-,432,879,878,872,851,818,62,292,62,818
GENE.4848,chr13;chr13;chr13;chr13;chr13;chr13;chr13;chr13;chr13;chr13;chr13;chr13,2465491;2465733;2465924;2466084;2466348;2466521;2466787;2467087;2467291;2467433;2467728;2467926,2465579;2465781;2465973;2466211;2466409;2466641;2466962;2467181;2467339;2467597;2467787;2467982,-;-;-;-;-;-;-;-;-;-;-;-,1101,1507,1501,1478,1588,1220,74,405,74,1220
GENE.4849,chr13;chr13;chr13;chr13,2467128;2467433;2467728;2467926,2467181;2467597;2467787;2467982,-;-;-;-,336,552,523,528,472,411,13,108,13,411
GENE.485,chr2;chr2,886625;886795,886696;887802,+;+,1080,0,189,139,306,154,22,18,22,154
GENE.4850,chr13,2469127,2469540,-,414,320,316,317,258,238,4,46,4,238
GENE.4851,chr13;chr13,2470972;2471739,2471603;2471793,+;+,687,1042,1039,1039,1018,1051,78,348,78,1051
GENE.4852,chr13;chr13,2473530;2473825,2473545;2481626,+;+,7818,10137,10081,10082,9193,9266,694,2902,694,9266
GENE.4853,chr13,2482472,2483296,-,825,820,816,810,732,775,30,184,30,775
GENE.4854,chr13,2486754,2487353,+,600,294,292,295,292,291,16,86,16,291
GENE.4855,chr13;chr13;chr13;chr13;chr13;chr13;chr13,2487857;2488053;2488273;2488523;2488888;2489230;2489382,2487948;2488126;2488366;2488715;2489091;2489300;2489475,-;-;-;-;-;-;-,822,0,0,1,0,30,0,11,0,30
GENE.4856,chr13,2490386,2491837,-,1452,2826,2819,2801,2618,2651,109,835,109,2651
GENE.4857,chr13,2493143,2493712,+,570,0,1,4,0,26,0,1,0,26
GENE.4858,chr13,2495924,2502070,+,6147,6002,6034,6106,6038,5727,325,2151,325,5712
GENE.4859,chr13;chr13,2503185;2504266,2504133;2505458,+;+,2142,1402,1403,1399,1368,1393,73,431,73,1392
GENE.486,chr2;chr2,889660;889864,889728;890745,+;+,951,0,4,1,0,20,0,17,0,20
GENE.4860,chr13;chr13;chr13,2506148;2506709;2506952,2506580;2506816;2507214,+;+;+,804,1659,1650,1616,1355,1211,59,387,59,1211
GENE.4861,chr13,2510355,2516474,+,6120,2954,3025,2934,3326,2999,182,1366,182,2958
GENE.4862,chr13;chr13,2518487;2521054,2520598;2525493,+;+,6552,0,10,37,0,254,0,112,0,253
GENE.4863,chr13;chr13,2526360;2530265,2530051;2531483,+;+,4911,0,17,25,0,272,0,128,0,265
GENE.4864,chr13,2532201,2535722,+,3522,6196,6130,5967,5594,4659,222,1742,222,4654
GENE.4865,chr13;chr13,2536315;2539506,2539252;2539642,+;+,3075,0,4,10,0,129,0,26,0,129
GENE.4866,chr13;chr13,2539948;2541487,2541282;2541540,-;-,1389,4846,4814,4805,4450,4035,189,1232,189,4035
GENE.4867,chr13;chr13,2542284;2543096,2542981;2543150,+;+,753,1534,1534,1504,1374,1285,58,356,58,1285
GENE.4868,chr13;chr13,2543644;2546477,2546354;2546483,-;-,2718,0,5,16,0,78,0,86,0,78
GENE.4869,chr13;chr13;chr13,2547764;2550260;2550415,2550145;2550325;2550477,+;+;+,2511,12800,12713,12649,12392,11018,859,4269,859,10974
GENE.487,chr2;chr2,892856;893154,892909;894206,+;+,1107,1266,1263,1255,1110,1093,106,424,106,1093
GENE.4870,chr13,2551243,2551926,-,684,0,1,13,0,24,0,18,0,24
GENE.4871,chr13,2552554,2554926,+,2373,20330,20250,20119,19404,18790,1346,6226,1346,18789
GENE.4872,chr13;chr13;chr13;chr13;chr13;chr13;chr13;chr13;chr13;chr13;chr13;chr13,2556025;2557067;2557286;2557465;2557810;2558044;2558224;2558568;2558845;2559033;2559259;2559416,2556951;2557179;2557377;2557575;2557931;2558090;2558372;2558648;2558923;2559157;2559326;2559547,+;+;+;+;+;+;+;+;+;+;+;+,2046,4281,4274,4258,4211,4036,299,1262,299,4036
GENE.4873,chr13,2562118,2562968,+,851,1856,1820,1800,2246,1282,67,444,67,1280
GENE.4874,chr13,2564625,2567108,+,2484,4296,4275,4256,3940,3632,211,926,211,3632
GENE.4875,chr13,2568556,2570946,+,2391,0,3,20,0,98,0,40,0,97
GENE.4876,chr13,2571845,2577286,-,5442,10142,10055,9970,8862,8098,465,2646,465,8072
GENE.4877,chr13,2579159,2582614,-,3456,0,6,15,0,129,0,57,0,129
GENE.4878,chr13,2585032,2594829,+,9798,64914,63937,62740,59908,53327,4044,18259,4044,53251
GENE.4879,chr13,2596389,2597822,+,1434,0,2,14,0,66,1,3,1,66
GENE.488,chr2;chr2,896226;896443,896294;897420,+;+,1047,0,5,6,0,12,0,38,0,11
GENE.4880,chr13,2598757,2601399,+,2643,6810,6772,6735,6344,6250,387,1893,387,6250
GENE.4881,chr13;chr13;chr13;chr13;chr13;chr13;chr13,2601801;2602046;2602304;2602541;2602884;2602976;2603043,2602044;2602302;2602539;2602881;2602974;2603040;2603107,+;+;+;+;+;+;+,1299,0,4,4,0,61,0,42,0,61
GENE.4882,chr13;chr13;chr13;chr13;chr13;chr13;chr13,2603463;2603755;2603962;2604158;2604321;2604592;2604830,2603528;2603829;2604045;2604217;2604402;2604699;2604972,-;-;-;-;-;-;-,618,1672,1666,1637,1631,1163,122,752,122,1163
GENE.4883,chr13;chr13;chr13;chr13,2606397;2607274;2607670;2607900,2607105;2607379;2607756;2608050,-;-;-;-,1053,1743,1737,1736,1663,1568,85,407,85,1568
GENE.4884,chr13,2608698,2609744,+,1047,1062,1058,1056,1014,949,111,376,111,949
GENE.4885,chr13;chr13;chr13,2609933;2610253;2610503,2610113;2610340;2610581,-;-;-,348,2,2,3,2,19,1,3,1,19
GENE.4886,chr13,2611483,2611638,+,156,0,0,0,0,4,0,0,0,4
GENE.4887,chr13,2612422,2614644,-,2223,9056,9001,8934,8714,7411,456,2329,456,7409
GENE.4888,chr13,2616148,2617902,-,1755,3678,3656,3627,3232,3173,181,989,181,3173
GENE.4889,chr13;chr13,2619028;2619422,2619102;2620567,+;+,1221,0,0,19,0,62,0,4,0,62
GENE.489,chr2;chr2,899430;899600,899498;900445,+;+,915,98,98,117,92,106,1,52,1,105
GENE.4890,chr13;chr13;chr13;chr13;chr13;chr13;chr13;chr13,2621261;2622346;2622515;2622658;2622787;2622981;2623205;2623823,2622204;2622394;2622583;2622717;2622846;2623085;2623425;2624000,+;+;+;+;+;+;+;+,1686,0,5,4,0,89,0,34,0,89
GENE.4891,chr13;chr13;chr13,2624553;2624881;2625087,2624710;2624937;2626098,-;-;-,1227,6505,6441,6393,5330,4520,170,1548,170,4520
GENE.4892,chr13;chr13;chr13;chr13,2629861;2629988;2630878;2631119,2629881;2630554;2630955;2631442,+;+;+;+,990,3629,3643,3575,3302,3271,138,1033,138,3271
GENE.4893,chr13;chr13,2632534;2633054,2632713;2633260,-;-,387,0,5,9,0,20,0,0,0,20
GENE.4894,chr13,2635213,2635488,+,276,0,2,2,0,14,0,0,0,14
GENE.4895,chr13;chr13,2636732;2636965,2636839;2637240,+;+,384,1,3,1,1,24,0,0,0,24
GENE.4896,chr13,2638091,2638543,+,453,382,381,385,380,383,28,110,28,383
GENE.4897,chr13;chr13;chr13;chr13,2638955;2649492;2650603;2651850,2649365;2649559;2651686;2652697,-;-;-;-,12411,7600,7553,7511,6940,6735,497,2706,497,6723
GENE.4898,chr13,2655277,2659065,-,3789,2180,2145,2136,2008,1775,85,628,85,1775
GENE.4899,chr13,2661573,2662022,+,450,1058,1038,1016,794,745,59,198,59,745
GENE.49,chrX,5142,6554,+,1413,0,0,12,0,25,0,0,0,25
GENE.490,chr2;chr2;chr2,901494;901877;902206,901874;902203;902853,+;+;+,1356,3246,3544,3283,4106,3225,311,398,311,3223
GENE.4900,chr13,2663422,2665152,-,1731,7002,6981,6958,6548,6231,489,1911,489,6222
GENE.4901,chr13,2666666,2667781,+,1116,0,2,2,0,43,0,36,0,43
GENE.4902,chr13;chr13;chr13;chr13;chr13;chr13;chr13;chr13;chr13,2668398;2668643;2668899;2669062;2669482;2669745;2669959;2670229;2670523,2668472;2668766;2668938;2669380;2669646;2669852;2670106;2670321;2670524,-;-;-;-;-;-;-;-;-,1074,122,122,123,114,152,14,42,14,152
GENE.4903,chr13;chr13;chr13,2675590;2675797;2676093,2675626;2675943;2677966,+;+;+,2058,0,28,60,0,81,0,346,0,67
GENE.4904,chr13;chr13;chr13;chr13;chr13,2679415;2679592;2679862;2680082;2680323,2679450;2679732;2679927;2680224;2680425,-;-;-;-;-,489,54,54,56,54,59,9,20,9,59
GENE.4905,chr13,2681321,2682592,+,1272,0,2,2,0,40,0,31,0,40
GENE.4906,chr13;chr13;chr13,2683581;2684493;2684869,2684343;2684734;2684967,+;+;+,1104,0,1,1,0,44,0,12,0,44
GENE.4907,chr13;chr13;chr13;chr13,2685059;2685285;2685466;2685735,2685195;2685375;2685648;2686331,-;-;-;-,1008,198,200,201,186,223,10,83,10,223
GENE.4908,chr13,2687561,2690701,+,3141,6626,6596,6521,5996,5753,302,1821,302,5752
GENE.4909,chr13;chr13,2692076;2693011,2692892;2693282,+;+,1089,2209,2200,2185,2042,1899,84,503,84,1899
GENE.491,chr2;chr2,904551;904837,904604;905775,+;+,993,0,10,12,6,19,5,27,5,18
GENE.4910,chr13;chr13;chr13,2693921;2694449;2694657,2694295;2694539;2694859,-;-;-,669,522,523,513,458,364,6,109,6,364
GENE.4911,chr13,2695655,2699881,+,4227,13628,13571,13439,12382,11873,794,4123,794,11864
GENE.4912,chr13,2701228,2704776,+,3549,4272,4267,4163,3814,3503,190,1045,190,3481
GENE.4913,chr13,2706499,2708442,+,1944,4992,4985,4964,5026,4785,256,1326,256,4783
GENE.4914,chr13;chr13;chr13;chr13,2708813;2709032;2709220;2709506,2708925;2709058;2709402;2709566,-;-;-;-,384,27,27,30,34,35,2,33,2,35
GENE.4915,chr13;chr13;chr13,2710406;2710578;2711575,2710434;2711340;2711718,-;-;-,936,0,1,4,0,37,0,0,0,37
GENE.4916,chr13;chr13,2713463;2713603,2713488;2715436,-;-,1860,0,0,3,0,58,0,0,0,58
GENE.4917,chr13;chr13;chr13;chr13;chr13;chr13,2717853;2718043;2718237;2718740;2718933;2719276,2717906;2718150;2718519;2718813;2719004;2719377,+;+;+;+;+;+,693,0,0,4,0,19,0,4,0,19
GENE.4918,chr13;chr13;chr13;chr13;chr13;chr13,2719490;2719743;2719882;2720185;2720745;2721008,2719625;2719802;2719980;2720333;2720850;2721420,-;-;-;-;-;-,963,0,0,8,0,32,0,3,0,32
GENE.4919,chr13,2722690,2725182,+,2493,19166,19023,18938,18264,16447,1016,4595,1016,16447
GENE.492,chr2;chr2,907678;907893,907746;908861,+;+,1038,344,361,377,328,353,16,358,16,349
GENE.4920,chr13,2725669,2725947,-,279,0,0,0,0,11,0,16,0,11
GENE.4921,chr13,2727425,2729155,-,1731,0,2,14,0,62,0,74,0,61
GENE.4922,chr13,2731041,2736143,-,5103,11902,11855,11604,10612,9297,627,3269,626,9283
GENE.4923,chr13;chr13;chr13,2739350;2739495;2739765,2739383;2739579;2740998,+;+;+,1353,3053,3043,2954,2761,2709,188,794,188,2703
GENE.4924,chr13;chr13;chr13;chr13;chr13,2742585;2742828;2743920;2745178;2745527,2742655;2743601;2744958;2745345;2745862,+;+;+;+;+,2388,13295,13218,13052,11994,10881,1186,4121,1186,10881
GENE.4925,chr13,2746659,2748224,-,1566,0,0,12,0,55,0,2,0,55
GENE.4926,chr13,2749595,2756107,+,6513,7744,7685,7651,7190,6700,512,2532,512,6695
GENE.4927,chr13;chr13,2756529;2756875,2756668;2757997,-;-,1263,2495,2444,2465,2459,2075,196,649,196,2075
GENE.4928,chr13;chr13,2759756;2759968,2759851;2768478,+;+,8607,0,12,65,0,259,0,337,0,258
GENE.4929,chr13;chr13,2769916;2773062,2772817;2773480,+;+,3321,5992,5922,5834,5352,4877,351,1781,351,4874
GENE.493,chr2;chr2,909350;909831,909421;911054,+;+,1296,0,1813,1441,1915,1563,154,45,154,1563
GENE.4930,chr13,2774191,2776884,-,2694,0,3,8,0,61,0,69,0,61
GENE.4931,chr13;chr13;chr13;chr13;chr13,2778005;2778152;2778379;2778644;2778993,2778024;2778282;2778461;2778858;2779071,-;-;-;-;-,528,0,0,0,0,17,0,8,0,17
GENE.4932,chr13,2780354,2780427,+,74,0,0,0,0,0,0,0,0,0
GENE.4933,chr13,2781080,2781151,-,72,0,0,0,0,0,0,0,0,0
GENE.4934,chr13,2781622,2781695,+,74,0,0,0,0,3,0,0,0,3
GENE.4935,chr13,2783150,2783221,-,72,0,0,0,0,2,0,0,0,2
GENE.4936,chr13,2783766,2783836,+,71,0,0,0,0,2,0,0,0,2
GENE.4937,chr13;chr13,2787972;2788554,2788361;2788913,+;+,750,2637,2633,2608,2446,2087,82,656,82,2087
GENE.4938,chr13,2794237,2794851,+,615,1498,1428,1376,1336,1176,49,112,49,1170
GENE.4939,chr13,2796119,2797144,+,1026,810,553,665,818,629,24,179,23,583
GENE.494,chr2;chr2,913244;913528,913297;914457,+;+,984,0,22,20,23,35,28,84,28,35
GENE.4940,chr13,2797507,2798103,+,597,842,792,810,962,845,46,239,46,845
GENE.4941,chr13,2800004,2802154,+,2151,2420,2837,1743,2996,2827,229,105,229,2825
GENE.4942,chr13,2802527,2802686,+,160,0,0,0,0,4,0,0,0,4
GENE.4943,chr13,2802945,2807159,+,4215,10520,10214,6767,9696,8937,683,514,683,8937
GENE.4944,chr13;chr13,2808563;2809154,2809000;2809222,-;-,507,0,3,1,0,8,0,69,0,8
GENE.4945,chr13;chr13;chr13;chr13;chr13,2811706;2812266;2819764;2820015;2820227,2812263;2819334;2819851;2820088;2820270,+;+;+;+;+,7833,0,6,7,0,256,1,81,1,256
GENE.4946,chr13;chr13;chr13,2821078;2821278;2823212,2821173;2822786;2823292,+;+;+,1686,4207,4183,4167,3775,3574,251,1254,251,3574
GENE.4947,chr13;chr13,2824302;2825781,2825552;2825852,-;-,1323,0,1,1,0,34,0,3,0,34
GENE.4948,chr13;chr13,2829856;2830109,2829927;2830669,+;+,633,264,262,256,230,185,8,59,8,185
GENE.4949,chr13;chr13,2832952;2833204,2833086;2834322,+;+,1254,0,0,0,0,36,0,19,0,36
GENE.495,chr2;chr2,916352;918345,917581;923648,-;-,6534,0,112,112,178,214,53,234,53,214
GENE.4950,chr13;chr13,2837053;2837313,2837136;2839058,+;+,1830,0,1,1,0,64,0,6,0,64
GENE.4951,chr13;chr13,2840727;2841635,2841485;2841703,-;-,828,0,0,0,0,23,0,0,0,23
GENE.4952,chr13;chr13,2845767;2846002,2845850;2846538,+;+,621,246,287,248,402,281,27,81,27,281
GENE.4953,chr13,2850891,2853482,+,2592,0,3,0,0,69,0,70,0,69
GENE.4954,chr13;chr13;chr13,2854544;2855003;2855521,2855000;2855403;2855568,-;-;-,906,0,78,36,88,92,19,21,19,92
GENE.4955,chr13;chr13,2856586;2857255,2856632;2858026,+;+,819,0,1,0,0,25,0,8,0,25
GENE.4956,chr13;chr13,2860163;2860449,2860216;2861441,+;+,1047,0,73,19,6,28,7,49,7,27
GENE.4957,chr13;chr13,2863866;2864030,2863928;2864869,+;+,903,1104,1095,1104,1042,908,54,373,54,908
GENE.4958,chr13;chr13,2865893;2866197,2866194;2867226,+;+,1332,0,1642,1139,2896,1721,222,161,222,1721
GENE.4959,chr13;chr13,2868923;2869209,2868976;2870165,+;+,1011,2787,2887,2770,2411,2205,105,726,105,2205
GENE.496,chr3;chr3,36965;43172,42283;44482,+;+,6630,0,48,101,54,194,50,111,50,194
GENE.4960,chr13;chr13,2871860;2873035,2872831;2873088,-;-,1026,0,3,3,0,24,0,31,0,23
GENE.4961,chr13,2875991,2876203,+,213,0,0,0,0,5,0,0,0,5
GENE.4962,chr13;chr13,2877908;2878146,2877976;2879141,+;+,1065,0,5,0,4,15,0,71,0,15
GENE.4963,chr13;chr13,2881591;2881877,2881644;2882956,+;+,1134,1976,2041,1897,1838,1864,113,502,113,1861
GENE.4964,chr13;chr13,2884786;2886998,2886114;2892340,-;-,6672,2158,2247,2173,2212,1971,190,855,190,1971
GENE.4965,chr14;chr14,1393;4039,3021;5343,+;+,2934,10248,9973,9593,9795,8783,602,2208,602,8783
GENE.4966,chr14;chr14,7208;8485,8248;8538,-;-,1095,18,21,22,18,108,1,41,1,51
GENE.4967,chr14;chr14,10974;12049,11933;12117,-;-,1029,332,354,331,324,355,43,159,43,354
GENE.4968,chr14;chr14,14126;15310,15085;15363,-;-,1014,2044,2037,2034,1942,1880,131,554,131,1876
GENE.4969,chr14;chr14,17469;18737,18416;18808,-;-,1020,4155,4166,4118,3584,3461,122,968,122,3440
GENE.497,chr3;chr3,46369;47526,47295;47579,-;-,981,0,101,80,104,113,36,50,36,113
GENE.4970,chr14;chr14,20897;22179,21946;22232,-;-,1104,5666,5612,5604,5167,4812,204,1267,204,4710
GENE.4971,chr14;chr14,24337;25252,25149;25320,-;-,882,806,809,801,852,776,60,293,60,776
GENE.4972,chr14;chr14,27321;28360,28202;28428,-;-,951,0,7,6,0,33,1,10,1,32
GENE.4973,chr14;chr14,30083;30877,30784;31008,-;-,834,814,1886,1353,2370,1676,127,123,127,1676
GENE.4974,chr14;chr14,34693;35585,35427;35773,-;-,924,0,0,1,0,21,0,2,0,21
GENE.4975,chr14;chr14,41289;42956,42629;43093,-;-,1479,0,1,2,0,43,0,23,0,43
GENE.4976,chr14;chr14,46833;47019,46901;47744,+;+,795,0,0,0,0,25,0,13,0,25
GENE.4977,chr14;chr14,48912;50218,50135;50415,-;-,1422,0,0,1,0,76,0,1,0,76
GENE.4978,chr14,53411,53734,-,324,0,0,1,0,15,0,0,0,14
GENE.4979,chr14,57172,58293,-,1122,1054,1050,1047,956,911,40,240,40,911
GENE.498,chr3;chr3;chr3,49772;50413;50899,50410;50896;51152,-;-;-,1377,0,2226,1778,2566,2352,314,87,314,2352
GENE.4980,chr14;chr14,61364;62800,62611;62988,-;-,1437,627,625,615,591,543,26,129,26,543
GENE.4981,chr14,66269,67081,-,813,1098,1094,1080,1044,988,108,364,108,988
GENE.4982,chr14,71368,72690,+,1323,4420,4409,4384,4242,4308,398,1394,398,4308
GENE.4983,chr14;chr14;chr14;chr14;chr14;chr14;chr14;chr14;chr14;chr14,74188;74387;74549;74681;74986;75181;75508;75866;76325;76640,74247;74464;74594;74831;75064;75330;75647;76190;76422;76793,-;-;-;-;-;-;-;-;-;-,1281,2829,2798,2770,2434,2271,152,737,152,2271
GENE.4984,chr14;chr14;chr14;chr14;chr14;chr14;chr14;chr14;chr14;chr14;chr14;chr14;chr14;chr14;chr14,77258;77415;77615;77780;77977;78193;78429;78698;78909;79120;79343;79503;79665;79930;80297,77323;77521;77668;77846;78054;78261;78543;78746;78990;79246;79413;79583;79817;80180;80423,-;-;-;-;-;-;-;-;-;-;-;-;-;-;-,1497,7656,7608,7390,6656,5817,245,2191,245,5817
GENE.4985,chr14,81121,83760,+,2640,4308,4258,4182,3652,3373,163,1108,163,3373
GENE.4986,chr14,84735,85301,+,567,116,117,116,112,116,3,40,3,116
GENE.4987,chr14,85883,87883,-,2001,5426,5373,5341,4970,4402,183,952,183,4399
GENE.4988,chr14,89565,91037,-,1473,80,91,86,70,96,9,63,9,96
GENE.4989,chr14;chr14;chr14,92264;93183;93435,92524;93268;93537,-;-;-,450,522,521,522,544,540,69,194,69,539
GENE.499,chr3;chr3,52280;53205,53101;53273,-;-,891,262,262,267,224,232,26,123,26,232
GENE.4990,chr14,92792,92874,-,83,25,23,24,26,24,10,218,10,24
GENE.4991,chr14;chr14;chr14;chr14;chr14;chr14;chr14;chr14;chr14,94980;95717;95917;96148;97056;97528;97813;98055;98342,95594;95831;95994;96767;97249;97627;97901;98142;98404,-;-;-;-;-;-;-;-;-,1962,0,2,1,0,75,0,100,0,75
GENE.4992,chr14;chr14;chr14,100847;105253;105544,105158;105395;105624,+;+;+,4536,568,587,608,552,621,36,536,36,616
GENE.4993,chr14,106370,109234,+,2865,0,1,8,0,104,0,104,0,104
GENE.4994,chr14;chr14;chr14;chr14;chr14;chr14;chr14;chr14;chr14;chr14,110114;110273;110472;110618;111538;111704;111982;112265;112413;112587,110154;110330;110544;111308;111598;111829;112140;112318;112452;112645,+;+;+;+;+;+;+;+;+;+,1362,0,1,8,0,48,0,90,0,48
GENE.4995,chr14,113144,119011,-,5868,3846,3841,3818,3472,3459,244,1322,244,3434
GENE.4996,chr14;chr14,120069;120723,120532;121134,-;-,876,355,354,361,322,295,5,67,5,295
GENE.4997,chr14,121855,125340,-,3486,14704,14620,14551,14432,12842,1212,4616,1212,12840
GENE.4998,chr14;chr14;chr14;chr14;chr14;chr14;chr14;chr14;chr14;chr14;chr14;chr14;chr14;chr14;chr14,125986;126187;126582;126936;127122;127290;127517;127773;128117;128407;128695;128924;129109;129395;129740,126055;126422;126819;126998;127174;127337;127639;127972;128252;128539;128804;129023;129275;129502;129877,+;+;+;+;+;+;+;+;+;+;+;+;+;+;+,1923,0,2,3,0,57,0,173,0,57
GENE.4999,chr14;chr14;chr14;chr14;chr14;chr14;chr14;chr14;chr14,130022;130189;130465;130656;130972;131113;131383;131719;132080,130096;130237;130544;130776;131029;131239;131506;131876;132100,-;-;-;-;-;-;-;-;-,813,754,758,753,676,575,40,323,40,575
GENE.5,chrM,204,226,-,23,0,0,0,0,0,0,0,0,0
GENE.50,chrX,6561,6716,+,156,0,0,1,0,2,0,0,0,2
GENE.500,chr3;chr3,55390;56516,56400;56584,-;-,1080,916,920,902,796,782,40,194,40,782
GENE.5000,chr14;chr14;chr14,132554;132949;133117,132727;132996;133245,+;+;+,351,7,7,10,7,22,2,2,2,22
GENE.5001,chr14;chr14;chr14,133737;133950;134144,133822;134013;135073,-;-;-,1080,0,0,2,0,34,1,5,1,34
GENE.5002,chr14;chr14,136530;141394,141131;141420,-;-,4629,4266,4251,4229,3954,3872,294,1351,294,3868
GENE.5003,chr14,142242,143138,-,897,1400,1392,1372,1258,1163,82,365,82,1163
GENE.5004,chr14;chr14,143984;144589,144408;144661,+;+,498,113,112,112,105,113,1,40,1,113
GENE.5005,chr14;chr14,145134;145547,145378;145649,-;-,348,3,3,3,6,17,0,0,0,17
GENE.5006,chr14;chr14,147961;148317,148197;148415,+;+,336,12,11,13,20,33,3,10,3,33
GENE.5007,chr14,150000,150608,+,609,0,0,0,0,24,0,0,0,24
GENE.5008,chr14,151765,152310,+,546,490,490,491,480,519,51,179,51,519
GENE.5009,chr14,153139,154545,+,1407,11792,11761,11670,11778,10684,994,3934,994,10684
GENE.501,chr3,58307,58519,-,213,0,0,0,0,3,0,0,0,3
GENE.5010,chr14;chr14;chr14;chr14;chr14;chr14;chr14;chr14;chr14;chr14;chr14;chr14;chr14;chr14;chr14;chr14;chr14;chr14;chr14;chr14;chr14;chr14,154855;155236;155408;155565;155777;156202;156572;156876;157180;157376;157592;157819;158023;158280;158464;158623;158826;158965;159268;159592;159772;160075,155118;155307;155473;155651;156031;156459;156723;156952;157266;157467;157716;157906;158163;158337;158522;158721;158864;159115;159467;159642;159831;160191,-;-;-;-;-;-;-;-;-;-;-;-;-;-;-;-;-;-;-;-;-;-,2598,14325,14230,14078,14492,12228,857,4652,857,12228
GENE.5011,chr14;chr14;chr14;chr14;chr14;chr14;chr14;chr14;chr14;chr14;chr14;chr14;chr14;chr14;chr14;chr14;chr14,154855;155236;155408;155565;155777;156202;156572;156876;157180;157376;157592;157819;158023;158280;158464;158623;158826,155118;155307;155473;155651;156031;156459;156723;156952;157266;157467;157716;157906;158163;158337;158522;158721;158855,-;-;-;-;-;-;-;-;-;-;-;-;-;-;-;-;-,2010,12981,12865,12710,13159,10847,725,4179,725,10847
GENE.5012,chr14;chr14;chr14;chr14;chr14;chr14;chr14;chr14;chr14;chr14;chr14;chr14;chr14;chr14;chr14;chr14;chr14;chr14;chr14;chr14,154855;155236;155408;155565;155777;156202;156572;156876;157180;157376;157592;157819;158023;158280;158464;158623;158826;158965;159268;159535,155118;155307;155473;155651;156031;156459;156723;156952;157266;157467;157716;157906;158163;158337;158522;158721;158864;159115;159448;159595,-;-;-;-;-;-;-;-;-;-;-;-;-;-;-;-;-;-;-;-,2412,14320,14225,14074,14487,12218,857,4652,857,12218
GENE.5013,chr14,161227,162099,-,873,0,2,4,0,28,0,4,0,28
GENE.5014,chr14,163990,166854,-,2865,0,9,8,0,109,0,21,0,109
GENE.5015,chr14,170000,170893,+,894,2186,2177,2156,2136,2013,149,555,149,2013
GENE.5016,chr14;chr14;chr14;chr14;chr14,172237;172502;172796;174372;174738,172378;172602;174207;174603;174911,+;+;+;+;+,2061,0,2,2,0,72,0,36,0,72
GENE.5017,chr14;chr14;chr14;chr14;chr14;chr14;chr14,175503;175625;175850;176097;176265;176553;176791,175528;175721;175954;176166;176437;176640;179705,-;-;-;-;-;-;-,3474,8008,8330,8403,8812,7607,461,2402,461,7606
GENE.5018,chr14;chr14;chr14,180897;181376;181575,181287;181488;181649,+;+;+,579,332,328,316,322,240,11,58,11,237
GENE.5019,chr14,181955,185032,+,3078,0,7,17,0,102,0,63,0,102
GENE.502,chr3;chr3,61445;61662,61498;62714,+;+,1107,1564,1563,1551,1400,1385,82,371,82,1385
GENE.5020,chr14;chr14;chr14;chr14,185437;186652;187001;187651,186500;186900;187517;190368,-;-;-;-,4548,0,5,28,0,156,0,112,0,155
GENE.5021,chr14,190997,192724,+,1728,1256,1226,1208,1076,927,53,328,53,927
GENE.5022,chr14,193216,194265,-,1050,1312,1311,1304,1258,1277,89,385,89,1277
GENE.5023,chr14,196327,198486,-,2160,12996,12931,12824,12584,11880,1164,4537,1164,11848
GENE.5024,chr14;chr14;chr14;chr14;chr14,200493;201096;201446;201776;203570,200919;201282;201512;203421;204143,-;-;-;-;-,2901,14828,14744,14596,13693,12882,861,4138,861,12881
GENE.5025,chr14;chr14,205559;208953,208837;209003,+;+,3330,19400,19658,18977,18524,17175,1172,5788,1123,16738
GENE.5026,chr14;chr14;chr14,210300;210541;210884,210354;210732;210960,+;+;+,324,0,0,0,0,13,0,0,0,13
GENE.5027,chr14,211566,215651,-,4086,0,10,21,0,208,0,347,0,206
GENE.5028,chr14,217845,226307,+,8463,0,49,77,0,340,0,740,0,327
GENE.5029,chr14,228410,229837,+,1428,0,5,4,0,58,0,14,0,58
GENE.503,chr3;chr3,64572;64872,64625;65783,+;+,966,0,8,6,26,31,5,3,5,31
GENE.5030,chr14,230864,232690,+,1827,234,231,252,212,229,18,250,18,228
GENE.5031,chr14;chr14,233001;233995,233834;237744,-;-,4584,9646,9603,9542,8562,8112,659,3194,659,8103
GENE.5032,chr14,239747,243772,+,4026,7118,7057,7052,6730,6358,373,2181,373,6355
GENE.5033,chr14,244908,245492,+,585,326,325,322,318,342,17,66,17,342
GENE.5034,chr14;chr14;chr14,246380;246787;247405,246609;247094;247721,-;-;-,855,3187,3180,3157,3067,3030,172,753,172,3030
GENE.5035,chr14;chr14;chr14;chr14;chr14,251059;252176;252348;252628;252765,251935;252237;252385;252677;252826,+;+;+;+;+,1089,5896,5851,5781,4966,4332,274,1383,274,4332
GENE.5036,chr14,253542,257360,+,3819,7928,7873,7757,7006,6624,513,2191,513,6624
GENE.5037,chr14;chr14,258746;259039,258752;259988,+;+,957,791,786,782,693,747,67,272,67,745
GENE.5038,chr14;chr14,261061;261595,261425;262099,-;-,870,0,2,11,0,40,0,0,0,40
GENE.5039,chr14;chr14;chr14;chr14;chr14,264403;265278;265545;265837;266111,265152;265364;265674;265978;267074,+;+;+;+;+,2073,0,1,14,0,104,1,110,1,104
GENE.504,chr3;chr3,67928;68101,67996;68682,+;+,651,1596,1581,1572,1506,1384,66,473,66,1384
GENE.5040,chr14,268108,268692,-,585,0,2,3,0,54,0,7,0,54
GENE.5041,chr14;chr14;chr14;chr14;chr14,269881;270092;270435;270634;270893,269912;270251;270521;270697;270927,+;+;+;+;+,378,3,3,5,3,22,1,6,1,20
GENE.5042,chr14,271014,277115,-,6102,42892,42325,41675,37940,35698,2892,12029,2891,35638
GENE.5043,chr14;chr14,279176;280609,280331;280673,+;+,1221,3555,3522,3493,3212,2856,177,868,177,2856
GENE.5044,chr14,283086,284435,+,1350,0,1,11,0,50,0,0,0,49
GENE.5045,chr14,288297,289655,+,1359,13072,13036,12699,11852,11053,365,2025,365,11021
GENE.5046,chr14,293471,294832,+,1362,396,427,402,382,436,30,111,30,425
GENE.5047,chr14,297468,298823,+,1356,4870,4846,4771,4080,3793,235,1158,235,3776
GENE.5048,chr14,300725,305833,-,5109,0,56,122,0,225,0,685,0,210
GENE.5049,chr14,312569,312868,+,300,0,13,2,0,10,0,173,0,10
GENE.505,chr3,69460,71919,-,2460,0,4,2,0,60,0,12,0,60
GENE.5050,chr14,313975,317457,-,3483,0,10,40,0,140,2,153,2,140
GENE.5051,chr14,320274,320861,+,588,0,1,7,0,18,1,200,1,18
GENE.5052,chr14;chr14,323317;323851,323651;324172,+;+,657,176,176,175,174,199,5,47,5,199
GENE.5053,chr14;chr14,324754;325114,324947;346468,-;-,21549,78624,77991,77733,71942,65416,4482,20710,4463,65316
GENE.5054,chr14;chr14,349359;350356,350192;350415,+;+,894,1258,1254,1243,1274,1221,128,553,128,1221
GENE.5055,chr14,351025,352047,-,1023,1508,1507,1507,1444,1430,160,523,160,1430
GENE.5056,chr14;chr14,353263;353497,353318;355141,-;-,1701,10802,10628,10358,8444,7527,317,2231,317,7505
GENE.5057,chr14,356550,360188,+,3639,7600,7480,7296,6030,5355,361,1800,361,5355
GENE.5058,chr14;chr14;chr14,360656;360954;361494,360797;361362;361539,-;-;-,597,0,2,2,0,22,0,37,0,22
GENE.5059,chr14;chr14;chr14,360656;360954;361530,360797;361362;361539,-;-;-,561,0,2,2,0,22,0,37,0,22
GENE.506,chr3;chr3,76494;76773,76562;77474,+;+,771,0,1,0,0,22,0,9,0,22
GENE.5060,chr14,363092,364240,+,1149,346,347,360,332,345,17,195,17,345
GENE.5061,chr14;chr14;chr14;chr14,365509;366182;366488;367018,365912;366318;366725;367027,-;-;-;-,789,296,291,287,230,256,11,88,11,256
GENE.5062,chr14;chr14;chr14,370146;370336;370468,370199;370370;373006,+;+;+,2628,3164,3123,3071,2818,2387,148,900,148,2387
GENE.5063,chr14,374800,377106,+,2307,7384,7373,7337,7324,7045,598,2642,598,7044
GENE.5064,chr14;chr14,377285;377709,377357;380182,-;-,2547,1274,1272,1275,1238,1279,72,343,72,1279
GENE.5065,chr14,383188,384732,+,1545,0,14,15,0,93,0,86,0,88
GENE.5066,chr14,389592,391595,+,2004,12428,12352,12212,11282,9535,546,2684,546,9534
GENE.5067,chr14,392972,393850,-,879,216,216,219,216,240,27,78,27,240
GENE.5068,chr14;chr14;chr14;chr14;chr14;chr14;chr14,396010;396425;396751;396967;397192;397496;397760,396334;396580;396841;397051;397260;397611;397967,+;+;+;+;+;+;+,1050,60,61,64,54,96,2,45,2,96
GENE.5069,chr14,400418,402994,+,2577,24796,24666,24341,22084,20256,1147,5957,1147,20250
GENE.507,chr3;chr3;chr3,78195;78503;80196,78275;80056;80393,-;-;-,1833,525,527,512,469,437,10,117,10,437
GENE.5070,chr14;chr14,403652;404085,403891;417062,-;-,13218,11466,11582,11571,11722,10694,628,3702,628,10660
GENE.5071,chr14,420442,422790,+,2349,0,1,6,0,112,0,13,0,109
GENE.5072,chr14;chr14,423751;423921,423822;424250,-;-,402,180,175,178,184,179,27,68,27,179
GENE.5073,chr14,427191,428588,+,1398,5746,5720,5550,4718,4273,169,1059,169,4272
GENE.5074,chr14;chr14,429690;430056,429888;430861,-;-,1005,1359,1354,1325,1231,1254,73,419,73,1254
GENE.5075,chr14;chr14;chr14;chr14;chr14;chr14;chr14,433951;434085;434286;434618;434876;435079;435247,433996;434154;434436;434729;434913;435108;435318,+;+;+;+;+;+;+,519,0,0,1,0,33,0,1,0,33
GENE.5076,chr14;chr14;chr14;chr14,437224;437448;437678;437959,437353;437594;437809;439466,+;+;+;+,1917,1026,1022,1013,946,923,98,493,98,923
GENE.5077,chr14;chr14;chr14;chr14;chr14;chr14;chr14;chr14;chr14;chr14,440541;444721;445420;446436;446640;446942;447085;447260;447420;447706,444567;445328;446307;446504;446834;446992;447168;447320;447533;447773,+;+;+;+;+;+;+;+;+;+,6165,24138,23808,23536,22684,18718,1309,6390,1309,18655
GENE.5078,chr14;chr14;chr14;chr14;chr14;chr14;chr14;chr14;chr14,440541;444721;445420;446640;446942;447085;447260;447420;447706,444567;445328;446307;446834;446992;447168;447320;447533;447773,+;+;+;+;+;+;+;+;+,6096,24136,23807,23534,22682,18699,1309,6390,1309,18636
GENE.5079,chr14;chr14;chr14;chr14;chr14;chr14;chr14;chr14,447923;448158;448448;448689;448911;449293;449558;449808,448052;448298;448563;448804;449090;449434;449693;449968,-;-;-;-;-;-;-;-,1122,470,473,466,444,475,23,204,23,475
GENE.508,chr3;chr3,82011;83420,83228;83515,-;-,1314,835,834,831,779,761,40,200,40,761
GENE.5080,chr14;chr14;chr14;chr14;chr14;chr14;chr14;chr14,447990;448158;448448;448689;448911;449293;449558;449808,448014;448298;448563;448804;449090;449434;449693;449968,-;-;-;-;-;-;-;-,1017,469,472,465,443,463,22,147,22,463
GENE.5081,chr14;chr14;chr14;chr14,452175;452481;452960;453265,452329;452726;453160;454879,-;-;-;-,2217,16158,16088,15943,14676,13653,872,4579,872,13645
GENE.5082,chr14;chr14,458796;460900,460439;460962,+;+,1707,530,528,540,515,561,28,258,28,560
GENE.5083,chr14,461401,467451,-,6051,3084,3094,3103,2892,2986,139,1286,139,2982
GENE.5084,chr14;chr14,468976;469195,468997;472016,+;+,2844,483,485,494,487,549,46,287,46,547
GENE.5085,chr14,472850,474826,+,1977,0,13,59,0,138,0,51,0,138
GENE.5086,chr14,475249,477297,+,2049,0,5,6,0,96,0,122,0,96
GENE.5087,chr14,477469,478887,-,1419,596,589,584,592,527,17,150,17,527
GENE.5088,chr14,480431,481414,+,984,28,31,34,16,60,0,108,0,60
GENE.5089,chr14,482437,483399,+,963,0,0,0,0,46,0,16,0,46
GENE.509,chr3;chr3,85305;86042,85946;86131,-;-,732,44,44,44,46,71,5,20,5,71
GENE.5090,chr14,484438,487308,+,2871,12282,12220,12134,11152,10467,565,3205,565,10461
GENE.5091,chr14;chr14;chr14,487776;488213;490239,488073;490055;490380,-;-;-,2283,3470,3461,3450,3368,3188,199,1175,199,3187
GENE.5092,chr14;chr14;chr14,491494;491688;492142,491528;491950;492221,-;-;-,378,8,8,9,11,18,2,3,2,18
GENE.5093,chr14;chr14;chr14;chr14;chr14,493971;501131;503219;503897;504234,500970;503010;503697;504082;504345,-;-;-;-;-,9657,0,57,77,0,422,0,464,0,416
GENE.5094,chr14;chr14,507360;508186,507807;508868,+;+,1131,368,366,359,297,295,23,108,23,295
GENE.5095,chr14,509686,511176,-,1491,0,2,6,0,69,0,144,0,69
GENE.5096,chr14,512363,516022,+,3660,31426,30989,30139,26810,22015,987,5767,987,22004
GENE.5097,chr14;chr14;chr14;chr14,516574;517765;517939;518179,517620;517812;518061;518193,-;-;-;-,1233,0,1,2,0,44,0,5,0,44
GENE.5098,chr14;chr14;chr14;chr14;chr14;chr14;chr14,521209;521485;521636;521807;522032;522189;522642,521256;521534;521705;521860;522081;522559;522898,+;+;+;+;+;+;+,900,12,14,15,14,55,2,5,2,55
GENE.5099,chr14;chr14;chr14;chr14;chr14,521209;521485;521636;521807;522189,521256;521534;521705;521860;522242,+;+;+;+;+,276,8,10,9,8,19,0,2,0,19
GENE.51,chrX,6725,7030,+,306,0,0,4,0,6,0,7,0,4
GENE.510,chr3;chr3,88250;89097,88969;89231,-;-,855,1726,1722,1704,1674,1485,140,505,140,1481
GENE.5100,chr14,523890,525305,-,1416,2266,2262,2262,2228,2063,158,670,158,2063
GENE.5101,chr14;chr14;chr14;chr14,527132;527351;527512;527710,527169;527415;527605;529234,+;+;+;+,1722,0,5,11,0,80,0,178,0,77
GENE.5102,chr14;chr14;chr14;chr14,530135;531317;531503;531696,531185;531410;531570;531739,-;-;-;-,1257,2544,2533,2460,2383,2132,193,826,193,2128
GENE.5103,chr14;chr14;chr14,532818;532984;533180,532838;533059;533289,-;-;-,207,0,0,0,0,15,0,4,0,15
GENE.5104,chr14,534057,535988,-,1932,0,3,0,0,66,0,12,0,66
GENE.5105,chr14,536796,537839,-,1044,302,300,280,264,286,15,68,15,286
GENE.5106,chr14;chr14,538869;539939,539806;540572,+;+,1572,672,672,665,622,607,59,292,59,607
GENE.5107,chr14;chr14;chr14;chr14;chr14;chr14;chr14;chr14;chr14;chr14;chr14;chr14,540677;540831;541027;541218;541673;544427;544758;545102;545268;545530;545807;545997,540759;540873;541079;541490;544258;544487;544949;545160;545342;545604;545898;546046,-;-;-;-;-;-;-;-;-;-;-;-,3642,0,7,10,0,185,0,300,0,181
GENE.5108,chr14,547954,549417,+,1464,632,630,633,580,621,45,180,45,621
GENE.5109,chr14;chr14;chr14,551862;552758;553143,552654;553017;553235,+;+;+,1146,978,962,899,572,624,28,190,28,624
GENE.511,chr3;chr3,91115;93263,93112;93463,-;-,2199,3741,3744,3658,3417,3181,194,944,194,3181
GENE.5110,chr14;chr14;chr14;chr14;chr14;chr14;chr14;chr14;chr14;chr14;chr14,553639;553829;553973;554269;554486;554738;554867;555068;555326;555546;555761,553697;553861;554103;554350;554590;554786;554916;555158;555382;555638;555772,-;-;-;-;-;-;-;-;-;-;-,762,0,0,0,0,40,0,7,0,40
GENE.5111,chr14,560093,562324,+,2232,0,23,20,0,100,1,532,1,98
GENE.5112,chr14,564024,565247,-,1224,434,457,452,414,395,28,289,28,383
GENE.5113,chr14,570802,571461,+,660,0,1,0,0,31,0,19,0,31
GENE.5114,chr14;chr14;chr14;chr14;chr14,575496;575866;576398;576745;577017,575760;576189;576549;576879;577055,+;+;+;+;+,915,0,2,2,0,47,0,1,0,47
GENE.5115,chr14;chr14;chr14;chr14;chr14;chr14,578369;578622;582259;586893;587215;587494,578467;582052;586674;587036;587365;587529,-;-;-;-;-;-,8277,25218,24916,24585,22690,20701,1299,6226,1299,20653
GENE.5116,chr14,590626,592188,+,1563,2180,2167,2169,1998,1962,135,619,135,1962
GENE.5117,chr14,592992,597146,-,4155,0,6,28,0,190,1,226,1,188
GENE.5118,chr14;chr14,599763;600510,600197;600680,-;-,606,0,0,0,0,26,0,1,0,26
GENE.5119,chr14,601981,605559,-,3579,222,229,246,214,413,16,184,16,404
GENE.512,chr3;chr3,96568;97725,97338;97907,-;-,954,1936,1911,1877,1810,1683,132,641,132,1680
GENE.5120,chr14,606380,607348,-,969,4470,4451,4424,4000,3694,241,929,241,3694
GENE.5121,chr14;chr14;chr14,609205;610859;611165,610748;610964;611287,+;+;+,1773,0,3,14,0,99,0,34,0,99
GENE.5122,chr14;chr14;chr14,611865;612337;612636,611946;612444;612736,+;+;+,291,31,32,33,33,56,2,11,2,55
GENE.5123,chr14,615167,616180,+,1014,0,1,1,0,51,0,0,0,44
GENE.5124,chr14,618897,623321,+,4425,44706,44783,44156,44322,39562,2991,12117,2160,36343
GENE.5125,chr14;chr14;chr14,624486;624790;624993,624590;624873;628250,-;-;-,3447,11571,11504,11394,11038,9912,750,3244,750,9907
GENE.5126,chr14,629419,632895,-,3477,0,6,20,0,182,0,207,0,182
GENE.5127,chr14,634815,636533,-,1719,0,0,4,0,74,0,3,0,74
GENE.5128,chr14,640374,641519,+,1146,440,440,445,426,486,49,187,49,486
GENE.5129,chr14;chr14,642071;642512,642287;642735,-;-,441,762,759,766,704,679,15,232,15,679
GENE.513,chr3;chr3,104325;104708,104524;105281,+;+,774,848,840,823,648,582,65,211,65,582
GENE.5130,chr14;chr14;chr14;chr14,643914;644340;644624;644918,644157;644493;644816;644989,+;+;+;+,663,0,0,2,0,47,0,4,0,47
GENE.5131,chr14,645641,648454,-,2814,0,0,2,0,128,2,28,2,127
GENE.5132,chr14,650503,657345,-,6843,52086,51809,51117,45538,42705,2774,12403,2758,42518
GENE.5133,chr14;chr14,659539;660721,660609;660903,+;+,1254,312,314,317,300,336,29,134,29,336
GENE.5134,chr14;chr14;chr14;chr14;chr14;chr14;chr14;chr14;chr14;chr14;chr14;chr14;chr14;chr14;chr14,661098;661367;661611;661832;662200;662512;662810;662964;663176;663427;663649;663863;664342;664703;665008,661208;661489;661718;662002;662336;662567;662886;663075;663292;663563;663737;664116;664585;664816;665098,-;-;-;-;-;-;-;-;-;-;-;-;-;-;-,1941,0,5,20,0,85,0,70,0,85
GENE.5135,chr14,667412,668824,+,1413,0,0,9,0,63,0,71,0,62
GENE.5136,chr14,669692,678772,-,9081,9368,9339,9305,8604,8434,566,2898,566,8418
GENE.5137,chr14;chr14;chr14;chr14;chr14,681055;681181;681369;681618;681967,681085;681269;681441;681766;682023,-;-;-;-;-,399,0,0,0,0,21,0,19,0,21
GENE.5138,chr14,682778,684802,+,2025,372,378,364,322,316,12,94,12,316
GENE.5139,chr14;chr14;chr14;chr14,685437;685662;685961;686229,685542;685735;686084;686368,-;-;-;-,444,204,203,204,208,226,28,75,28,226
GENE.514,chr3,105913,107109,-,1197,0,0,1,0,24,0,0,0,24
GENE.5140,chr14,688592,689740,+,1149,0,2,1,0,44,0,36,0,44
GENE.5141,chr14,690451,691272,+,822,108,109,105,106,109,3,40,3,109
GENE.5142,chr14;chr14,694585;708084,707891;708177,+;+,13401,5150,5210,5233,4810,5142,345,3354,345,5123
GENE.5143,chr14;chr14;chr14,709670;713042;713266,712900;713141;713309,+;+;+,3375,0,24,36,0,173,0,338,0,153
GENE.5144,chr14;chr14;chr14,714708;716898;723310,716312;723307;725998,+;+;+,10704,28032,27737,27468,24670,22734,1065,6629,1065,22685
GENE.5145,chr14,726979,728379,-,1401,1458,1448,1412,1184,1207,73,322,73,1207
GENE.5146,chr14,730694,744682,-,13989,1322,1385,1400,1204,1826,95,1298,95,1798
GENE.5147,chr14;chr14;chr14;chr14;chr14;chr14,750330;750523;750937;751237;751444;751659,750376;750808;751081;751354;751517;751684,+;+;+;+;+;+,696,945,937,925,858,804,83,268,83,804
GENE.5148,chr14;chr14,753389;753531,753394;756440,+;+,2916,2948,2935,2928,2698,2669,213,839,213,2669
GENE.5149,chr14;chr14;chr14;chr14,757195;757978;758220;758440,757374;758062;758273;758555,-;-;-;-,435,388,436,380,376,358,23,146,23,358
GENE.515,chr3;chr3,107961;108156,108038;109880,-;-,1803,6474,6448,6429,6044,5768,433,2154,433,5768
GENE.5150,chr14;chr14;chr14;chr14;chr14;chr14;chr14;chr14;chr14;chr14,759360;759548;759913;760048;760262;760458;760723;760894;761144;761420,759443;759676;759953;760129;760355;760588;760791;760979;761273;761422,-;-;-;-;-;-;-;-;-;-,849,2057,2044,1996,1746,1447,62,448,62,1447
GENE.5151,chr14,762614,773407,-,10794,31852,31576,31294,28710,26133,1644,8447,1644,26101
GENE.5152,chr14;chr14;chr14,775460;775937;776267,775820;776031;776311,+;+;+,501,0,0,2,0,17,0,30,0,17
GENE.5153,chr14,776672,777082,+,411,0,0,1,0,24,0,6,0,24
GENE.5154,chr14,778092,778163,+,72,0,0,0,0,1,0,0,0,1
GENE.5155,chr14,779377,779495,+,119,0,0,0,0,3,0,3,0,3
GENE.5156,chr14,780006,780124,+,119,0,0,0,0,2,0,0,0,2
GENE.5157,chr14,780916,781034,+,119,0,0,0,0,2,0,0,0,2
GENE.5158,chr14,782049,782361,-,313,0,1,0,0,9,0,0,0,9
GENE.5159,chr14;chr14,783078;783233,783121;785819,-;-,2631,0,12,22,0,147,0,30,0,147
GENE.516,chr3,114070,118086,+,4017,0,3,4,0,132,0,293,0,132
GENE.5160,chr14,786958,790458,-,3501,920,920,940,928,942,45,417,45,933
GENE.5161,chr14,793752,796877,+,3126,3686,3641,3600,3272,2911,188,1204,188,2910
GENE.5162,chr14;chr14;chr14,797709;799796;800067,799581;799869;800135,-;-;-,2016,5790,5719,5628,4989,4207,427,1555,427,4191
GENE.5163,chr14;chr14,802717;802884,802754;803481,+;+,636,368,367,360,330,320,9,87,9,320
GENE.5164,chr14;chr14;chr14;chr14,804425;804569;804896;805127,804479;804811;804960;811369,-;-;-;-,6606,21228,21149,20917,19468,18242,1123,5676,1123,18234
GENE.5165,chr14,813778,814413,-,636,164,157,156,132,117,7,115,7,117
GENE.5166,chr14;chr14;chr14;chr14;chr14;chr14;chr14;chr14;chr14;chr14;chr14;chr14,815324;815817;816007;816165;816323;816523;816778;816982;817146;817754;817945;818230,815654;815891;816062;816236;816385;816662;816811;817026;817542;817855;817993;818245,-;-;-;-;-;-;-;-;-;-;-;-,1380,0,1,3,0,85,0,86,0,85
GENE.5167,chr14,820068,821597,+,1530,960,957,941,870,811,85,457,85,805
GENE.5168,chr14;chr14;chr14,822423;823941;824135,823778;824019;824202,-;-;-,1503,5161,5128,4844,4593,3522,109,879,109,3522
GENE.5169,chr14;chr14;chr14,822423;823941;824135,823778;824019;824340,-;-;-,1641,5226,5198,4919,4670,3605,118,1139,118,3605
GENE.517,chr3;chr3;chr3;chr3;chr3;chr3;chr3;chr3;chr3,119458;120411;121098;121261;121462;121702;121986;122290;123263,120319;120986;121151;121323;121572;121887;122144;123056;124735,+;+;+;+;+;+;+;+;+,4251,2161,3628,3329,3668,4422,235,693,235,4405
GENE.5170,chr14,825612,827330,-,1719,0,2,4,0,85,0,60,0,84
GENE.5171,chr14;chr14;chr14,828904;830359;830701,830174;830469;830773,-;-;-,1455,9207,9184,8919,8300,7957,300,1700,255,7321
GENE.5172,chr14,832335,836684,-,4350,7442,7361,7302,6624,6418,536,2399,536,6403
GENE.5173,chr14,838927,842664,-,3738,6602,6559,6503,5956,5301,374,1941,374,5292
GENE.5174,chr14,843711,844619,+,909,1454,1432,1432,1520,1408,45,364,45,1380
GENE.5175,chr14,846508,849177,+,2670,11410,11357,11248,10600,10668,973,3957,973,10665
GENE.5176,chr14,849819,853349,-,3531,1362,1387,1381,1420,1255,62,703,62,1253
GENE.5177,chr14;chr14;chr14,854094;854376;854729,854183;854610;855963,-;-;-,1560,0,5,13,0,78,0,19,0,75
GENE.5178,chr14;chr14,860011;860284,860123;863080,+;+,2910,0,13,7,0,142,0,48,0,139
GENE.5179,chr14;chr14;chr14;chr14,863623;863879;864221;864404,863712;864053;864312;864820,-;-;-;-,774,0,1,2,0,31,0,1,0,31
GENE.518,chr3,125992,130235,-,4244,0,1,4,0,107,1,2,1,107
GENE.5180,chr14;chr14,865346;866407,866173;866805,-;-,1227,0,1,4,0,62,1,0,1,62
GENE.5181,chr14;chr14;chr14;chr14,867802;867973;868455;868769,867845;868216;868548;868920,-;-;-;-,534,768,767,755,610,609,14,192,14,609
GENE.5182,chr14,871000,874761,+,3762,9010,8964,8713,8552,7654,532,2676,531,7632
GENE.5183,chr14,875173,875321,-,149,0,1,0,0,11,0,1,0,11
GENE.5184,chr14;chr14;chr14,875687;876080;876385,875929;876153;876385,-;-;-,318,0,0,0,0,13,0,1,0,13
GENE.5185,chr14;chr14;chr14;chr14;chr14;chr14,877441;879411;880484;880738;881152;881368,879281;880340;880572;880788;881208;881450,-;-;-;-;-;-,3051,995,992,990,962,965,67,283,67,963
GENE.5186,chr14;chr14;chr14;chr14;chr14;chr14,881957;882107;882629;882780;883023;883627,881965;882499;882694;882836;883318;883672,-;-;-;-;-;-,867,489,485,482,438,445,18,191,18,445
GENE.5187,chr14;chr14;chr14,884398;884655;884869,884463;884724;885074,+;+;+,342,7,7,7,11,20,2,4,2,20
GENE.5188,chr14;chr14;chr14;chr14,885211;886355;887596;887837,886023;887501;887656;887870,+;+;+;+,2055,3204,3189,3172,2925,2808,217,1258,217,2807
GENE.5189,chr14,887932,888120,-,189,0,0,1,0,9,0,1,0,9
GENE.519,chr3,132332,133502,-,1171,2746,2717,2696,2590,2191,115,684,115,2191
GENE.5190,chr14,888838,889953,-,1116,1268,1266,1264,1204,1188,80,503,80,1188
GENE.5191,chr14,891140,891622,-,483,452,455,449,444,418,15,112,15,418
GENE.5192,chr14;chr14;chr14,891991;892537;892917,892071;892604;893049,-;-;-,282,0,0,0,0,22,0,2,0,22
GENE.5193,chr14,893720,894862,-,1143,0,1,3,0,77,0,13,0,77
GENE.5194,chr14,896004,896939,-,936,1986,1969,1971,1976,1906,195,584,195,1906
GENE.5195,chr14,897980,899044,-,1065,7658,7621,7429,7408,5778,281,1982,281,5775
GENE.5196,chr14,900386,905278,+,4893,0,15,11,0,195,0,441,0,194
GENE.5197,chr14;chr14;chr14;chr14,906620;906940;907304;908629,906754;907203;908173;908892,+;+;+;+,1533,1724,1704,1692,1599,1487,113,426,113,1487
GENE.5198,chr14,910227,912152,+,1926,0,2,5,0,90,0,46,0,90
GENE.5199,chr14,913819,917391,+,3573,512,512,498,444,596,41,398,41,592
GENE.52,chrX,7031,10105,+,3075,0,2,11,0,40,0,19,0,40
GENE.520,chr3;chr3;chr3;chr3;chr3;chr3;chr3;chr3;chr3,135418;136370;137062;137187;137394;137634;137900;138206;139179,136273;136945;137115;137249;137504;137819;138058;138972;140660,+;+;+;+;+;+;+;+;+,4254,4789,5581,4963,5035,5788,363,895,363,5767
GENE.5200,chr14,918429,919997,-,1569,0,3,15,0,72,0,74,0,71
GENE.5201,chr14,922931,924208,+,1278,228,229,229,194,213,16,83,16,213
GENE.5202,chr14,924964,926427,-,1464,4196,4175,4110,3634,3545,244,1199,244,3545
GENE.5203,chr14,929503,931281,+,1779,4096,4086,4047,3680,3620,280,1222,280,3620
GENE.5204,chr14;chr14;chr14;chr14;chr14;chr14;chr14;chr14,933059;933420;934317;934547;934722;934930;935047;935325,933278;934222;934382;934601;934795;934959;935106;935357,+;+;+;+;+;+;+;+,1341,907,905,887,861,861,55,293,55,861
GENE.5205,chr14;chr14;chr14;chr14;chr14;chr14;chr14;chr14;chr14;chr14;chr14;chr14;chr14;chr14;chr14;chr14,936168;936500;936789;937053;937260;937580;937805;938061;938332;938961;939409;939909;940571;940824;941058;941515,936405;936638;936915;937148;937385;937659;937965;938141;938849;939118;939713;940265;940674;940928;941218;941638,+;+;+;+;+;+;+;+;+;+;+;+;+;+;+;+,2880,8988,8959,8982,8560,8075,566,2630,566,8075
GENE.5206,chr14;chr14;chr14;chr14,942192;942410;942565;942764,942239;942452;942644;946990,+;+;+;+,4398,0,35,107,0,186,1,725,1,184
GENE.5207,chr14;chr14,947387;947575,947478;952348,-;-,4866,26514,28155,25808,26818,23311,1846,8207,1688,22719
GENE.5208,chr14;chr14;chr14;chr14;chr14;chr14;chr14;chr14;chr14,955865;956251;956672;956855;957067;957269;957536;957816;958029,955965;956539;956728;956926;957131;957374;957598;957879;958066,+;+;+;+;+;+;+;+;+,855,0,3,4,0,46,0,23,0,46
GENE.5209,chr14,959074,963750,-,4677,0,26,70,0,323,2,539,2,311
GENE.521,chr3,141556,145653,+,4098,0,2,12,0,134,0,175,0,132
GENE.5210,chr14;chr14;chr14,967563;970934;972209,970723;972076;972311,+;+;+,4407,49494,49376,48960,47664,43570,3896,14519,3896,43521
GENE.5211,chr14,972775,972860,-,86,0,0,0,0,5,0,21,0,5
GENE.5212,chr14,973147,973225,-,79,0,0,1,0,4,0,0,0,4
GENE.5213,chr14;chr14;chr14,973853;974292;975471,973882;975073;975543,-;-;-,885,753,752,750,739,763,72,248,72,762
GENE.5214,chr14,974006,974074,-,69,14,11,11,14,17,5,7,5,17
GENE.5215,chr14,975241,975336,-,96,18,18,18,25,22,6,10,6,22
GENE.5216,chr14;chr14;chr14,977908;978199;978630,977910;978510;979166,+;+;+,852,2264,2256,2237,2038,1950,65,413,65,1949
GENE.5217,chr14,979464,979605,+,142,0,0,1,0,8,0,0,0,8
GENE.5218,chr14,979767,979836,+,70,0,1,0,0,6,0,0,0,6
GENE.5219,chr14,981588,981671,+,84,0,0,1,0,2,0,18,0,2
GENE.522,chr3;chr3;chr3,146372;146770;146988,146659;146871;147056,-;-;-,459,0,0,0,0,12,0,1,0,12
GENE.5220,chr14,981881,981998,+,118,0,0,2,0,2,0,0,0,2
GENE.5221,chr14,982154,982228,+,75,0,0,0,0,8,0,32,0,8
GENE.5222,chr14,982349,982520,+,172,0,0,0,0,9,0,0,0,9
GENE.5223,chr14,982892,983018,+,127,0,0,0,0,6,0,11,0,6
GENE.5224,chr14,983341,984561,-,1221,0,0,4,0,49,0,8,0,49
GENE.5225,chr14;chr14;chr14;chr14;chr14;chr14;chr14,985365;985584;985769;986117;986351;986597;987716,985439;985669;985973;986191;986446;986943;987755,-;-;-;-;-;-;-,924,0,0,7,0,53,0,6,0,52
GENE.5226,chr14,989220,992930,+,3711,11632,11550,11474,10150,9355,570,2980,570,9353
GENE.5227,chr14;chr14,993652;993993,993871;994300,+;+,528,0,3,3,0,32,0,36,0,32
GENE.5228,chr14,995161,1000506,-,5346,11692,11675,11545,11340,10492,973,3591,973,10452
GENE.5229,chr14;chr14;chr14;chr14,1006643;1007359;1007597;1007818,1007237;1007500;1007687;1008069,+;+;+;+,1080,0,3,2,0,60,0,11,0,60
GENE.523,chr3,148046,149305,-,1260,2050,2035,2024,1978,1774,133,690,133,1770
GENE.5230,chr14,1009010,1011910,+,2901,26736,26651,26249,29116,22996,1225,7005,1225,22966
GENE.5231,chr14;chr14;chr14;chr14,1012696;1012895;1013072;1013983,1012765;1012969;1013750;1014265,-;-;-;-,1107,0,6,1,0,62,0,2,0,61
GENE.5232,chr14,1016133,1016618,-,486,56,56,55,58,66,1,14,1,66
GENE.5233,chr14,1018745,1019260,-,516,156,158,157,148,168,19,43,19,167
GENE.5234,chr14,1021652,1022857,-,1206,3074,3043,2998,2574,2335,123,801,123,2335
GENE.5235,chr14,1023948,1025765,-,1818,0,2,2,0,104,0,5,0,104
GENE.5236,chr14;chr14;chr14,1026262;1026585;1027036,1026380;1026803;1027144,-;-;-,447,16,18,17,18,38,3,7,3,38
GENE.5237,chr14,1027966,1029948,-,1983,0,2,7,0,103,0,0,0,103
GENE.5238,chr14,1031065,1035360,-,4296,7436,7361,7349,6986,6445,587,2307,587,6436
GENE.5239,chr14,1036137,1039583,-,3447,7070,7038,7001,6512,6348,437,1883,437,6348
GENE.524,chr3;chr3;chr3,152168;152362;152553,152245;152454;156146,-;-;-,3765,0,3,14,0,100,0,217,0,99
GENE.5240,chr14;chr14,1043057;1043904,1043618;1049590,+;+,6249,6146,6143,6143,5548,5243,423,2804,423,5202
GENE.5241,chr14,1050050,1050316,-,267,0,0,1,0,9,0,0,0,9
GENE.5242,chr14,1051085,1054594,+,3510,12916,12831,12565,11478,10582,939,3209,939,10579
GENE.5243,chr14,1056162,1060124,+,3963,0,188,288,0,247,0,764,0,235
GENE.5244,chr14;chr14,1061805;1062365,1062181;1062392,+;+,405,0,0,0,0,18,0,12,0,17
GENE.5245,chr14;chr14;chr14;chr14;chr14;chr14;chr14,1064142;1067993;1068300;1068514;1068812;1069077;1069330,1067878;1068209;1068364;1068649;1068927;1069182;1069386,+;+;+;+;+;+;+,4434,3367,3355,3344,3171,3090,270,1166,270,3088
GENE.5246,chr14;chr14;chr14;chr14;chr14;chr14,1077357;1077603;1078728;1079010;1079255;1079553,1077484;1078536;1078830;1079148;1079362;1079721,-;-;-;-;-;-,1581,7420,7369,7294,7039,5980,566,2467,566,5980
GENE.5247,chr14;chr14;chr14;chr14;chr14;chr14,1077357;1077603;1078728;1079010;1079255;1079559,1077484;1078536;1078830;1079148;1079362;1079721,-;-;-;-;-;-,1575,7420,7369,7294,7039,5980,566,2467,566,5980
GENE.5248,chr14,1081773,1084208,+,2436,5046,5031,5002,4712,4684,321,1590,321,4684
GENE.5249,chr14,1085603,1087039,+,1437,1022,1020,1023,958,1002,79,376,79,1002
GENE.525,chr3,159353,161704,-,2352,14464,14354,14261,12622,11687,556,2734,556,11687
GENE.5250,chr14,1087436,1087627,-,192,0,0,2,0,14,0,0,0,14
GENE.5251,chr14,1088362,1089102,-,741,1024,1014,1015,914,807,39,279,39,807
GENE.5252,chr14,1092936,1093781,+,846,0,1,2,0,59,0,11,0,59
GENE.5253,chr14;chr14;chr14;chr14;chr14;chr14;chr14,1095686;1096386;1096873;1097091;1097294;1097479;1097660,1096195;1096730;1097000;1097140;1097368;1097543;1097731,+;+;+;+;+;+;+,1245,3395,3355,3198,2698,2108,123,801,123,2108
GENE.5254,chr14,1098038,1099951,-,1914,0,9,21,0,105,1,192,1,93
GENE.5255,chr14,1101958,1104387,+,2430,7050,6990,6908,6520,6109,514,2045,514,6109
GENE.5256,chr14;chr14,1105200;1106403,1106221;1106514,-;-,1134,654,654,641,610,650,37,190,37,650
GENE.5257,chr14;chr14;chr14;chr14;chr14;chr14;chr14;chr14;chr14,1108430;1108689;1108870;1109149;1114222;1114491;1114678;1114968;1115323,1108585;1108741;1108985;1114076;1114389;1114552;1114769;1115217;1115470,-;-;-;-;-;-;-;-;-,5973,33262,33627,32164,31975,28823,1360,7535,1360,28756
GENE.5258,chr14;chr14;chr14;chr14;chr14,1118591;1118770;1119082;1125718;1125996,1118666;1118896;1125508;1125852;1126292,+;+;+;+;+,7062,27874,27680,27494,25962,23949,1569,7901,1569,23940
GENE.5259,chr14;chr14;chr14;chr14;chr14;chr14;chr14;chr14,1127042;1127391;1127722;1127888;1128135;1128415;1128613;1128891,1127122;1127573;1127772;1128034;1128272;1128479;1128721;1129031,+;+;+;+;+;+;+;+,915,182,179,178,183,243,19,94,19,243
GENE.526,chr3,162778,167103,-,4326,3278,3263,3252,3050,2879,177,1149,177,2877
GENE.5260,chr14,1129470,1130771,-,1302,810,786,789,632,616,64,299,64,609
GENE.5261,chr14;chr14;chr14,1133067;1134014;1134209,1133891;1134100;1134400,+;+;+,1104,1300,1287,1275,1446,1222,63,380,63,1222
GENE.5262,chr14;chr14;chr14,1133067;1134014;1134206,1133891;1134100;1134400,+;+;+,1107,1300,1287,1275,1446,1222,63,380,63,1222
GENE.5263,chr14,1134854,1139191,-,4338,4420,4365,4241,3844,3607,221,1313,221,3581
GENE.5264,chr14,1140579,1141292,-,714,696,697,692,692,706,42,284,42,706
GENE.5265,chr14,1142154,1143791,+,1638,2122,2109,2112,2108,2043,174,794,174,2043
GENE.5266,chr14,1144518,1148078,-,3561,0,14,12,0,169,0,130,0,168
GENE.5267,chr14;chr14;chr14;chr14;chr14;chr14;chr14;chr14;chr14;chr14;chr14;chr14;chr14;chr14;chr14;chr14,1150475;1150667;1150839;1151053;1151275;1151428;1151647;1151867;1152036;1152161;1152359;1152523;1152741;1152997;1153144;1153333,1150548;1150720;1150941;1151114;1151340;1151536;1151715;1151952;1152051;1152199;1152450;1152623;1152873;1153013;1153183;1153387,-;-;-;-;-;-;-;-;-;-;-;-;-;-;-;-,1116,0,0,10,0,54,0,3,0,54
GENE.5268,chr14,1155355,1163694,+,8340,56922,56909,55363,52614,48353,2873,14195,2864,47973
GENE.5269,chr14,1164332,1166566,+,2235,0,7,21,0,120,0,141,0,120
GENE.527,chr3;chr3;chr3;chr3;chr3,169571;169789;173131;173417;174223,169572;173017;173231;173495;174300,+;+;+;+;+,3489,12311,12254,12137,10987,10361,574,2767,574,10359
GENE.5270,chr14,1167144,1167803,+,660,0,1,3,0,41,0,6,0,41
GENE.5271,chr14,1168236,1169336,-,1101,668,663,641,572,539,29,162,29,539
GENE.5272,chr14;chr14;chr14,1170829;1174753;1175228,1174559;1175068;1175293,+;+;+,4113,430,431,447,390,558,21,466,21,556
GENE.5273,chr14,1176770,1181092,+,4323,378,394,390,326,528,21,403,21,524
GENE.5274,chr14;chr14;chr14,1181664;1181819;1182284,1181720;1182052;1182982,-;-;-,990,1993,1985,1985,2093,1942,115,500,115,1942
GENE.5275,chr14;chr14;chr14;chr14;chr14,1184910;1186181;1186486;1186712;1186940,1185475;1186331;1186560;1186776;1187042,+;+;+;+;+,960,4717,4686,4620,4020,3308,99,1002,99,3296
GENE.5276,chr14;chr14;chr14;chr14;chr14;chr14;chr14;chr14,1188349;1188726;1189344;1189539;1189886;1190748;1191018;1191386,1188591;1189157;1189417;1189659;1190569;1190810;1191203;1191466,+;+;+;+;+;+;+;+,1884,2533,2508,2515,2368,2254,175,792,175,2252
GENE.5277,chr14,1191946,1199919,-,7974,0,83,67,0,400,1,337,1,386
GENE.5278,chr14,1201748,1204339,+,2592,4992,4992,4958,4682,4604,382,1705,378,4574
GENE.5279,chr14,1205088,1206416,+,1329,5260,5169,5089,4082,3707,250,1185,250,3707
GENE.528,chr3;chr3,175022;175799,175482;175799,-;-,462,106,106,105,98,116,2,38,2,116
GENE.5280,chr14,1207398,1210028,+,2631,2714,2700,2700,2566,2482,151,953,151,2482
GENE.5281,chr14;chr14;chr14,1211012;1211247;1211386,1211105;1211294;1212776,+;+;+,1533,2122,2109,2106,1998,2049,244,773,244,2049
GENE.5282,chr14,1214935,1215732,+,798,854,855,853,814,822,32,212,32,822
GENE.5283,chr14,1216653,1217171,-,519,4,4,6,4,32,0,0,0,32
GENE.5284,chr14;chr14,1218105;1218421,1218299;1218999,-;-,774,0,1,0,0,36,0,12,0,36
GENE.5285,chr14,1221775,1222818,+,1044,1550,1546,1542,1410,1481,112,419,112,1481
GENE.5286,chr14,1224340,1228017,-,3678,2196,2228,2249,1988,1900,109,1472,109,1886
GENE.5287,chr14;chr14,1231036;1233737,1233432;1233841,+;+,2502,0,7,19,0,183,0,228,0,183
GENE.5288,chr14;chr14,1233977;1234408,1234231;1237125,-;-,2973,636,649,649,578,668,48,309,46,659
GENE.5289,chr14,1238851,1241595,-,2745,24446,25521,23963,22574,20304,1298,5999,1099,19940
GENE.529,chr3;chr3;chr3;chr3;chr3;chr3;chr3;chr3,178420;179819;180035;180216;180436;180698;180898;181089,179727;179892;180075;180331;180563;180778;180961;181127,+;+;+;+;+;+;+;+,1851,1177,1172,1171,1156,1115,121,466,121,1115
GENE.5290,chr14,1244018,1245406,+,1389,2112,2108,2094,2018,1910,152,688,152,1910
GENE.5291,chr14;chr14;chr14,1247030;1247355;1247641,1247152;1247419;1247950,+;+;+,498,11,11,11,11,28,0,14,0,28
GENE.5292,chr14;chr14;chr14,1249328;1251780;1252041,1251674;1251930;1252167,+;+;+,2625,0,11,9,0,131,0,138,0,131
GENE.5293,chr14;chr14;chr14;chr14;chr14;chr14;chr14;chr14;chr14;chr14,1253540;1255061;1255241;1255426;1255612;1255895;1256112;1256315;1256521;1256675,1254847;1255152;1255314;1255491;1255767;1255956;1256204;1256383;1256595;1256878,+;+;+;+;+;+;+;+;+;+,2199,7417,7384,7359,7168,6584,639,2561,639,6584
GENE.5294,chr14,1257643,1258971,-,1329,7648,7608,7553,7434,6816,508,2323,508,6799
GENE.5295,chr14;chr14;chr14;chr14;chr14;chr14;chr14,1260908;1261176;1261361;1261654;1262105;1262335;1262758,1260944;1261246;1261495;1261849;1262207;1262593;1262826,+;+;+;+;+;+;+,870,2182,2171,2085,1648,1526,107,578,107,1524
GENE.5296,chr14;chr14,1263826;1266852,1266678;1269011,+;+,5013,4535,4501,4440,4057,3974,250,1632,250,3974
GENE.5297,chr14;chr14;chr14,1269368;1269740;1272100,1269534;1271924;1274667,-;-;-,4920,13934,13795,13716,13116,11976,838,3995,838,11961
GENE.5298,chr14;chr14;chr14;chr14;chr14;chr14;chr14;chr14;chr14;chr14;chr14;chr14;chr14;chr14;chr14;chr14;chr14;chr14,1275899;1276085;1276281;1276944;1277280;1277491;1278457;1280003;1280235;1280441;1280685;1280916;1281121;1281543;1281707;1281874;1282220;1282623,1275961;1276126;1276674;1277179;1277372;1278347;1279877;1280137;1280297;1280575;1280804;1280986;1281348;1281610;1281786;1282123;1282455;1282645,-;-;-;-;-;-;-;-;-;-;-;-;-;-;-;-;-;-,4515,8836,8786,8638,8172,7190,464,2604,464,7181
GENE.5299,chr14;chr14,1283570;1284829,1284669;1285063,+;+,1335,3689,3658,3555,3308,3062,246,1014,246,3062
GENE.53,chrX,10108,11835,+,1728,5106,5072,5074,4822,4386,291,1349,291,4386
GENE.530,chr3,182731,189411,+,6681,0,6,37,0,188,2,205,2,181
GENE.5300,chr14,1285667,1289254,-,3588,1404,1403,1378,1280,1320,78,611,78,1312
GENE.5301,chr14;chr14;chr14,1290468;1291062;1291361,1290889;1291215;1291459,-;-;-,675,0,1,0,0,47,0,0,0,47
GENE.5302,chr14,1292885,1295086,-,2202,628,629,615,556,599,23,295,23,597
GENE.5303,chr14;chr14,1296173;1296468,1296238;1297211,-;-,810,772,769,771,758,719,60,257,60,719
GENE.5304,chr14;chr14,1298639;1298921,1298749;1298977,-;-,168,0,0,0,0,8,0,0,0,8
GENE.5305,chr14;chr14;chr14;chr14,1299894;1300280;1303237;1303496,1300131;1303087;1303331;1303726,+;+;+;+,3372,11337,11220,11017,10243,9140,788,3293,788,9135
GENE.5306,chr14,1304028,1307831,-,3804,9118,9051,8938,8018,7119,507,2431,507,7097
GENE.5307,chr14;chr14;chr14;chr14,1310041;1310456;1310660;1311730,1310237;1310537;1311562;1311834,+;+;+;+,1287,136,137,138,124,195,6,45,6,195
GENE.5308,chr14,1312304,1329577,-,17274,0,168,198,0,779,1,2133,1,762
GENE.5309,chr14;chr14;chr14;chr14,1332363;1332533;1332729;1333116,1332404;1332604;1332847;1337301,-;-;-;-,4419,0,6,36,0,209,1,106,1,208
GENE.531,chr3,190180,190719,+,540,780,774,736,606,490,12,81,12,490
GENE.5310,chr14;chr14;chr14,1341689;1341897;1342200,1341757;1342043;1342289,+;+;+,306,5,5,7,5,12,0,1,0,12
GENE.5311,chr14;chr14,1342484;1343017,1342724;1348994,-;-,6219,0,23,62,0,287,1,338,1,285
GENE.5312,chr14,1350313,1358379,-,8067,30098,29898,29322,27770,24980,1472,7738,1472,24947
GENE.5313,chr14,1360002,1364558,+,4557,15318,15239,15165,14774,13560,1067,5150,1067,13542
GENE.5314,chr14;chr14;chr14;chr14;chr14;chr14,1364749;1364900;1365087;1365346;1365714;1365937,1364774;1364988;1365233;1365580;1365813;1366113,-;-;-;-;-;-,774,0,1,4,0,32,0,17,0,32
GENE.5315,chr14,1366979,1368202,+,1224,0,0,7,0,60,0,0,0,60
GENE.5316,chr14;chr14,1368815;1369718,1369185;1369796,-;-,450,435,430,429,406,364,20,104,20,364
GENE.5317,chr14,1372903,1374597,+,1695,676,678,676,604,661,47,192,47,661
GENE.5318,chr14;chr14;chr14;chr14,1375624;1376358;1376612;1376788,1376222;1376528;1376656;1376830,-;-;-;-,858,5625,5605,5568,5458,5348,334,1661,334,5348
GENE.5319,chr14,1378348,1402665,-,24318,142828,141559,140095,128824,119171,7524,37293,7524,118962
GENE.532,chr3,191245,192591,-,1347,2776,2769,2756,2634,2500,128,610,128,2499
GENE.5320,chr14,1404312,1406198,+,1887,0,6,34,0,88,0,406,0,85
GENE.5321,chr14,1407258,1407746,-,489,0,0,1,0,18,0,0,0,18
GENE.5322,chr14,1410139,1410897,+,759,0,0,3,0,22,0,0,0,22
GENE.5323,chr14;chr14;chr14;chr14,1411737;1412426;1412693;1413019,1412276;1412555;1412928;1413096,+;+;+;+,984,764,764,750,726,651,36,226,36,651
GENE.5324,chr14,1414023,1415315,+,1293,1728,1719,1708,1462,1480,88,452,88,1480
GENE.5325,chr14,1415941,1417020,-,1080,0,1,11,0,52,0,7,0,52
GENE.5326,chr14;chr14;chr14;chr14,1419383;1419617;1419865;1420203,1419472;1419692;1420046;1420934,+;+;+;+,1080,1545,1533,1537,1319,1142,21,292,21,1142
GENE.5327,chr14,1421901,1431221,-,9321,25058,24936,24771,23154,22397,1499,6795,1499,22393
GENE.5328,chr14,1433738,1434310,-,573,660,656,663,678,675,74,240,74,675
GENE.5329,chr14,1436280,1437044,+,765,0,1,11,0,46,0,15,0,46
GENE.533,chr3,194430,196211,+,1782,1452,1446,1444,1368,1291,78,340,78,1291
GENE.5330,chr14,1437511,1442877,-,5367,0,27,82,0,292,1,417,1,281
GENE.5331,chr14;chr14;chr14;chr14;chr14;chr14;chr14;chr14;chr14;chr14,1445085;1446158;1446425;1446584;1446770;1447057;1447255;1447973;1448321;1448615,1446050;1446268;1446484;1446684;1446940;1447089;1447361;1448148;1448445;1449491,-;-;-;-;-;-;-;-;-;-,2727,428,436,458,424,539,34,171,34,539
GENE.5332,chr14;chr14;chr14;chr14;chr14;chr14;chr14;chr14;chr14,1445085;1446158;1446584;1446770;1447057;1447255;1447973;1448321;1448615,1446050;1446268;1446684;1446940;1447089;1447361;1448148;1448445;1449491,-;-;-;-;-;-;-;-;-,2667,428,436,458,424,537,34,171,34,537
GENE.5333,chr14,1452604,1454118,+,1515,4904,4862,4883,4562,4498,315,1329,315,4498
GENE.5334,chr14,1454555,1455496,-,942,2612,2512,2543,2092,1799,122,640,122,1799
GENE.5335,chr14,1458131,1459870,+,1740,5256,5226,5216,4872,4935,394,1626,394,4935
GENE.5336,chr14;chr14;chr14,1461388;1467208;1467558,1467087;1467324;1467590,+;+;+,5850,44585,44238,43924,42859,36886,2687,12302,2687,36822
GENE.5337,chr14,1467629,1474438,-,6810,17878,17788,17526,16460,15276,809,5430,809,15245
GENE.5338,chr14,1479777,1482758,+,2982,8338,8277,8228,7304,6884,482,2418,482,6879
GENE.5339,chr14;chr14,1484166;1488075,1487905;1488129,+;+,3795,0,12,38,0,140,0,524,0,140
GENE.534,chr3;chr3;chr3,196570;196826;197351,196715;197185;197438,-;-;-,594,0,0,1,0,21,0,0,0,21
GENE.5340,chr14,1488706,1490001,+,1296,1382,1375,1364,1196,1124,44,450,44,1124
GENE.5341,chr14;chr14;chr14;chr14;chr14,1490654;1492775;1493375;1493754;1494186,1492510;1493205;1493549;1493823;1494214,-;-;-;-;-,2562,382,384,377,324,486,15,112,15,486
GENE.5342,chr14;chr14,1495799;1496059,1495918;1498533,-;-,2595,8927,8703,8640,7539,6706,478,2185,478,6700
GENE.5343,chr14,1498758,1499492,-,735,6,7,9,6,36,0,23,0,36
GENE.5344,chr14;chr14,1500128;1500445,1500209;1500965,-;-,603,1090,1081,1047,1209,799,27,157,27,799
GENE.5345,chr14;chr14;chr14,1502648;1502896;1504827,1502705;1504437;1504861,+;+;+,1635,2029,2007,2046,1947,1736,71,832,71,1734
GENE.5346,chr14;chr14;chr14,1505906;1506263;1506557,1506170;1506411;1506619,+;+;+,477,188,189,190,194,208,15,73,15,208
GENE.5347,chr14;chr14,1507359;1507855,1507667;1510089,-;-,2544,0,1,6,0,94,0,8,0,94
GENE.5348,chr14;chr14;chr14;chr14,1513938;1514359;1514529;1514938,1514276;1514440;1514722;1514961,-;-;-;-,639,1914,1909,1899,1972,1860,170,735,170,1860
GENE.5349,chr14,1517070,1519370,+,2301,5966,5925,5870,5672,5171,385,1649,385,5171
GENE.535,chr3;chr3;chr3;chr3;chr3,198542;199825;200780;201103;201387,199725;200663;200994;201252;201584,-;-;-;-;-,2586,7087,7125,7048,6858,6661,530,2381,530,6657
GENE.5350,chr14,1521105,1521920,+,816,592,592,596,618,588,32,164,32,588
GENE.5351,chr14,1523286,1525046,+,1761,6384,6369,6330,5946,5710,339,1941,339,5708
GENE.5352,chr14,1525564,1528485,-,2922,0,2,18,0,135,0,28,0,135
GENE.5353,chr14,1530276,1530830,-,555,384,383,383,384,403,28,160,28,403
GENE.5354,chr14;chr14,1533329;1533739,1533394;1534947,+;+,1275,2936,2928,2898,2452,2341,104,559,104,2338
GENE.5355,chr14,1536484,1538469,-,1986,1552,1538,1539,1402,1421,82,494,82,1420
GENE.5356,chr14;chr14;chr14,1541359;1541639;1542855,1541463;1542649;1542872,-;-;-,1134,26,26,27,24,101,1,7,1,101
GENE.5357,chr14,1545135,1545239,-,105,0,0,0,0,6,0,0,0,6
GENE.5358,chr14,1546224,1546297,+,74,0,0,0,0,2,0,0,0,2
GENE.5359,chr14;chr14;chr14;chr14;chr14;chr14;chr14,1548918;1550162;1555569;1556121;1556299;1556498;1556674,1549065;1555381;1556016;1556202;1556378;1556534;1556721,+;+;+;+;+;+;+,6063,1730,1770,1762,1614,1755,107,1057,107,1743
GENE.536,chr3,204542,206119,+,1578,3674,3656,3662,3490,3312,233,1242,233,3312
GENE.5360,chr14,1557527,1560157,-,2631,3284,3264,3251,3040,3029,179,859,179,3029
GENE.5361,chr14,1562232,1563065,+,834,1284,1267,1276,1176,1009,54,302,54,1009
GENE.5362,chr14;chr14;chr14;chr14;chr14;chr14;chr14;chr14;chr14;chr14;chr14;chr14;chr14;chr14;chr14;chr14,1564575;1564780;1565026;1565321;1565567;1565751;1566027;1566260;1566419;1566655;1566858;1567101;1567252;1567394;1567558;1567796,1564644;1564830;1565141;1565458;1565649;1565859;1566101;1566321;1566528;1566755;1566994;1567153;1567320;1567435;1567656;1567839,+;+;+;+;+;+;+;+;+;+;+;+;+;+;+;+,1359,7105,7093,7045,6894,5839,371,2350,371,5839
GENE.5363,chr14;chr14;chr14;chr14,1571039;1572674;1573154;1573565,1572044;1572994;1573329;1574161,+;+;+;+,2100,0,1,5,0,105,0,2,0,105
GENE.5364,chr14,1575984,1576571,+,588,110,109,106,94,110,0,18,0,110
GENE.5365,chr14;chr14,1578193;1578804,1578528;1579175,+;+,708,187,183,184,169,162,11,58,11,162
GENE.5366,chr14;chr14;chr14;chr14;chr14,1580750;1585135;1588321;1588581;1588831,1584935;1588165;1588416;1588659;1588857,+;+;+;+;+,7419,12519,12426,12398,11498,11329,723,3687,723,11327
GENE.5367,chr14;chr14;chr14;chr14;chr14,1588952;1590201;1590800;1592772;1592971,1590050;1590653;1592649;1592889;1593131,+;+;+;+;+,3681,5171,5111,4982,4279,4012,244,1411,244,4010
GENE.5368,chr14;chr14,1594505;1594771,1594625;1600061,+;+,5412,28743,28566,28258,26812,24703,1890,8553,1890,24695
GENE.5369,chr14,1600933,1602000,-,1068,1678,1676,1674,1548,1620,96,496,96,1620
GENE.537,chr3,207342,208919,-,1578,3006,2989,2912,2536,2324,199,812,199,2324
GENE.5370,chr14,1608519,1611743,+,3225,2852,2868,2832,2478,2267,109,961,109,2253
GENE.5371,chr14,1612521,1613063,-,543,128,129,130,126,181,2,24,2,181
GENE.5372,chr14;chr14;chr14;chr14;chr14;chr14,1613853;1614376;1614883;1615047;1615270;1615475,1614194;1614732;1614945;1615111;1615358;1615542,-;-;-;-;-;-,984,0,0,5,0,43,0,20,0,43
GENE.5373,chr14;chr14,1618819;1619568,1619317;1619794,+;+,726,40,43,41,41,74,6,16,6,74
GENE.5374,chr14;chr14,1622576;1622978,1622687;1623612,+;+,747,1339,1325,1330,1268,1241,71,336,71,1241
GENE.5375,chr14;chr14;chr14;chr14;chr14,1624187;1624439;1624650;1624877;1625173,1624328;1624500;1624724;1625017;1631367,-;-;-;-;-,6615,0,13,32,0,350,0,490,0,347
GENE.5376,chr14,1633211,1636255,-,3045,0,5,36,0,181,0,82,0,178
GENE.5377,chr14;chr14;chr14;chr14;chr14;chr14,1639477;1639681;1640079;1640487;1641008;1641408,1639593;1639728;1640309;1640828;1641272;1641760,+;+;+;+;+;+,1356,23,25,30,21,91,0,44,0,91
GENE.5378,chr14;chr14;chr14;chr14;chr14;chr14,1639477;1639681;1642154;1642628;1643163;1645878,1639593;1639728;1642455;1643017;1645698;1647167,+;+;+;+;+;+,4683,1484,1484,1515,1344,1431,107,577,107,1431
GENE.5379,chr14;chr14,1647673;1648101,1647921;1651694,-;-,3843,7303,7262,7167,6604,6375,324,1966,324,6375
GENE.538,chr3,212283,216572,+,4290,4662,4654,4593,4404,4251,349,1661,349,4233
GENE.5380,chr14,1654047,1655708,+,1662,10314,10267,10196,9910,9252,407,2739,407,9252
GENE.5381,chr14;chr14;chr14;chr14;chr14;chr14;chr14;chr14;chr14;chr14;chr14;chr14;chr14;chr14;chr14;chr14;chr14,1656434;1656649;1656897;1657043;1657265;1657446;1657679;1657888;1658173;1658394;1658596;1658767;1658949;1659179;1659308;1659475;1659706,1656493;1656765;1656962;1657144;1657359;1657500;1657767;1658083;1658274;1658483;1658651;1658860;1659044;1659211;1659372;1659515;1659740,+;+;+;+;+;+;+;+;+;+;+;+;+;+;+;+;+,1392,0,0,11,0,63,0,16,0,63
GENE.5382,chr14,1660095,1662296,-,2202,5614,5583,5576,5308,5137,420,1846,420,5136
GENE.5383,chr14;chr14;chr14,1665463;1666892;1667167,1666726;1666999;1667543,+;+;+,1749,440,450,442,418,503,32,242,32,499
GENE.5384,chr14;chr14;chr14;chr14;chr14;chr14,1668591;1668906;1669195;1669436;1669630;1669880,1668773;1669026;1669319;1669516;1669740;1669963,+;+;+;+;+;+,705,0,1,0,0,36,0,4,0,36
GENE.5385,chr14,1669980,1671650,-,1671,0,1,2,0,84,0,53,0,84
GENE.5386,chr14,1673386,1674069,-,684,134,143,149,138,153,8,101,8,150
GENE.5387,chr14;chr14,1678662;1678838,1678666;1679486,+;+,654,0,0,0,0,24,0,7,0,24
GENE.5388,chr14;chr14;chr14;chr14;chr14,1681791;1682020;1682228;1682565;1683047,1681910;1682080;1682470;1682773;1689157,+;+;+;+;+,6744,0,15,19,0,274,1,175,1,272
GENE.5389,chr14,1690993,1692513,+,1521,7342,7325,7143,6488,6322,291,1744,291,6322
GENE.539,chr3;chr3,217941;218388,218153;218489,+;+,315,0,1,1,0,20,0,2,0,20
GENE.5390,chr14;chr14;chr14;chr14,1693137;1693320;1693632;1695099,1693209;1693453;1694788;1695192,-;-;-;-,1458,149,150,150,149,182,16,93,16,182
GENE.5391,chr14,1696304,1698013,-,1710,0,0,13,0,60,0,151,0,60
GENE.5392,chr14,1700674,1702050,+,1377,0,3,12,0,39,0,200,0,39
GENE.5393,chr14;chr14;chr14,1702609;1703560;1703805,1703249;1703603;1703809,-;-;-,690,854,853,852,927,882,96,391,96,882
GENE.5394,chr14,1704594,1704797,+,204,0,0,0,0,6,0,0,0,6
GENE.5395,chr14;chr14,1705126;1705364,1705257;1705783,-;-,552,702,699,699,674,696,66,197,66,696
GENE.5396,chr14;chr14;chr14;chr14;chr14,1706520;1706812;1707030;1707270;1707493,1706584;1706872;1707106;1707376;1707512,-;-;-;-;-,330,33,33,34,37,61,2,14,2,61
GENE.5397,chr14,1708528,1711530,-,3003,0,1,7,0,140,0,25,0,140
GENE.5398,chr14;chr14,1712626;1713937,1713705;1714065,-;-,1209,8175,8023,7772,5827,5186,417,1824,417,5185
GENE.5399,chr14,1717171,1723512,+,6342,4078,4065,4016,3542,3510,189,1807,189,3505
GENE.54,chrX;chrX,11844;13417,13411;14725,+;+,2877,20224,19975,19216,18716,15838,1263,5880,1263,15826
GENE.540,chr3;chr3;chr3,219117;219431;219660,219320;219529;219872,-;-;-,516,256,250,243,148,132,4,58,4,132
GENE.5400,chr14;chr14;chr14;chr14;chr14;chr14;chr14;chr14,1724402;1724632;1724820;1725079;1725314;1725472;1725696;1727164,1724525;1724712;1724942;1725199;1725351;1725594;1727010;1727413,-;-;-;-;-;-;-;-,2175,0,3,5,0,94,0,12,0,94
GENE.5401,chr14;chr14,1730087;1730364,1730165;1740916,+;+,10632,0,7,16,0,428,0,156,0,428
GENE.5402,chr14;chr14,1742113;1742311,1742168;1749790,+;+,7536,0,7,25,0,288,0,430,0,287
GENE.5403,chr14,1750209,1751417,-,1209,1082,1079,1073,1010,1005,54,301,54,1005
GENE.5404,chr14,1753510,1763664,+,10155,22968,22830,22567,21212,19985,1357,6294,1357,19971
GENE.5405,chr14,1764316,1768122,-,3807,0,5,17,0,150,0,177,0,149
GENE.5406,chr14,1769626,1771350,-,1725,0,3,16,0,79,0,184,0,79
GENE.5407,chr14;chr14,1773276;1773780,1773648;1775197,+;+,1791,6169,6112,5920,4927,4459,100,978,100,4459
GENE.5408,chr14;chr14;chr14,1776010;1776274;1776498,1776070;1776353;1776662,+;+;+,306,17,17,19,15,18,1,5,1,18
GENE.5409,chr14;chr14,1776958;1779483,1779293;1779606,-;-,2460,2722,2724,2732,2638,2680,260,919,258,2670
GENE.541,chr3,221323,222516,-,1194,2748,3497,3054,6174,2479,254,600,254,2469
GENE.5410,chr14,1780992,1783580,-,2589,20312,20232,20097,19732,18974,1781,6623,1781,18974
GENE.5411,chr14,1784933,1790629,-,5697,0,18,28,0,266,2,219,2,265
GENE.5412,chr14;chr14,1791911;1792310,1792040;1793004,-;-,825,484,482,480,398,411,15,140,15,411
GENE.5413,chr14,1794708,1795934,-,1227,6822,6783,6798,6542,6181,422,2021,422,6181
GENE.5414,chr14,1797288,1800071,+,2784,12174,12097,12049,11352,10991,895,4138,895,10991
GENE.5415,chr14;chr14;chr14;chr14,1800831;1801039;1801396;1801651,1800931;1801236;1801543;1801887,+;+;+;+,684,0,0,1,0,32,0,178,0,32
GENE.5416,chr14;chr14;chr14;chr14;chr14;chr14;chr14;chr14;chr14;chr14;chr14;chr14;chr14;chr14,1801961;1802146;1802322;1802549;1803470;1819226;1821742;1823639;1823932;1824132;1824450;1824716;1824878;1825067,1802022;1802245;1802444;1803316;1819083;1821548;1823520;1823827;1824000;1824359;1824509;1824745;1824968;1825326,-;-;-;-;-;-;-;-;-;-;-;-;-;-,21696,56681,56216,55734,51476,47711,3278,16365,3274,47473
GENE.5417,chr14;chr14;chr14,1826127;1826674;1827130,1826369;1827020;1827163,+;+;+,624,0,0,0,0,24,0,5,0,24
GENE.5418,chr14;chr14;chr14,1828579;1829113;1829912,1828792;1829726;1829962,+;+;+,879,0,0,4,0,30,0,2,0,30
GENE.5419,chr14;chr14;chr14,1831009;1832537;1832759,1832404;1832607;1832803,+;+;+,1512,2516,2494,2481,2138,1933,73,757,73,1933
GENE.542,chr3;chr3;chr3,224160;225588;225733,225460;225644;225793,-;-;-,1419,3852,3840,3808,3980,3523,278,1024,278,3521
GENE.5420,chr14;chr14,1833782;1838495,1838354;1838598,-;-,4677,0,6,66,0,212,0,323,0,211
GENE.5421,chr14;chr14,1841029;1841261,1841062;1841592,+;+,366,0,1,1,0,9,1,8,1,9
GENE.5422,chr14;chr14;chr14;chr14,1841960;1842449;1842655;1842888,1842344;1842542;1842717;1842906,+;+;+;+,561,485,479,463,396,329,13,142,13,329
GENE.5423,chr14;chr14,1844041;1845615,1845147;1845617,-;-,1110,0,0,2,0,67,0,12,0,64
GENE.5424,chr14,1848315,1848833,+,519,148,147,150,108,89,5,48,5,89
GENE.5425,chr14,1849172,1850392,-,1221,0,0,3,0,58,0,2,0,58
GENE.5426,chr14,1851656,1855054,-,3399,2900,2893,2868,2554,2513,200,961,200,2510
GENE.5427,chr14;chr14;chr14,1856700;1856900;1858917,1856761;1858836;1859308,+;+;+,2391,0,0,5,0,108,0,126,0,106
GENE.5428,chr14;chr14,1860148;1862049,1861915;1862095,+;+,1815,1264,1261,1262,1150,1126,52,369,52,1125
GENE.5429,chr14,1862775,1865420,-,2646,6246,6232,6086,5544,5042,218,1446,218,5020
GENE.543,chr3,227057,231397,+,4341,932,927,929,828,782,38,235,38,782
GENE.5430,chr14,1867616,1868065,+,450,96,97,95,126,81,5,33,5,81
GENE.5431,chr14;chr14;chr14;chr14;chr14,1871778;1872458;1872812;1872989;1874059,1872066;1872630;1872880;1873925;1874381,+;+;+;+;+,1791,0,3,8,0,65,0,70,0,65
GENE.5432,chr14;chr14;chr14,1875421;1876065;1876712,1875960;1876417;1876874,-;-;-,1056,1546,1534,1497,1358,1176,32,271,32,1176
GENE.5433,chr14;chr14;chr14,1878658;1878976;1879578,1878785;1879471;1882577,-;-;-,3624,5508,5466,5436,5338,4753,399,1682,399,4753
GENE.5434,chr14;chr14,1885443;1887763,1886465;1888323,+;+,1584,0,1,2,0,64,0,34,0,64
GENE.5435,chr14,1889413,1889529,+,117,0,0,0,0,6,0,0,0,6
GENE.5436,chr14;chr14,1889978;1890825,1890706;1892108,-;-,2013,7492,7476,7379,6762,6152,421,2050,421,6152
GENE.5437,chr14,1893200,1895017,-,1818,14402,14346,14275,13476,13028,893,3753,893,13023
GENE.5438,chr14,1898351,1901926,+,3576,4932,4874,4867,4520,4147,238,1521,238,4141
GENE.5439,chr14,1902916,1904163,-,1248,5016,5006,4974,4680,4562,184,1077,184,4562
GENE.544,chr3,231793,232305,-,513,160,159,158,162,156,2,59,2,156
GENE.5440,chr14,1907197,1916202,+,9006,0,17,51,0,340,0,733,0,340
GENE.5441,chr14;chr14;chr14,1917232;1917567;1917887,1917459;1917721;1918010,-;-;-,507,0,0,1,0,20,0,0,0,20
GENE.5442,chr14;chr14;chr14;chr14;chr14;chr14;chr14;chr14,1919583;1919718;1919972;1920246;1920457;1920609;1920974;1921198,1919612;1919873;1920065;1920361;1920507;1920720;1921040;1921645,-;-;-;-;-;-;-;-,1074,810,803,794,703,610,42,251,42,610
GENE.5443,chr14;chr14;chr14,1922959;1923291;1923585,1923175;1923493;1923782,+;+;+,618,0,0,0,0,19,0,0,0,19
GENE.5444,chr14;chr14;chr14,1924425;1924782;1926574,1924628;1925652;1926650,-;-;-,1152,522,522,524,456,442,28,157,28,442
GENE.5445,chr14;chr14;chr14;chr14,1929931;1930287;1930507;1931233,1929937;1930365;1931092;1931379,+;+;+;+,819,308,306,309,308,394,29,103,29,394
GENE.5446,chr14;chr14;chr14,1932421;1932671;1932942,1932514;1932752;1933200,-;-;-,435,45,44,45,43,45,1,28,1,45
GENE.5447,chr14;chr14,1933985;1934354,1934152;1935775,+;+,1590,0,1,3,0,61,0,54,0,61
GENE.5448,chr14;chr14,1936888;1937222,1937073;1937374,+;+,339,0,0,0,0,26,0,1,0,26
GENE.5449,chr14;chr14;chr14;chr14;chr14;chr14,1937706;1938016;1938292;1938489;1938686;1938872,1937845;1938163;1938352;1938586;1938754;1939117,-;-;-;-;-;-,762,0,1,0,0,28,0,2,0,28
GENE.545,chr3;chr3,234058;234297,234192;235334,-;-,1173,0,2,1,0,35,0,33,0,35
GENE.5450,chr14;chr14,1941056;1941310,1941113;1941686,+;+,435,510,509,508,514,527,43,188,43,527
GENE.5451,chr14;chr14;chr14;chr14,1942151;1942314;1942635;1942837,1942220;1942389;1942727;1942963,-;-;-;-,366,0,0,2,0,18,0,32,0,18
GENE.5452,chr14,1943936,1944964,-,1029,0,1,1,0,56,0,5,0,56
GENE.5453,chr14,1947246,1953206,+,5961,12958,12898,12931,11644,10879,834,5236,834,10853
GENE.5454,chr14,1954601,1957675,-,3075,15410,15369,15254,14174,14200,1173,4982,1173,14198
GENE.5455,chr14;chr14,1960033;1963860,1963757;1963962,-;-,3828,0,4,22,0,156,0,80,0,155
GENE.5456,chr14,1965175,1965762,+,588,502,502,502,504,495,50,201,50,495
GENE.5457,chr14;chr14;chr14;chr14;chr14;chr14;chr14;chr14;chr14;chr14;chr14;chr14;chr14;chr14,1966245;1966853;1968971;1969162;1969371;1969710;1969934;1970180;1970382;1970578;1970822;1971094;1971320;1971553,1966719;1968831;1969049;1969205;1969433;1969773;1970064;1970257;1970451;1970717;1970976;1971229;1971460;1971618,-;-;-;-;-;-;-;-;-;-;-;-;-;-,3621,0,2,8,0,165,0,61,0,165
GENE.5458,chr14,1972498,1977423,-,4926,11718,11434,11448,11200,10002,666,3695,666,9981
GENE.5459,chr14;chr14,1980319;1982899,1982665;1983107,-;-,2556,2601,2596,2561,2349,2278,105,655,105,2278
GENE.546,chr3,236334,248270,-,11937,6952,6953,6875,6414,6119,339,2378,339,6058
GENE.5460,chr14;chr14;chr14,1984189;1984476;1984692,1984314;1984581;1995574,-;-;-,11115,6548,6532,6462,6542,6243,389,2365,389,6235
GENE.5461,chr14,1997542,1998303,-,762,0,0,2,0,25,0,9,0,25
GENE.5462,chr14,1999648,2000649,+,1002,0,2,6,0,42,0,31,0,40
GENE.5463,chr14;chr14,2001083;2001797,2001591;2002106,-;-,819,460,460,455,420,448,6,123,6,448
GENE.5464,chr14;chr14;chr14,2002921;2003120;2003322,2003011;2003204;2003373,-;-;-,228,0,0,0,0,11,0,0,0,11
GENE.5465,chr14;chr14;chr14,2004406;2005062;2005351,2004897;2005210;2005456,-;-;-,747,893,891,886,849,840,42,181,42,840
GENE.5466,chr14;chr14;chr14;chr14;chr14;chr14;chr14,2008431;2008824;2009206;2011796;2012018;2012260;2012423,2008485;2009110;2011637;2011913;2012082;2012320;2012494,+;+;+;+;+;+;+,3090,0,19,31,0,148,0,319,0,143
GENE.5467,chr14;chr14,2014670;2014950,2014821;2015055,+;+,258,0,0,1,0,10,0,16,0,10
GENE.5468,chr14;chr14,2017311;2017509,2017313;2019560,+;+,2055,4238,4227,4180,4037,3721,318,1490,318,3721
GENE.5469,chr14;chr14,2020209;2020376,2020262;2024137,-;-,3816,0,11,28,0,170,0,64,0,169
GENE.547,chr3,251242,254661,+,3420,2080,2076,2046,1860,1700,53,632,53,1676
GENE.5470,chr14;chr14,2031087;2031296,2031132;2033397,+;+,2148,1706,1670,1660,1572,1411,110,613,110,1408
GENE.5471,chr14,2035116,2036630,-,1515,506,499,497,434,451,27,297,27,451
GENE.5472,chr14,2038132,2041542,-,3411,0,15,9,0,128,0,264,0,127
GENE.5473,chr14,2043009,2043542,+,534,132,131,130,100,92,9,35,9,92
GENE.5474,chr14,2044007,2045029,-,1023,466,463,470,452,440,17,236,17,439
GENE.5475,chr14;chr14;chr14;chr14;chr14;chr14;chr14;chr14;chr14,2047793;2048010;2048252;2048493;2048788;2049284;2049522;2049721;2049936,2047829;2048121;2048312;2048625;2049131;2049402;2049612;2049806;2050083,+;+;+;+;+;+;+;+;+,1131,2240,2229,2202,2018,1937,211,629,211,1937
GENE.5476,chr14,2051621,2053123,-,1503,0,2,4,0,70,0,0,0,69
GENE.5477,chr14;chr14,2055791;2056088,2055821;2056437,+;+,381,0,0,2,0,27,0,22,0,27
GENE.5478,chr14,2056641,2059238,+,2598,2098,2068,2034,1812,1757,98,676,98,1755
GENE.5479,chr14;chr14,2059936;2063581,2063280;2065770,-;-,5535,9773,9711,9655,8841,8228,408,2592,408,8226
GENE.548,chr3;chr3;chr3,255276;255663;255928,255513;255806;258416,-;-;-,2871,0,34,64,0,127,1,408,1,108
GENE.5480,chr14;chr14;chr14;chr14;chr14;chr14,2067739;2067987;2068225;2068450;2073042;2073473,2067783;2068044;2068286;2072836;2073267;2073656,-;-;-;-;-;-,4962,0,16,52,0,181,0,212,0,179
GENE.5481,chr14,2075586,2077349,-,1764,2412,2398,2378,2268,2153,181,682,181,2153
GENE.5482,chr14,2078488,2080350,+,1863,11956,11880,11823,11568,10563,759,3244,759,10555
GENE.5483,chr14,2080898,2082247,-,1350,7798,7739,7620,7802,6285,314,1742,314,6285
GENE.5484,chr14;chr14;chr14,2083231;2083454;2083704,2083333;2083585;2084665,+;+;+,1197,0,2,4,0,59,1,0,1,59
GENE.5485,chr14,2085105,2087519,-,2415,28644,28339,28052,25350,21625,1283,6470,1283,21625
GENE.5486,chr14,2090902,2093400,+,2499,3752,3739,3690,3394,3327,153,911,153,3327
GENE.5487,chr14;chr14,2094340;2099610,2098727;2099736,-;-,4515,1282,1285,1300,1162,1278,80,516,80,1278
GENE.5488,chr14;chr14;chr14;chr14;chr14;chr14;chr14;chr14;chr14;chr14;chr14,2104947;2105157;2105377;2105720;2105902;2106061;2106354;2106522;2106649;2106834;2107019,2104979;2105192;2105512;2105785;2105942;2106182;2106416;2106556;2106712;2106898;2107047,+;+;+;+;+;+;+;+;+;+;+,690,3126,3126,3097,3221,3098,320,975,320,3098
GENE.5489,chr14,2108874,2112788,+,3915,4688,4593,4665,4860,4130,275,1569,275,4100
GENE.549,chr3;chr3;chr3,260332;260647;260889,260500;260718;261085,+;+;+,438,116,115,116,103,114,5,48,5,114
GENE.5490,chr14,2113561,2114004,-,444,190,188,180,98,82,2,28,2,82
GENE.5491,chr14;chr14,2115436;2118104,2117946;2118190,-;-,2598,6933,6889,6837,6182,5668,328,1393,328,5668
GENE.5492,chr14;chr14;chr14;chr14;chr14;chr14,2118947;2119088;2119289;2119633;2119924;2120276,2118994;2119168;2119434;2119717;2120092;2120280,-;-;-;-;-;-,534,878,876,876,871,886,73,308,73,884
GENE.5493,chr14;chr14;chr14;chr14,2123461;2125929;2126178;2126429,2125765;2126033;2126284;2126599,+;+;+;+,2688,9597,9547,9460,8517,8229,498,2570,498,8229
GENE.5494,chr14,2128168,2131257,-,3090,2110,2101,2088,2014,1979,166,686,166,1974
GENE.5495,chr14,2134298,2140867,+,6570,0,22,31,0,259,1,273,1,255
GENE.5496,chr14,2141662,2142678,+,1017,2210,2202,2175,2108,1942,110,501,110,1942
GENE.5497,chr14,2143302,2144876,+,1575,334,332,336,318,346,28,158,28,346
GENE.5498,chr14,2145166,2146230,-,1065,656,653,647,594,547,38,180,38,547
GENE.5499,chr14,2148421,2151123,+,2703,0,5,10,0,83,0,194,0,80
GENE.55,chrX,14738,15421,+,684,550,543,534,560,420,38,151,38,420
GENE.550,chr3,261485,273286,-,11802,108582,107888,106053,98286,87935,6772,29013,6772,87783
GENE.5500,chr14;chr14;chr14;chr14;chr14;chr14;chr14;chr14,2151823;2152006;2152196;2152413;2152638;2152852;2153228;2153577,2151899;2152059;2152233;2152519;2152679;2153056;2153302;2153614,-;-;-;-;-;-;-;-,636,771,770,771,813,756,82,289,82,756
GENE.5501,chr14;chr14;chr14;chr14;chr14;chr14;chr14,2155736;2165378;2165622;2165801;2166021;2166257;2166404,2165243;2165484;2165686;2165930;2166126;2166320;2166467,+;+;+;+;+;+;+,10044,5166,5148,5098,4716,4683,328,2266,328,4673
GENE.5502,chr14;chr14;chr14;chr14;chr14;chr14;chr14;chr14,2167219;2167622;2167853;2168221;2168438;2168685;2168825;2169070,2167234;2167698;2167923;2168315;2168546;2168748;2168932;2169540,+;+;+;+;+;+;+;+,1011,3562,3541,3492,3252,2836,159,1117,159,2834
GENE.5503,chr14;chr14;chr14;chr14,2170461;2170701;2171189;2171505,2170532;2171048;2171353;2171690,+;+;+;+,771,367,363,357,308,359,43,127,43,359
GENE.5504,chr14,2171869,2172555,-,687,42,41,42,36,61,2,30,2,61
GENE.5505,chr14,2173027,2175822,-,2796,704,695,705,604,629,23,459,23,627
GENE.5506,chr14,2176837,2178729,-,1893,0,1,4,0,71,1,75,1,71
GENE.5507,chr14;chr14;chr14;chr14;chr14;chr14;chr14;chr14;chr14;chr14;chr14;chr14;chr14;chr14;chr14;chr14;chr14;chr14,2179519;2179755;2179928;2180115;2180306;2180686;2180971;2181121;2181297;2181878;2182266;2182931;2183358;2184657;2185132;2185335;2185800;2186103,2179567;2179820;2180017;2180190;2180589;2180895;2181007;2181154;2181674;2182058;2182793;2183202;2184443;2184877;2185225;2185591;2185895;2186631,+;+;+;+;+;+;+;+;+;+;+;+;+;+;+;+;+;+,4488,0,3,9,0,183,0,35,0,183
GENE.5508,chr14,2187385,2187615,+,231,0,1,0,0,6,0,6,0,6
GENE.5509,chr14,2188178,2193949,+,5772,7636,7603,7535,6852,6571,349,2684,349,6570
GENE.551,chr3,275864,277717,-,1854,888,887,893,742,758,17,320,17,755
GENE.5510,chr14;chr14;chr14,2194694;2194867;2195109,2194740;2194978;2198480,-;-;-,3531,0,3,7,0,176,0,36,0,176
GENE.5511,chr14;chr14,2199371;2199694,2199533;2204708,-;-,5178,4880,4785,4751,4382,4158,467,1916,467,4158
GENE.5512,chr14;chr14,2207027;2207498,2207031;2208320,+;+,828,2146,2149,2133,2055,1704,111,775,106,1678
GENE.5513,chr14,2209792,2212524,-,2733,3486,3463,3416,3118,2923,173,1043,173,2923
GENE.5514,chr14,2214910,2217795,+,2886,26508,26392,26209,25794,23122,1917,8631,1917,23079
GENE.5515,chr14,2219080,2220615,+,1536,280,279,283,270,309,12,106,12,309
GENE.5516,chr14;chr14;chr14,2221351;2221553;2221813,2221456;2221668;2221884,+;+;+,294,2,2,2,6,12,0,2,0,12
GENE.5517,chr14,2222490,2226704,-,4215,0,7,20,0,158,0,109,0,158
GENE.5518,chr14,2229284,2231581,+,2298,5594,5567,5555,5434,5122,403,1735,403,5122
GENE.5519,chr14,2234143,2236476,+,2334,178,179,184,186,257,14,73,14,257
GENE.552,chr3;chr3;chr3,278956;279288;279820,279105;279557;279828,-;-;-,429,0,1,11,0,18,0,103,0,18
GENE.5520,chr14,2238394,2238882,+,489,104,104,103,88,92,0,24,0,92
GENE.5521,chr14,2239538,2240227,-,690,928,927,923,950,946,81,315,81,946
GENE.5522,chr14,2241433,2242839,+,1407,7490,7470,7424,7288,7230,651,2399,651,7230
GENE.5523,chr14,2243873,2244367,+,495,86,85,87,92,88,4,27,4,88
GENE.5524,chr14,2245100,2245564,-,465,184,185,175,182,174,5,31,5,174
GENE.5525,chr14;chr14;chr14;chr14;chr14;chr14;chr14;chr14;chr14,2247245;2248076;2248346;2248576;2248736;2248908;2249105;2249323;2249643,2247913;2248245;2248411;2248605;2248804;2248963;2249125;2249366;2249750,-;-;-;-;-;-;-;-;-,1233,1318,1315,1318,1308,1198,106,444,106,1198
GENE.5526,chr14;chr14;chr14,2251188;2251468;2251669,2251382;2251522;2251934,-;-;-,516,0,2,0,0,19,0,0,0,19
GENE.5527,chr14;chr14;chr14;chr14;chr14;chr14;chr14;chr14;chr14,2255062;2255207;2255358;2255559;2255822;2256140;2256282;2256502;2256677,2255070;2255244;2255470;2255672;2255910;2256201;2256345;2256565;2256741,+;+;+;+;+;+;+;+;+,618,231,229,225,252,205,16,80,16,205
GENE.5528,chr14;chr14;chr14;chr14;chr14;chr14;chr14;chr14;chr14,2255062;2255207;2255358;2255559;2255822;2256140;2256282;2256502;2256677,2255070;2255244;2255470;2255672;2255907;2256201;2256345;2256565;2256741,+;+;+;+;+;+;+;+;+,615,230,228,224,251,204,15,79,15,204
GENE.5529,chr14,2259465,2261297,+,1833,0,3,7,0,66,0,551,0,66
GENE.553,chr3,281916,285260,+,3345,8874,8982,8750,8984,8595,746,2644,746,8584
GENE.5530,chr14;chr14,2262739;2263048,2262833;2263801,-;-,849,0,1,1,0,70,0,1,0,70
GENE.5531,chr14;chr14;chr14;chr14,2267201;2270157;2270345;2270636,2269991;2270218;2270521;2270851,+;+;+;+,3246,0,2,15,0,134,0,100,0,133
GENE.5532,chr14,2271529,2277243,-,5715,0,13,28,0,242,1,270,1,238
GENE.5533,chr14;chr14,2278701;2281247,2281018;2282162,-;-,3234,3811,3743,3699,3235,3005,204,1015,204,3005
GENE.5534,chr14;chr14,2285113;2285765,2285503;2290227,+;+,4854,0,3,12,0,190,0,114,0,188
GENE.5535,chr14;chr14;chr14;chr14;chr14;chr14;chr14;chr14;chr14,2290887;2291016;2291156;2291345;2291553;2291684;2291895;2292225;2292407,2290920;2291067;2291199;2291474;2291592;2291789;2292027;2292258;2292691,-;-;-;-;-;-;-;-;-,858,147,146,146,133,117,3,29,3,117
GENE.5536,chr14;chr14,2296491;2300792,2300538;2300868,+;+,4125,4054,4190,4150,4216,3885,220,1632,220,3866
GENE.5537,chr14,2301456,2302844,-,1389,11422,11318,11175,9846,8959,221,1442,221,8959
GENE.5538,chr14,2303565,2306468,+,2904,0,2,5,0,98,1,73,1,98
GENE.5539,chr14,2306955,2308202,-,1248,466,465,469,478,441,39,158,39,441
GENE.554,chr3,285579,286112,-,534,20,20,22,20,33,1,1,1,33
GENE.5540,chr14;chr14,2309181;2312109,2311864;2312472,-;-,3048,19048,18929,18674,17040,15441,938,5266,938,15413
GENE.5541,chr14,2314380,2321555,+,7176,15438,15379,15233,14180,13707,1204,5191,1204,13705
GENE.5542,chr14,2321953,2322798,-,846,1020,1016,1017,894,854,21,262,21,854
GENE.5543,chr14,2323772,2325826,-,2055,10492,10415,10210,9366,9041,1160,4024,1160,9018
GENE.5544,chr14,2329933,2332086,-,2154,0,3,5,0,88,0,27,0,87
GENE.5545,chr14;chr14;chr14;chr14;chr14;chr14,2334787;2335120;2335283;2335498;2335716;2335897,2334871;2335154;2335385;2335596;2335771;2335962,+;+;+;+;+;+,444,0,0,1,0,20,0,1,0,20
GENE.5546,chr14;chr14;chr14;chr14;chr14;chr14;chr14;chr14;chr14,2336649;2337294;2337484;2337667;2337924;2338321;2338536;2338783;2339060,2337158;2337359;2337534;2337797;2337999;2338429;2338624;2338895;2339153,-;-;-;-;-;-;-;-;-,1239,2758,2702,2694,2256,1947,140,729,140,1947
GENE.5547,chr14,2340784,2343027,+,2244,4432,4420,4399,4060,4106,224,1274,224,4106
GENE.5548,chr14;chr14,2343640;2344191,2343926;2344218,-;-,315,16,16,19,17,28,1,7,1,28
GENE.5549,chr14,2346178,2348097,-,1920,4018,3939,3865,3326,3202,208,1021,208,3202
GENE.555,chr3,286906,287319,-,414,1148,1150,1146,1164,1155,138,447,138,1155
GENE.5550,chr14,2350985,2360152,+,9168,0,37,49,0,333,1,622,1,329
GENE.5551,chr14,2360874,2362133,-,1260,7056,7035,7006,6630,6541,455,2108,455,6541
GENE.5552,chr14;chr14,2363578;2365241,2365109;2365370,+;+,1662,0,0,3,0,62,0,100,0,62
GENE.5553,chr14,2367287,2371723,+,4437,3668,3645,3650,3304,3215,253,1788,253,3208
GENE.5554,chr14,2372233,2373744,-,1512,4128,4074,3968,3662,2794,89,954,89,2792
GENE.5555,chr14,2375579,2385946,+,10368,6496,6458,6444,5976,5894,427,2714,427,5890
GENE.5556,chr14,2387786,2389495,+,1710,4556,4541,4495,4238,3860,299,1398,299,3860
GENE.5557,chr14,2390726,2390902,+,177,0,0,0,0,10,0,8,0,10
GENE.5558,chr14;chr14,2391118;2391444,2391292;2391601,+;+,333,33,32,32,28,41,2,14,2,41
GENE.5559,chr14;chr14;chr14,2391783;2392178;2396577,2391894;2396397;2396831,-;-;-,4587,5866,5836,5819,5344,5271,355,1782,355,5271
GENE.556,chr3;chr3,288637;288948,288723;290747,-;-,1887,1216,1210,1191,1152,1016,67,465,67,1016
GENE.5560,chr14,2397919,2398869,-,951,1310,1309,1303,1258,1224,74,331,74,1224
GENE.5561,chr14;chr14;chr14;chr14,2400515;2404850;2405075;2405389,2404717;2404914;2405193;2405411,+;+;+;+,4410,0,20,59,0,153,0,794,0,153
GENE.5562,chr14,2406668,2410159,+,3492,10728,10647,10556,9598,8801,622,3063,622,8800
GENE.5563,chr14,2410954,2412015,-,1062,0,2,3,0,38,0,0,0,38
GENE.5564,chr14,2414870,2417467,-,2598,2918,2884,2852,2698,2487,161,981,161,2482
GENE.5565,chr14;chr14;chr14,2418422;2418720;2418950,2418639;2418845;2419298,+;+;+,693,164,164,163,172,198,16,67,16,198
GENE.5566,chr14,2420764,2422989,+,2226,0,3,7,0,82,1,232,1,82
GENE.5567,chr14,2423907,2426300,+,2394,0,9,121,0,115,1,1446,1,113
GENE.5568,chr14,2427224,2430091,-,2868,636,647,651,560,565,28,271,28,561
GENE.5569,chr14,2432177,2432746,+,570,982,979,978,1006,1034,75,273,75,1034
GENE.557,chr3;chr3;chr3;chr3;chr3,292943;293090;293322;293597;293956,292980;293207;293468;293750;294548,+;+;+;+;+,1050,504,497,490,452,412,26,127,26,412
GENE.5570,chr14,2433361,2434383,-,1023,0,1,1,0,47,0,0,0,47
GENE.5571,chr14,2436695,2439616,+,2922,13818,13685,13504,12722,11558,470,3120,470,11554
GENE.5572,chr14;chr14,2441345;2443178,2443031;2443896,+;+,2406,0,9,16,0,97,0,723,0,96
GENE.5573,chr14;chr14;chr14;chr14;chr14;chr14;chr14;chr14,2444473;2444583;2444742;2444962;2445132;2445360;2445544;2445994,2444498;2444626;2444859;2445028;2445220;2445420;2445816;2446179,-;-;-;-;-;-;-;-,864,2307,2275,2013,2009,1965,130,660,130,1965
GENE.5574,chr14;chr14;chr14;chr14,2446983;2447268;2447518;2447859,2447075;2447331;2447652;2448298,-;-;-;-,732,516,512,509,474,460,37,295,37,460
GENE.5575,chr14,2450207,2450788,-,582,0,0,4,0,30,0,0,0,30
GENE.5576,chr14,2452470,2453357,+,888,1932,1922,1928,1816,1768,246,925,246,1768
GENE.5577,chr14,2454902,2455879,+,978,0,2,4,0,37,0,2,0,37
GENE.5578,chr14,2456879,2457802,-,924,2570,2564,2553,2768,2249,94,771,94,2249
GENE.5579,chr14;chr14;chr14,2459214;2459521;2459929,2459315;2459586;2459964,-;-;-,204,12,12,12,14,24,3,6,3,24
GENE.558,chr3;chr3;chr3;chr3;chr3,295107;295381;295565;295769;296015,295169;295442;295631;295832;296094,-;-;-;-;-,336,26,25,33,33,57,3,5,3,57
GENE.5580,chr14;chr14;chr14;chr14;chr14;chr14;chr14;chr14;chr14,2461321;2461667;2461855;2462109;2462264;2462467;2462658;2462838;2463000,2461452;2461720;2461926;2462181;2462331;2462547;2462711;2462897;2463104,+;+;+;+;+;+;+;+;+,699,0,0,0,0,40,0,7,0,40
GENE.5581,chr14,2466091,2470989,+,4899,0,32,64,0,196,0,335,0,195
GENE.5582,chr14,2473758,2474204,+,447,0,0,2,0,22,0,0,0,22
GENE.5583,chr14;chr14;chr14;chr14,2475501;2475671;2475913;2476463,2475579;2475781;2476152;2476473,-;-;-;-,441,237,237,231,209,164,5,64,5,164
GENE.5584,chr14,2477828,2479735,-,1908,84,86,91,74,152,1,58,1,149
GENE.5585,chr14;chr14;chr14;chr14;chr14,2480440;2480731;2481045;2481284;2481841,2480595;2480927;2481166;2481539;2481916,+;+;+;+;+,807,78,76,77,85,86,2,32,2,86
GENE.5586,chr14;chr14;chr14;chr14;chr14,2480440;2480731;2481045;2481266;2481841,2480595;2480927;2481166;2481539;2481916,+;+;+;+;+,825,78,76,77,85,86,2,32,2,86
GENE.5587,chr14;chr14;chr14;chr14;chr14,2482775;2484139;2484351;2484563;2485023,2483998;2484224;2484397;2484629;2485086,+;+;+;+;+,1488,535,538,523,496,476,38,213,38,472
GENE.5588,chr14;chr14;chr14,2485864;2486042;2486343,2485918;2486186;2488620,+;+;+,2478,17782,17689,17389,16134,14519,1174,4756,1174,14505
GENE.5589,chr14,2489698,2490249,+,552,0,0,1,0,28,0,7,0,28
GENE.559,chr3,298517,300478,+,1962,0,2,10,0,61,0,24,0,61
GENE.5590,chr14,2492166,2492369,+,204,0,0,0,0,5,0,0,0,5
GENE.5591,chr14;chr14;chr14;chr14,2493400;2493542;2493856;2494598,2493447;2493678;2494474;2494762,-;-;-;-,969,0,1,2,0,33,1,15,1,33
GENE.5592,chr14;chr14;chr14;chr14;chr14;chr14;chr14,2496050;2496196;2496516;2496794;2496995;2497127;2497262,2496077;2496282;2496667;2496878;2497048;2497196;2497400,-;-;-;-;-;-;-,615,462,459,427,414,370,48,136,48,370
GENE.5593,chr14;chr14;chr14,2498047;2500018;2500295,2499863;2500144;2500384,-;-;-,2034,248,252,250,236,310,28,82,28,310
GENE.5594,chr14;chr14;chr14;chr14,2501578;2501827;2502195;2502408,2501714;2501857;2502299;2502515,-;-;-;-,381,19,20,18,20,35,4,13,4,35
GENE.5595,chr14;chr14,2504149;2512443,2512305;2512505,+;+,8220,0,21,18,0,467,0,241,0,464
GENE.5596,chr14,2514673,2517945,+,3273,2104,2098,2050,1998,1942,95,570,95,1941
GENE.5597,chr14,2518392,2518757,-,366,0,0,3,0,11,0,0,0,11
GENE.5598,chr14,2519205,2523209,-,4005,0,6,12,0,145,1,154,1,145
GENE.5599,chr14,2523919,2524140,+,222,0,0,1,0,7,0,3,0,7
GENE.56,chrX,15422,15787,-,366,0,0,3,0,4,0,0,0,4
GENE.560,chr3,301007,301906,-,900,0,0,6,0,22,0,6,0,22
GENE.5600,chr14,2524921,2528994,-,4074,28260,28082,27854,25904,24100,1651,7940,1651,24100
GENE.5601,chr14,2531432,2541400,-,9969,2906,2955,2948,2904,2903,154,1408,154,2872
GENE.5602,chr14;chr14;chr14;chr14;chr14;chr14;chr14;chr14;chr14;chr14;chr14;chr14;chr14;chr14;chr14;chr14;chr14;chr14;chr14;chr14;chr14;chr14,2544824;2545112;2545332;2545556;2545715;2545991;2546159;2546334;2546530;2546707;2546893;2547258;2547537;2547710;2548026;2548232;2548454;2548815;2548988;2549272;2549517;2549779,2544943;2545165;2545441;2545613;2545900;2546069;2546235;2546431;2546600;2546777;2547108;2547361;2547608;2547919;2548084;2548281;2548627;2548893;2549129;2549404;2549635;2549785,-;-;-;-;-;-;-;-;-;-;-;-;-;-;-;-;-;-;-;-;-;-,2289,0,1,6,0,116,0,109,0,116
GENE.5603,chr14;chr14,2550692;2551958,2551788;2552432,+;+,1572,0,1,6,0,78,0,20,0,78
GENE.5604,chr14;chr14,2553714;2555030,2554823;2555104,-;-,1185,0,0,2,0,53,0,9,0,52
GENE.5605,chr14;chr14,2559098;2559418,2559181;2560347,+;+,1014,1658,1652,1654,1632,1703,169,579,169,1703
GENE.5606,chr14,2561069,2563492,-,2424,1398,1391,1406,1342,1319,104,582,104,1318
GENE.5607,chr14,2565357,2566283,-,927,60,61,64,62,89,5,23,5,89
GENE.5608,chr14;chr14;chr14;chr14;chr14;chr14;chr14;chr14,2568082;2568170;2568491;2568524;2568632;2568719;2569115;2569163,2568167;2568489;2568521;2568630;2568717;2569112;2569160;2569307,-;-;-;-;-;-;-;-,1215,886,875,852,960,674,23,393,23,674
GENE.5609,chr14;chr14,2570434;2570730,2570478;2571719,+;+,1035,220,219,228,188,225,17,79,17,225
GENE.561,chr3,302826,303083,+,258,0,0,2,0,5,0,1,0,5
GENE.5610,chr14,2572988,2574607,+,1620,3982,3966,3933,3720,3511,258,1061,258,3511
GENE.5611,chr14,2575326,2576336,+,1011,0,3,2,0,46,0,21,0,46
GENE.5612,chr14;chr14;chr14;chr14;chr14,2577974;2578481;2578687;2578944;2579281,2578237;2578550;2578796;2579177;2579379,+;+;+;+;+,777,1028,1025,1012,954,902,83,363,83,902
GENE.5613,chr14;chr14,2580115;2580391,2580252;2580486,-;-,234,0,0,0,0,11,0,0,0,11
GENE.5614,chr14,2581543,2582523,+,981,5382,5374,5357,5454,5140,584,1749,584,5140
GENE.5615,chr14,2583187,2583549,-,363,0,0,0,0,10,0,0,0,10
GENE.5616,chr14;chr14;chr14;chr14;chr14;chr14;chr14;chr14;chr14;chr14;chr14;chr14;chr14;chr14;chr14,2584575;2584812;2585282;2585480;2585737;2586032;2586191;2586520;2586760;2587045;2587263;2587554;2587897;2588127;2589750,2584595;2584952;2585365;2585599;2585946;2586100;2586400;2586636;2586888;2587138;2587430;2587736;2588003;2589656;2589782,-;-;-;-;-;-;-;-;-;-;-;-;-;-;-,3216,8544,8507,8422,8112,7683,610,2646,610,7681
GENE.5617,chr14,2592002,2594119,-,2118,5458,5408,5272,4670,4250,276,1352,276,4247
GENE.5618,chr14,2595869,2598571,+,2703,160,213,220,150,240,15,373,15,236
GENE.5619,chr14;chr14,2598842;2599903,2599803;2599954,-;-,1014,0,2,2,0,42,2,91,2,42
GENE.562,chr3;chr3;chr3;chr3,304317;304490;304668;304897,304395;304548;304777;304999,+;+;+;+,351,16,16,16,16,22,1,7,1,22
GENE.5620,chr14;chr14,2601441;2603867,2603758;2604305,+;+,2757,6992,6947,6875,6206,5751,345,1802,345,5751
GENE.5621,chr14;chr14;chr14;chr14;chr14,2604381;2604525;2604848;2605097;2605411,2604416;2604649;2604907;2605189;2605411,-;-;-;-;-,315,0,0,0,0,20,0,0,0,20
GENE.5622,chr14;chr14;chr14;chr14;chr14,2607292;2616721;2616917;2617162;2617454,2616600;2616816;2617024;2617236;2617621,+;+;+;+;+,9756,19858,19767,19558,18074,16878,1271,6912,1271,16860
GENE.5623,chr14;chr14,2619679;2623397,2623216;2624187,+;+,4329,28078,27927,27695,25316,23826,1473,7667,1473,23826
GENE.5624,chr14,2625452,2626600,-,1149,1614,1602,1589,1488,1419,78,394,78,1419
GENE.5625,chr14;chr14;chr14;chr14;chr14;chr14,2628882;2629011;2629130;2629332;2629555;2629768,2628888;2629057;2629213;2629434;2629651;2629789,+;+;+;+;+;+,360,4,3,7,2,15,0,18,0,15
GENE.5626,chr14,2630558,2632678,-,2121,5972,5952,5958,5602,5611,488,1625,488,5611
GENE.5627,chr14,2635841,2636677,+,837,0,0,0,0,36,0,0,0,36
GENE.5628,chr14,2637566,2640169,+,2604,472,473,466,434,462,16,219,16,461
GENE.5629,chr14,2640872,2642002,-,1131,472,475,455,408,393,14,126,14,393
GENE.563,chr3;chr3,306108;307982,307706;307984,-;-,1602,2280,2268,2246,2063,1994,148,603,148,1994
GENE.5630,chr14;chr14;chr14;chr14;chr14;chr14,2643004;2645057;2645457;2645704;2645873;2646037,2644901;2645309;2645592;2645778;2645931;2646192,+;+;+;+;+;+,2577,0,1,16,0,130,2,183,2,130
GENE.5631,chr14;chr14,2646603;2646978,2646819;2647033,-;-,273,1,1,3,1,10,0,1,0,10
GENE.5632,chr14,2650755,2655140,+,4386,0,9,28,0,171,1,245,1,169
GENE.5633,chr14;chr14;chr14;chr14;chr14;chr14;chr14;chr14;chr14;chr14,2655491;2655883;2656162;2656344;2656637;2656809;2656946;2657134;2657285;2657487,2655727;2656062;2656212;2656531;2656720;2656862;2657018;2657186;2657343;2657965,-;-;-;-;-;-;-;-;-;-,1458,0,0,3,0,63,0,8,0,63
GENE.5634,chr14;chr14;chr14;chr14;chr14;chr14;chr14;chr14;chr14;chr14;chr14;chr14;chr14,2658255;2658383;2658603;2658814;2659011;2659194;2659325;2659493;2659753;2659917;2660241;2660575;2660809,2658274;2658446;2658736;2658909;2659070;2659245;2659394;2659658;2659814;2660106;2660302;2660653;2660911,-;-;-;-;-;-;-;-;-;-;-;-;-,1158,0,0,10,0,43,0,14,0,43
GENE.5635,chr14;chr14;chr14;chr14;chr14;chr14,2662020;2663321;2664046;2666189;2681939;2682625,2662619;2663911;2666043;2681804;2682510;2682705,+;+;+;+;+;+,19458,110434,109773,108837,98302,93083,5822,27797,5822,93046
GENE.5636,chr14;chr14;chr14,2684141;2684673;2685003,2684152;2684794;2685534,+;+;+,666,525,523,531,501,536,26,130,26,536
GENE.5637,chr14;chr14;chr14;chr14;chr14;chr14;chr14;chr14;chr14;chr14;chr14;chr14,2686224;2686402;2686537;2686686;2686985;2687233;2687367;2687530;2687706;2687863;2688027;2688191,2686287;2686413;2686588;2686872;2687127;2687252;2687429;2687615;2687761;2687944;2688090;2688303,-;-;-;-;-;-;-;-;-;-;-;-,942,1504,1465,1460,1400,1259,184,523,184,1259
GENE.5638,chr14;chr14,2690504;2693242,2693088;2693326,+;+,2670,0,1,11,0,110,0,1,0,110
GENE.5639,chr14,2694813,2704049,-,9237,908,935,956,824,1150,50,735,49,1132
GENE.564,chr3;chr3;chr3,310652;310865;311557,310661;311043;311805,+;+;+,438,0,0,0,0,14,0,0,0,14
GENE.5640,chr14;chr14;chr14,2709418;2712793;2713093,2712708;2712920;2713192,+;+;+,3519,104,106,119,96,223,4,278,4,220
GENE.5641,chr14,2714844,2717285,-,2442,18834,18706,18575,17544,16533,1762,6718,1762,16503
GENE.5642,chr14;chr14;chr14;chr14;chr14;chr14,2725225;2725458;2725739;2725895;2726046;2726220,2725334;2725522;2725798;2725905;2726115;2726281,+;+;+;+;+;+,378,0,0,1,0,22,0,4,0,22
GENE.5643,chr14,2726800,2727642,-,843,0,0,1,0,41,0,13,0,41
GENE.5644,chr14;chr14;chr14;chr14;chr14;chr14,2729370;2729617;2729803;2730049;2730335;2730770,2729425;2729703;2729848;2730204;2730487;2730811,+;+;+;+;+;+,540,381,380,373,299,271,3,70,3,271
GENE.5645,chr14,2731986,2734694,+,2709,1232,1233,1234,1148,1251,99,508,99,1251
GENE.5646,chr14;chr14,2736908;2737271,2737103;2741325,+;+,4251,0,8,6,0,177,0,156,0,177
GENE.5647,chr14,2742387,2744969,+,2583,1150,1141,1140,1130,1064,81,582,81,1054
GENE.5648,chr14,2745815,2747320,-,1506,680,677,659,604,603,42,153,42,603
GENE.5649,chr14,2748392,2750131,+,1740,364,365,362,334,384,45,227,45,384
GENE.565,chr3,311223,311382,+,160,0,0,0,0,0,0,0,0,0
GENE.5650,chr14,2750958,2752424,+,1467,3218,3214,3193,3094,3106,284,1026,284,3106
GENE.5651,chr14,2753136,2754020,-,885,0,0,0,0,46,0,3,0,46
GENE.5652,chr14;chr14;chr14,2755225;2756559;2756735,2756436;2756610;2756799,+;+;+,1329,766,758,760,669,690,28,266,28,690
GENE.5653,chr14;chr14,2757665;2759665,2759493;2764150,-;-,6315,7258,7274,7286,7526,6285,523,2347,523,6195
GENE.5654,chr14;chr14;chr14,2766108;2766257;2766530,2766156;2766369;2766616,+;+;+,249,2,2,1,1,8,0,3,0,8
GENE.5655,chr14;chr14;chr14,2767400;2767559;2767794,2767402;2767686;2767935,+;+;+,273,0,0,0,0,14,0,0,0,14
GENE.5656,chr14;chr14;chr14,2771101;2771344;2771586,2771250;2771441;2776308,+;+;+,4971,0,37,45,0,251,0,804,0,250
GENE.5657,chr14;chr14;chr14;chr14;chr14;chr14;chr14;chr14;chr14;chr14;chr14,2777632;2777914;2778029;2778796;2779164;2779310;2779529;2779764;2783098;2783330;2784209,2777663;2777956;2778497;2779003;2779234;2779428;2779650;2782943;2783209;2783968;2785114,+;+;+;+;+;+;+;+;+;+;+,5901,17902,17804,17700,16981,15772,1082,5066,1082,15770
GENE.5658,chr14;chr14,2786308;2794228,2793888;2794323,-;-,7677,0,13,60,0,393,0,355,0,381
GENE.5659,chr14,2802508,2803188,+,681,1394,1393,1380,1388,1263,81,349,81,1263
GENE.566,chr3;chr3,312693;313262,313037;313342,-;-,426,0,0,0,0,12,0,0,0,12
GENE.5660,chr14;chr14;chr14,2803593;2803811;2804490,2803673;2804355;2804613,+;+;+,750,0,1,1,0,41,0,2,0,41
GENE.5661,chr14,2809478,2812066,+,2589,1190,1189,1202,1116,1178,69,482,69,1178
GENE.5662,chr14;chr14;chr14;chr14;chr14;chr14,2812941;2813071;2813365;2813697;2813952;2814233,2812971;2813223;2813504;2813790;2814025;2814385,-;-;-;-;-;-,645,1087,1073,1062,904,870,93,326,93,870
GENE.5663,chr14;chr14,2816100;2817418,2817257;2822286,+;+,6027,26150,25901,25393,23511,21247,1440,6962,1440,21232
GENE.5664,chr14;chr14;chr14;chr14,2825370;2825819;2826631;2826901,2825696;2826537;2826763;2826918,+;+;+;+,1197,0,1,2,0,52,0,0,0,49
GENE.5665,chr14,2827942,2830443,-,2502,440,441,437,432,560,26,160,26,560
GENE.5666,chr14,2831928,2834369,-,2442,5410,5401,5382,5436,5333,313,1692,313,5333
GENE.5667,chr14,2835603,2836151,-,549,0,0,1,0,28,0,125,0,28
GENE.5668,chr14,2837319,2838101,+,783,0,3,6,0,32,0,71,0,32
GENE.5669,chr14,2838913,2839989,-,1077,3072,3047,3043,2746,2396,98,666,98,2396
GENE.567,chr3;chr3;chr3,314976;315863;316231,315617;315988;316236,-;-;-,774,0,0,0,0,29,0,8,0,29
GENE.5670,chr14,2841122,2841910,-,789,288,290,280,258,314,6,46,6,314
GENE.5671,chr14,2845203,2846516,+,1314,3406,3403,3377,3202,3149,249,889,249,3149
GENE.5672,chr14,2847235,2849298,-,2064,652,659,650,572,642,29,140,29,639
GENE.5673,chr14;chr14;chr14,2852150;2861938;2862316,2861782;2862155;2862568,+;+;+,10104,47793,47569,47341,46041,43479,3353,15104,3353,43456
GENE.5674,chr14,2863914,2864531,+,618,0,3,1,0,22,0,0,0,22
GENE.5675,chr14;chr14;chr14,2865024;2865674;2866156,2865506;2865748;2866245,-;-;-,648,711,710,715,690,710,52,237,52,710
GENE.5676,chr14;chr14;chr14,2866358;2866862;2867239,2866424;2867046;2868183,+;+;+,1197,1251,1245,1209,1052,909,30,269,30,909
GENE.5677,chr14;chr14;chr14;chr14,2868291;2868476;2868703;2869269,2868347;2868538;2868833;2869356,-;-;-;-,339,116,114,118,132,129,9,45,9,129
GENE.5678,chr14;chr14,2870069;2877367,2877210;2877589,+;+,7365,0,21,29,0,363,2,352,2,360
GENE.5679,chr14;chr14;chr14,2877586;2878035;2878703,2877689;2878430;2878748,-;-;-,546,183,181,185,177,196,14,106,14,196
GENE.568,chr3,318804,320336,+,1533,0,2,6,0,48,0,70,0,48
GENE.5680,chr14,2879458,2879904,+,447,24,24,25,26,54,1,10,1,54
GENE.5681,chr14;chr14;chr14;chr14,2880157;2880393;2880647;2880913,2880248;2880467;2880769;2881012,-;-;-;-,390,31,31,32,35,56,2,14,2,56
GENE.5682,chr14;chr14;chr14;chr14;chr14;chr14,2882766;2883055;2883353;2883610;2884023;2885595,2882851;2883200;2883507;2883767;2885437;2886082,+;+;+;+;+;+,2448,26913,26694,26087,23575,20572,1209,7013,1209,20572
GENE.5683,chr14;chr14,2886888;2887264,2887093;2888659,-;-,1602,0,6,16,0,94,0,165,0,94
GENE.5684,chr14,2890054,2891796,+,1743,1564,1555,1557,1488,1489,83,430,83,1489
GENE.5685,chr14;chr14,2892221;2892887,2892395;2895999,-;-,3288,0,9,15,0,132,0,82,0,132
GENE.5686,chr14;chr14,2897916;2898397,2898242;2898657,+;+,588,546,545,549,564,564,105,251,105,564
GENE.5687,chr14,2902134,2903537,+,1404,1180,1171,1163,1098,1040,96,397,96,1040
GENE.5688,chr14;chr14;chr14,2905163;2905981;2906429,2905714;2906155;2906565,-;-;-,864,0,1,2,0,37,0,6,0,37
GENE.5689,chr14;chr14;chr14;chr14;chr14;chr14,2912386;2913339;2913911;2914463;2914740;2915259,2913141;2913573;2914368;2914585;2915066;2915354,+;+;+;+;+;+,1995,0,3,7,0,95,0,2,0,95
GENE.569,chr3,321050,322162,-,1113,814,813,738,458,420,3,117,3,420
GENE.5690,chr14;chr14;chr14;chr14;chr14,2915747;2915917;2916048;2916305;2916626,2915828;2915958;2916227;2916365;2918006,-;-;-;-;-,1746,710,722,703,572,611,26,203,26,611
GENE.5691,chr14;chr14,2919190;2920806,2920623;2920871,-;-,1500,2260,2249,2229,2010,1941,135,741,135,1941
GENE.5692,chr14;chr14;chr14;chr14;chr14;chr14,2922351;2922887;2923422;2923752;2924166;2924408,2922746;2923171;2923619;2924006;2924213;2924557,-;-;-;-;-;-,1332,0,0,2,0,71,0,37,0,71
GENE.5693,chr14,2926134,2929673,+,3540,0,11,19,0,157,0,187,0,155
GENE.5694,chr14,2929823,2931547,+,1725,17990,17938,17786,16580,15767,879,4242,879,15767
GENE.5695,chr14,2932023,2932787,+,765,1654,1647,1612,1492,1416,136,553,136,1416
GENE.5696,chr14;chr14,2933162;2937686,2937454;2939779,-;-,6387,2290,2315,2302,2132,2141,141,811,141,2139
GENE.5697,chr14;chr14;chr14;chr14,2940478;2940789;2941070;2941332,2940614;2940933;2941121;2941603,+;+;+;+,606,924,921,915,918,902,86,331,86,902
GENE.5698,chr14;chr14;chr14;chr14;chr14;chr14,2941600;2941830;2942146;2942354;2942532;2942745,2941686;2941905;2942243;2942440;2942613;2943259,-;-;-;-;-;-,945,2,7,6,2,70,0,9,0,70
GENE.5699,chr14;chr14,2945662;2952509,2952374;2952551,+;+,6756,0,4,10,0,300,0,155,0,300
GENE.57,chrX,15763,15849,-,87,0,0,1,0,3,0,0,0,3
GENE.570,chr3;chr3;chr3;chr3;chr3,322933;323205;323406;323633;324804,323011;323259;323467;324573;324836,-;-;-;-;-,1170,532,541,522,442,367,6,225,6,367
GENE.5700,chr14;chr14;chr14;chr14;chr14;chr14;chr14;chr14;chr14,2954108;2954514;2955519;2955696;2955951;2956276;2956553;2956854;2957073,2954312;2955345;2955589;2955808;2956028;2956343;2956712;2956898;2957108,+;+;+;+;+;+;+;+;+,1608,8491,8445,8312,7627,7108,813,3003,813,7108
GENE.5701,chr14;chr14;chr14,2957474;2957709;2961334,2957547;2961195;2961618,+;+;+,3846,0,10,10,0,153,0,234,0,151
GENE.5702,chr14;chr14;chr14,2961722;2962017;2962339,2961909;2962178;2962645,-;-;-,657,546,546,548,582,596,131,285,131,596
GENE.5703,chr14;chr14;chr14;chr14,2962986;2963181;2963415;2963944,2963069;2963287;2963742;2965086,-;-;-;-,1662,0,3,2,0,77,0,123,0,77
GENE.5704,chr14,2966749,2969334,+,2586,4406,4431,4315,4780,4192,315,1685,315,4192
GENE.5705,chr14;chr14;chr14;chr14;chr14;chr14;chr14,2969912;2970185;2970404;2970608;2970735;2971218;2971481,2970061;2970282;2970459;2970663;2971085;2971286;2971792,-;-;-;-;-;-;-,1092,1576,1572,1554,1420,1420,56,368,56,1418
GENE.5706,chr14,2972978,2974054,+,1077,802,800,820,724,720,44,236,44,720
GENE.5707,chr14,2975115,2975492,-,378,0,1,2,0,21,0,1,0,21
GENE.5708,chr14;chr14,2976211;2977085,2976956;2978117,-;-,1779,12838,12688,12605,11476,10844,1027,3462,1027,10843
GENE.5709,chr14,2981600,2982964,+,1365,0,2,3,0,60,0,0,0,60
GENE.571,chr3;chr3;chr3,325922;326129;326296,326030;326172;328383,+;+;+,2241,6900,6868,6761,6441,5748,329,1917,329,5748
GENE.5710,chr14;chr14;chr14;chr14;chr14;chr14;chr14,2984062;2985336;2985946;2986202;2986425;2987500;2987786,2985186;2985657;2986060;2986263;2987339;2987654;2987932,+;+;+;+;+;+;+,2841,902,903,898,862,892,61,416,61,891
GENE.5711,chr14,2989577,2992222,+,2646,5074,5049,4975,4618,4458,249,1263,249,4458
GENE.5712,chr14,2993252,2995279,-,2028,0,4,24,0,84,0,52,0,83
GENE.5713,chr14,2997600,2997944,-,345,0,0,1,0,18,0,0,0,18
GENE.5714,chr14,2998594,3002355,-,3762,3400,5098,3649,5126,3590,283,1020,256,3348
GENE.5715,chr14,3007601,3010159,+,2559,0,13,16,0,100,0,159,0,100
GENE.5716,chr14,3011585,3017899,-,6315,28406,28303,28084,26496,25379,2065,8549,2065,25370
GENE.5717,chr14;chr14,3023228;3023508,3023374;3023726,+;+,366,5,5,7,5,21,1,4,1,21
GENE.5718,chr14;chr14;chr14,3023852;3038411;3038793,3037909;3038610;3038832,-;-;-,14298,219842,217321,214310,200570,180789,11746,54415,11746,180701
GENE.5719,chr14;chr14,3040768;3041075,3040864;3043560,+;+,2583,76,85,95,72,180,3,101,3,179
GENE.572,chr3;chr3;chr3;chr3;chr3;chr3;chr3,328787;328992;329252;329512;329679;334959;335243,328832;329116;329350;329564;334741;335026;335269,-;-;-;-;-;-;-,5481,0,26,10,0,221,0,468,0,219
GENE.5720,chr14;chr14;chr14;chr14;chr14;chr14;chr14;chr14;chr14;chr14;chr14;chr14;chr14;chr14;chr14;chr14,3044129;3044524;3045061;3045221;3045558;3045868;3046064;3046330;3046845;3047204;3047438;3049982;3053806;3054265;3054898;3055143,3044381;3044894;3045113;3045458;3045761;3045954;3046152;3046671;3047041;3047316;3049852;3053493;3054094;3054771;3055055;3055248,+;+;+;+;+;+;+;+;+;+;+;+;+;+;+;+,8934,0,25,156,0,383,1,547,1,382
GENE.5721,chr14,3055715,3057820,-,2106,4004,3986,3980,3718,3470,253,1195,253,3470
GENE.5722,chr14;chr14;chr14;chr14;chr14,3060864;3061460;3061744;3062073;3062560,3061298;3061594;3061894;3062461;3062634,+;+;+;+;+,1185,457,457,468,449,504,27,178,27,504
GENE.5723,chr14;chr14;chr14,3063191;3063375;3063680,3063272;3063470;3065763,-;-;-,2262,0,5,52,0,140,0,32,0,140
GENE.5724,chr14;chr14;chr14,3067562;3067723;3068060,3067610;3067805;3068692,+;+;+,765,143,142,144,134,160,7,33,7,160
GENE.5725,chr14,3072261,3073247,+,987,3160,3148,3118,2910,2668,331,1219,331,2668
GENE.5726,chr14,3075788,3076186,+,399,0,1,5,0,30,0,84,0,30
GENE.5727,chr14,3076442,3081022,+,4581,6976,6938,6897,6252,5688,285,2157,285,5671
GENE.5728,chr14,3081750,3084635,+,2886,6546,6509,6511,6086,5420,200,1318,200,5419
GENE.5729,chr14,3085496,3086182,+,687,1552,1536,1485,1382,1258,58,226,58,1258
GENE.573,chr3,337179,339278,+,2100,0,2,2,0,90,0,9,0,90
GENE.5730,chr14;chr14,3087061;3104725,3104434;3105071,-;-,17721,48388,48134,47963,43886,41622,2666,12644,2666,41599
GENE.5731,chr14,3106949,3111811,+,4863,0,4,11,0,244,0,26,0,244
GENE.5732,chr14,3112509,3114698,-,2190,13408,13361,13297,12860,12031,695,3631,695,12027
GENE.5733,chr14,3117392,3118951,+,1560,4418,4400,4397,4266,4254,397,1408,397,4254
GENE.5734,chr14;chr14,3120854;3121508,3121441;3121849,+;+,930,0,1,3,0,45,0,12,0,45
GENE.5735,chr14,3124337,3126709,+,2373,5572,5638,5504,4988,5046,251,1345,245,4824
GENE.5736,chr14;chr14,3127677;3127952,3127808;3128119,-;-,300,6,6,8,6,25,2,3,2,25
GENE.5737,chr14,3131104,3131637,+,534,2314,2308,2314,3224,2316,466,1014,466,2316
GENE.5738,chr14;chr14,3133951;3134350,3134187;3135651,+;+,1539,9254,9099,8800,7154,6124,243,2070,243,6120
GENE.5739,chr14;chr14,3139140;3139366,3139241;3140982,+;+,1719,1427,1426,1437,1455,1402,80,444,80,1402
GENE.574,chr3;chr3;chr3,340028;346766;350734,346568;350480;351652,-;-;-,11175,0,24,28,0,376,0,187,0,375
GENE.5740,chr14;chr14;chr14,3142075;3142503;3144261,3142299;3144068;3144341,+;+;+,1872,7103,7068,6931,5982,5522,354,1521,354,5522
GENE.5741,chr14;chr14,3147490;3147703,3147585;3148584,+;+,978,600,603,600,587,670,59,230,59,668
GENE.5742,chr14;chr14,3151970;3152131,3152044;3154923,+;+,2868,19768,19649,19205,17404,15709,744,4717,744,15699
GENE.5743,chr14,3156976,3158037,+,1062,0,0,2,0,39,1,0,1,39
GENE.5744,chr14,3159487,3160602,+,1116,0,0,2,0,39,1,16,1,39
GENE.5745,chr14;chr14;chr14,3161742;3162510;3162676,3162507;3162512;3162743,-;-;-,837,486,484,485,490,479,34,171,34,479
GENE.5746,chr14;chr14,3168563;3168846,3168754;3171692,+;+,3039,848,842,786,782,857,47,153,47,857
GENE.5747,chr14;chr14,3172972;3173540,3173451;3173644,-;-,585,750,750,752,760,763,97,297,97,763
GENE.5748,chr14;chr14,3175541;3175829,3175609;3176458,+;+,699,69,70,70,76,115,5,27,5,115
GENE.5749,chr14;chr14,3179624;3179951,3179806;3180610,+;+,843,1451,1442,1364,1191,1043,89,308,89,1043
GENE.575,chr3,353549,355045,+,1497,1608,1603,1579,1520,1477,98,440,98,1475
GENE.5750,chr14;chr14,3183248;3183627,3183433;3184352,+;+,912,497,496,485,383,405,14,107,14,405
GENE.5751,chr14;chr14,3188888;3189244,3189085;3190548,+;+,1503,0,1,7,0,95,0,9,0,95
GENE.5752,chr14;chr14;chr14,3193285;3194332;3194736,3194152;3194582;3199478,+;+;+,5862,8074,12223,10130,12710,10792,717,2084,717,10784
GENE.5753,chr14;chr14,3202931;3203226,3203014;3204017,+;+,876,172,172,173,164,214,12,55,12,214
GENE.5754,chr14,3207627,3207899,+,273,0,2,2,0,5,0,0,0,5
GENE.5755,chr14;chr14,3209129;3209987,3209985;3211574,+;+,2445,21480,21395,21247,19494,18980,1233,5816,1233,18972
GENE.5756,chr14;chr14,3213581;3213907,3213718;3214617,+;+,849,1530,1531,1507,1332,1290,36,337,36,1290
GENE.5757,chr14;chr14,3216399;3217228,3217073;3217296,-;-,744,122,125,119,84,88,1,27,1,88
GENE.5758,chr14;chr14;chr14,3219919;3220325;3220643,3220323;3220534;3220702,-;-;-,675,206,206,207,220,228,13,86,13,228
GENE.5759,chr14,3221001,3221576,+,576,216,210,202,128,127,3,31,3,127
GENE.576,chr3,356319,361454,+,5136,4876,4871,4842,4672,4564,310,2078,310,4552
GENE.5760,chr14;chr14;chr14,3223288;3223879;3224564,3223876;3224456;3224632,-;-;-,1236,0,1,0,0,42,1,46,1,42
GENE.5761,chr14;chr14;chr14,3228672;3228860;3229173,3228737;3229171;3229589,+;+;+,795,916,908,894,684,587,42,216,42,587
GENE.5762,chr14;chr14,3232639;3232948,3232842;3236535,+;+,3792,0,198,162,206,307,24,90,24,307
GENE.5763,chr14;chr14;chr14;chr14,3239145;3239820;3240165;3240399,3239716;3240163;3240295;3240473,-;-;-;-,1122,840,834,831,785,822,67,220,67,822
GENE.5764,chr14;chr14,3242909;3243573,3243448;3243629,-;-,597,0,0,0,0,15,0,7,0,15
GENE.5765,chr14,3247032,3251019,+,3988,0,2,3,0,129,0,80,0,129
GENE.5766,chr14,3254092,3256554,+,2463,0,8,0,0,95,0,108,0,91
GENE.5767,chr14;chr14,3257135;3257773,3257698;3257841,-;-,633,14,143,87,240,169,6,18,6,169
GENE.5768,chr14;chr14,3260745;3261005,3260876;3261727,+;+,855,337,609,387,545,494,18,35,18,494
GENE.5769,chr14;chr14,3263543;3263767,3263674;3264468,+;+,834,112,2043,1395,2522,1804,95,43,95,1804
GENE.577,chr3;chr3,362342;364219,363946;364233,-;-,1620,12621,12568,12456,11695,10052,571,3012,571,10052
GENE.5770,chr14;chr14,3266136;3266367,3266204;3267377,+;+,1080,1328,1325,1320,1206,1176,67,316,67,1142
GENE.5771,chr14;chr14,3269494;3269666,3269562;3270496,+;+,900,0,12,27,8,39,0,43,0,39
GENE.5772,chr14;chr14,3272578;3272865,3272646;3273848,+;+,1053,6898,6876,6853,6724,6716,435,1677,435,6707
GENE.5773,chr14;chr14,3276230;3276509,3276283;3277501,+;+,1047,0,2,1,0,26,0,17,0,26
GENE.5774,chr14;chr14,3279500;3279697,3279568;3280662,+;+,1035,8553,8466,8430,8041,7774,752,2307,752,7748
GENE.5775,chr14;chr14,3282729;3282907,3282797;3283752,+;+,915,0,11,2,0,31,0,16,0,31
GENE.5776,chr14;chr14,3285900;3286035,3285953;3287003,+;+,1023,0,23,11,24,40,2,44,2,39
GENE.5777,chr14,3290953,3291501,+,549,0,0,0,0,22,0,0,0,22
GENE.578,chr3,365659,366672,-,1014,4496,4495,4486,4582,4463,624,1790,624,4463
GENE.579,chr3,368572,368690,+,119,0,0,0,0,0,0,0,0,0
GENE.58,chrX,15852,16091,-,240,0,0,1,0,6,0,0,0,6
GENE.580,chr3;chr3;chr3,369925;370270;370701,370035;370492;370789,+;+;+,423,0,0,0,0,12,0,19,0,12
GENE.581,chr3,372632,374230,+,1599,0,8,17,0,60,0,51,0,60
GENE.582,chr3;chr3,375806;377243,377089;377437,+;+,1479,2762,2748,2682,2516,2224,146,720,146,2224
GENE.583,chr3;chr3,378045;378380,378233;378517,+;+,327,2,3,3,2,13,0,4,0,13
GENE.584,chr3,379130,383290,-,4161,0,10,13,0,142,0,169,0,141
GENE.585,chr3;chr3;chr3;chr3;chr3;chr3,384375;385926;386164;386323;386579;386832,385685;386044;386239;386418;386656;386879,+;+;+;+;+;+,1728,2513,2499,2508,2483,2221,151,884,151,2218
GENE.586,chr3;chr3;chr3;chr3;chr3,387219;387455;387734;388079;388299,387283;387538;387866;388158;388473,-;-;-;-;-,537,558,555,553,517,461,31,181,31,461
GENE.587,chr3;chr3;chr3,389137;389340;389814,389214;389423;394604,-;-;-,4953,0,12,14,0,184,0,142,0,181
GENE.588,chr3,397649,400516,+,2868,400,403,390,374,271,12,204,12,271
GENE.589,chr3,401458,401576,-,119,0,0,0,0,7,0,0,0,7
GENE.59,chrX,16118,16189,-,72,0,1,0,0,2,0,0,0,2
GENE.590,chr3;chr3,402933;403688,403012;405440,+;+,1833,12678,12596,12482,11064,10514,589,3582,589,10514
GENE.591,chr3,407980,408318,+,339,0,0,1,0,8,0,0,0,8
GENE.592,chr3,409102,410928,-,1827,2844,2828,2785,2692,2133,64,693,64,2127
GENE.593,chr3;chr3;chr3;chr3;chr3;chr3;chr3,412089;412270;412490;412715;412958;413241;413432,412143;412397;412566;412804;413042;413317;413762,+;+;+;+;+;+;+,843,1934,1927,1880,1665,1451,65,503,65,1451
GENE.594,chr3;chr3;chr3,414234;419193;419650,418924;419499;419673,-;-;-,5022,5073,5081,4988,4861,4427,369,1730,369,4417
GENE.595,chr3;chr3;chr3,420697;421001;421357,420886;421245;421515,+;+;+,594,0,2,0,0,18,0,8,0,18
GENE.596,chr3;chr3;chr3;chr3;chr3,422379;423575;424242;424436;424636,423356;424066;424316;424534;424680,+;+;+;+;+,1689,6698,6640,6451,5567,5062,184,1382,184,5062
GENE.597,chr3,427290,440942,+,13653,9854,11435,10237,10452,8828,565,3834,565,8708
GENE.598,chr3;chr3,442720;446354,446113;446457,+;+,3498,0,33,44,0,106,0,123,0,106
GENE.599,chr3,447500,451384,+,3885,1080,1090,1104,992,1029,72,461,72,1027
GENE.6,chrM,283,389,-,107,0,0,0,0,0,0,0,0,0
GENE.60,chrX,16197,18497,-,2301,6564,6477,6407,5568,4664,357,1735,357,4664
GENE.600,chr3,452297,459106,-,6810,84336,83731,82770,78604,73001,6153,22852,6153,72920
GENE.601,chr3;chr3,461175;461949,461803;462027,-;-,708,588,593,599,646,546,53,199,53,546
GENE.602,chr3;chr3,461175;461949,461800;462027,-;-,705,588,593,599,646,546,53,199,53,546
GENE.603,chr3;chr3,463326;463888,463376;464274,+;+,438,148,148,157,126,118,2,31,2,118
GENE.604,chr3,464662,464991,+,330,0,0,1,0,10,0,0,0,10
GENE.605,chr3,466085,468445,+,2361,6080,6024,5962,5208,4750,204,2204,204,4748
GENE.606,chr3;chr3,469287;469752,469537;470118,+;+,618,102,103,106,96,118,7,40,7,118
GENE.607,chr3;chr3;chr3;chr3,470860;471132;472489;472912,470992;472326;472713;473161,-;-;-;-,1803,0,0,9,0,56,1,3,1,56
GENE.608,chr3;chr3,474788;475896,475700;479086,+;+,4104,24715,24511,24328,22691,20733,1814,7235,1814,20726
GENE.609,chr3;chr3;chr3;chr3,480122;481791;482159;482393,481579;482036;482255;483453,-;-;-;-,2862,0,3,15,0,106,2,70,2,106
GENE.61,chrX,18481,18870,-,390,30,30,33,30,31,4,11,4,31
GENE.610,chr3;chr3,488804;489386,489226;496510,+;+,7548,29354,29243,28894,26930,25537,2010,8898,2006,25385
GENE.611,chr3,497118,497363,-,246,0,0,0,0,10,0,18,0,10
GENE.612,chr3;chr3;chr3;chr3;chr3,499602;500067;501630;501850;502288,499904;501463;501733;502088;502353,+;+;+;+;+,2109,3083,3076,3077,2963,2782,211,832,211,2780
GENE.613,chr3;chr3;chr3;chr3;chr3;chr3;chr3;chr3;chr3;chr3;chr3;chr3;chr3;chr3;chr3,502698;503291;503434;503592;503710;503923;504099;504269;504407;504629;504828;505036;505375;505495;505763,503095;503358;503465;503610;503749;503960;504161;504327;504459;504714;504931;505209;505393;505554;505848,+;+;+;+;+;+;+;+;+;+;+;+;+;+;+,1299,169,167,171,160,195,19,60,19,195
GENE.614,chr3;chr3;chr3,506655;506885;507262,506680;507103;508846,+;+;+,1830,3525,3507,3518,3379,3435,219,1217,219,3435
GENE.615,chr3,509291,511597,-,2307,0,7,23,0,91,0,16,0,91
GENE.616,chr3;chr3;chr3;chr3,512130;512263;512541;512824,512133;512404;512677;512951,+;+;+;+,411,189,190,186,175,167,4,35,4,167
GENE.617,chr3,513752,516262,+,2511,23562,23253,22744,19954,17401,562,5085,562,17375
GENE.618,chr3,516793,520503,-,3711,724,734,731,674,727,39,297,39,727
GENE.619,chr3,521969,522883,+,915,378,377,374,338,356,8,71,8,356
GENE.62,chrX,18896,18966,-,71,0,0,0,0,1,0,0,0,1
GENE.620,chr3;chr3;chr3;chr3;chr3;chr3;chr3,524154;524547;524717;524922;525122;525336;526421,524391;524593;524806;525010;525211;526085;526439,-;-;-;-;-;-;-,1323,0,1,4,0,58,0,14,0,58
GENE.621,chr3,529037,530776,+,1740,1334,1313,1340,1270,1205,58,432,58,1205
GENE.622,chr3,531213,531289,+,77,0,0,0,0,0,0,0,0,0
GENE.623,chr3,531898,531973,-,76,0,0,6,0,1,0,0,0,1
GENE.624,chr3;chr3;chr3,534239;534665;534987,534254;534777;535238,+;+;+,381,49,43,43,32,50,4,21,4,50
GENE.625,chr3;chr3;chr3;chr3,536043;536200;536357;537112,536045;536247;536964;537274,+;+;+;+,822,975,973,977,861,829,44,269,44,829
GENE.626,chr3;chr3,537621;537823,537679;538804,-;-,1041,2748,2712,2626,2516,2284,133,760,133,2282
GENE.627,chr3;chr3;chr3;chr3,539743;541655;542147;542636,541278;542030;542483;542810,+;+;+;+,2424,2836,2823,2788,2513,2501,136,745,136,2501
GENE.628,chr3,543241,543942,-,702,0,2,12,0,19,0,40,0,19
GENE.629,chr3;chr3;chr3;chr3;chr3,544055;544342;544604;544766;544967,544144;544462;544657;544836;545194,-;-;-;-;-,564,419,417,416,388,368,16,72,16,368
GENE.63,chrX,18980,19049,-,70,0,0,0,0,1,0,0,0,1
GENE.630,chr3,545828,548182,-,2355,0,22,29,0,65,0,63,0,64
GENE.631,chr3,548718,551453,+,2736,0,4,13,0,99,0,69,0,99
GENE.632,chr3;chr3;chr3;chr3;chr3;chr3,552001;552861;553571;553816;554012;554428,552755;553320;553680;553879;554213;554621,-;-;-;-;-;-,1785,1112,1146,1092,1100,1091,105,364,105,1079
GENE.633,chr3;chr3;chr3;chr3;chr3;chr3;chr3;chr3;chr3;chr3;chr3;chr3;chr3;chr3;chr3;chr3;chr3,555035;555204;555443;555684;555881;556179;556384;556610;556759;556951;557361;557526;557734;557915;558158;558294;558501,555078;555238;555498;555783;556040;556220;556498;556649;556840;557188;557428;557609;557799;558037;558218;558355;558684,-;-;-;-;-;-;-;-;-;-;-;-;-;-;-;-;-,1560,2023,2013,1964,1747,1494,123,610,123,1494
GENE.634,chr3;chr3;chr3;chr3;chr3;chr3;chr3;chr3;chr3;chr3;chr3,556480;556610;556759;556951;557361;557526;557734;557915;558158;558294;558501,556527;556649;556840;557188;557428;557609;557799;558037;558218;558355;558684,-;-;-;-;-;-;-;-;-;-;-,1056,1467,1455,1408,1233,1048,63,398,63,1048
GENE.635,chr3;chr3;chr3;chr3;chr3;chr3;chr3,559334;559838;560209;560470;560708;562046;562195,559615;560035;560313;560545;561919;562099;562253,+;+;+;+;+;+;+,1986,0,3,10,0,56,0,18,0,56
GENE.636,chr3,562366,565656,-,3291,7888,7822,7732,7948,6557,488,2295,488,6550
GENE.637,chr3;chr3;chr3;chr3;chr3;chr3;chr3,567247;567580;567725;567936;568134;568381;568688,567380;567653;567824;568018;568270;568517;568850,+;+;+;+;+;+;+,828,0,2,1,0,25,0,4,0,25
GENE.638,chr3;chr3;chr3;chr3;chr3;chr3;chr3;chr3,569308;569625;569785;569941;570169;570465;570726;570961,569457;569686;569810;570011;570249;570527;570778;571051,-;-;-;-;-;-;-;-,597,21,23,24,23,57,2,9,2,57
GENE.639,chr3;chr3;chr3;chr3,570283;570465;570726;570961,570288;570527;570778;571051,-;-;-;-,213,21,21,21,23,37,2,8,2,37
GENE.64,chrX,19055,19126,-,72,0,0,6,0,3,0,0,0,3
GENE.640,chr3,572666,576823,-,4158,14784,14638,14516,13582,12749,1015,4372,1015,12748
GENE.641,chr3,577008,578366,-,1359,936,939,934,906,833,63,303,63,832
GENE.642,chr3,579539,580465,-,927,0,1,3,0,47,0,1,0,47
GENE.643,chr3;chr3,584226;584449,584255;585168,+;+,750,407,407,408,378,384,9,131,9,383
GENE.644,chr3,586555,587331,+,777,0,1,3,0,27,0,12,0,27
GENE.645,chr3,589002,592547,-,3546,0,5,15,0,110,0,220,0,110
GENE.646,chr3;chr3,604595;605895,605680;607931,+;+,3123,4757,4794,4696,4499,4262,388,1622,388,4258
GENE.647,chr3,608883,610718,+,1836,0,12,16,0,73,0,35,0,67
GENE.648,chr3;chr3,611334;611515,611403;612014,+;+,570,594,588,594,620,642,50,158,50,642
GENE.649,chr3,612739,613422,-,684,524,522,523,454,405,14,97,14,405
GENE.65,chrX,19149,19220,+,72,0,0,0,0,1,0,0,0,1
GENE.650,chr3,616472,622816,+,6345,0,3,11,0,245,2,115,2,245
GENE.651,chr3;chr3;chr3;chr3;chr3;chr3;chr3;chr3;chr3;chr3;chr3;chr3;chr3;chr3,623446;623758;623905;624102;624251;624451;624944;625224;625410;625586;625768;626066;629336;630304,623658;623825;623959;624154;624326;624844;625134;625269;625464;625659;625884;629157;630148;630360,+;+;+;+;+;+;+;+;+;+;+;+;+;+,5304,21540,21369,21192,20402,18435,1102,5976,1102,18433
GENE.652,chr3,630611,631381,-,771,518,516,523,478,449,25,242,25,449
GENE.653,chr3,632846,633544,-,699,98,97,95,90,104,4,43,4,104
GENE.654,chr3;chr3;chr3,635586;636373;636657,636060;636549;637462,+;+;+,1458,2248,2250,2239,2260,2268,218,860,218,2268
GENE.655,chr3;chr3,638283;641224,641010;641306,+;+,2811,0,9,6,0,91,0,26,0,90
GENE.656,chr3,641482,642579,-,1098,0,5,4,0,56,0,10,0,56
GENE.657,chr3;chr3,644186;644753,644503;645268,+;+,834,0,0,2,0,28,0,2,0,28
GENE.658,chr3,645921,646844,-,924,0,3,1,0,36,0,43,0,36
GENE.659,chr3,648635,649531,+,897,212,213,213,222,219,15,82,15,219
GENE.66,chrX,19197,19433,-,237,0,0,1,0,2,0,0,0,2
GENE.660,chr3;chr3,649849;653101,652973;657247,-;-,7272,0,15,35,0,231,0,375,0,224
GENE.661,chr3;chr3;chr3,660020;660922;661227,660682;660984;661643,+;+;+,1143,0,0,3,0,58,0,20,0,58
GENE.662,chr3;chr3;chr3;chr3;chr3,658272;658553;659990;660922;661227,658317;658629;660682;660984;661643,+;+;+;+;+,1296,0,1,3,0,62,0,20,0,62
GENE.663,chr3,662126,665152,-,3027,6240,6197,6168,5726,5567,330,1677,330,5565
GENE.664,chr3,667006,668391,+,1386,616,609,592,482,467,14,108,14,467
GENE.665,chr3;chr3;chr3;chr3,669302;669485;669811;670681,669326;669591;670415;670873,-;-;-;-,930,2042,2033,2029,1881,1789,119,558,119,1789
GENE.666,chr3;chr3,674458;675275,674761;675636,+;+,666,0,0,1,0,15,0,1,0,15
GENE.667,chr3;chr3,677842;678315,678074;678474,+;+,393,5,5,5,5,24,1,2,1,24
GENE.668,chr3;chr3,679234;681062,680820;681277,-;-,1803,5739,5695,5636,5606,4875,600,1935,600,4872
GENE.669,chr3;chr3,682795;683241,683108;683685,-;-,759,0,0,0,0,36,0,4,0,36
GENE.67,chrX,19444,20676,-,1233,136,136,138,128,129,13,58,13,129
GENE.670,chr3;chr3,686282;687725,687433;689482,+;+,2910,3938,3904,3917,3548,3394,282,1128,282,3388
GENE.671,chr3,690154,694815,-,4662,13960,13851,13762,12704,11908,759,3586,759,11885
GENE.672,chr3,699544,709728,-,10185,0,72,129,0,350,0,314,0,332
GENE.673,chr3;chr3,712253;712765,712491;714082,-;-,1557,566,565,577,554,561,39,309,39,561
GENE.674,chr3;chr3,716523;721571,721121;721831,-;-,4860,11486,12435,11373,11232,10835,879,3112,798,10601
GENE.675,chr3;chr3;chr3,725015;725487;726040,725038;725857;726130,+;+;+,486,6,6,6,4,24,0,0,0,24
GENE.676,chr3;chr3;chr3;chr3;chr3;chr3;chr3;chr3;chr3;chr3,728259;736219;736367;736589;736813;737043;737236;737377;737567;737995,736034;736290;736443;736655;736859;737114;737278;737450;737869;738076,+;+;+;+;+;+;+;+;+;+,8613,15958,16301,15712,15178,13939,970,4689,964,13594
GENE.677,chr3,738205,738882,-,678,0,0,1,0,26,0,1,0,26
GENE.678,chr3;chr3,739428;739727,739490;741733,+;+,2070,6647,6617,6522,6114,5659,213,1542,213,5659
GENE.679,chr3,742191,742799,+,609,4870,4795,4545,3832,2900,167,737,167,2900
GENE.68,chrX,20722,21150,-,429,210,209,210,222,200,21,63,21,200
GENE.680,chr3,743929,745053,+,1125,0,7,4,0,47,0,2,0,47
GENE.681,chr3,748465,755838,+,7374,0,9,34,0,206,0,437,0,202
GENE.682,chr3;chr3;chr3,756491;759664;760202,759334;760088;760292,-;-;-,3360,2514,2583,2479,2554,2071,58,515,58,2071
GENE.683,chr3;chr3;chr3;chr3;chr3;chr3;chr3;chr3;chr3;chr3;chr3;chr3;chr3;chr3;chr3;chr3;chr3,761693;761925;762096;762263;762553;762707;762972;763150;763301;763525;763729;763959;764106;764343;764516;764752;765083,761822;761995;762162;762344;762622;762847;763043;763223;763406;763604;763786;764009;764169;764385;764614;764962;765439,-;-;-;-;-;-;-;-;-;-;-;-;-;-;-;-;-,1776,798,799,772,754,733,38,247,38,733
GENE.684,chr3,767815,782760,+,14946,2906,2956,2937,2608,2885,161,1980,161,2868
GENE.685,chr3,783112,786165,-,3054,0,1,7,0,96,0,8,0,96
GENE.686,chr3,788453,788812,+,360,0,0,1,0,17,0,0,0,17
GENE.687,chr3;chr3;chr3;chr3,789858;790728;791016;791213,790619;790848;791110;791308,+;+;+;+,1074,825,816,820,769,678,52,301,52,674
GENE.688,chr3;chr3;chr3,791840;793125;793406,792999;793211;793481,-;-;-,1323,677,678,677,648,633,57,215,57,633
GENE.689,chr3,795577,801171,+,5595,6440,6394,6337,5788,5495,410,1859,410,5484
GENE.69,chrX,21166,21534,-,369,0,0,2,0,8,0,0,0,8
GENE.690,chr3,802260,802583,-,324,0,1,1,0,6,0,2,0,6
GENE.691,chr3,803592,806312,-,2721,0,1,12,0,80,0,135,0,80
GENE.692,chr3;chr3,807277;807803,807702;807859,+;+,483,0,0,1,0,17,0,0,0,17
GENE.693,chr3,810081,814172,+,4092,0,16,25,0,103,0,333,0,103
GENE.694,chr3;chr3;chr3;chr3,815569;815801;816035;816301,815689;815899;816189;816855,+;+;+;+,930,2987,2981,2977,3019,2900,369,1088,369,2895
GENE.695,chr3;chr3;chr3,817913;818196;818504,818040;818346;818695,+;+;+,471,287,286,288,289,277,27,104,27,277
GENE.696,chr3;chr3;chr3;chr3,820708;821156;821485;830690,820849;821258;830528;830802,+;+;+;+,9402,30167,29996,29719,28199,26378,2017,8976,2017,26293
GENE.697,chr3,831076,832509,-,1434,2832,2803,2782,2376,2219,132,762,132,2219
GENE.698,chr3,833833,834777,-,945,0,2,7,0,19,0,47,0,19
GENE.699,chr3;chr3;chr3;chr3;chr3,837307;837524;837759;837944;838175,837335;837632;837821;838080;838271,+;+;+;+;+,435,230,229,224,197,131,7,43,7,131
GENE.7,chrM,390,505,-,116,0,0,0,0,0,0,0,0,0
GENE.70,chrX,21548,21946,-,399,0,0,0,0,11,0,0,0,11
GENE.700,chr3;chr3;chr3;chr3;chr3;chr3,840362;840715;841017;841206;841482;841645,840528;840821;841103;841352;841525;841758,+;+;+;+;+;+,666,33,33,37,31,50,2,7,2,50
GENE.701,chr3,842539,844290,+,1752,16628,16545,16345,14856,13105,671,2864,671,13074
GENE.702,chr3,845713,847320,+,1608,982,973,975,866,919,51,260,51,919
GENE.703,chr3,848247,857504,-,9258,41716,41449,41185,38112,36329,2527,11544,2527,36320
GENE.704,chr3,860813,862102,+,1290,0,2,7,0,31,0,210,0,31
GENE.705,chr3;chr3;chr3;chr3;chr3,862741;863065;863391;863527;863761,862851;863133;863424;863639;863832,-;-;-;-;-,399,85,84,80,69,62,0,25,0,62
GENE.706,chr3;chr3;chr3;chr3;chr3;chr3;chr3;chr3,865014;865175;865403;865619;865772;865963;866153;866339,865050;865239;865484;865680;865858;866020;866219;866420,+;+;+;+;+;+;+;+,540,72,72,68,80,68,4,31,4,68
GENE.707,chr3;chr3,870817;871432,871207;872342,+;+,1302,1818,1808,1781,1654,1576,59,387,59,1574
GENE.708,chr3;chr3;chr3,875213;875702;876165,875306;875953;876295,+;+;+,477,386,386,389,407,404,24,145,24,404
GENE.709,chr3;chr3,877735;879299,879000;879511,+;+,1479,14449,14372,14251,13128,12148,591,4104,591,12136
GENE.71,chrX,21943,22053,-,111,0,0,1,0,0,0,0,0,0
GENE.710,chr3,879959,885493,-,5535,0,7,40,0,119,1,259,1,119
GENE.711,chr3;chr3;chr3;chr3;chr3;chr3;chr3,886962;887592;887779;888071;888218;888403;888739,887441;887659;887943;888131;888268;888533;888976,-;-;-;-;-;-;-,1194,384,386,378,357,370,11,108,11,370
GENE.712,chr3,890014,892764,-,2751,4170,4125,4070,3862,3302,194,1142,194,3297
GENE.713,chr3;chr3;chr3;chr3,894761;895155;895789;896046,895065;895693;895837;896112,+;+;+;+,960,2823,2816,2798,2743,2713,90,577,90,2713
GENE.714,chr3,896546,899770,-,3225,4780,4741,4722,4388,4154,340,1588,340,4152
GENE.715,chr3;chr3,900857;903017,902711;903369,+;+,2208,0,1,6,0,57,1,58,1,57
GENE.716,chr3;chr3;chr3;chr3;chr3,903764;904100;904280;904519;904869,903958;904199;904368;904725;910118,-;-;-;-;-,5841,5529,5796,5576,6650,5040,347,1533,347,5026
GENE.717,chr3,912916,921036,+,8121,26446,26237,25842,23936,22129,1155,7245,1155,22118
GENE.718,chr3;chr3;chr3;chr3;chr3;chr3;chr3;chr3;chr3,922974;923441;926394;926673;926859;927157;927424;927637;927847,923312;926299;926566;926709;926960;927272;927480;927709;927942,+;+;+;+;+;+;+;+;+,3852,1064,1061,1060,912,955,84,445,84,954
GENE.719,chr3,928644,929159,-,516,0,0,1,0,21,0,0,0,21
GENE.72,chrX,22019,22294,-,276,0,0,3,0,5,0,11,0,5
GENE.720,chr3,930640,932415,-,1776,6128,6077,6019,5502,4853,191,986,191,4852
GENE.721,chr3;chr3;chr3;chr3;chr3;chr3;chr3;chr3;chr3;chr3;chr3;chr3;chr3;chr3,933188;933452;933608;933766;933937;934098;934404;934613;934775;934963;935193;935402;935519;936961,933321;933509;933662;933800;933983;934249;934466;934677;934856;935048;935282;935443;936825;937006,-;-;-;-;-;-;-;-;-;-;-;-;-;-,2262,0,2,9,0,65,0,59,0,65
GENE.722,chr3,938212,940173,-,1962,0,10,43,0,53,0,57,0,48
GENE.723,chr3;chr3,942545;945221,945067;945301,+;+,2604,10854,10867,10733,10890,9204,411,2375,411,9188
GENE.724,chr3,945537,946751,-,1215,0,1,14,0,39,0,30,0,39
GENE.725,chr3;chr3,948374;950703,950426;952693,+;+,4044,11458,11399,11190,10060,9317,623,2989,623,9315
GENE.726,chr3;chr3,952964;953204,953090;962367,-;-,9291,0,22,47,0,254,3,166,3,252
GENE.727,chr3;chr3;chr3;chr3;chr3,964101;964366;964785;965001;965142,964200;964554;964915;965064;965203,+;+;+;+;+,546,0,1,2,0,17,0,2,0,17
GENE.728,chr3;chr3,965553;966340,966178;966502,-;-,789,267,265,251,220,206,10,58,10,206
GENE.729,chr3;chr3;chr3,968675;968905;969185,968723;969002;969202,-;-;-,165,0,0,1,0,7,0,0,0,7
GENE.73,chrX,22302,23021,-,720,37,44,37,30,35,1,9,1,35
GENE.730,chr3,971166,975794,+,4629,21950,21633,21531,19864,17861,1314,5771,1314,17851
GENE.731,chr3,976870,978195,+,1326,2054,2035,2020,1892,1629,111,663,111,1629
GENE.732,chr3,978970,980271,+,1302,2836,2818,2786,2648,2384,223,988,223,2384
GENE.733,chr3,980706,983966,-,3261,1716,1709,1708,1562,1554,91,397,91,1554
GENE.734,chr3;chr3;chr3;chr3,986265;986447;986757;987178,986300;986615;987066;987610,+;+;+;+,948,271,267,269,205,182,6,65,6,180
GENE.735,chr3;chr3;chr3,988631;990400;990754,990287;990626;990882,+;+;+,2013,11593,11507,11338,10325,8716,571,2998,571,8716
GENE.736,chr3,991544,993625,-,2082,0,5,21,0,56,0,33,0,55
GENE.737,chr3,998649,1001582,+,2934,0,49,60,0,104,0,600,0,94
GENE.738,chr3;chr3;chr3;chr3,1002872;1003392;1003517;1003821,1003389;1003515;1003819;1004267,-;-;-;-,1392,2056,2044,1643,2018,1629,118,305,118,1627
GENE.739,chr3,1005952,1006800,+,849,0,7314,4666,8354,6322,330,93,330,6322
GENE.74,chrX,23018,23524,-,507,814,798,799,730,511,32,192,32,510
GENE.740,chr3;chr3,1007413;1008134,1008039;1008202,-;-,696,0,105,87,154,124,18,21,18,124
GENE.741,chr3;chr3,1010342;1011072,1010965;1011140,-;-,693,1442,2584,1779,2780,2072,165,50,165,2072
GENE.742,chr3;chr3,1012355;1012604,1012423;1013464,+;+,930,2480,3633,2166,4279,2850,230,121,230,2850
GENE.743,chr3;chr3,1015795;1015965,1015866;1016942,+;+,1050,0,11,8,12,39,1,51,1,38
GENE.744,chr3;chr3,1018874;1019089,1018942;1019973,+;+,954,428,427,417,382,419,27,127,27,417
GENE.745,chr3;chr3,1021998;1022172,1022066;1023008,+;+,906,560,1377,997,1676,1285,132,167,132,1285
GENE.746,chr3;chr3,1024030;1024333,1024330;1025411,+;+,1380,2966,3654,2635,3864,3411,344,323,344,3411
GENE.747,chr3;chr3,1027571;1027883,1027639;1028929,+;+,1116,0,5,3,0,22,0,11,0,22
GENE.748,chr3;chr3,1030822;1033029,1032105;1038254,-;-,6510,0,54,58,90,175,7,145,7,175
GENE.749,chr4;chr4,28706;36310,35278;37677,+;+,7941,0,176,213,186,375,173,137,82,350
GENE.75,chrX,23545,23931,-,387,0,1,0,0,12,0,0,0,12
GENE.750,chr4,38955,40154,+,1200,2268,2327,2098,2176,1951,188,522,97,1937
GENE.751,chr4;chr4,42032;43321,43090;43374,-;-,1113,0,22,9,0,77,5,76,5,69
GENE.752,chr4;chr4,45555;47753,46850;56860,-;-,10404,8036,8006,7944,7262,7168,486,2180,486,7142
GENE.753,chr4;chr4,59636;59845,59689;60939,+;+,1149,990,1002,987,950,916,97,373,90,916
GENE.754,chr4,61411,61489,+,79,0,0,0,0,0,0,0,0,0
GENE.755,chr4;chr4,63104;64423,64192;64476,-;-,1143,1909,1906,1784,1430,1355,172,572,172,1355
GENE.756,chr4;chr4,66601;67505,67401;67573,-;-,870,1152,1162,1175,1034,977,57,265,57,977
GENE.757,chr4;chr4,69961;71060,70896;71113,-;-,990,1378,1373,1358,1260,1175,60,354,60,1174
GENE.758,chr4;chr4,73268;74272,74128;74340,-;-,930,3480,3466,3425,3024,2872,150,883,150,2872
GENE.759,chr4,76033,76245,-,213,0,1,0,0,6,0,0,0,6
GENE.76,chrX,23945,24289,-,345,0,1,0,0,3,0,0,0,3
GENE.760,chr4;chr4,79193;79402,79246;80451,+;+,1104,727,762,725,667,663,54,278,54,662
GENE.761,chr4;chr4,82247;82502,82300;83575,+;+,1128,1619,1617,1600,1507,1563,110,435,103,1561
GENE.762,chr4;chr4,85397;85673,85450;86608,+;+,990,3951,3930,3905,3634,3475,172,1003,172,3472
GENE.763,chr4;chr4,89153;89321,89221;90184,+;+,933,46,47,47,38,58,0,24,0,58
GENE.764,chr4;chr4,92576;93738,93547;93809,-;-,1044,1508,1502,1505,1574,1211,41,376,41,1209
GENE.765,chr4;chr4,92576;93738,93544;93809,-;-,1041,1508,1502,1504,1574,1211,41,376,41,1209
GENE.766,chr4;chr4,100684;100848,100752;102110,+;+,1332,968,961,951,906,816,30,280,30,816
GENE.767,chr4;chr4,103742;105508,105328;105603,-;-,1683,0,0,10,0,20,0,0,0,20
GENE.768,chr4,108380,111295,-,2916,24610,25739,24092,23044,23631,1671,7482,1475,21481
GENE.769,chr4;chr4,114601;115909,115737;116058,-;-,1287,810,945,814,1170,1026,73,247,62,775
GENE.77,chrX,24286,24510,-,225,0,0,3,0,4,0,11,0,4
GENE.770,chr4;chr4,123588;125381,125231;125464,-;-,1728,2088,2066,2006,1732,1604,62,432,62,1604
GENE.771,chr4;chr4;chr4;chr4,127712;130523;131940;132099,130521;131937;132004;134468,-;-;-;-,6660,45302,45015,44286,40306,37341,2997,13262,2997,37341
GENE.772,chr4;chr4,137640;137793,137694;146653,+;+,8916,1918,1914,1894,1696,1653,106,561,106,1653
GENE.773,chr4;chr4,147490;148273,148146;148380,-;-,765,1906,1906,1897,1948,2123,412,877,412,2123
GENE.774,chr4;chr4,155877;156067,155948;156984,+;+,990,2418,2413,2355,2066,1919,40,424,40,1910
GENE.775,chr4;chr4,159279;160267,160136;160314,-;-,906,0,0,2,0,20,0,1,0,20
GENE.776,chr4;chr4;chr4;chr4,162511;163019;163404;163656,163017;163402;163439;163724,-;-;-;-,996,0,2,0,0,15,0,37,0,15
GENE.777,chr4,166993,171954,+,4962,0,4,27,0,125,0,63,0,124
GENE.778,chr4;chr4,172506;172821,172711;172914,-;-,300,0,0,1,0,4,0,0,0,4
GENE.779,chr4,174829,174902,+,74,0,0,0,0,0,0,0,0,0
GENE.78,chrX,24524,24913,-,390,0,0,2,0,12,0,0,0,12
GENE.780,chr4,175372,177252,-,1881,662,659,668,630,652,22,167,22,652
GENE.781,chr4,178518,180200,+,1683,0,11,14,0,25,0,88,0,22
GENE.782,chr4;chr4;chr4;chr4;chr4,180430;180691;180949;181202;181383,180498;180774;181014;181272;181551,-;-;-;-;-,459,0,2,1,0,29,0,6,0,29
GENE.783,chr4;chr4;chr4,182870;188398;194206,188227;194010;194712,+;+;+,11478,37707,37452,36766,34250,30351,2216,9904,2210,30298
GENE.784,chr4,195543,196745,+,1203,1668,1659,1653,1568,1508,49,501,49,1506
GENE.785,chr4;chr4,197846;200827,199770;201208,-;-,2307,1310,1314,1323,1228,1233,108,497,108,1226
GENE.786,chr4;chr4;chr4;chr4;chr4;chr4,206228;206758;207194;207440;207805;209368,206626;207063;207292;207547;209208;209394,-;-;-;-;-;-,2343,13425,13402,13097,12251,10935,616,3618,616,10931
GENE.787,chr4,211650,213854,-,2205,3682,3624,3622,3404,3072,238,941,238,3062
GENE.788,chr4;chr4,219087;219524,219332;222838,+;+,3561,2398,2390,2364,2172,2091,114,1091,114,2086
GENE.789,chr4;chr4,223711;224024,223902;224131,-;-,300,65,62,63,76,60,11,28,11,60
GENE.79,chrX,24940,25584,-,645,454,432,424,400,265,12,105,12,265
GENE.790,chr4;chr4,224779;225323,225183;231733,-;-,6816,0,33,28,0,161,0,267,0,160
GENE.791,chr4;chr4,232595;232839,232675;233249,-;-,492,0,1,1,0,15,0,1,0,15
GENE.792,chr4;chr4;chr4;chr4;chr4;chr4;chr4;chr4;chr4,234014;234244;234709;234973;235126;236401;236581;236842;237011,234120;234495;234877;235039;236284;236449;236614;236897;237013,-;-;-;-;-;-;-;-;-,1896,0,2,5,0,49,0,47,0,48
GENE.793,chr4,238360,239499,-,1140,798,794,788,676,680,44,198,44,680
GENE.794,chr4,240911,242347,-,1437,6818,6802,6785,6740,6441,592,2129,592,6441
GENE.795,chr4,247731,260147,+,12417,0,31,85,0,251,1,900,1,239
GENE.796,chr4;chr4,260454;263103,262957;263418,-;-,2820,5074,5070,4998,4840,4452,416,1604,416,4442
GENE.797,chr4;chr4,264305;264576,264413;266170,-;-,1704,10440,10308,10193,8568,7682,249,2352,249,7682
GENE.798,chr4,267244,268380,-,1137,0,0,8,0,28,1,0,1,28
GENE.799,chr4;chr4;chr4,268960;269394;269994,269218;269697;271134,-;-;-,1704,0,0,4,0,65,0,2,0,65
GENE.8,chrM,506,593,-,88,0,0,0,0,0,0,0,0,0
GENE.80,chrX,25594,25866,-,273,0,0,1,0,1,0,0,0,1
GENE.800,chr4;chr4;chr4;chr4;chr4,272255;272491;272684;272907;273429,272378;272572;272753;273287;276824,-;-;-;-;-,4053,0,22,38,0,143,0,232,0,142
GENE.801,chr4;chr4;chr4;chr4;chr4;chr4;chr4;chr4;chr4,279072;279300;279619;279907;280060;280467;280729;281212;281397,279201;279440;279805;279965;280223;280590;280988;281299;281983,+;+;+;+;+;+;+;+;+,1740,0,1,1,0,26,0,8,0,26
GENE.802,chr4,282403,288297,-,5895,0,11,16,0,185,0,103,0,184
GENE.803,chr4;chr4,291251;291617,291301;300976,+;+,9411,0,15,16,0,265,0,201,0,264
GENE.804,chr4;chr4;chr4,301259;301574;301983,301448;301773;302267,-;-;-,675,0,2,1,0,31,0,1,0,31
GENE.805,chr4;chr4;chr4;chr4;chr4;chr4;chr4;chr4;chr4,303329;303475;303978;304313;304551;304717;304929;305098;305299,303365;303794;304095;304454;304593;304844;304978;305162;305343,+;+;+;+;+;+;+;+;+,948,348,349,345,356,361,39,175,39,361
GENE.806,chr4,305746,312993,-,7248,900,945,964,776,899,48,520,48,891
GENE.807,chr4,315562,315870,+,309,0,0,0,0,1,0,0,0,1
GENE.808,chr4;chr4;chr4;chr4,316540;318210;318743;319026,318074;318629;318830;319178,-;-;-;-,2196,0,12,6,0,57,0,54,0,55
GENE.809,chr4,321019,322545,+,1527,2662,2652,2600,2356,2060,108,700,108,2057
GENE.81,chrX,25887,26624,-,738,286,288,286,290,250,13,80,13,250
GENE.810,chr4;chr4,323267;325117,324642;325225,-;-,1485,0,2,0,0,40,0,0,0,40
GENE.811,chr4,329216,329689,+,474,936,935,936,938,929,146,400,146,929
GENE.812,chr4;chr4;chr4;chr4;chr4;chr4;chr4,332043;332328;332569;332697;332900;333177;333637,332048;332392;332614;332772;333013;333441;333856,+;+;+;+;+;+;+,792,409,404,386,303,263,16,93,16,263
GENE.813,chr4;chr4,334282;334604,334466;344054,-;-,9636,7658,8279,7697,9098,7430,469,2253,447,7339
GENE.814,chr4,346308,346727,+,420,0,1,0,0,15,0,0,0,15
GENE.815,chr4;chr4;chr4;chr4;chr4;chr4;chr4;chr4;chr4;chr4;chr4;chr4;chr4,347458;347606;347936;348230;348456;348815;349118;349297;350399;350829;350999;351210;351435,347521;347739;348047;348327;348728;349021;349204;350280;350677;350909;351037;351330;351499,+;+;+;+;+;+;+;+;+;+;+;+;+,2544,0,1,7,0,56,0,10,0,56
GENE.816,chr4;chr4;chr4;chr4;chr4,351527;351747;352026;352386;352650,351631;351836;352276;352466;352983,-;-;-;-;-,861,744,743,738,708,714,65,273,65,714
GENE.817,chr4;chr4;chr4;chr4;chr4;chr4;chr4;chr4,353655;353767;353971;354228;358995;359544;359662;359874,353680;353857;354084;358754;359426;359569;359696;359878,-;-;-;-;-;-;-;-,5256,8694,8647,8570,7990,7410,372,2404,372,7408
GENE.818,chr4,360547,361764,-,1218,0,2,6,0,39,0,48,0,39
GENE.819,chr4;chr4,362301;362468,362327;363442,+;+,1002,222,221,222,200,206,13,94,13,206
GENE.82,chrX,26621,26848,-,228,0,0,0,0,3,0,0,0,3
GENE.820,chr4;chr4;chr4;chr4;chr4,363599;363805;364063;364397;364720,363648;363856;364137;364575;364933,-;-;-;-;-,570,110,107,106,80,91,7,39,7,91
GENE.821,chr4,366379,367341,+,963,0,1,0,0,15,0,13,0,15
GENE.822,chr4,367845,368153,-,309,0,0,0,0,30,0,11,0,30
GENE.823,chr4;chr4;chr4,369885;370049;370387,369939;370252;371270,+;+;+,1143,452,447,437,424,398,35,166,35,398
GENE.824,chr4,373039,376677,+,3639,4218,4188,4158,3926,3629,274,1514,274,3624
GENE.825,chr4;chr4;chr4;chr4;chr4;chr4,377481;377647;377846;378191;378443;383027,377549;377747;377972;378332;382832;383087,-;-;-;-;-;-,4890,4325,4250,4243,4069,3815,281,1224,281,3799
GENE.826,chr4,384924,390806,+,5883,0,22,50,0,125,0,577,0,121
GENE.827,chr4,391347,393350,-,2004,4518,4470,4395,3976,3386,175,994,175,3386
GENE.828,chr4,394065,394580,-,516,108,107,106,102,122,6,24,6,122
GENE.829,chr4,397328,400693,+,3366,4370,4386,4242,3906,3590,271,1196,271,3586
GENE.83,chrX,26852,27424,-,573,268,264,252,260,190,8,45,8,190
GENE.830,chr4,401466,403334,+,1869,90,92,92,86,120,14,92,14,120
GENE.831,chr4;chr4;chr4;chr4;chr4,403626;404363;404766;404999;405345,404254;404635;404836;405038;405366,-;-;-;-;-,1035,416,494,387,406,418,30,113,30,358
GENE.832,chr4;chr4;chr4,406233;406440;406789,406307;406659;407909,-;-;-,1416,4087,4048,4033,3597,3570,207,1134,207,3570
GENE.833,chr4,408679,410697,-,2019,1002,994,984,932,857,68,346,68,856
GENE.834,chr4,413403,416357,+,2955,650,650,641,624,684,64,217,64,680
GENE.835,chr4;chr4;chr4;chr4;chr4;chr4;chr4;chr4,417372;417851;418372;418934;419223;419611;420198;420527,417742;418247;418799;419124;419431;420050;420392;420824,-;-;-;-;-;-;-;-,2529,2701,2695,2679,2501,2416,159,831,159,2416
GENE.836,chr4,422011,422958,-,948,0,0,2,0,31,0,1,0,31
GENE.837,chr4;chr4;chr4;chr4;chr4,424300;424921;426062;426829;427059,424750;425773;426609;426922;427194,+;+;+;+;+,2082,5719,5672,5634,5662,5092,479,1759,479,5092
GENE.838,chr4;chr4;chr4;chr4;chr4,424300;424921;426062;426829;427059,424750;425773;426603;426922;427194,+;+;+;+;+,2076,5719,5672,5634,5662,5092,479,1759,479,5092
GENE.839,chr4,427664,435367,-,7704,616,617,621,516,729,28,345,28,725
GENE.84,chrX,27451,27522,-,72,0,0,0,0,1,0,0,0,1
GENE.840,chr4;chr4,436217;437979,437818;437981,-;-,1605,326,327,323,290,294,26,79,26,294
GENE.841,chr4,438887,440335,+,1449,924,908,915,852,820,68,295,68,820
GENE.842,chr4;chr4;chr4,440968;441147;441369,441042;441230;444242,-;-;-,3033,9242,9195,9094,8336,8179,704,3061,704,8175
GENE.843,chr4,446000,448018,+,2019,0,0,4,0,52,0,1,0,52
GENE.844,chr4;chr4,449189;450414,450165;450633,-;-,1197,14,16,18,8,37,1,4,1,37
GENE.845,chr4,452134,455571,-,3438,8494,8372,8218,7294,6759,489,2355,489,6759
GENE.846,chr4;chr4;chr4;chr4,456922;457193;457625;457898,457011;457464;457724;458020,+;+;+;+,585,0,0,3,0,9,0,47,0,9
GENE.847,chr4,459710,461437,+,1728,2546,2541,2502,2320,2148,151,767,151,2140
GENE.848,chr4;chr4;chr4;chr4;chr4;chr4;chr4,461991;462856;463156;463354;463571;463757;463908,462721;463027;463262;463447;463601;463822;463957,-;-;-;-;-;-;-,1251,3061,3056,3036,2951,2869,295,1037,295,2869
GENE.849,chr4;chr4,464732;467248,467141;467339,-;-,2502,2202,2217,2105,1940,1773,112,599,112,1767
GENE.85,chrX,27535,27604,-,70,0,0,0,0,0,0,0,0,0
GENE.850,chr4,469218,469299,+,82,0,0,0,0,0,0,0,0,0
GENE.851,chr4,469858,469930,-,73,0,0,0,0,2,0,0,0,2
GENE.852,chr4;chr4,470528;470916,470567;473596,-;-,2721,0,2,10,0,81,2,32,2,77
GENE.853,chr4,474542,475558,+,1017,1944,1935,1931,1870,1794,121,464,121,1794
GENE.854,chr4,475944,476585,-,642,10,10,17,10,33,2,3,2,33
GENE.855,chr4;chr4;chr4,479028;479288;480405,479079;480152;480468,+;+;+,981,814,812,816,786,776,31,210,31,776
GENE.856,chr4,481177,483891,-,2715,0,5,10,0,73,0,36,0,73
GENE.857,chr4,485832,489728,+,3897,0,16,25,0,153,0,383,0,149
GENE.858,chr4,490442,493375,-,2934,19362,19253,18986,17508,16196,1102,4846,1102,16179
GENE.859,chr4,499168,503880,+,4713,18418,18247,18244,17266,16188,1188,5259,1188,16085
GENE.86,chrX,27612,27684,-,73,0,0,0,0,0,0,0,0,0
GENE.860,chr4,504478,505095,-,618,16,16,16,16,38,0,2,0,38
GENE.861,chr4,505933,509670,-,3738,14334,15468,14575,18332,13539,669,3553,669,13537
GENE.862,chr4,510380,512548,+,2169,3720,3720,3639,3654,3250,235,1092,235,3250
GENE.863,chr4,513154,517068,-,3915,0,21,31,0,110,0,27,0,110
GENE.864,chr4,517722,517793,+,72,0,0,0,0,3,0,0,0,3
GENE.865,chr4,518154,518225,-,72,0,0,0,0,1,0,0,0,1
GENE.866,chr4,518685,519101,-,417,0,1,2,0,18,0,3,0,18
GENE.867,chr4,519832,525618,-,5787,0,13,34,0,182,0,51,0,178
GENE.868,chr4;chr4;chr4;chr4;chr4,528192;529800;533990;534201;534417,529617;533880;534061;534291;534485,-;-;-;-;-,5739,56512,55870,55316,52530,49037,3734,16370,3734,49011
GENE.869,chr4,536774,539110,+,2337,0,15,50,0,65,0,199,0,64
GENE.87,chrX,27695,27770,-,76,0,0,0,0,0,0,0,0,0
GENE.870,chr4,540188,541198,-,1011,0,6,29,0,40,1,206,1,39
GENE.871,chr4,541811,542809,-,999,922,920,915,892,852,59,233,59,852
GENE.872,chr4,543625,545247,+,1623,4106,4054,3981,3468,3170,289,1140,289,3170
GENE.873,chr4;chr4,545987;548519,547324;553810,-;-,6630,0,23,48,0,222,0,225,0,194
GENE.874,chr4,557457,557609,+,153,0,0,1,0,4,0,0,0,4
GENE.875,chr4;chr4;chr4;chr4,559387;559439;560275;560570,559437;560272;560343;560638,-;-;-;-,1023,836,824,783,810,824,68,177,68,811
GENE.876,chr4;chr4,561667;563844,563001;569342,-;-,6834,0,1781,1300,1346,2705,89,221,89,2465
GENE.877,chr4,573285,573423,+,139,0,0,0,0,2,0,0,0,2
GENE.878,chr4;chr4,576810;579152,578231;584668,-;-,6939,0,35335,31763,32073,46028,2662,1199,2641,45125
GENE.879,chr4,588424,588562,+,139,0,0,0,0,5,0,0,0,5
GENE.88,chrX,27777,27868,-,92,0,0,0,0,0,0,3,0,0
GENE.880,chr4;chr4,591949;594291,593370;599849,-;-,6981,47348,47257,42071,41698,54975,2933,3511,2912,54215
GENE.881,chr4;chr4,603166;604388,604227;604456,-;-,1131,0,2,2,0,31,0,17,0,31
GENE.882,chr4;chr4,609155;609468,609229;610433,+;+,1041,2922,2861,2798,2365,2202,149,822,149,2198
GENE.883,chr4;chr4;chr4;chr4,612798;613240;613712;613878,613238;613710;613876;614069,+;+;+;+,1269,544,542,539,520,537,28,142,28,537
GENE.884,chr4,615356,616243,+,888,0,0,1,0,18,0,0,0,18
GENE.885,chr4;chr4,616914;618261,618002;618350,-;-,1179,0,1,3,0,39,0,0,0,39
GENE.886,chr4,619786,620802,-,1017,106,107,107,114,125,9,45,9,125
GENE.887,chr4,622094,622936,+,843,4766,4756,4732,4826,4429,241,1205,241,4429
GENE.888,chr4;chr4;chr4;chr4,623168;623410;623680;626129,623261;623497;625961;626226,-;-;-;-,2562,8118,8093,8091,7964,7810,837,2809,837,7809
GENE.889,chr4;chr4;chr4;chr4;chr4;chr4;chr4;chr4;chr4;chr4;chr4;chr4;chr4;chr4;chr4;chr4;chr4;chr4;chr4;chr4;chr4,626891;627130;627343;627564;627833;628029;628226;628449;628621;628788;629070;629296;629481;629713;630383;630875;631125;631344;631615;631877;633039,626917;627238;627393;627693;627919;628119;628333;628522;628681;628908;629194;629343;629573;630234;630769;630996;631227;631466;631728;632874;633126,-;-;-;-;-;-;-;-;-;-;-;-;-;-;-;-;-;-;-;-;-,3582,0,25,26,0,145,0,26,0,144
GENE.89,chrX,27882,27965,-,84,0,0,0,0,0,0,0,0,0
GENE.890,chr4;chr4;chr4;chr4,634029;634439;634650;634874,634288;634538;634715;638905,-;-;-;-,4458,7560,7535,7526,7200,6751,470,2501,470,6751
GENE.891,chr4;chr4;chr4;chr4;chr4,647389;647506;647736;648091;648359,647404;647608;647906;648223;648388,-;-;-;-;-,453,0,0,1,0,12,0,0,0,12
GENE.892,chr4;chr4;chr4;chr4;chr4,647389;647506;647732;648091;648359,647404;647604;647906;648223;648388,-;-;-;-;-,453,0,0,1,0,12,0,0,0,12
GENE.893,chr4;chr4;chr4;chr4,649893;650144;650452;650657,649928;650328;650494;650731,-;-;-;-,339,0,0,0,0,14,0,1,0,14
GENE.894,chr4;chr4,652350;652629,652416;653554,+;+,993,4000,3988,3939,3766,3814,243,1514,243,3814
GENE.895,chr4;chr4;chr4;chr4;chr4;chr4;chr4;chr4,655025;655359;655559;655880;656147;656451;656667;657122,655238;655432;655700;656007;656281;656548;656774;657314,-;-;-;-;-;-;-;-,1092,2736,2733,2713,2766,2615,209,979,209,2610
GENE.896,chr4;chr4,658620;659452,659240;659538,-;-,708,665,662,667,667,619,36,296,36,619
GENE.897,chr4,660624,662519,+,1896,1916,1910,1908,1872,1793,136,667,136,1784
GENE.898,chr4,663416,664015,-,600,14,19,17,14,43,2,7,2,43
GENE.899,chr4;chr4;chr4;chr4;chr4;chr4;chr4;chr4;chr4;chr4;chr4,665973;666124;666338;666593;666819;666974;667129;667404;667582;667757;668088,666002;666199;666420;666692;666892;667028;667254;667470;667657;667837;668147,+;+;+;+;+;+;+;+;+;+;+,828,1598,1586,1480,1435,1283,74,401,74,1283
GENE.9,chrM,594,624,-,31,0,0,0,0,0,0,0,0,0
GENE.90,chrX,27971,28058,-,88,0,0,0,0,0,0,0,0,0
GENE.900,chr4,668578,669717,-,1140,102,102,104,102,169,12,50,12,169
GENE.901,chr4,670883,672124,+,1242,0,2,12,0,31,0,34,0,31
GENE.902,chr4,672500,679138,-,6639,47510,50444,47542,47974,42181,2983,12872,2973,42068
GENE.903,chr4;chr4,681810;684962,684822;685968,+;+,4020,0,10,6,0,81,0,17,0,81
GENE.904,chr4,686414,687040,-,627,0,1,2,0,19,0,36,0,19
GENE.905,chr4;chr4,688192;688505,688347;689053,+;+,705,0,1,1,0,27,0,0,0,27
GENE.906,chr4,689640,690329,-,690,192,192,195,196,204,12,51,12,204
GENE.907,chr4,691131,692516,-,1386,2580,2581,2560,2336,2204,187,808,187,2203
GENE.908,chr4,693906,696533,+,2628,0,6,6,0,63,0,16,0,63
GENE.909,chr4;chr4,697918;698677,698443;698768,-;-,618,0,0,2,0,18,0,0,0,18
GENE.91,chrX,28065,28113,-,49,0,0,0,0,1,0,0,0,1
GENE.910,chr4;chr4;chr4;chr4;chr4;chr4;chr4,701526;701687;701918;702148;702476;702696;702959,701581;701750;702007;702251;702568;702824;704162,-;-;-;-;-;-;-,1740,0,2,8,0,33,0,27,0,29
GENE.911,chr4,706529,709009,+,2481,0,2,6,0,48,0,104,0,45
GENE.912,chr4,709460,710083,-,624,0,0,5,0,12,0,9,0,12
GENE.913,chr4,711092,715489,-,4398,4352,4418,4300,4074,3819,242,1246,242,3801
GENE.914,chr4;chr4;chr4;chr4,718202;718603;722312;722618,718489;722004;722364;722654,+;+;+;+,3780,831,838,849,791,927,78,529,78,927
GENE.915,chr4,723073,724242,-,1170,514,514,518,480,468,14,123,14,466
GENE.916,chr4,726265,727128,+,864,7210,7192,7183,7326,7221,551,1982,551,7221
GENE.917,chr4,727710,727979,-,270,0,0,1,0,15,0,0,0,14
GENE.918,chr4;chr4;chr4,729962;730153;730724,729978;730214;731223,+;+;+,579,0,1,1,0,7,0,0,0,7
GENE.919,chr4;chr4,732452;732655,732502;739872,-;-,7269,8740,8697,8631,7854,7387,522,2402,522,7381
GENE.92,chrX,28248,28283,-,36,0,0,0,0,0,0,0,0,0
GENE.920,chr4;chr4,742149;742796,742680;743091,+;+,828,730,729,728,716,709,74,234,74,709
GENE.921,chr4;chr4;chr4;chr4,743611;743776;744047;744367,743651;743921;744133;745637,-;-;-;-,1545,0,3,1,0,66,0,2,0,66
GENE.922,chr4,748088,749914,+,1827,6254,6232,6229,5992,5841,472,2255,472,5834
GENE.923,chr4;chr4;chr4;chr4,750860;751127;751338;751515,750919;751221;751393;753712,-;-;-;-,2409,2206,2195,2162,2112,2009,180,796,180,2006
GENE.924,chr4,756294,776603,+,20310,0,39,86,0,471,1,847,1,470
GENE.925,chr4;chr4;chr4;chr4;chr4;chr4;chr4;chr4;chr4;chr4;chr4;chr4,777200;777390;777550;777776;777944;778114;778337;778527;778758;778951;779163;779373,777268;777443;777620;777824;778004;778192;778407;778647;778870;779019;779244;779424,-;-;-;-;-;-;-;-;-;-;-;-,891,0,1,1,0,24,0,3,0,24
GENE.926,chr4;chr4;chr4;chr4,780250;782338;782968;783171,782008;782813;783080;783246,-;-;-;-,2424,0,1,4,0,77,0,6,0,76
GENE.927,chr4;chr4;chr4;chr4;chr4;chr4,784194;784427;784653;784811;785057;785255,784239;784521;784736;784916;785091;786430,+;+;+;+;+;+,1542,2217,2198,2151,2043,1758,77,543,77,1758
GENE.928,chr4,787243,789342,-,2100,12042,11876,11426,10152,8138,380,2167,380,8136
GENE.929,chr4,790724,792985,+,2262,0,17,15,0,52,0,239,0,52
GENE.93,chrX,28289,28359,-,71,0,0,0,0,4,0,0,0,4
GENE.930,chr4;chr4;chr4;chr4;chr4;chr4;chr4;chr4;chr4;chr4,793827;795339;798063;798308;798722;799073;801445;804169;809805;809981,795141;797845;798175;798426;798918;801286;803969;809686;809882;810070,+;+;+;+;+;+;+;+;+;+,14676,0,79,139,0,322,0,507,0,320
GENE.931,chr4,810995,814642,-,3648,2536,2515,2460,2270,2133,116,654,116,2122
GENE.932,chr4,817400,818689,+,1290,5008,4975,4949,4718,4462,304,1380,304,4462
GENE.933,chr4,819362,822340,-,2979,13290,13261,13183,13550,12234,611,3665,611,12234
GENE.934,chr4;chr4;chr4,829963;830255;830476,830043;830384;830594,+;+;+,330,25,26,25,26,29,3,8,3,29
GENE.935,chr4;chr4;chr4;chr4;chr4;chr4,830989;831223;831512;831924;832120;832369,831027;831306;831694;832023;832217;832428,-;-;-;-;-;-,564,676,670,669,616,566,83,288,83,566
GENE.936,chr4,834394,840429,+,6036,19950,19844,19574,17774,16689,1120,4978,1120,16672
GENE.937,chr4,841196,842905,+,1710,92,103,102,88,141,9,49,9,137
GENE.938,chr4;chr4;chr4;chr4;chr4;chr4;chr4;chr4;chr4,843562;843790;844094;844259;844499;844695;844803;844943;845138,843664;843987;844157;844422;844597;844714;844846;845004;845169,+;+;+;+;+;+;+;+;+,786,0,2,2,0,22,0,1,0,22
GENE.939,chr4;chr4;chr4;chr4;chr4,847231;848331;848553;848761;849050,848112;848447;848639;848855;849059,+;+;+;+;+,1191,297,291,287,277,229,27,154,27,229
GENE.94,chrX,28378,28449,-,72,0,0,0,0,0,0,0,0,0
GENE.940,chr4;chr4;chr4;chr4;chr4;chr4;chr4;chr4;chr4;chr4,849793;849993;850162;850643;851021;851234;851496;851710;851890;852101,849870;850070;850470;850903;851080;851325;851612;851815;851969;852242,+;+;+;+;+;+;+;+;+;+,1323,6653,6641,6589,6655,6280,330,1878,330,6279
GENE.941,chr4;chr4,852510;853094,852870;853566,+;+,834,87,89,85,79,98,6,29,6,98
GENE.942,chr4,854879,855289,+,411,30,30,32,32,40,0,6,0,40
GENE.943,chr4;chr4,855898;856991,856879;857049,-;-,1041,0,0,2,0,41,0,27,0,41
GENE.944,chr4;chr4;chr4;chr4,857998;864350;864905;865636,864228;864706;865413;865957,+;+;+;+,7419,0,31,38,0,178,0,483,0,174
GENE.945,chr4,866501,868111,-,1611,0,1,2,0,47,0,27,0,47
GENE.946,chr4;chr4,870737;871100,870805;871873,+;+,843,4642,4593,4551,3919,3232,430,1606,430,3230
GENE.947,chr4,873138,874115,+,978,62,62,63,64,138,6,68,6,138
GENE.948,chr4,874811,875521,-,711,598,598,595,618,589,46,158,46,589
GENE.949,chr4;chr4;chr4;chr4;chr4;chr4,878022;878164;878487;893228;893476;893734,878057;878285;893074;893351;893580;893866,+;+;+;+;+;+,15108,0,27,48,0,381,1,473,1,380
GENE.95,chrX,28465,29091,-,627,662,649,654,628,524,58,181,58,523
GENE.950,chr4,894612,904724,-,10113,38880,38701,37961,34998,32670,1982,9995,1981,32577
GENE.951,chr4,907056,908801,+,1746,2278,2240,2224,2034,1755,133,585,133,1747
GENE.952,chr4,910187,911971,+,1785,3988,3962,3913,3600,3489,356,1154,356,3489
GENE.953,chr4,917990,928411,+,10422,0,63,156,0,267,0,1462,0,256
GENE.954,chr4,929340,930140,+,801,0,0,0,0,20,0,2,0,20
GENE.955,chr4;chr4;chr4;chr4;chr4;chr4,930404;930565;930719;930967;931260;931422,930449;930622;930843;931088;931318;931608,-;-;-;-;-;-,597,16,16,17,16,16,1,90,1,16
GENE.956,chr4,932463,934244,+,1782,0,6,6,0,39,0,136,0,34
GENE.957,chr4;chr4,935031;936722,936335;941875,-;-,6459,12197,23272,21589,21315,27281,1477,1793,1426,26245
GENE.958,chr4,944951,945051,+,101,0,0,0,0,6,0,0,0,5
GENE.959,chr4;chr4,946169;948431,947431;953773,-;-,6606,27946,33024,29543,29808,41917,2314,265,2258,40219
GENE.96,chrX,29117,29189,-,73,0,0,0,0,2,0,0,0,2
GENE.960,chr4,956849,956949,+,101,0,0,0,0,5,0,0,0,4
GENE.961,chr4;chr4,958067;960329,959329;965611,-;-,6546,0,16414,14086,14030,20300,1121,61,1116,19432
GENE.962,chr4;chr4,967087;967302,967155;968273,+;+,1041,858,853,848,774,721,51,242,51,719
GENE.963,chr4;chr4,969031;971291,970311;976591,-;-,6582,0,449,199,412,718,74,285,74,634
GENE.964,chr4,979914,980051,+,138,0,0,1,0,0,0,0,0,0
GENE.965,chr4;chr4;chr4,981823;981875;982937,981873;982780;982990,-;-;-,1011,1464,1441,1432,1270,1165,57,323,57,1154
GENE.966,chr4;chr4;chr4;chr4,986135;986336;986840;987049,986333;986835;987037;987447,+;+;+;+,1296,916,917,895,850,733,41,237,41,733
GENE.967,chr4;chr4;chr4;chr4;chr4;chr4,987842;988107;988395;988651;989012;989318,987965;988296;988477;988914;989118;994360,-;-;-;-;-;-,5811,12124,12039,11888,11068,9889,785,3757,785,9883
GENE.968,chr4,995998,996252,+,255,0,0,0,0,7,0,0,0,7
GENE.969,chr4,997240,997455,+,216,0,1,0,0,3,0,0,0,3
GENE.97,chrX,29204,29430,-,227,0,0,1,0,2,0,0,0,2
GENE.970,chr4;chr4;chr4;chr4;chr4,998647;998962;999410;999651;999877,998748;999294;999500;999781;1000185,+;+;+;+;+,966,0,1,0,0,28,0,2,0,28
GENE.971,chr4,1001613,1002770,+,1158,766,771,767,708,703,43,208,43,702
GENE.972,chr4,1004462,1017247,-,12786,6262,6223,6232,5736,5287,358,1982,358,5255
GENE.973,chr4;chr4;chr4,1022487;1022757;1022997,1022548;1022877;1024166,+;+;+,1353,0,2,1,0,41,0,0,0,41
GENE.974,chr4;chr4,1026648;1026890,1026650;1027399,+;+,513,164,163,162,112,118,2,25,2,118
GENE.975,chr4,1029329,1037953,+,8625,6538,6485,6450,5994,5808,442,2288,442,5805
GENE.976,chr4,1038697,1039119,-,423,54,55,53,50,65,1,19,1,65
GENE.977,chr4,1040470,1041642,+,1173,1162,1159,1148,966,897,42,221,42,897
GENE.978,chr4;chr4;chr4;chr4;chr4;chr4;chr4,1042564;1043456;1043972;1044141;1044389;1044570;1044823,1043257;1043863;1044013;1044225;1044448;1044619;1044896,+;+;+;+;+;+;+,1413,696,698,692,699,668,50,211,50,668
GENE.979,chr4;chr4;chr4;chr4,1045381;1045646;1046118;1046448,1045549;1045768;1046305;1046696,+;+;+;+,729,130,130,129,135,124,7,39,7,124
GENE.98,chr1;chr1,29510;35888,34762;37126,+;+,6492,5802,5771,5756,5368,5256,301,1642,301,5256
GENE.980,chr4,1047696,1048478,+,783,1502,1487,1474,1432,1210,124,582,124,1210
GENE.981,chr4;chr4,1049270;1049713,1049528;1049894,-;-,441,0,0,0,0,14,0,4,0,14
GENE.982,chr4;chr4,1050407;1050625,1050467;1050974,+;+,411,0,1,2,0,13,0,3,0,13
GENE.983,chr4,1051576,1053006,-,1431,0,3,27,0,29,0,4,0,24
GENE.984,chr4,1055665,1056318,+,654,1112,1094,1051,1052,970,76,277,76,965
GENE.985,chr4;chr4,1058997;1060118,1059681;1060551,+;+,1119,940,934,916,770,739,39,228,39,739
GENE.986,chr4,1061790,1066628,-,4839,8760,9297,8968,10830,9344,591,2469,591,9300
GENE.987,chr4,1071435,1071845,-,411,448,446,446,462,431,27,102,27,431
GENE.988,chr4;chr4,1076347;1077072,1076972;1077534,+;+,1089,0,3,0,0,24,0,0,0,24
GENE.989,chr4;chr4,1077926;1078300,1078159;1078488,-;-,423,110,110,108,118,111,9,25,9,111
GENE.99,chr1;chr1,38982;40154,39923;40207,-;-,996,0,13,3,0,25,3,63,3,25
GENE.990,chr4;chr4,1080959;1081230,1081042;1082189,+;+,1044,0,0,0,0,10,0,0,0,9
GENE.991,chr4;chr4,1082363;1084087,1083879;1084150,-;-,1581,0,1,0,0,20,0,0,0,20
GENE.992,chr4;chr4,1085979;1091223,1091074;1091277,-;-,5151,0,2,8,0,130,0,47,0,130
GENE.993,chr4;chr4;chr4;chr4;chr4;chr4,1093138;1093349;1094397;1097328;1097547;1097774,1093346;1094395;1097158;1097406;1097680;1097835,+;+;+;+;+;+,4293,0,1,5,0,93,1,20,1,92
GENE.994,chr4;chr4,1099811;1102261,1102102;1107111,+;+,7143,0,164,120,534,290,18,69,18,290
GENE.995,chr4;chr4;chr4,1110060;1110383;1112219,1110161;1112074;1112293,+;+;+,1869,9785,9764,9695,9192,8950,808,3189,808,8950
GENE.996,chr4;chr4,1113345;1114298,1114085;1114486,-;-,930,0,0,2,0,16,0,0,0,15
GENE.997,chr4;chr4;chr4,1118430;1118796;1122334,1118630;1122182;1122414,+;+;+,3669,17482,17634,17696,18776,16336,1549,5519,1516,15968
GENE.998,chr4;chr4,1123986;1124132,1124057;1125004,+;+,945,750,740,709,572,559,9,109,9,559
GENE.999,chr4;chr4,1127779;1128089,1127916;1128802,+;+,852,1774,1778,1770,1858,1693,154,704,154,1693
