Geneid,Chr,Start,End,Strand,Length,Ground Truth,DeepSAP,DRAGEN,novoSplice,STAR,HISAT2,Subjunc,HISAT2+EASTR,STAR+EASTR
GENE.1,chrM,3,33,+,31,0,0,0,0,0,0,0,0,0
GENE.10,chrM,625,724,-,100,0,0,0,0,0,0,0,0,0
GENE.100,chr1;chr1,42367;43775,43617;46507,-;-,3984,2780,4096,4064,4904,4174,4099,1962,4099,4174
GENE.1000,chr4;chr4;chr4;chr4;chr4;chr4;chr4,1129660;1130046;1130108;1130450;1130571;1130824;1130843,1130043;1130106;1130448;1130569;1130732;1130841;1130893,-;-;-;-;-;-;-,1137,166,166,166,168,167,157,166,157,167
GENE.1001,chr4;chr4,1134415;1135098,1134954;1135175,-;-,618,560,560,560,568,562,559,549,559,562
GENE.1002,chr4;chr4,1136586;1136759,1136651;1137385,+;+,693,0,0,0,0,1,0,0,0,1
GENE.1003,chr4;chr4;chr4,1141222;1141490;1141563,1141314;1141561;1142096,+;+;+,699,0,0,0,0,1,0,2,0,1
GENE.1004,chr4;chr4,1143992;1144267,1144129;1144824,+;+,696,28,28,28,28,28,28,28,28,28
GENE.1005,chr4;chr4,1146672;1147650,1147538;1147697,-;-,915,1648,1648,1648,1648,1651,1648,1651,1648,1651
GENE.1006,chr4,1149274,1150188,+,915,0,264,264,318,266,264,4,264,266
GENE.1007,chr4;chr4,1152504;1153580,1153424;1153633,-;-,975,437,437,437,437,437,435,436,435,437
GENE.1008,chr4;chr4,1156423;1166601,1165863;1167821,+;+,10662,0,0,0,0,3,0,1,0,3
GENE.1009,chr4;chr4,1169980;1170264,1170033;1171184,+;+,975,873,877,873,876,879,863,870,863,879
GENE.101,chr1;chr1,50363;50572,50416;51636,+;+,1119,1186,1186,1186,1186,1190,1180,1182,1180,1190
GENE.1010,chr4;chr4,1173053;1175160,1174435;1180226,-;-,6450,0,14,14,288,17,17,1,16,17
GENE.1011,chr5;chr5,20929;27215,26310;28456,+;+,6624,8204,15648,15611,15796,15662,15556,4945,15556,15662
GENE.1012,chr5,29233,29304,-,72,0,0,0,0,0,0,0,0,0
GENE.1013,chr5;chr5,29776;30910,30744;30963,-;-,1023,434,434,434,434,437,428,434,428,437
GENE.1014,chr5;chr5,33056;34325,34126;34378,-;-,1125,1732,1732,1732,1750,1742,1727,1720,1727,1742
GENE.1015,chr5;chr5,36464;37496,37324;37564,-;-,930,1008,1008,1008,1008,1011,1008,1009,1008,1011
GENE.1016,chr5;chr5;chr5,39443;40077;40420,40075;40298;40488,-;-;-,924,339,339,339,339,339,331,340,331,339
GENE.1017,chr5,41129,41403,-,275,0,0,0,0,0,0,0,0,0
GENE.1018,chr5;chr5,43327;47612,47481;47761,-;-,4305,13920,14438,16084,23384,21119,22100,13638,21416,21063
GENE.1019,chr5;chr5;chr5,50422;50695;52325,50514;52218;52510,-;-;-,1803,1600,1600,1600,1602,1600,1597,1598,1597,1600
GENE.102,chr1,53169,53280,-,112,0,0,0,0,0,0,0,0,0
GENE.1020,chr5;chr5,55841;56288,56038;56872,+;+,783,1329,1327,1329,1331,1329,1325,1326,1325,1329
GENE.1021,chr5;chr5;chr5;chr5,58037;58750;59367;59619,58608;59149;59495;59726,-;-;-;-,1209,7105,7127,7105,7182,7132,7110,7059,7110,7132
GENE.1022,chr5;chr5;chr5;chr5,58037;58786;59367;59619,58608;59149;59495;59726,-;-;-;-,1173,7099,7121,7099,7176,7126,7104,7053,7104,7126
GENE.1023,chr5;chr5,64065;64332,64133;65489,+;+,1227,0,0,0,0,1,0,0,0,1
GENE.1024,chr5;chr5,68930;69823,69652;70113,+;+,1014,3200,3200,3200,3244,3232,3200,3191,2944,3232
GENE.1025,chr5;chr5,74509;74980,74808;79842,+;+,5163,4407,4477,5229,8045,6497,6229,4345,5003,6437
GENE.1026,chr5,81134,82336,-,1203,4746,4746,4746,4766,4789,4718,4739,4718,4789
GENE.1027,chr5,84041,85237,-,1197,0,0,0,0,1,0,0,0,1
GENE.1028,chr5,86820,89201,-,2382,1382,1382,1382,1384,1383,1376,1376,1376,1383
GENE.1029,chr5,91361,94591,+,3231,1100,1100,1100,1104,1100,1099,1100,1085,1100
GENE.103,chr1;chr1,53778;54938,54788;55006,-;-,1080,0,3,2,2,2,2,0,2,2
GENE.1030,chr5;chr5,95161;96242,95914;96633,-;-,1146,0,0,0,0,0,0,0,0,0
GENE.1031,chr5;chr5;chr5,97657;97916;98322,97711;98105;101895,+;+;+,3819,0,0,0,0,2,0,0,0,2
GENE.1032,chr5,102193,102897,-,705,614,614,614,616,614,613,613,613,614
GENE.1033,chr5;chr5,104256;104485,104334;105737,+;+,1332,4355,4354,4355,4375,4406,4145,4338,4145,4406
GENE.1034,chr5,107075,107938,-,864,314,314,315,314,316,313,314,313,316
GENE.1035,chr5,109898,111691,-,1794,0,1,0,0,15,0,0,0,15
GENE.1036,chr5,114149,115933,+,1785,0,0,0,0,3,0,12,0,3
GENE.1037,chr5;chr5;chr5;chr5;chr5;chr5;chr5;chr5,116451;116599;116818;117017;117250;119033;119358;119522,116483;116715;116919;117091;118856;119248;119429;119969,-;-;-;-;-;-;-;-,2670,0,0,0,0,1,0,0,0,1
GENE.1038,chr5;chr5,120107;120819,120657;121455,-;-,1188,384,384,384,390,384,383,381,383,384
GENE.1039,chr5,122449,122862,+,414,136,136,136,136,136,135,136,135,136
GENE.104,chr1,56690,56893,-,204,0,0,0,0,0,0,0,0,0
GENE.1040,chr5;chr5;chr5,123332;123590;123833,123407;123690;123904,-;-;-,249,6,6,6,6,6,6,6,6,6
GENE.1041,chr5;chr5;chr5;chr5;chr5,125116;125417;125625;125830;126112,125217;125468;125734;125951;126514,+;+;+;+;+,789,4286,4286,4286,4420,4307,4296,4273,4296,4307
GENE.1042,chr5,127064,128677,-,1614,76,76,76,76,78,76,76,76,78
GENE.1043,chr5,130453,133392,+,2940,0,0,1,0,4,0,9,0,4
GENE.1044,chr5,135004,135930,-,927,238,238,238,238,239,237,238,237,239
GENE.1045,chr5;chr5,140710;141311,140917;141471,+;+,369,0,0,0,0,0,0,0,0,0
GENE.1046,chr5,142871,145423,-,2553,1402,1402,1402,1404,1408,1375,1401,1375,1408
GENE.1047,chr5;chr5;chr5;chr5;chr5;chr5;chr5;chr5,146639;147092;147674;148065;148775;148974;149217;149481,146854;147490;147853;148651;148870;149106;149360;150131,-;-;-;-;-;-;-;-,2406,0,0,0,0,1,0,0,0,1
GENE.1048,chr5;chr5;chr5,151422;151823;152375,151619;151977;152384,-;-;-,363,0,0,0,0,0,0,0,0,0
GENE.1049,chr5;chr5,153889;155973,155792;156057,-;-,1989,0,0,0,0,1,0,0,0,1
GENE.105,chr1;chr1,59772;60023,59825;61003,+;+,1035,2888,2888,2888,2890,2890,2877,2878,2877,2890
GENE.1050,chr5;chr5,157625;164635,164472;164968,+;+,7182,7552,7552,7555,7618,7593,7420,7531,7420,7591
GENE.1051,chr5;chr5;chr5;chr5;chr5,165650;165802;166043;166352;166547,165672;165922;166138;166459;166642,-;-;-;-;-,444,0,0,0,0,0,0,0,0,0
GENE.1052,chr5;chr5;chr5,167649;168444;169316,168244;169169;169502,+;+;+,1509,0,0,0,0,3,0,0,0,3
GENE.1053,chr5;chr5;chr5;chr5,169549;169706;169911;170271,169641;169768;170109;170590,-;-;-;-,675,0,0,0,0,0,0,0,0,0
GENE.1054,chr5,172150,174417,+,2268,3846,3846,3846,3846,3856,3830,3834,3830,3856
GENE.1055,chr5;chr5;chr5;chr5;chr5;chr5,174989;175257;175413;175575;175859;176330,175113;175313;175499;175710;176177;176433,+;+;+;+;+;+,828,1855,1855,1855,1889,1863,1848,1849,1848,1863
GENE.1056,chr5,177410,178555,+,1146,0,0,0,0,0,0,0,0,0
GENE.1057,chr5,180421,187470,+,7050,0,0,0,0,6,0,45,0,6
GENE.1058,chr5,187813,204732,-,16920,23984,24160,24854,24172,25240,27400,23208,27396,25240
GENE.1059,chr5;chr5;chr5;chr5;chr5;chr5;chr5;chr5;chr5,206450;206683;206897;207096;207376;207594;207784;208107;208297,206500;206752;206956;207172;207426;207607;207849;208157;208375,+;+;+;+;+;+;+;+;+,519,709,709,709,743,713,734,707,734,713
GENE.106,chr1;chr1,62187;63347,63185;63400,-;-,1053,1382,1382,1400,1388,1446,1438,1382,1438,1446
GENE.1060,chr5;chr5,209062;209349,209148;218189,-;-,8928,21808,21828,22617,29220,25632,26731,20963,26731,25632
GENE.1061,chr5;chr5,220839;226063,225912;229253,+;+,8265,0,0,0,0,1,0,95,0,1
GENE.1062,chr5,230695,232392,+,1698,1698,1698,1698,1698,1709,1677,1716,1677,1709
GENE.1063,chr5,233815,235650,+,1836,3170,3170,3170,3196,3183,3142,3166,3142,3183
GENE.1064,chr5,236143,238365,-,2223,0,0,0,0,7,0,1,0,7
GENE.1065,chr5;chr5,239456;240644,240271;243880,-;-,4053,7586,7586,7587,7604,7690,7523,7565,7523,7690
GENE.1066,chr5,245933,246934,+,1002,0,0,1,0,1,0,0,0,1
GENE.1067,chr5,247801,250575,-,2775,15284,15284,15289,15306,15367,16235,15240,14339,15359
GENE.1068,chr5;chr5,252047;252420,252162;252606,-;-,303,0,0,0,0,1,0,0,0,1
GENE.1069,chr5;chr5;chr5;chr5;chr5;chr5,254473;254634;254801;255010;255271;255485,254502;254702;254885;255059;255384;255517,-;-;-;-;-;-,381,28,28,28,32,29,29,28,29,29
GENE.107,chr1;chr1,65817;66918,66821;66989,-;-,1077,882,880,915,884,948,937,881,937,948
GENE.1070,chr5;chr5;chr5,256225;256865;257245,256716;256979;257378,+;+;+,741,241,241,241,255,241,241,241,241,241
GENE.1071,chr5;chr5;chr5,257748;258083;258786,257792;258606;258831,-;-;-,615,516,514,516,521,518,516,516,516,518
GENE.1072,chr5,259764,260747,+,984,0,0,0,0,0,0,8,0,0
GENE.1073,chr5,260961,262184,-,1224,9656,9656,9657,9924,9662,9638,9639,9638,9662
GENE.1074,chr5;chr5;chr5;chr5;chr5,262672;262890;263120;263499;263782,262740;262922;263139;263583;263925,-;-;-;-;-,351,43,43,43,45,43,43,53,43,43
GENE.1075,chr5;chr5,265595;269251,268442;278345,+;+,11943,11596,11596,11607,11874,11702,11549,11736,11535,11702
GENE.1076,chr5;chr5;chr5;chr5;chr5;chr5,278774;278880;278919;279024;279156;279291,278877;278917;279022;279153;279289;279495,-;-;-;-;-;-,715,0,0,0,0,0,0,1,0,0
GENE.1077,chr5,280886,283345,+,2460,0,0,0,0,3,1,3,1,3
GENE.1078,chr5;chr5;chr5,284691;287382;287941,287139;287639;288023,+;+;+,2790,1872,1872,1872,1882,1882,1862,1869,1862,1882
GENE.1079,chr5,288776,291055,-,2280,31166,31166,31166,31202,31402,31054,30854,31044,31402
GENE.108,chr1;chr1,69304;70349,70164;70417,-;-,930,0,4148,4230,4955,4197,4157,28,4157,4197
GENE.1080,chr5;chr5;chr5,292696;293111;293371,292799;293220;293474,-;-;-,318,0,0,0,0,0,0,0,0,0
GENE.1081,chr5,294668,295903,-,1236,90,90,90,90,96,90,90,90,96
GENE.1082,chr5,298427,300736,-,2310,12686,12687,13345,14916,14886,14697,12631,14697,14886
GENE.1083,chr5,301930,304611,-,2682,0,0,0,0,4,0,0,0,4
GENE.1084,chr5,305961,306422,-,462,402,402,402,404,406,372,400,372,406
GENE.1085,chr5,307490,309556,-,2067,0,0,0,0,1,0,4,0,1
GENE.1086,chr5,313199,315157,+,1959,6304,6304,6304,6312,6309,6293,6399,6293,6309
GENE.1087,chr5,316766,318361,-,1596,4490,4490,4490,4612,4541,4301,4478,4301,4541
GENE.1088,chr5,322239,326822,+,4584,0,0,4,0,6,2,110,2,6
GENE.1089,chr5;chr5;chr5,327656;327864;328175,327708;328022;328316,+;+;+,354,13,13,13,15,13,13,13,13,13
GENE.109,chr1;chr1,71624;71803,71692;72426,+;+,693,0,2866,2818,3064,2896,2592,14,2592,2896
GENE.1090,chr5,328666,329715,-,1050,86,86,86,86,86,86,86,86,86
GENE.1091,chr5,331680,336704,+,5025,11526,11526,11526,11570,11565,11460,11507,11460,11565
GENE.1092,chr5;chr5;chr5;chr5,337426;337923;338338;338700,337759;338160;338507;339025,-;-;-;-,1068,0,0,0,0,0,0,0,0,0
GENE.1093,chr5,342205,343233,+,1029,0,0,0,0,1,1,0,1,1
GENE.1094,chr5;chr5;chr5;chr5,344931;345182;345518;345971,344983;345374;345598;346744,+;+;+;+,1101,444,444,444,448,451,442,469,442,451
GENE.1095,chr5,347219,355039,-,7821,6504,6352,6504,6512,6540,6424,6313,6424,6540
GENE.1096,chr5,356222,357010,+,789,146,146,146,148,151,145,145,145,151
GENE.1097,chr5,358261,362733,+,4473,0,0,0,0,4,0,388,0,4
GENE.1098,chr5,363588,364442,-,855,0,0,0,0,1,0,0,0,1
GENE.1099,chr5,367022,376426,+,9405,0,0,4,0,8,0,188,0,7
GENE.11,chrM,734,1486,-,753,0,0,0,0,0,0,0,0,0
GENE.110,chr1;chr1,74563;74728,74631;75366,+;+,708,0,46,44,104,48,46,1,46,48
GENE.1100,chr5;chr5;chr5;chr5;chr5,376855;377372;377563;377844;378305,377223;377450;377740;377966;378452,-;-;-;-;-,897,615,615,615,621,617,612,611,612,617
GENE.1101,chr5,381077,386203,+,5127,15910,15910,15910,16012,15939,15832,15883,15832,15937
GENE.1102,chr5;chr5;chr5;chr5;chr5,386956;387141;387463;387787;388315,387013;387312;387625;388219;388505,+;+;+;+;+,1017,3668,3668,3668,3728,3671,3657,3663,3657,3671
GENE.1103,chr5;chr5,388696;389096,388947;389191,-;-,348,0,0,0,0,0,0,0,0,0
GENE.1104,chr5;chr5;chr5,389914;390193;390474,390017;390309;398997,-;-;-,8745,10451,10451,10453,10471,10576,10293,10305,10293,10556
GENE.1105,chr5,401437,402771,+,1335,1578,1578,1578,1584,1839,1519,1574,1519,1627
GENE.1106,chr5;chr5,403342;403775,403642;405642,+;+,2169,2947,2947,2947,2951,2951,2937,2960,2937,2951
GENE.1107,chr5;chr5;chr5;chr5;chr5;chr5;chr5,405961;406200;406621;406814;407253;407449;407809,406098;406474;406697;407161;407321;407640;407897,-;-;-;-;-;-;-,1188,0,0,0,0,1,0,0,0,1
GENE.1108,chr5;chr5;chr5;chr5,410268;414540;415006;415210,414443;414855;415094;415308,+;+;+;+,4680,30178,30178,30178,30312,30193,30139,30173,30139,30193
GENE.1109,chr5,416365,417309,+,945,1784,1784,1784,1828,1784,1707,1745,1707,1784
GENE.111,chr1,75982,76809,-,828,0,2848,2332,3468,2782,2424,43,2424,2782
GENE.1110,chr5;chr5;chr5;chr5;chr5;chr5;chr5,418136;418529;420021;420395;420738;421096;421363,418247;419857;420310;420620;420932;421229;421425,+;+;+;+;+;+;+,2349,6863,6869,7746,10451,9584,9412,6751,9412,9584
GENE.1111,chr5,422746,430353,-,7608,17460,17461,17461,17472,17497,17370,16885,17370,17497
GENE.1112,chr5,437495,439738,+,2244,10210,10210,10210,10308,10245,10159,10188,10159,10245
GENE.1113,chr5;chr5;chr5,440779;441380;441700,441233;441485;441879,-;-;-,741,671,671,671,683,673,668,667,668,673
GENE.1114,chr5,444260,445579,+,1320,4310,4310,4310,4320,4312,4295,4299,4295,4312
GENE.1115,chr5,445983,448502,-,2520,912,912,913,912,915,897,910,897,915
GENE.1116,chr5,451355,451434,+,80,0,0,0,0,1,0,0,0,1
GENE.1117,chr5,459301,460344,+,1044,2860,2860,2860,2862,2864,2837,2840,2837,2864
GENE.1118,chr5;chr5;chr5;chr5;chr5;chr5;chr5;chr5;chr5;chr5;chr5;chr5,461017;461534;461814;462110;462319;462538;463327;463584;463781;464009;464167;464319,461317;461649;461965;462195;462392;463177;463487;463673;463868;464090;464224;464399,+;+;+;+;+;+;+;+;+;+;+;+,1929,1929,1929,1929,1953,1939,1945,1926,1945,1939
GENE.1119,chr5,465782,465939,+,158,0,0,0,0,0,0,0,0,0
GENE.112,chr1;chr1;chr1,78241;79257;79526,79254;79523;79891,+;+;+,1647,2382,2990,3182,3506,3270,3342,1277,3342,3270
GENE.1120,chr5,467585,468100,-,516,504,504,504,506,504,504,504,504,504
GENE.1121,chr5;chr5,469276;469565,469357;469842,+;+,360,6,6,6,6,6,6,6,6,6
GENE.1122,chr5;chr5,471055;472301,472146;474058,+;+,2850,0,0,0,0,0,0,0,0,0
GENE.1123,chr5;chr5,474487;478833,478690;478882,-;-,4254,0,0,0,0,1,0,0,0,1
GENE.1124,chr5,481423,482568,+,1146,1424,1424,1424,1424,1428,1422,1423,1422,1428
GENE.1125,chr5,486602,516787,+,30186,60904,60904,60920,61024,61476,60065,61674,60049,61472
GENE.1126,chr5,517259,517885,-,627,314,314,315,320,314,313,260,313,314
GENE.1127,chr5;chr5;chr5;chr5,519129;519478;519718;519911,519293;519600;519801;520078,+;+;+;+,540,86,86,86,88,87,85,86,85,87
GENE.1128,chr5;chr5,520720;521655,521495;522693,-;-,1815,673,673,673,675,687,671,673,671,687
GENE.1129,chr5,525026,527218,+,2193,0,1,1,0,1,0,3,0,1
GENE.113,chr1;chr1,81765;83053,82820;83106,-;-,1110,0,149,145,160,149,142,2,142,149
GENE.1130,chr5;chr5;chr5;chr5;chr5,527639;527893;528161;528393;528619,527693;527963;528285;528453;528666,+;+;+;+;+,360,25,25,27,25,26,25,25,25,26
GENE.1131,chr5;chr5,528846;529099,528921;529409,-;-,387,1,1,1,1,1,1,1,1,1
GENE.1132,chr5,529934,531901,-,1968,23024,23024,23024,23032,23041,22870,22915,22870,23041
GENE.1133,chr5,533556,534338,-,783,240,240,240,240,240,240,240,240,240
GENE.1134,chr5,536273,536977,+,705,1680,1680,1680,1688,1682,1670,1678,1670,1682
GENE.1135,chr5;chr5;chr5;chr5,539731;539905;540288;540533,539811;540081;540422;542593,-;-;-;-,2454,4739,4739,4739,4759,4745,4716,4671,4716,4745
GENE.1136,chr5;chr5;chr5;chr5;chr5;chr5,544540;544791;545126;545312;545507;545714,544553;544863;545221;545375;545582;545993,+;+;+;+;+;+,603,1148,1148,1148,1198,1148,1185,1143,1185,1148
GENE.1137,chr5,546734,547579,-,846,1210,1210,1210,1214,1214,1209,1210,1209,1214
GENE.1138,chr5,548406,553340,-,4935,5538,5538,5539,5820,5549,5528,5493,5528,5549
GENE.1139,chr5,553990,554787,+,798,744,744,744,746,747,742,743,742,747
GENE.114,chr1;chr1;chr1,84791;85389;85880,85387;85877;86152,-;-;-,1359,940,2430,3340,3490,2817,3468,544,3468,2817
GENE.1140,chr5,555264,556073,+,810,380,380,380,382,383,380,380,380,383
GENE.1141,chr5;chr5;chr5,557039;557180;557889,557103;557746;558012,-;-;-,756,1536,1536,1536,1550,1537,1531,1535,1531,1537
GENE.1142,chr5;chr5;chr5;chr5,559513;560974;568175;568343,560685;567971;568253;568384,+;+;+;+,8292,10695,10595,10731,10817,10853,10702,10777,10702,10853
GENE.1143,chr5,569182,569919,-,738,0,0,0,0,0,0,0,0,0
GENE.1144,chr5;chr5;chr5;chr5;chr5;chr5,571058;571547;571946;572187;572421;572610,571315;571822;572038;572285;572503;572661,-;-;-;-;-;-,861,0,0,0,0,1,0,0,0,1
GENE.1145,chr5;chr5,573588;573958,573671;574248,+;+,375,7,7,7,7,8,7,7,7,8
GENE.1146,chr5;chr5,574941;575870,575646;578505,-;-,3342,0,0,0,0,2,0,0,0,2
GENE.1147,chr5;chr5,581227;582525,581834;584124,+;+,2208,0,0,0,0,2,0,0,0,2
GENE.1148,chr5,585357,585980,-,624,2002,2002,2002,2012,2005,1996,1996,1996,2005
GENE.1149,chr5;chr5,587752;588534,588354;588677,+;+,747,1546,1546,1546,1564,1546,1531,1528,1531,1546
GENE.115,chr1;chr1,87203;88109,88003;88177,-;-,870,1820,2168,2156,2436,2190,2165,1264,2165,2190
GENE.1150,chr5;chr5;chr5;chr5;chr5,588921;589187;590296;590508;590732,588991;590150;590407;590585;590769,-;-;-;-;-,1263,0,0,0,0,1,0,0,0,1
GENE.1151,chr5,591338,595663,-,4326,11630,11630,11632,11792,11724,11429,11135,11429,11724
GENE.1152,chr5,596818,599421,+,2604,0,0,0,0,1,0,0,0,1
GENE.1153,chr5,600047,603433,+,3387,0,0,0,0,7,0,68,0,7
GENE.1154,chr5,603951,604023,-,73,0,0,0,0,0,0,0,0,0
GENE.1155,chr5;chr5;chr5;chr5;chr5;chr5,605027;605225;605484;605681;605831;606147,605099;605318;605552;605723;606015;606330,-;-;-;-;-;-,648,413,412,413,428,413,425,415,425,413
GENE.1156,chr5;chr5;chr5;chr5;chr5,607105;607396;607758;608028;608428,607209;607647;607925;608189;608451,-;-;-;-;-,711,0,0,0,0,7,0,0,0,7
GENE.1157,chr5,610089,614771,+,4683,6368,6374,6371,6372,6441,6167,6531,6137,6441
GENE.1158,chr5,615282,617993,-,2712,31948,31948,31948,31976,32046,31799,31096,31799,32046
GENE.1159,chr5,618629,619945,+,1317,3366,3366,3366,3374,3368,3357,3415,3357,3368
GENE.116,chr1;chr1,90242;91352,91204;91420,-;-,1032,2793,2793,2793,2795,2795,2784,2788,2784,2795
GENE.1160,chr5,620810,623356,-,2547,0,0,0,0,4,0,0,0,4
GENE.1161,chr5;chr5;chr5,624719;624927;625168,624801;624996;626481,-;-;-,1467,0,0,0,0,1,0,0,0,1
GENE.1162,chr5;chr5,627298;627835,627599;627961,+;+,429,409,409,409,413,409,406,409,406,409
GENE.1163,chr5,628981,635382,+,6402,2426,2426,2428,2436,2434,2416,2438,2416,2434
GENE.1164,chr5;chr5;chr5;chr5;chr5;chr5,637354;637474;637632;637821;638164;638411,637367;637516;637696;637951;638225;640381,+;+;+;+;+;+,2286,3159,3159,3159,3187,3167,3166,3188,3166,3165
GENE.1165,chr5;chr5;chr5;chr5,641137;641777;642798;643318,641556;642512;643156;644685,-;-;-;-,2883,4789,4789,4789,4814,4837,4742,4794,4742,4837
GENE.1166,chr5;chr5;chr5;chr5;chr5;chr5;chr5;chr5;chr5;chr5,646659;647065;647236;647536;647777;648068;649880;650893;651685;651847,646936;647116;647329;647626;647848;649584;650505;651600;651739;652106,+;+;+;+;+;+;+;+;+;+,3753,0,0,0,0,8,1,0,1,8
GENE.1167,chr5,653966,655336,-,1371,812,812,812,812,814,809,811,809,814
GENE.1168,chr5,658423,658677,-,255,0,0,0,0,0,0,0,0,0
GENE.1169,chr5,660150,661136,-,987,0,0,0,0,0,0,0,0,0
GENE.117,chr1;chr1;chr1,93113;93594;93689,93591;93686;93875,-;-;-,759,1224,1224,1224,1234,1228,1098,1212,1098,1228
GENE.1170,chr5;chr5,663551;666819,666706;666917,+;+,3255,25892,25892,25893,25948,25931,25833,25852,25833,25931
GENE.1171,chr5;chr5,667486;674524,674350;674861,+;+,7203,25869,25869,25873,26215,25941,25741,26065,25739,25941
GENE.1172,chr5;chr5;chr5,675809;676023;676443,675914;676200;676614,-;-;-,456,38,38,38,40,38,38,36,38,38
GENE.1173,chr5,678910,680955,+,2046,3944,3944,3944,4122,3965,4306,3933,3412,3949
GENE.1174,chr5,681430,682437,-,1008,0,0,0,0,1,0,0,0,1
GENE.1175,chr5;chr5;chr5;chr5;chr5;chr5,683708;684014;684254;684458;684669;685727,683807;684084;684357;684518;685528;685859,+;+;+;+;+;+,1329,5931,5929,5931,6012,5934,5915,5921,5915,5934
GENE.1176,chr5,686810,691642,-,4833,0,0,0,0,3,0,0,0,3
GENE.1177,chr5;chr5;chr5,694492;694773;695311,694616;695178;698778,+;+;+,3999,0,0,0,0,1,0,193,0,1
GENE.1178,chr5,700120,707256,-,7137,18566,18566,18611,18790,18849,18351,18000,18351,18849
GENE.1179,chr5;chr5,712762;713754,713525;713772,-;-,783,252,252,252,252,259,220,251,220,259
GENE.118,chr1;chr1;chr1;chr1,95050;95168;95205;95813,95166;95203;95810;95899,+;+;+;+,846,0,0,0,0,1,0,0,0,1
GENE.1180,chr5;chr5,715765;716639,716225;716675,-;-,498,853,853,853,865,853,840,843,840,853
GENE.1181,chr5,718425,719855,-,1431,444,444,445,444,454,430,440,430,454
GENE.1182,chr5,720743,722641,-,1899,3640,3640,3640,3644,3653,3563,3620,3563,3653
GENE.1183,chr5;chr5,724681;725229,725054;725751,-;-,897,1798,1798,1798,1810,1821,1789,1793,1789,1821
GENE.1184,chr5;chr5;chr5,731407;734832;735083,734613;734970;735162,+;+;+,3426,4927,4927,4928,4951,4931,4907,4929,4907,4931
GENE.1185,chr5,735887,738400,-,2514,0,0,0,0,4,0,0,0,4
GENE.1186,chr5,740156,741034,-,879,64,64,64,64,64,62,64,62,64
GENE.1187,chr5,743179,745329,+,2151,7672,7672,7672,7674,7733,7499,7640,7499,7733
GENE.1188,chr5;chr5,745798;746566,746445;746634,-;-,717,258,258,258,258,258,258,256,258,258
GENE.1189,chr5;chr5,747795;749358,749157;749677,-;-,1683,0,0,0,0,2,0,0,0,2
GENE.119,chr1;chr1,98819;99220,99013;102282,+;+,3258,0,2,0,10,7,2,3,2,7
GENE.1190,chr5;chr5;chr5;chr5;chr5;chr5,750661;751063;751510;751881;752071;752380,750730;751364;751718;751962;752164;752435,+;+;+;+;+;+,813,0,0,0,0,0,0,0,0,0
GENE.1191,chr5;chr5,753298;757326,757218;757544,+;+,4140,3814,3814,3814,3858,3835,3783,3888,3697,3833
GENE.1192,chr5,758503,758898,-,396,0,0,0,0,1,0,0,0,1
GENE.1193,chr5;chr5;chr5;chr5,759831;760396;760579;760886,760262;760465;760686;760998,-;-;-;-,723,1249,1249,1249,1263,1249,1245,1245,1245,1249
GENE.1194,chr5,762103,762792,-,690,624,624,624,624,625,620,620,620,625
GENE.1195,chr5,763532,766903,-,3372,2252,2252,2252,2262,2271,2244,2204,2244,2271
GENE.1196,chr5,769310,773140,+,3831,0,0,0,0,0,0,13,0,0
GENE.1197,chr5;chr5;chr5;chr5;chr5,774075;776973;777406;777811;778110,776765;777209;777663;777980;780438,-;-;-;-;-,5685,20797,20797,20900,21417,21183,21040,19936,21033,21183
GENE.1198,chr5;chr5;chr5;chr5;chr5;chr5;chr5,783638;783762;783974;784193;784322;784540;784719,783654;783894;784039;784209;784411;784555;784991,-;-;-;-;-;-;-,612,0,0,0,0,0,0,0,0,0
GENE.1199,chr5;chr5;chr5,785664;786065;786312,785940;786118;786565,-;-;-,585,0,0,0,0,4,0,0,0,4
GENE.12,chrM,1516,1630,+,115,0,0,0,0,0,0,0,0,0
GENE.120,chr1;chr1,104704;104928,104775;105209,+;+,354,9,9,9,9,9,9,9,9,9
GENE.1200,chr5,788599,789480,+,882,0,0,0,0,0,0,0,0,0
GENE.1201,chr5,790399,790773,+,375,0,0,0,0,0,0,0,0,0
GENE.1202,chr5;chr5;chr5;chr5;chr5,791719;791916;792211;792420;792867,791786;792036;792290;792578;792936,-;-;-;-;-,498,0,0,0,0,2,0,0,0,2
GENE.1203,chr5,795527,797473,+,1947,1924,1924,1924,1930,1929,1900,1921,1900,1929
GENE.1204,chr5;chr5,798036;798422,798083;798775,-;-,402,472,470,472,479,474,383,472,383,474
GENE.1205,chr5;chr5,801450;802624,802412;809127,-;-,7467,3724,3724,3732,3750,3752,3657,3608,3644,3752
GENE.1206,chr5,812648,814915,+,2268,0,0,0,0,0,0,26,0,0
GENE.1207,chr5;chr5;chr5,817066;818542;819005,817171;818879;819139,+;+;+,579,0,0,0,0,0,0,0,0,0
GENE.1208,chr5;chr5,820719;821525,821341;822908,-;-,2007,0,0,0,0,2,0,0,0,2
GENE.1209,chr5,825835,827412,-,1578,558,558,558,558,558,555,540,555,558
GENE.121,chr1,107197,108348,-,1152,6610,6610,6610,6642,6627,6573,6548,6573,6627
GENE.1210,chr5;chr5;chr5,828953;829232;829445,829015;829299;829883,+;+;+,570,183,183,183,185,184,183,183,183,184
GENE.1211,chr5;chr5;chr5;chr5;chr5;chr5,831617;833321;833542;833708;834089;834308,833152;833446;833605;833976;834178;834343,+;+;+;+;+;+,2121,0,0,7,0,2,11,0,11,2
GENE.1212,chr5,835314,837407,-,2094,0,0,0,0,0,0,0,0,0
GENE.1213,chr5;chr5;chr5,838428;838552;838940,838430;838716;839083,+;+;+,312,11,11,11,14,18,11,11,11,18
GENE.1214,chr5,839655,840560,-,906,766,766,767,770,767,766,766,766,767
GENE.1215,chr5,841723,842655,-,933,122,122,122,122,125,122,122,122,125
GENE.1216,chr5;chr5;chr5;chr5;chr5,843586;843870;844108;844367;844813,843685;843979;844211;844506;844817,-;-;-;-;-,459,327,327,327,339,327,326,326,326,327
GENE.1217,chr5,845843,848767,-,2925,0,0,0,0,1,0,0,0,1
GENE.1218,chr5,849862,856026,-,6165,37678,37678,37679,37822,37963,37051,37606,37051,37963
GENE.1219,chr5,857038,858477,+,1440,756,756,756,756,765,749,755,749,765
GENE.122,chr1;chr1;chr1;chr1,110750;110962;111167;111338,110823;111050;111245;115799,-;-;-;-,4704,1778,1778,1778,1786,1795,1764,1773,1764,1795
GENE.1220,chr5;chr5,859373;860891,860756;861063,-;-,1557,0,0,0,0,0,0,0,0,0
GENE.1221,chr5;chr5;chr5;chr5;chr5;chr5;chr5;chr5,861930;862139;862319;862547;863814;864595;864885;866753,862021;862216;862451;863666;864359;864800;866459;867583,-;-;-;-;-;-;-;-,4581,0,0,1,0,0,0,0,0,0
GENE.1222,chr5,868892,869878,+,987,1602,1602,1602,1614,1612,1552,1587,1552,1612
GENE.1223,chr5;chr5;chr5,870184;870362;870653,870240;870424;874570,-;-;-,4038,34890,34882,34897,35092,34931,34734,34533,34734,34931
GENE.1224,chr5,875873,877561,-,1689,0,0,0,0,1,0,0,0,1
GENE.1225,chr5;chr5,878068;878628,878396;879762,+;+,1464,6638,6638,6638,6684,6647,6621,6624,6621,6647
GENE.1226,chr5,880065,880355,-,291,0,0,0,0,1,0,0,0,1
GENE.1227,chr5,882376,884901,+,2526,6598,6598,6598,6604,6617,6560,6662,6560,6617
GENE.1228,chr5;chr5;chr5;chr5;chr5;chr5,885714;886078;887510;887689;887920;888166,885965;887423;887581;887799;887979;888232,+;+;+;+;+;+,1908,11758,11758,11758,11870,11771,11807,11746,11807,11771
GENE.1229,chr5;chr5;chr5;chr5;chr5;chr5,888657;888961;893912;894175;894520;895118,888683;893787;894072;894285;894694;895144,+;+;+;+;+;+,5328,8770,8802,8857,9154,9082,8972,8725,8972,9082
GENE.123,chr1;chr1;chr1,119041;119272;121148,119121;120981;121249,-;-;-,1893,444,444,444,444,454,442,442,442,454
GENE.1230,chr5;chr5;chr5;chr5,896018;896283;896541;896875,896098;896345;896654;896940,+;+;+;+,324,1,1,1,1,1,1,1,1,1
GENE.1231,chr5,897465,899756,-,2292,9780,9780,9780,9800,9792,9764,9757,9764,9792
GENE.1232,chr5;chr5;chr5;chr5,901414;901633;901880;902072,901482;901740;901951;902173,+;+;+;+,351,0,0,0,0,0,0,0,0,0
GENE.1233,chr5;chr5;chr5;chr5;chr5;chr5;chr5;chr5;chr5;chr5,902613;902805;903098;903314;903645;903865;904077;904320;904543;904809,902672;902883;903196;903432;903759;903904;904139;904428;904647;904844,-;-;-;-;-;-;-;-;-;-,825,2418,2418,2418,2470,2514,2385,2413,2385,2514
GENE.1234,chr5;chr5;chr5;chr5,907837;908163;909000;928429,907944;908832;928258;936315,+;+;+;+,27924,13812,13812,13818,13822,13930,13701,14141,13701,13930
GENE.1235,chr5;chr5;chr5,937231;937580;937930,937449;937753;938037,+;+;+,501,236,236,236,238,236,236,236,236,236
GENE.1236,chr5,940249,941700,+,1452,1052,1052,1052,1054,1052,1045,1047,1045,1052
GENE.1237,chr5;chr5;chr5;chr5;chr5,942767;943074;943219;943445;943816,942953;943123;943320;943581;943873,+;+;+;+;+,534,0,0,2,0,0,0,0,0,0
GENE.1238,chr5;chr5;chr5,944184;944403;944715,944237;944575;944931,-;-;-,444,846,846,846,875,848,840,845,840,848
GENE.1239,chr5,948951,953609,+,4659,3370,3370,3370,3388,3375,3329,3441,3329,3375
GENE.124,chr1;chr1,124517;124726,124588;125484,+;+,831,0,0,0,0,0,0,0,0,0
GENE.1240,chr5,957890,962149,+,4260,7350,7350,7350,7354,7402,7310,7330,7310,7402
GENE.1241,chr5;chr5,963227;964672,964458;965044,-;-,1605,2514,2514,2514,2546,2521,2488,2500,2488,2521
GENE.1242,chr5;chr5,966123;969604,969294;969737,+;+,3306,7250,7250,7250,7270,7258,7173,7270,7173,7258
GENE.1243,chr5;chr5;chr5,970266;970624;970841,970496;970663;970962,-;-;-,393,0,0,0,0,2,0,0,0,2
GENE.1244,chr5;chr5;chr5;chr5,973518;973945;974124;975843,973526;973993;975633;975876,+;+;+;+,1602,1748,1748,1748,1750,1775,1650,1739,1650,1775
GENE.1245,chr5;chr5;chr5;chr5;chr5;chr5,976690;976926;977231;977466;977620;977798,976772;977000;977309;977500;977671;977815,-;-;-;-;-;-,342,33,33,33,33,33,33,33,33,33
GENE.1246,chr5;chr5;chr5;chr5;chr5,978665;979026;979321;979560;979694,978816;979154;979447;979598;979870,+;+;+;+;+,624,221,221,221,221,222,221,221,221,222
GENE.1247,chr5;chr5,980754;985131,984936;985354,-;-,4407,5590,5590,5590,5592,5595,5575,5589,5575,5595
GENE.1248,chr5,990005,992059,+,2055,1102,1102,1103,1104,1111,1098,1147,1098,1111
GENE.1249,chr5;chr5;chr5,993433;994074;994591,993885;994215;994607,-;-;-,612,943,943,943,947,945,937,935,937,945
GENE.125,chr1,126318,128141,-,1824,0,0,0,0,0,0,1,0,0
GENE.1250,chr5,998753,1002124,+,3372,11890,11890,11890,11898,11895,11866,11869,11866,11895
GENE.1251,chr5;chr5,1004237;1008003,1007862;1008108,+;+,3732,2328,2328,2328,2336,2355,2293,2342,2293,2355
GENE.1252,chr5;chr5;chr5,1008636;1008954;1009173,1008799;1009022;1009404,-;-;-,465,111,111,111,115,111,110,111,110,111
GENE.1253,chr5,1010951,1012171,-,1221,404,404,404,404,406,402,402,402,406
GENE.1254,chr5,1013453,1014550,-,1098,0,0,0,0,1,0,0,0,1
GENE.1255,chr5,1016198,1016569,+,372,0,0,0,0,0,0,0,0,0
GENE.1256,chr5,1017809,1018582,+,774,1612,1612,1612,1620,1613,1609,1610,1609,1613
GENE.1257,chr5,1019585,1019902,-,318,0,0,0,0,0,0,0,0,0
GENE.1258,chr5;chr5,1021408;1024047,1023249;1024307,-;-,2103,1630,1630,1630,1630,1632,1626,1628,1626,1632
GENE.1259,chr5,1027396,1030362,+,2967,49678,49678,49677,49770,49709,49451,49483,49451,49709
GENE.126,chr1,128960,130840,-,1881,454,454,462,454,458,454,454,454,458
GENE.1260,chr5,1036229,1038343,+,2115,0,0,0,0,1,0,4,0,1
GENE.1261,chr5,1041745,1043766,+,2022,15132,15132,15132,15134,15148,15104,15110,15104,15148
GENE.1262,chr5;chr5;chr5,1045462;1051005;1051210,1050875;1051096;1051253,+;+;+,5550,16072,16072,16101,18052,16299,16041,16054,16033,16299
GENE.1263,chr5,1052468,1053913,-,1446,568,568,568,572,576,555,547,555,576
GENE.1264,chr5,1057651,1059054,+,1404,504,504,504,504,506,503,504,503,506
GENE.1265,chr5,1059918,1065509,-,5592,0,0,2,0,11,0,96,0,11
GENE.1266,chr5;chr5,1066526;1066751,1066619;1067712,-;-,1056,326,326,326,332,328,326,326,326,328
GENE.1267,chr5;chr5,1068516;1069142,1068767;1069285,+;+,396,0,0,0,0,1,0,0,0,1
GENE.1268,chr5,1071247,1072149,+,903,494,494,494,494,498,493,493,493,498
GENE.1269,chr5;chr5;chr5;chr5;chr5;chr5;chr5;chr5,1073646;1073966;1074276;1074513;1074765;1075043;1075348;1075588,1073746;1074038;1074372;1074647;1074907;1075177;1075467;1075644,+;+;+;+;+;+;+;+,861,53,53,53,53,53,52,53,52,53
GENE.127,chr1;chr1;chr1;chr1;chr1;chr1;chr1,132086;132281;132481;132693;133017;133285;133513,132153;132355;132597;132929;133115;133356;133624,-;-;-;-;-;-;-,780,0,0,0,0,0,0,0,0,0
GENE.1270,chr5,1075913,1078333,-,2421,0,0,0,0,0,0,6,0,0
GENE.1271,chr5,1079779,1081008,+,1230,0,0,0,0,0,0,0,0,0
GENE.1272,chr5;chr5;chr5;chr5;chr5;chr5,1081558;1082722;1082887;1083057;1083410;1083583,1082560;1082787;1082920;1083145;1083504;1083816,-;-;-;-;-;-,1521,12254,12252,12254,12842,12252,12295,12156,12295,12252
GENE.1273,chr5;chr5;chr5;chr5;chr5;chr5,1081558;1082722;1082887;1083057;1083410;1083583,1082560;1082784;1082920;1083145;1083504;1083816,-;-;-;-;-;-,1518,12254,12252,12254,12842,12252,12295,12156,12295,12252
GENE.1274,chr5,1085623,1086594,-,972,212,212,212,212,214,210,212,210,214
GENE.1275,chr5,1088423,1089508,+,1086,0,0,0,0,2,0,0,0,2
GENE.1276,chr5,1090930,1095084,+,4155,2444,2444,2446,2572,2453,2446,2511,2446,2453
GENE.1277,chr5,1101203,1114777,+,13575,7974,8086,8703,12684,10253,9916,8087,9488,9839
GENE.1278,chr5,1117261,1119651,-,2391,5054,5054,5056,5086,5074,5009,4960,5009,5074
GENE.1279,chr5,1120704,1121810,-,1107,0,0,0,0,1,0,0,0,1
GENE.128,chr1,134353,139257,-,4905,13592,13592,13593,13598,13734,13376,13621,13376,13734
GENE.1280,chr5;chr5;chr5;chr5,1123610;1123901;1124084;1124452,1123790;1123978;1124325;1124595,+;+;+;+,645,398,398,398,406,398,398,398,398,398
GENE.1281,chr5;chr5,1125099;1125402,1125242;1128146,-;-,2889,0,0,2,0,7,0,0,0,7
GENE.1282,chr5;chr5;chr5;chr5,1129959;1130279;1130488;1130700,1130180;1130373;1130574;1130754,-;-;-;-,459,321,321,321,321,321,320,321,320,321
GENE.1283,chr5;chr5,1132937;1134754,1134653;1134854,-;-,1818,1606,1606,1606,1608,1620,1598,1603,1598,1620
GENE.1284,chr5;chr5;chr5,1135976;1136680;1137723,1136499;1136991;1137870,-;-;-,984,6111,6109,6111,6155,6111,6089,6093,6089,6111
GENE.1285,chr5,1140627,1141154,+,528,476,476,476,476,476,476,476,476,476
GENE.1286,chr5;chr5,1143618;1144002,1143636;1145359,+;+,1377,0,0,0,0,4,0,0,0,4
GENE.1287,chr5;chr5;chr5;chr5;chr5;chr5;chr5;chr5;chr5;chr5;chr5,1145857;1146009;1146277;1146486;1146716;1146976;1147657;1147835;1148045;1148368;1148733,1145881;1146181;1146356;1146524;1146790;1147538;1147721;1147926;1148166;1148423;1148810,-;-;-;-;-;-;-;-;-;-;-,1368,5832,5832,5832,5980,5833,5969,5819,5969,5833
GENE.1288,chr5,1150234,1150306,+,73,0,0,0,0,0,0,0,0,0
GENE.1289,chr5,1151227,1151309,-,83,0,0,0,0,0,0,0,0,0
GENE.129,chr1;chr1,140662;141340,141086;142219,-;-,1305,0,0,0,0,6,0,0,0,6
GENE.1290,chr5,1153676,1155673,+,1998,3720,3720,3722,3728,3726,3711,3709,3711,3726
GENE.1291,chr5,1156205,1156579,-,375,0,0,0,0,0,0,0,0,0
GENE.1292,chr5;chr5;chr5;chr5;chr5;chr5;chr5;chr5,1157840;1158044;1158278;1158480;1158750;1159010;1159201;1159399,1157899;1158160;1158385;1158614;1158820;1159071;1159282;1161553,-;-;-;-;-;-;-;-,2790,0,0,0,0,1,0,0,0,1
GENE.1293,chr5;chr5,1163408;1164974,1164862;1165072,-;-,1554,4789,4789,4788,4929,4849,4759,4780,4759,4849
GENE.1294,chr5,1166520,1168010,-,1491,396,396,396,396,399,394,394,394,399
GENE.1295,chr5;chr5;chr5;chr5;chr5;chr5;chr5;chr5,1171659;1171942;1172347;1172578;1173221;1173405;1173608;1173790,1171775;1172217;1172411;1172992;1173315;1173477;1173686;1173890,+;+;+;+;+;+;+;+,1221,622,622,622,630,622,623,620,623,622
GENE.1296,chr5;chr5;chr5;chr5;chr5;chr5;chr5;chr5;chr5;chr5,1174907;1175100;1175313;1175531;1175685;1176050;1176313;1176499;1176714;1177058,1174994;1175212;1175399;1175592;1175897;1176116;1176405;1176592;1176810;1177067,+;+;+;+;+;+;+;+;+;+,924,780,780,780,827,780,794,779,794,780
GENE.1297,chr5,1176969,1177286,-,318,9,9,7,8,7,9,9,9,7
GENE.1298,chr5,1178276,1178890,-,615,0,0,0,0,0,0,0,0,0
GENE.1299,chr5,1180425,1182038,-,1614,2800,2800,2800,2804,2813,2768,2791,2768,2813
GENE.13,chrM,1650,1688,+,39,0,0,0,0,0,0,0,0,0
GENE.130,chr1,143640,146396,-,2757,142,142,143,142,147,142,144,142,147
GENE.1300,chr5;chr5;chr5;chr5;chr5;chr5;chr5;chr5;chr5,1183916;1184085;1184330;1184617;1184916;1185109;1185278;1185421;1185595,1183987;1184221;1184381;1184749;1185028;1185155;1185307;1185478;1185639,-;-;-;-;-;-;-;-;-,687,859,859,859,959,867,856,857,856,867
GENE.1301,chr5,1186787,1188946,-,2160,1146,1146,1146,1148,1162,1142,1145,1142,1162
GENE.1302,chr5;chr5,1191000;1191162,1191030;1191682,-;-,552,176,176,176,176,176,176,176,176,176
GENE.1303,chr5;chr5;chr5;chr5;chr5;chr5,1192973;1193244;1193550;1193806;1194147;1195219,1193129;1193396;1193693;1193981;1195049;1195332,+;+;+;+;+;+,1647,2966,2966,2966,3000,2968,2955,2956,2955,2968
GENE.1304,chr5;chr5,1196315;1197297,1197061;1197389,+;+,840,2428,2428,2428,2432,2430,2422,2422,2422,2430
GENE.1305,chr5;chr5;chr5;chr5;chr5;chr5;chr5;chr5;chr5,1199165;1202021;1202212;1202823;1202996;1203617;1204009;1204576;1204771,1201856;1202083;1202607;1202875;1203469;1203805;1204374;1204674;1205187,+;+;+;+;+;+;+;+;+,4749,8813,8813,8813,8889,8830,8753,8813,8753,8830
GENE.1306,chr5;chr5;chr5;chr5;chr5;chr5;chr5;chr5;chr5;chr5,1199165;1202021;1202212;1202502;1202823;1202996;1203617;1204009;1204576;1204771,1201856;1202083;1202261;1202607;1202875;1203469;1203805;1204374;1204674;1205187,+;+;+;+;+;+;+;+;+;+,4509,8766,8765,8766,8841,8783,8705,8766,8705,8783
GENE.1307,chr5;chr5;chr5;chr5;chr5;chr5,1206473;1206700;1206947;1207138;1207371;1207598,1206550;1206779;1207044;1207271;1207438;1207679,+;+;+;+;+;+,540,0,0,0,0,1,0,0,0,1
GENE.1308,chr5,1208390,1208462,+,73,0,0,0,0,0,0,0,0,0
GENE.1309,chr5;chr5,1209006;1209232,1209095;1212102,-;-,2961,1432,1518,1756,2134,2092,1991,1427,1991,2092
GENE.131,chr1,147915,152777,-,4863,7730,7730,7801,8620,8099,8078,7700,7365,8097
GENE.1310,chr5;chr5,1213533;1215007,1214883;1219376,+;+,5721,32824,32824,32828,34408,32898,32703,32819,32679,32898
GENE.1311,chr5;chr5;chr5,1220777;1221398;1221930,1221242;1221723;1221992,-;-;-,855,325,325,325,325,333,313,325,313,333
GENE.1312,chr5,1224598,1224891,-,294,0,0,0,0,0,0,0,0,0
GENE.1313,chr5;chr5,1226883;1227383,1227185;1227757,+;+,678,460,460,460,466,460,457,458,457,460
GENE.1314,chr5,1229077,1230651,-,1575,2402,2402,2402,2404,2410,2337,2396,2337,2410
GENE.1315,chr5;chr5;chr5;chr5,1233401;1237588;1237778;1237971,1237462;1237659;1237868;1238086,+;+;+;+,4341,3398,3398,3399,3428,3405,3381,3424,3381,3405
GENE.1316,chr5,1238633,1243987,-,5355,0,0,3,0,1,0,0,0,1
GENE.1317,chr5;chr5;chr5;chr5;chr5,1244751;1247287;1247600;1247953;1248280,1247171;1247470;1247754;1248142;1248359,+;+;+;+;+,3030,0,0,0,0,4,0,0,0,4
GENE.1318,chr5;chr5,1248368;1248756,1248505;1249961,-;-,1344,2192,2192,2328,3266,2930,2875,2187,2875,2930
GENE.1319,chr5;chr5,1250737;1251692,1251489;1254190,+;+,3252,0,0,0,0,0,0,1,0,0
GENE.132,chr1;chr1;chr1;chr1;chr1;chr1;chr1,154176;156657;159141;159319;159556;159756;160088,156520;158966;159234;159431;159645;159936;160426,+;+;+;+;+;+;+,5472,25620,25620,25681,26336,25906,25689,25570,25689,25906
GENE.1320,chr5;chr5;chr5;chr5;chr5;chr5;chr5;chr5;chr5;chr5,1255221;1255600;1255866;1256078;1256194;1256335;1256515;1256785;1257054;1257227,1255298;1255651;1255948;1256120;1256261;1256404;1256643;1256926;1257125;1257254,+;+;+;+;+;+;+;+;+;+,765,33,33,33,35,33,35,33,35,33
GENE.1321,chr5,1257723,1265750,-,8028,16686,16686,16687,16708,16771,16506,16584,16506,16771
GENE.1322,chr5,1267410,1269539,+,2130,0,0,0,0,2,0,1,0,2
GENE.1323,chr5,1270388,1278484,-,8097,8142,8142,8142,8150,8197,8005,7992,8005,8197
GENE.1324,chr5,1279958,1280599,-,642,10,10,10,10,12,10,10,10,12
GENE.1325,chr5;chr5,1281289;1281429,1281350;1282254,+;+,888,0,0,0,0,0,0,0,0,0
GENE.1326,chr5,1282591,1286106,-,3516,10054,10054,10060,10078,10069,9998,10025,9998,10069
GENE.1327,chr5,1288559,1289308,+,750,0,0,0,0,0,0,1,0,0
GENE.1328,chr5,1289601,1291692,+,2092,4566,6338,6180,7020,6360,6260,1455,6260,6360
GENE.1329,chr5,1291693,1292051,+,359,0,0,0,0,0,0,0,0,0
GENE.133,chr1;chr1;chr1,161131;165553;166033,165282;165808;166229,+;+;+,4605,29205,29205,29205,29375,29220,29082,29131,29082,29220
GENE.1330,chr5,1292052,1292210,+,159,0,0,0,0,0,0,0,0,0
GENE.1331,chr5,1292211,1292409,+,199,0,0,0,0,0,0,0,0,0
GENE.1332,chr5,1292410,1296199,+,3790,31592,31584,30475,31708,31792,30133,11153,30133,31792
GENE.1333,chr5,1301224,1301769,+,546,0,0,0,0,0,0,0,0,0
GENE.1334,chr5;chr5,1303662;1304467,1304282;1304526,-;-,681,302,302,302,302,303,301,302,301,303
GENE.1335,chr5;chr5,1308278;1308612,1308478;1309940,+;+,1530,0,0,0,0,0,0,0,0,0
GENE.1336,chr5;chr5,1312471;1312766,1312668;1314154,+;+,1587,3190,3190,3190,3198,3192,3172,3182,3172,3190
GENE.1337,chr5;chr5,1316342;1316541,1316401;1316846,+;+,366,17,17,17,19,17,16,17,16,17
GENE.1338,chr5;chr5,1318531;1319155,1318941;1319229,-;-,486,43,43,43,44,44,43,43,43,44
GENE.1339,chr5;chr5,1322400;1322785,1322783;1323249,-;-,849,1088,1088,1088,1096,1090,1083,1085,1083,1090
GENE.134,chr1;chr1;chr1;chr1;chr1;chr1,166513;167658;168090;168305;168489;168626,167557;167926;168206;168362;168545;168687,+;+;+;+;+;+,1608,0,0,0,0,0,0,0,0,0
GENE.1340,chr5;chr5;chr5,1324239;1324789;1324926,1324787;1324923;1325027,-;-;-,786,0,0,0,0,0,0,0,0,0
GENE.1341,chr5;chr5,1326245;1326545,1326316;1327429,+;+,957,3097,3097,3097,3107,3099,3078,3091,3078,3099
GENE.1342,chr5;chr5,1329555;1329849,1329623;1330808,+;+,1029,613,613,613,615,613,612,614,612,613
GENE.1343,chr5,1333470,1342964,+,9495,0,0,0,0,6,0,0,0,6
GENE.1344,chr6,653,1432,-,780,0,0,0,0,0,0,0,0,0
GENE.1345,chr6;chr6,3503;11630,10936;12835,+;+,8640,0,0,0,0,1,0,0,0,1
GENE.1346,chr6;chr6,15065;16357,16126;16410,-;-,1116,118,125,121,121,128,133,122,133,128
GENE.1347,chr6;chr6,18586;19980,19821;22721,-;-,3978,3666,6266,6254,7406,6433,6255,1952,6255,6433
GENE.1348,chr6;chr6,26557;26766,26610;27830,+;+,1119,311,589,654,804,731,635,309,635,731
GENE.1349,chr6;chr6,29618;31413,30868;31484,-;-,1323,751,759,759,780,761,762,753,762,761
GENE.135,chr1;chr1;chr1;chr1;chr1;chr1;chr1;chr1;chr1;chr1,169079;169216;169400;169598;169821;170042;170405;170733;170956;171152,169126;169317;169455;169702;169890;170283;170606;170855;171028;171273,-;-;-;-;-;-;-;-;-;-,1143,1104,1103,1104,1140,1107,1110,1099,1110,1107
GENE.1350,chr6;chr6,31965;33191,32960;33244,-;-,1050,2431,2435,2431,2433,2437,2430,2421,2430,2437
GENE.1351,chr6;chr6;chr6,35355;35605;36527,35602;36355;36595,-;-;-,1068,1041,1041,1041,1043,1054,1026,1036,1026,1054
GENE.1352,chr6;chr6,38721;39710,39611;39781,-;-,963,2280,2280,2280,2314,2300,2259,2272,2259,2300
GENE.1353,chr6;chr6,42097;43150,42957;43218,-;-,930,0,3909,3993,4736,3958,3815,11,3815,3958
GENE.1354,chr6;chr6,44450;44593,44518;45216,+;+,693,572,2664,2612,2926,2696,2679,108,2679,2696
GENE.1355,chr6;chr6,47463;47626,47531;48261,+;+,705,1060,1106,1110,1130,1116,1097,853,1097,1116
GENE.1356,chr6,48874,49722,-,849,0,8456,7824,8802,8386,6763,48,6763,8386
GENE.1357,chr6,51351,52898,+,1548,0,506,745,884,736,816,10,816,736
GENE.1358,chr6;chr6,65788;67194,67107;67277,-;-,1404,1640,1638,1640,1642,1641,1632,619,1632,1641
GENE.1359,chr6,68833,69693,-,861,0,448,454,920,463,456,6,456,463
GENE.136,chr1,172864,174591,+,1728,560,560,560,560,561,560,876,560,561
GENE.1360,chr6;chr6,70948;71198,71079;71935,+;+,870,0,0,0,0,1,1,0,1,1
GENE.1361,chr6,74254,74362,-,109,0,0,0,0,0,0,0,0,0
GENE.1362,chr6;chr6,78190;78587,78378;78784,+;+,387,0,0,0,0,0,0,0,0,0
GENE.1363,chr6,82609,86922,-,4314,20242,20242,20243,20430,20301,20127,19421,20127,20301
GENE.1364,chr6;chr6,92506;96533,96422;96668,+;+,4053,1840,1840,1840,1844,1854,1828,1839,1828,1854
GENE.1365,chr6;chr6;chr6,97890;98624;98850,98428;98741;98951,+;+;+,759,2365,2365,2365,2399,2369,2362,2363,2362,2369
GENE.1366,chr6,99781,100725,+,945,0,0,0,0,0,0,0,0,0
GENE.1367,chr6;chr6;chr6;chr6,101385;101602;101820;102009,101464;101694;101907;104561,-;-;-;-,2814,0,0,0,0,6,0,0,0,6
GENE.1368,chr6,105503,106642,+,1140,0,0,0,0,0,0,0,0,0
GENE.1369,chr6;chr6;chr6;chr6;chr6,107037;107582;108163;108566;109057,107226;108060;108426;108918;111664,-;-;-;-;-,3894,765,765,765,771,767,762,752,762,767
GENE.137,chr1;chr1;chr1,175609;175834;175998,175666;175888;176376,+;+;+,492,0,0,0,0,1,0,0,0,1
GENE.1370,chr6,113824,115224,-,1401,180,180,180,180,181,179,180,179,181
GENE.1371,chr6,116084,118024,+,1941,7382,7382,7382,7428,7386,7372,7375,7372,7386
GENE.1372,chr6;chr6,118638;119224,119070;120203,-;-,1413,0,0,0,0,0,0,0,0,0
GENE.1373,chr6,122634,124412,+,1779,0,0,2,0,0,0,13,0,0
GENE.1374,chr6,125458,126816,-,1359,7192,7192,7193,7204,7318,7153,7147,7135,7318
GENE.1375,chr6,128621,130036,+,1416,0,0,0,0,2,0,0,0,2
GENE.1376,chr6,130329,132038,-,1710,1998,1998,1998,2006,2017,1973,1993,1973,2017
GENE.1377,chr6,133150,136461,-,3312,0,0,0,0,0,0,0,0,0
GENE.1378,chr6,139193,140518,+,1326,0,0,0,0,1,0,0,0,1
GENE.1379,chr6;chr6;chr6,141418;141832;146847,141570;146688;148943,-;-;-,7107,30239,30239,30242,30289,30367,30005,29940,30003,30367
GENE.138,chr1;chr1,178087;179190,178861;180790,+;+,2376,11037,11037,11037,11059,11045,11015,11020,11015,11045
GENE.1380,chr6,151055,152386,+,1332,2510,2510,2510,2510,2510,2503,2504,2503,2510
GENE.1381,chr6;chr6;chr6;chr6;chr6;chr6;chr6;chr6;chr6;chr6;chr6;chr6;chr6;chr6;chr6;chr6;chr6;chr6;chr6;chr6,152541;152721;153006;153195;153650;155602;156426;156699;156877;157115;157394;157665;158164;158463;158690;159045;159376;159572;159867;160165,152603;152884;153096;153443;155393;156331;156599;156796;156948;157292;157535;158016;158355;158560;158941;159268;159470;159708;160001;160455,-;-;-;-;-;-;-;-;-;-;-;-;-;-;-;-;-;-;-;-,5481,34841,34841,34842,35287,35098,34800,34483,34800,35098
GENE.1382,chr6,161254,162381,-,1128,0,1,0,0,0,0,2,0,0
GENE.1383,chr6,163828,169860,-,6033,42694,42694,42695,42756,42826,42424,42328,42424,42826
GENE.1384,chr6,171301,177240,-,5940,0,0,1,0,11,0,22,0,11
GENE.1385,chr6;chr6;chr6,180936;181194;181401,181071;181258;181481,+;+;+,282,0,0,0,0,0,0,0,0,0
GENE.1386,chr6,182216,184537,+,2322,0,0,0,0,0,0,72,0,0
GENE.1387,chr6;chr6;chr6;chr6,184892;185413;185613;185803,185244;185489;185678;185843,+;+;+;+,537,950,950,950,958,950,949,949,949,950
GENE.1388,chr6;chr6;chr6;chr6,189012;197547;197745;197947,197385;197591;197818;198078,+;+;+;+,8625,20125,20125,20126,20174,20213,20006,20902,20004,20213
GENE.1389,chr6;chr6,198862;201577,201221;204355,+;+,5139,15980,15980,15981,16139,16047,15769,15947,15769,16047
GENE.139,chr1,182822,184222,-,1401,326,326,326,326,326,325,325,325,326
GENE.1390,chr6;chr6;chr6;chr6;chr6;chr6,204640;204976;205228;205404;205604;205875,204804;205107;205293;205502;205732;206207,-;-;-;-;-;-,924,2617,2617,2617,2663,2688,2504,2607,2504,2688
GENE.1391,chr6,206855,211159,-,4305,9922,9922,9923,9924,9957,9754,9849,9754,9957
GENE.1392,chr6;chr6;chr6,212415;212618;212985,212472;212799;213032,-;-;-,288,8,8,8,8,8,8,8,8,8
GENE.1393,chr6,213558,214142,+,585,76,76,76,76,78,76,76,76,78
GENE.1394,chr6,217240,219507,+,2268,3386,3386,3387,3398,3393,3377,3449,3377,3393
GENE.1395,chr6;chr6;chr6;chr6;chr6;chr6,220407;220578;220742;221010;221225;221637,220445;220638;220869;221107;221351;221813,-;-;-;-;-;-,630,0,0,0,0,6,0,0,0,6
GENE.1396,chr6;chr6;chr6;chr6,222739;223050;223308;223507,222852;223144;223379;224287,+;+;+;+,1062,4408,4407,4408,4456,4504,4295,4392,4295,4504
GENE.1397,chr6,224613,225095,-,483,280,280,280,282,280,280,280,280,280
GENE.1398,chr6;chr6,225346;225689,225411;227446,-;-,1824,1793,1793,1793,1799,1794,1780,1781,1780,1794
GENE.1399,chr6;chr6;chr6;chr6;chr6;chr6;chr6,228132;233063;233313;233475;234080;234580;234779,232823;233205;233361;233754;234270;234654;234835,-;-;-;-;-;-;-,5487,8716,8716,8716,8732,8827,8693,8700,8693,8827
GENE.14,chrM,1697,1763,+,67,0,0,0,0,0,0,0,0,0
GENE.140,chr1;chr1;chr1,190269;197550;200891,197316;200661;201230,+;+;+,10500,16599,16599,16648,16935,16930,16394,16775,16322,16930
GENE.1400,chr6,236397,237251,+,855,0,0,1,0,1,0,1,0,1
GENE.1401,chr6,237811,244521,-,6711,0,0,0,0,25,1,0,1,25
GENE.1402,chr6;chr6;chr6;chr6;chr6,247640;248077;248336;248731;248999,247954;248204;248500;248836;249166,+;+;+;+;+,882,1978,1978,1978,2000,1978,1962,1967,1962,1978
GENE.1403,chr6,250612,253803,-,3192,6784,6784,6784,6806,6794,6734,6674,6734,6794
GENE.1404,chr6;chr6;chr6;chr6,257604;258097;258396;258718,257728;258319;258539;259974,+;+;+;+,1749,0,0,0,0,2,0,2,0,2
GENE.1405,chr6;chr6;chr6;chr6,261031;261388;261614;261869,261251;261496;261674;261945,-;-;-;-,468,1097,1097,1097,1140,1103,1119,1096,1119,1103
GENE.1406,chr6,262826,263194,+,369,0,0,0,0,1,0,0,0,1
GENE.1407,chr6;chr6;chr6;chr6;chr6,263936;264126;264304;264584;264775,264007;264187;264442;264632;264830,-;-;-;-;-,378,8,8,8,8,8,8,8,8,8
GENE.1408,chr6;chr6;chr6;chr6;chr6,265839;266045;266398;266807;267094,265925;266248;266655;266943;268399,-;-;-;-;-,1992,5127,5127,5127,5175,5146,5099,4996,5099,5146
GENE.1409,chr6;chr6,270332;270558,270371;277762,-;-,7245,7650,7650,7762,8976,8358,8253,7495,8177,8358
GENE.141,chr1,202536,204143,+,1608,0,0,0,0,1,0,0,0,1
GENE.1410,chr6;chr6;chr6;chr6,282049;286435;286738;286982,286263;286576;286883;287017,+;+;+;+,4539,0,0,1,0,16,0,69,0,16
GENE.1411,chr6,288377,289276,-,900,0,0,0,0,3,0,0,0,3
GENE.1412,chr6,290426,291085,-,660,90,90,90,90,90,89,90,89,90
GENE.1413,chr6,293864,296797,+,2934,0,0,0,0,9,0,9,0,9
GENE.1414,chr6;chr6;chr6;chr6;chr6;chr6;chr6;chr6;chr6;chr6;chr6;chr6;chr6;chr6;chr6;chr6,297941;298117;298364;298647;298881;299029;299287;299447;299642;299803;300038;300276;300462;300733;300936;301150,298020;298225;298531;298780;298932;299167;299362;299492;299691;299842;300109;300338;300615;300863;300992;301197,+;+;+;+;+;+;+;+;+;+;+;+;+;+;+;+,1419,0,0,0,0,3,0,0,0,3
GENE.1415,chr6;chr6,301874;303257,303129;303290,-;-,1290,208,208,208,208,209,209,208,209,209
GENE.1416,chr6;chr6,304638;304970,304806;306042,+;+,1242,927,927,927,927,952,917,915,917,952
GENE.1417,chr6;chr6;chr6;chr6;chr6;chr6;chr6;chr6;chr6;chr6;chr6;chr6;chr6,306384;306520;306730;306879;307050;307233;307524;307722;308041;308175;308425;308833;309377,306416;306585;306792;306935;307110;307367;307613;307794;308078;308282;308691;309158;309961,-;-;-;-;-;-;-;-;-;-;-;-;-,1902,0,0,0,0,0,0,0,0,0
GENE.1418,chr6,311550,313115,+,1566,8030,8030,8030,8048,8041,8002,8007,8002,8041
GENE.1419,chr6;chr6;chr6;chr6;chr6,313856;314032;314170;314409;314608,313908;314078;314284;314504;316882,-;-;-;-;-,2586,26244,26244,26250,26392,26383,26259,24563,26217,26383
GENE.142,chr1,204622,205455,-,834,3792,3792,3792,3800,3878,3756,3789,3756,3878
GENE.1420,chr6,320740,328998,+,8259,0,0,19,0,9,0,682,0,9
GENE.1421,chr6;chr6,329537;329954,329789;331725,-;-,2025,280,282,285,458,315,272,280,272,315
GENE.1422,chr6,332343,334934,+,2592,16564,16563,16561,16596,16628,16436,16586,16436,16628
GENE.1423,chr6;chr6;chr6;chr6;chr6;chr6;chr6;chr6;chr6;chr6;chr6;chr6,335107;335332;335546;335742;335908;336093;336252;336419;336531;336789;337004;337293,335252;335405;335647;335807;335974;336157;336320;336452;336636;336867;337157;337368,-;-;-;-;-;-;-;-;-;-;-;-,1038,1508,1509,1508,1560,1520,1505,1493,1505,1520
GENE.1424,chr6,337792,341760,+,3969,0,0,0,0,5,0,0,0,5
GENE.1425,chr6;chr6;chr6;chr6,341874;342095;342334;342730,341932;342187;342560;342821,-;-;-;-,471,0,0,0,0,0,0,0,0,0
GENE.1426,chr6,343212,347507,+,4296,7348,7348,7463,8266,7816,7638,7437,7638,7816
GENE.1427,chr6,348010,349371,+,1362,0,0,0,0,0,0,0,0,0
GENE.1428,chr6;chr6,349946;350228,349978;350515,-;-,321,0,0,0,0,1,1,0,1,1
GENE.1429,chr6;chr6,351780;352667,352378;352775,-;-,708,1305,1305,1305,1324,1306,1290,1301,1290,1306
GENE.143,chr1,206170,210189,+,4020,15424,15426,15464,15800,15731,15492,15452,15271,15719
GENE.1430,chr6;chr6,355229;355456,355259;356276,+;+,852,3123,3123,3123,3142,3126,3115,3119,3115,3126
GENE.1431,chr6;chr6,358391;360082,359900;360203,+;+,1632,5771,5771,5771,5809,5791,5737,5761,5737,5791
GENE.1432,chr6,362635,363879,+,1245,0,0,0,0,0,0,0,0,0
GENE.1433,chr6;chr6,365287;368415,368229;368459,+;+,2988,0,0,0,0,7,0,3,0,7
GENE.1434,chr6,370261,388494,+,18234,45874,45875,45879,45956,46038,45568,46236,45568,46036
GENE.1435,chr6;chr6;chr6;chr6;chr6;chr6;chr6,388915;389283;389448;389699;389906;390187;390339,389115;389347;389535;389817;390047;390238;390748,-;-;-;-;-;-;-,1077,0,0,0,0,1,0,0,0,1
GENE.1436,chr6;chr6,392991;393434,393210;394611,+;+,1398,0,0,0,0,0,0,0,0,0
GENE.1437,chr6;chr6,396242;399154,399069;399289,+;+,2964,0,0,0,0,0,0,116,0,0
GENE.1438,chr6,399813,401624,-,1812,0,0,0,0,0,0,0,0,0
GENE.1439,chr6;chr6;chr6;chr6;chr6;chr6;chr6;chr6;chr6;chr6,402722;402965;403254;403549;403790;404017;404251;404540;404888;405323,402817;403073;403349;403701;403889;404164;404386;404706;405166;407242,+;+;+;+;+;+;+;+;+;+,3204,7418,7418,7418,7488,7454,7409,7408,7409,7454
GENE.144,chr1,210870,213005,+,2136,6514,6514,6514,6524,6515,6494,6504,6494,6515
GENE.1440,chr6;chr6,408041;411493,411304;412002,+;+,3774,0,1,0,0,5,0,4,0,5
GENE.1441,chr6;chr6;chr6,413652;414124;419716,413949;419465;419781,+;+;+,5706,2276,2276,2276,2284,2301,2249,2281,2249,2301
GENE.1442,chr6;chr6;chr6;chr6,421157;421422;422198;422532,421270;421943;422325;422622,-;-;-;-,855,244,244,244,246,245,243,244,243,245
GENE.1443,chr6,425805,431858,+,6054,40474,40474,40476,41544,40801,39349,40361,39347,40801
GENE.1444,chr6;chr6;chr6,433008;433120;433589,433010;433468;434178,+;+;+,942,780,780,780,786,781,779,778,779,781
GENE.1445,chr6;chr6;chr6,434807;436118;436396,435969;436219;436465,-;-;-,1335,1569,1569,1569,1625,1619,1545,1524,1545,1619
GENE.1446,chr6,437663,440545,-,2883,0,0,0,0,1,0,0,0,1
GENE.1447,chr6,442806,443219,-,414,522,522,522,522,522,520,521,520,522
GENE.1448,chr6,444747,445157,+,411,472,472,472,474,472,471,472,471,472
GENE.1449,chr6;chr6,445761;446263,446031;446363,-;-,372,0,0,0,0,0,0,0,0,0
GENE.145,chr1,215776,217509,+,1734,822,822,822,822,828,816,821,816,828
GENE.1450,chr6;chr6;chr6,449291;450957;451417,450578;451165;451461,+;+;+,1542,1438,1437,1438,1442,1442,1434,1434,1434,1442
GENE.1451,chr6;chr6;chr6,452667;452870;453347,452701;452998;453446,+;+;+,264,18,18,18,19,18,18,18,18,18
GENE.1452,chr6,453671,455689,+,2019,1212,1212,1212,1212,1223,1198,1209,1198,1223
GENE.1453,chr6,456747,460589,-,3843,0,0,0,0,4,0,0,0,4
GENE.1454,chr6;chr6;chr6,463564;463823;464514,463700;464386;464676,-;-;-,864,8,8,8,8,8,8,8,8,8
GENE.1455,chr6,466198,466449,-,252,0,0,0,0,0,0,0,0,0
GENE.1456,chr6;chr6;chr6,467481;467861;468525,467679;468380;468642,+;+;+,837,57,56,56,57,57,56,56,56,57
GENE.1457,chr6;chr6;chr6,470049;470224;470894,470051;470732;471224,+;+;+,843,1963,1963,1968,1993,1967,1956,1959,1956,1967
GENE.1458,chr6,471658,474150,-,2493,21580,21580,21580,21604,21631,21393,21516,21393,21631
GENE.1459,chr6,482825,483907,-,1083,2626,2626,2626,2628,2652,2488,2621,2488,2652
GENE.146,chr1,218517,218824,-,308,0,0,0,0,0,0,0,0,0
GENE.1460,chr6,485114,487066,-,1953,0,0,0,0,7,0,0,0,7
GENE.1461,chr6;chr6;chr6,488579;488881;489285,488627;488984;489287,-;-;-,156,10,10,10,11,10,10,8,10,10
GENE.1462,chr6;chr6;chr6;chr6;chr6,490858;491071;491283;491578;491810,490959;491164;491429;491650;501140,-;-;-;-;-,9747,44278,44277,44301,46016,44544,44190,42788,44139,44509
GENE.1463,chr6;chr6;chr6,506380;506843;507160,506741;506972;507198,+;+;+,531,220,220,220,224,220,219,219,219,220
GENE.1464,chr6;chr6;chr6,507678;508022;508197,507784;508079;508286,-;-;-,255,3,3,3,5,3,3,3,3,3
GENE.1465,chr6,509160,511130,-,1971,1624,1624,1625,1626,1627,1621,1527,1621,1627
GENE.1466,chr6;chr6;chr6;chr6;chr6;chr6;chr6;chr6,512972;513288;513720;513882;514151;514397;514599;514794,513073;513598;513783;514032;514242;514469;514645;519548,-;-;-;-;-;-;-;-,5595,627,627,627,635,632,624,624,624,632
GENE.1467,chr6,520751,521107,+,357,0,0,0,0,0,0,0,0,0
GENE.1468,chr6,521228,521938,+,711,0,0,0,0,1,0,10,0,1
GENE.1469,chr6,522300,522665,-,366,0,0,0,0,0,0,0,0,0
GENE.147,chr1,218894,219223,-,330,0,0,1,0,0,0,0,0,0
GENE.1470,chr6,523657,525105,-,1449,0,0,4,0,1,0,0,0,1
GENE.1471,chr6,525987,527030,-,1044,1168,1168,1168,1168,1218,1158,1168,1158,1218
GENE.1472,chr6,528060,529175,-,1116,4908,4908,4911,4948,4915,4829,4326,4823,4915
GENE.1473,chr6,531126,533186,+,2061,1958,1958,1958,1972,1959,1952,1954,1952,1959
GENE.1474,chr6;chr6;chr6;chr6;chr6;chr6,533932;534221;534623;534929;535151;535333,533974;534254;534673;535038;535246;535364,-;-;-;-;-;-,366,0,0,0,0,0,0,0,0,0
GENE.1475,chr6;chr6;chr6;chr6;chr6,533932;534604;534929;535151;535333,533974;534673;535038;535246;535364,-;-;-;-;-,351,0,0,0,0,0,0,0,0,0
GENE.1476,chr6;chr6;chr6;chr6;chr6,533907;534623;534929;535151;535333,533974;534673;535038;535246;535364,-;-;-;-;-,357,0,0,0,0,0,0,0,0,0
GENE.1477,chr6;chr6;chr6;chr6,537778;538011;538366;538532,537840;538066;538429;538585,+;+;+;+,237,0,0,0,0,1,0,0,0,1
GENE.1478,chr6;chr6,539304;539532,539343;539674,+;+,183,0,0,0,0,0,0,0,0,0
GENE.1479,chr6;chr6;chr6;chr6,540077;544097;544425;544604,543921;544265;544484;544798,-;-;-;-,4269,10671,10672,10671,10825,10678,10668,10627,10668,10678
GENE.148,chr1,221202,221633,+,432,134,134,134,134,134,133,133,133,134
GENE.1480,chr6;chr6,546964;547304,547167;547741,+;+,642,164,164,164,164,164,164,164,164,164
GENE.1481,chr6,548280,552371,-,4092,20218,20394,20955,25238,24025,22614,19580,22133,23955
GENE.1482,chr6;chr6,554457;555314,554646;558228,+;+,3105,0,0,0,0,1,0,46,0,1
GENE.1483,chr6,559349,561460,-,2112,2912,2912,2912,2922,2917,2905,2870,2905,2917
GENE.1484,chr6;chr6;chr6,566139;575316;578038,574995;577832;578993,+;+;+,12330,5004,5006,5008,5064,5079,4925,5395,4925,5079
GENE.1485,chr6,579435,585896,-,6462,0,0,0,0,8,0,0,0,8
GENE.1486,chr6,587019,588635,-,1617,0,0,0,0,4,0,0,0,4
GENE.1487,chr6,589457,592264,-,2808,0,0,0,0,2,0,0,0,2
GENE.1488,chr6,593172,595904,-,2733,0,0,1,0,3,0,19,0,3
GENE.1489,chr6;chr6;chr6;chr6,597484;597805;598028;598286,597648;597877;598119;600517,-;-;-;-,2562,0,0,2,0,3,0,27,0,3
GENE.149,chr1,222254,223960,-,1707,964,964,969,964,966,961,961,961,966
GENE.1490,chr6,604573,605340,+,768,0,0,0,0,0,0,0,0,0
GENE.1491,chr6;chr6;chr6,606142;606868;607257,606581;606973;607259,-;-;-,549,0,0,0,0,0,0,0,0,0
GENE.1492,chr6,609258,611102,-,1845,2656,2656,2656,2666,2661,2648,2487,2648,2661
GENE.1493,chr6;chr6,612471;614341,614227;614398,+;+,1815,25154,25154,25155,25282,25182,25088,25242,25088,25182
GENE.1494,chr6,615297,616610,-,1314,0,0,0,0,0,0,0,0,0
GENE.1495,chr6;chr6;chr6,617762;618075;619335,617834;619090;621536,+;+;+,3291,0,0,1,0,0,0,64,0,0
GENE.1496,chr6,622272,622712,+,441,0,0,0,0,0,0,0,0,0
GENE.1497,chr6,623023,624321,-,1299,0,0,0,0,0,0,0,0,0
GENE.1498,chr6;chr6;chr6;chr6;chr6;chr6;chr6;chr6;chr6,625365;625642;626005;626107;626423;626683;627011;627293;627559,625517;625832;626023;626276;626552;626765;627176;627460;627612,+;+;+;+;+;+;+;+;+,1134,0,0,0,0,0,0,0,0,0
GENE.1499,chr6,627693,630317,-,2625,1366,1366,1379,1446,1423,1410,1300,1410,1423
GENE.15,chrM,1794,1829,+,36,0,0,0,0,0,0,0,0,0
GENE.150,chr1;chr1,225110;225764,225582;225779,-;-,489,551,551,551,551,570,545,548,545,570
GENE.1500,chr6;chr6;chr6;chr6;chr6;chr6;chr6;chr6;chr6,630956;631198;631366;631537;631700;631899;632051;632225;636545,631039;631254;631413;631593;631764;631950;632128;636343;640174,-;-;-;-;-;-;-;-;-,8190,0,0,0,0,9,0,49,0,9
GENE.1501,chr6,644052,646169,+,2118,8602,8602,8602,8678,8618,8507,8566,8507,8618
GENE.1502,chr6;chr6;chr6;chr6;chr6;chr6;chr6;chr6,646637;646851;647191;652067;654438;654736;655109;655539,646694;647070;651841;654289;654550;654850;655257;655596,-;-;-;-;-;-;-;-,7587,29566,29566,29613,30565,30137,29256,29435,29256,30137
GENE.1503,chr6;chr6;chr6;chr6;chr6;chr6;chr6,656376;656493;656710;656906;657078;657288;657542,656400;656557;656784;656983;657146;657351;657636,+;+;+;+;+;+;+,471,647,647,647,687,647,684,647,684,647
GENE.1504,chr6;chr6;chr6,657939;658383;661080,658256;660912;661789,-;-;-,3558,0,0,0,0,4,1,4,1,4
GENE.1505,chr6,662435,667855,-,5421,0,0,1,0,5,0,0,0,5
GENE.1506,chr6;chr6;chr6,669860;671375;671559,671233;671420;671632,+;+;+,1494,3553,3557,3648,4033,3914,3770,3544,3766,3914
GENE.1507,chr6;chr6,672119;672509,672316;672754,+;+,444,261,261,261,273,262,260,260,260,262
GENE.1508,chr6;chr6;chr6;chr6;chr6,674118;675723;675867;676124;676309,675620;675752;675989;676176;676375,+;+;+;+;+,1776,0,0,2,0,4,0,0,0,4
GENE.1509,chr6,676888,677571,-,684,1272,1272,1272,1282,1276,1091,1259,1091,1276
GENE.151,chr1;chr1,226681;227075,226892;227285,-;-,423,272,272,272,286,273,271,272,271,273
GENE.1510,chr6,678387,683429,+,5043,5440,5440,5440,5442,5449,5552,5837,5252,5449
GENE.1511,chr6,684742,688857,+,4116,0,0,0,0,0,0,28,0,0
GENE.1512,chr6,689254,691131,-,1878,866,866,866,874,867,865,827,865,867
GENE.1513,chr6,691769,693319,-,1551,7062,7062,7062,7084,7065,7043,6987,7043,7065
GENE.1514,chr6,695929,697494,+,1566,22,22,22,22,23,22,22,22,23
GENE.1515,chr6,699252,703217,+,3966,328,328,328,328,334,326,329,326,334
GENE.1516,chr6,704035,705168,-,1134,3296,3296,3296,3296,3300,3291,3292,3291,3300
GENE.1517,chr6;chr6;chr6;chr6;chr6;chr6;chr6,710059;712880;713559;713848;714153;714306;714489,712667;713422;713727;714048;714194;714364;714576,+;+;+;+;+;+;+,3711,0,0,3,0,1,0,311,0,1
GENE.1518,chr6;chr6;chr6;chr6,717050;717320;717946;718838,717154;717722;718698;718917,+;+;+;+,1341,3186,3186,3186,3206,3222,3170,3183,3170,3222
GENE.1519,chr6;chr6;chr6,720535;720802;721184,720645;720981;721312,+;+;+,420,0,0,0,0,1,0,0,0,1
GENE.152,chr1;chr1,226681;227075,226871;227285,-;-,402,272,272,272,286,273,271,272,271,273
GENE.1520,chr6;chr6,723117;725350,724160;731490,-;-,7185,0,0,0,0,6,2,3,2,6
GENE.1521,chr6,735368,736327,+,960,1878,1878,1878,1880,1884,1875,1875,1875,1884
GENE.1522,chr6;chr6,738259;739197,739098;739265,-;-,909,162,162,162,162,163,162,162,162,163
GENE.1523,chr6;chr6,741269;742332,742189;742406,-;-,996,3392,3392,3392,3396,3561,2993,3162,2993,3561
GENE.1524,chr6,748416,748814,-,399,0,0,0,0,0,0,0,0,0
GENE.1525,chr6,754395,754805,+,411,254,254,254,254,256,254,254,254,256
GENE.1526,chr6,758609,760996,+,2388,1676,1676,1676,1682,1684,1669,1687,1669,1684
GENE.1527,chr6,761939,764170,+,2232,24640,24640,24640,24728,24900,24179,24589,24179,24900
GENE.1528,chr6;chr6,764667;765489,765262;765492,-;-,600,340,340,340,342,343,338,338,338,343
GENE.1529,chr6;chr6,768792;769175,768956;769456,+;+,447,0,0,0,0,0,0,0,0,0
GENE.153,chr1,228485,229519,-,1035,2528,2528,2528,2528,2531,2527,2527,2527,2531
GENE.1530,chr6;chr6;chr6;chr6;chr6,770147;770463;770693;770969;771238,770372;770542;770806;771076;772506,-;-;-;-;-,1797,2521,2521,2521,2557,2525,2480,2605,2480,2525
GENE.1531,chr6,774529,775470,+,942,1544,1544,1544,1546,1558,1533,1542,1533,1558
GENE.1532,chr6;chr6;chr6;chr6;chr6;chr6;chr6;chr6,775980;776211;776437;776586;776818;777089;777237;777588,776070;776289;776486;776698;776905;777135;777345;777835,-;-;-;-;-;-;-;-,825,136,136,136,138,141,135,136,135,141
GENE.1533,chr6;chr6,778692;779605,779514;779636,+;+,855,0,0,0,0,5,0,0,0,5
GENE.1534,chr6;chr6,779849;781681,781310;783296,-;-,3078,858,858,858,860,871,855,823,855,871
GENE.1535,chr6;chr6;chr6;chr6;chr6;chr6;chr6;chr6;chr6;chr6,784354;784923;786369;786592;786923;787083;787248;787454;787677;787902,784506;786232;786470;786721;787002;787153;787337;787570;787687;788027,+;+;+;+;+;+;+;+;+;+,2190,993,993,993,1033,996,968,981,968,996
GENE.1536,chr6;chr6;chr6;chr6;chr6,784354;784923;786369;786592;787083,784506;786232;786470;786721;787118,+;+;+;+;+,1731,990,990,990,1030,993,965,978,965,993
GENE.1537,chr6;chr6;chr6;chr6;chr6;chr6;chr6;chr6;chr6;chr6;chr6;chr6;chr6;chr6,788707;788931;789182;789691;789942;790109;790292;790482;790726;794732;794962;795263;795553;795937,788787;789033;789564;789802;790003;790176;790382;790556;794540;794834;795110;795396;795678;796025,-;-;-;-;-;-;-;-;-;-;-;-;-;-,5391,0,0,0,0,3,0,0,0,3
GENE.1538,chr6;chr6;chr6;chr6;chr6;chr6;chr6;chr6;chr6;chr6;chr6;chr6;chr6;chr6,788707;788931;789182;789691;789942;790109;790292;790482;790726;794732;794962;795263;795553;795937,788787;789033;789564;789802;790003;790176;790382;790556;794540;794837;795110;795396;795678;796025,-;-;-;-;-;-;-;-;-;-;-;-;-;-,5394,0,0,0,0,3,0,0,0,3
GENE.1539,chr6;chr6;chr6,797211;797686;798062,797532;797908;798518,+;+;+,1002,3005,3005,3005,3063,3115,2931,3001,2931,3115
GENE.154,chr1;chr1;chr1,230289;231631;234260,231382;234068;234402,-;-;-,3675,0,0,0,0,2,0,2,0,2
GENE.1540,chr6;chr6,799397;800031,799826;802789,+;+,3189,9633,9633,9633,9671,9687,9573,9620,9573,9687
GENE.1541,chr6;chr6;chr6,803374;803807;804050,803640;803893;814552,-;-;-,10857,0,0,0,0,23,0,55,0,23
GENE.1542,chr6;chr6,815622;817947,817807;818247,-;-,2487,14176,14176,14176,14204,14182,14096,14147,14094,14180
GENE.1543,chr6,820069,824247,-,4179,8918,8919,8919,8940,8946,8812,8885,8812,8946
GENE.1544,chr6,825157,827772,+,2616,210,210,210,214,219,209,250,209,219
GENE.1545,chr6;chr6;chr6,828199;828505;829163,828383;828994;830389,-;-;-,1902,180,180,180,180,185,185,314,185,185
GENE.1546,chr6;chr6,831286;838818,838662;839033,-;-,7593,9800,9800,9878,10424,10152,9947,9649,9947,10152
GENE.1547,chr6,840523,841224,+,702,622,622,622,622,624,621,621,621,624
GENE.1548,chr6,841846,843363,-,1518,4388,4388,4388,4392,4389,4331,4373,4331,4389
GENE.1549,chr6;chr6,845660;845844,845738;846157,+;+,393,10,10,10,10,10,10,10,10,10
GENE.155,chr1,238666,247857,+,9192,0,0,5,0,8,0,126,0,8
GENE.1550,chr6,846523,847494,-,972,2982,2983,2983,3280,2989,2975,2492,2975,2989
GENE.1551,chr6,848405,850864,-,2460,0,0,0,0,5,0,0,0,5
GENE.1552,chr6,851378,852955,-,1578,0,0,0,0,0,0,0,0,0
GENE.1553,chr6,855160,857112,+,1953,17318,17318,17318,17328,17345,16916,17308,16916,17345
GENE.1554,chr6,857726,858610,+,885,0,0,0,0,0,0,0,0,0
GENE.1555,chr6,859026,860114,-,1089,0,0,0,0,7,0,0,0,7
GENE.1556,chr6,861017,861088,+,72,0,0,0,0,0,0,0,0,0
GENE.1557,chr6,861685,861765,-,81,0,0,0,0,0,0,0,0,0
GENE.1558,chr6,862882,865416,+,2535,2138,2138,2138,2144,2138,2118,2131,2118,2138
GENE.1559,chr6,865845,869909,-,4065,4764,4764,4764,4772,4809,4691,4692,4688,4809
GENE.156,chr1;chr1,249231;250648,250366;252010,-;-,2499,10482,10482,10482,10522,10503,10000,10439,10000,10503
GENE.1560,chr6,871297,872202,-,906,0,0,0,0,0,0,0,0,0
GENE.1561,chr6,873809,876190,+,2382,0,0,0,0,1,0,70,0,1
GENE.1562,chr6,878790,880784,+,1995,530,530,530,530,532,527,568,527,532
GENE.1563,chr6,881963,882994,+,1032,4422,4422,4422,4424,4431,4405,4406,4405,4431
GENE.1564,chr6,883563,883644,-,82,0,0,0,0,0,0,0,0,0
GENE.1565,chr6;chr6;chr6;chr6,884428;889036;889235;889433,888924;889137;889304;889614,+;+;+;+,4851,22088,22088,22088,22152,22238,21979,22131,21979,22238
GENE.1566,chr6;chr6;chr6,891997;892433;892641,892306;892540;892777,+;+;+,555,0,0,0,0,2,0,0,0,2
GENE.1567,chr6,893450,895780,-,2331,2768,2768,2783,2818,2844,2792,2754,2792,2844
GENE.1568,chr6;chr6;chr6,896989;897329;897713,897217;897482;897968,+;+;+,639,554,554,554,558,554,551,551,551,554
GENE.1569,chr6,898341,902363,-,4023,2046,2046,2046,2052,2056,2038,1953,2038,2056
GENE.157,chr1,253584,254930,+,1347,1248,1248,1248,1252,1249,1243,1245,1243,1249
GENE.1570,chr6,903740,906322,-,2583,0,0,0,0,7,0,1,0,7
GENE.1571,chr6;chr6;chr6;chr6,908017;908279;908483;910973,908112;908327;910718;911096,+;+;+;+,2505,569,569,569,573,586,567,573,567,586
GENE.1572,chr6,911503,911889,+,387,0,0,0,0,0,0,0,0,0
GENE.1573,chr6,912406,913710,-,1305,0,0,0,0,1,0,0,0,1
GENE.1574,chr6;chr6;chr6;chr6,914743;914891;915169;915382,914743;915008;915292;915429,+;+;+;+,291,0,0,0,0,1,0,0,0,1
GENE.1575,chr6;chr6,916000;917192,917037;917299,-;-,1146,2299,2299,2299,2303,2308,2262,2279,2262,2308
GENE.1576,chr6,919685,924028,+,4344,0,0,0,0,2,0,0,0,2
GENE.1577,chr6,925105,931074,-,5970,0,0,0,0,4,0,36,0,4
GENE.1578,chr6,937068,938651,-,1584,0,0,0,0,6,0,0,0,6
GENE.1579,chr6;chr6;chr6;chr6;chr6;chr6;chr6;chr6;chr6;chr6;chr6;chr6,939660;940357;940514;940712;940895;941158;941953;942219;942482;943068;943232;943538,940184;940412;940586;940786;940956;941838;942008;942294;942857;943111;943385;943720,-;-;-;-;-;-;-;-;-;-;-;-,2361,14803,14804,14804,15070,14869,14926,14152,14926,14869
GENE.158,chr1,255775,258543,-,2769,0,0,0,0,5,0,0,0,5
GENE.1580,chr6,946129,947244,+,1116,3756,3756,3756,3760,3757,3752,3754,3752,3757
GENE.1581,chr6;chr6;chr6;chr6,947493;947796;947981;948383,947632;947843;948241;948644,-;-;-;-,711,2389,2389,2389,2431,2389,2377,2377,2377,2389
GENE.1582,chr6,950223,951506,-,1284,0,1,0,0,0,0,0,0,0
GENE.1583,chr6;chr6;chr6;chr6;chr6;chr6;chr6;chr6;chr6,952906;953106;953271;953480;953918;954059;954243;954490;954782,952964;953165;953390;953623;953959;954103;954333;954662;954848,-;-;-;-;-;-;-;-;-,801,98,98,98,106,99,98,98,98,99
GENE.1584,chr6;chr6,956765;958626,958481;958756,+;+,1848,0,0,0,0,1,0,0,0,1
GENE.1585,chr6,959132,962545,-,3414,0,0,0,0,2,0,0,0,2
GENE.1586,chr6,963741,970955,-,7215,0,0,1,0,4,0,48,0,4
GENE.1587,chr6,977183,978049,+,867,0,0,0,0,0,0,0,0,0
GENE.1588,chr6,981066,982547,+,1482,56,56,56,56,59,56,56,56,59
GENE.1589,chr6;chr6,983946;984935,984709;984989,+;+,819,614,614,614,620,614,611,600,611,614
GENE.159,chr1,260658,261809,-,1152,322,322,322,322,328,322,322,322,328
GENE.1590,chr6;chr6;chr6;chr6;chr6;chr6;chr6,985047;985242;985492;985708;985910;986527;986814,985089;985390;985546;985841;986344;986679;986870,-;-;-;-;-;-;-,1026,0,0,0,0,2,0,0,0,2
GENE.1591,chr6;chr6;chr6;chr6;chr6;chr6;chr6;chr6;chr6,987808;988084;988223;988420;988676;988959;989072;989369;989592,987904;988107;988278;988436;988803;988989;989147;989452;989636,+;+;+;+;+;+;+;+;+,558,168,169,168,182,170,171,168,171,170
GENE.1592,chr6,990375,992198,-,1824,9156,9156,9156,9176,9172,9127,9096,9127,9172
GENE.1593,chr6,994284,994553,+,270,0,0,0,0,2,0,0,0,2
GENE.1594,chr6,999524,1007683,+,8160,26170,26170,26170,26292,26238,26066,26680,26066,26238
GENE.1595,chr6;chr6;chr6;chr6;chr6;chr6,1009457;1009663;1009814;1009926;1010112;1010296,1009502;1009725;1009852;1010030;1010179;1010718,-;-;-;-;-;-,744,2629,2629,2629,2771,2642,2403,2499,2403,2642
GENE.1596,chr6;chr6;chr6;chr6;chr6;chr6;chr6;chr6;chr6;chr6,1011429;1012860;1013078;1013377;1013717;1013969;1014108;1014235;1014307;1014512,1012693;1012901;1013276;1013507;1013723;1013995;1014137;1014261;1014395;1014569,-;-;-;-;-;-;-;-;-;-,1875,0,0,0,0,0,0,0,0,0
GENE.1597,chr6;chr6;chr6;chr6;chr6;chr6;chr6;chr6;chr6;chr6;chr6,1015868;1016069;1016330;1016647;1016953;1017126;1017323;1017513;1017876;1018067;1018334,1015933;1016179;1016511;1016833;1017026;1017222;1017407;1017760;1017938;1018180;1018444,+;+;+;+;+;+;+;+;+;+;+,1338,0,0,0,0,0,0,0,0,0
GENE.1598,chr6;chr6;chr6;chr6,1020024;1020434;1021443;1021678,1020249;1021203;1021568;1021875,+;+;+;+,1320,6351,6361,6351,6533,6375,6242,6290,6242,6375
GENE.1599,chr6;chr6;chr6;chr6,1020024;1020434;1021443;1021678,1020315;1021203;1021568;1021875,+;+;+;+,1386,6356,6366,6356,6538,6380,6247,6295,6247,6380
GENE.16,chrM,1830,1910,+,81,0,0,0,0,0,0,0,0,0
GENE.160,chr1;chr1,263340;264096,263859;264223,-;-,648,0,0,0,0,1,0,0,0,1
GENE.1600,chr6,1023015,1024214,+,1200,2658,2658,2658,2662,2661,2650,2651,2650,2661
GENE.1601,chr6,1025179,1026336,+,1158,5512,5512,5512,5568,5512,5496,5496,5496,5512
GENE.1602,chr6,1026823,1031157,-,4335,5496,5496,5534,5792,5671,5617,5408,5617,5671
GENE.1603,chr6,1032536,1033774,-,1239,20,20,20,20,20,19,20,19,20
GENE.1604,chr6,1035358,1036371,+,1014,528,528,528,528,532,528,528,528,532
GENE.1605,chr6,1039655,1041550,+,1896,482,482,482,482,483,480,509,480,483
GENE.1606,chr6,1042652,1042948,-,297,0,0,0,0,0,0,0,0,0
GENE.1607,chr6,1043546,1045474,+,1929,0,0,0,0,1,0,6,0,1
GENE.1608,chr6;chr6,1046986;1047985,1047898;1048052,+;+,981,1014,1014,1014,1014,1017,1010,1011,1010,1017
GENE.1609,chr6,1048710,1053965,-,5256,7156,7156,7156,7170,7223,7025,7092,7025,7223
GENE.161,chr1;chr1;chr1,265208;265674;266116,265537;265972;269173,-;-;-,3687,3772,3772,3772,3806,3779,3756,3725,3756,3779
GENE.1610,chr6;chr6;chr6;chr6;chr6;chr6;chr6;chr6;chr6,1056052;1056320;1056689;1056948;1057191;1057457;1057705;1058019;1058488,1056152;1056531;1056818;1057060;1057357;1057584;1057857;1058124;1058529,+;+;+;+;+;+;+;+;+,1152,0,0,0,0,2,0,0,0,2
GENE.1611,chr6,1058666,1059922,-,1257,0,0,1,0,3,0,0,0,3
GENE.1612,chr6;chr6;chr6,1061115;1062552;1062838,1062371;1062662;1062891,-;-;-,1422,13946,13946,13946,13946,14018,13885,13930,13885,14018
GENE.1613,chr6,1065147,1068626,+,3480,6426,6426,6714,7464,7419,7275,6422,6666,7385
GENE.1614,chr6,1069962,1072805,+,2844,2302,2302,2303,2302,2309,2293,2296,2293,2309
GENE.1615,chr6,1073458,1073895,-,438,334,334,334,334,334,334,334,334,334
GENE.1616,chr6,1075018,1076136,+,1119,0,0,0,0,3,0,0,0,3
GENE.1617,chr6;chr6;chr6,1078995;1079470;1080687,1079178;1080187;1081320,+;+;+,1536,0,0,0,0,1,0,0,0,1
GENE.1618,chr6,1080331,1080559,+,229,0,0,0,0,1,0,0,0,1
GENE.1619,chr6,1082910,1084028,+,1119,1266,1266,1266,1270,1267,1260,1264,1260,1267
GENE.162,chr1;chr1;chr1;chr1,272454;272667;272859;273180,272515;272764;272944;273404,+;+;+;+,471,0,0,0,0,0,0,0,0,0
GENE.1620,chr6,1084508,1084840,-,333,0,0,0,0,0,0,0,0,0
GENE.1621,chr6,1089190,1094328,+,5139,16818,16818,16822,16848,16879,16768,17256,16768,16879
GENE.1622,chr6;chr6;chr6;chr6;chr6;chr6;chr6;chr6,1095065;1095156;1095296;1095527;1095738;1095910;1096175;1096368,1095077;1095206;1095387;1095630;1095789;1095963;1096222;1096373,-;-;-;-;-;-;-;-,420,0,0,0,0,0,0,0,0,0
GENE.1623,chr6,1097300,1098649,-,1350,0,0,0,0,3,0,0,0,3
GENE.1624,chr6,1100277,1100858,-,582,690,690,691,690,695,689,690,689,695
GENE.1625,chr6;chr6;chr6,1101734;1102580;1102820,1102212;1102637;1102852,-;-;-,570,213,213,213,215,221,209,212,209,221
GENE.1626,chr6,1104015,1105199,+,1185,0,0,0,0,1,0,10,0,1
GENE.1627,chr6,1108197,1111640,+,3444,3788,3788,3794,3788,3800,3760,3935,3760,3800
GENE.1628,chr6,1114544,1117537,-,2994,10120,10120,10120,10126,10161,9898,10001,9898,10161
GENE.1629,chr6;chr6;chr6,1119587;1120195;1120685,1119922;1120560;1120858,+;+;+,876,264,264,264,268,265,264,264,264,265
GENE.163,chr1,274315,278550,+,4236,1708,1708,1708,1712,1717,1702,1735,1702,1717
GENE.1630,chr6,1121690,1122211,+,522,318,318,318,318,320,318,318,318,320
GENE.1631,chr6,1122801,1153664,-,30864,191554,191554,191574,191906,192259,189764,188496,189753,192257
GENE.1632,chr6,1159862,1169080,+,9219,0,0,2,0,6,1,129,1,6
GENE.1633,chr6;chr6;chr6;chr6;chr6;chr6;chr6;chr6;chr6;chr6;chr6;chr6,1170813;1171202;1171405;1171615;1171905;1172136;1172352;1172575;1172747;1172942;1173215;1173562,1171058;1171296;1171461;1171688;1171973;1172224;1172423;1172613;1172809;1173037;1173355;1173696,-;-;-;-;-;-;-;-;-;-;-;-,1176,2383,2383,2383,2420,2422,2293,2381,2293,2422
GENE.1634,chr6;chr6;chr6;chr6;chr6;chr6;chr6;chr6,1176265;1176699;1176968;1177152;1177466;1177888;1178041;1178388,1176282;1176804;1177049;1177351;1177715;1177962;1178129;1178587,+;+;+;+;+;+;+;+,1020,2058,2057,2058,2126,2060,2078,2052,2078,2060
GENE.1635,chr6,1179053,1180003,-,951,1760,1760,1760,1762,1763,1750,1785,1750,1763
GENE.1636,chr6;chr6;chr6;chr6;chr6,1180573;1180787;1180999;1181344;1182204,1180644;1180850;1181171;1182042;1182353,-;-;-;-;-,1158,2607,2605,2607,2624,2637,2500,2602,2500,2637
GENE.1637,chr6,1183896,1185617,+,1722,2654,2654,2654,2686,2656,2649,2650,2649,2656
GENE.1638,chr6,1185996,1188644,-,2649,3530,3530,3539,3816,3570,3437,3473,3435,3570
GENE.1639,chr6;chr6;chr6,1189472;1193615;1193760,1193530;1193665;1193978,+;+;+,4329,0,0,0,0,8,0,2,0,8
GENE.164,chr1,279115,280014,+,900,1248,1248,1249,1264,1248,1242,1243,1242,1248
GENE.1640,chr6,1194304,1195179,-,876,324,324,324,324,324,317,324,317,324
GENE.1641,chr6,1196041,1198038,-,1998,0,0,0,0,2,0,0,0,2
GENE.1642,chr6,1199853,1200995,-,1143,2858,2858,2858,2862,2861,2848,2850,2848,2861
GENE.1643,chr6,1205190,1207781,+,2592,2872,2872,2875,2906,2877,2804,2865,2804,2877
GENE.1644,chr6,1210420,1212762,+,2343,2566,2566,2566,2574,2606,2507,2588,2507,2606
GENE.1645,chr6;chr6,1213948;1214330,1214092;1216005,-;-,1821,0,0,0,0,2,0,0,0,2
GENE.1646,chr6;chr6,1218307;1218547,1218381;1219251,+;+,780,312,312,312,312,312,312,312,312,312
GENE.1647,chr6;chr6;chr6;chr6;chr6;chr6,1221941;1241748;1241983;1242299;1242613;1242848,1241571;1241862;1242144;1242469;1242720;1242922,+;+;+;+;+;+,20262,0,1,10,94,38,1,822,1,38
GENE.1648,chr6;chr6,1243580;1247168,1246917;1247219,-;-,3390,28043,28043,28044,28181,28340,27844,28007,27844,28340
GENE.1649,chr6;chr6;chr6,1250412;1251198;1251469,1251056;1251356;1251651,+;+;+,987,0,0,0,0,1,0,89,0,1
GENE.165,chr1,281155,285459,+,4305,2388,2388,2388,2390,2395,2380,2459,2342,2395
GENE.1650,chr6;chr6;chr6;chr6;chr6;chr6;chr6;chr6;chr6;chr6,1252052;1252270;1252542;1252763;1252975;1253160;1253334;1253459;1253601;1253864,1252182;1252348;1252618;1252851;1253035;1253206;1253373;1253519;1253736;1253985,-;-;-;-;-;-;-;-;-;-,843,546,546,546,562,549,556,543,556,549
GENE.1651,chr6,1254907,1256940,-,2034,0,0,0,0,1,0,0,0,1
GENE.1652,chr6;chr6;chr6;chr6;chr6,1258880;1259119;1259283;1259557;1259902,1258972;1259181;1259422;1259630;1259939,+;+;+;+;+,408,554,554,554,559,556,557,553,557,556
GENE.1653,chr6;chr6;chr6;chr6,1260398;1260774;1267051;1269389,1260601;1266852;1269283;1269596,-;-;-;-,8724,17111,17111,17111,17157,17272,16817,16867,16817,17272
GENE.1654,chr6,1272363,1273532,-,1170,2402,2402,2406,2404,2408,2392,2388,2392,2408
GENE.1655,chr6,1276329,1277825,+,1497,5928,5928,5928,5948,6018,5709,5910,5709,6018
GENE.1656,chr6;chr6;chr6,1279820;1280391;1283243,1279927;1283086;1283246,+;+;+,2808,0,0,1,0,1,0,207,0,1
GENE.1657,chr6,1285058,1287031,+,1974,7224,7224,7224,7278,7227,7199,7203,7199,7227
GENE.1658,chr6;chr6;chr6;chr6;chr6;chr6;chr6;chr6;chr6;chr6;chr6,1288237;1288444;1288709;1288878;1289158;1289440;1289718;1289889;1290156;1290433;1290674,1288332;1288509;1288780;1288963;1289320;1289605;1289760;1290050;1290261;1290516;1290805,+;+;+;+;+;+;+;+;+;+;+,1176,1353,1353,1353,1382,1357,1361,1350,1361,1357
GENE.1659,chr6;chr6,1291035;1291311,1291178;1292972,-;-,1806,281,281,281,281,293,278,277,278,293
GENE.166,chr1;chr1;chr1;chr1;chr1;chr1;chr1;chr1;chr1,286951;287269;287561;287779;287972;288214;288522;288712;288880,287050;287352;287630;287817;288084;288266;288615;288764;288918,+;+;+;+;+;+;+;+;+,645,1412,1412,1410,1484,1414,1460,1323,1460,1414
GENE.1660,chr6,1295474,1296331,+,858,1184,1182,1182,1196,1184,1177,731,1177,1184
GENE.1661,chr6;chr6,1297885;1298057,1297968;1299373,+;+,1401,0,1030,1030,1068,1037,1028,4,1028,1037
GENE.1662,chr6,1313708,1315253,-,1546,0,114,259,368,261,247,2,247,261
GENE.1663,chr6,1316873,1317721,+,849,0,7756,7642,9666,7702,7373,68,7373,7702
GENE.1664,chr6;chr6,1318327;1319048,1318953;1319116,-;-,696,0,192,192,392,196,202,12,202,196
GENE.1665,chr6;chr6,1321320;1322026,1321943;1322094,-;-,693,0,1740,1682,2960,1772,1728,10,1728,1772
GENE.1666,chr6;chr6,1323294;1323575,1323362;1324435,+;+,930,0,3924,3976,4726,3946,3792,19,3792,3946
GENE.1667,chr6;chr6;chr6,1326737;1326907;1327869,1326808;1327867;1327918,+;+;+,1083,1036,2410,2300,2470,2424,2230,22,2230,2424
GENE.1668,chr6;chr6,1329771;1329989,1329824;1330963,+;+,1029,4568,4566,4568,4570,4573,4551,4498,4551,4573
GENE.1669,chr6;chr6,1333013;1333193,1333081;1334035,+;+,912,340,340,340,340,348,336,340,336,348
GENE.167,chr1,290386,292590,+,2205,0,0,0,0,0,0,0,0,0
GENE.1670,chr6;chr6,1336146;1336415,1336199;1337473,+;+,1113,874,874,874,874,884,858,851,858,884
GENE.1671,chr6;chr6,1338218;1339364,1339135;1339417,-;-,972,0,2,2,10,2,2,0,2,2
GENE.1672,chr6;chr6,1341307;1342542,1342386;1342595,-;-,1134,6716,6720,6715,6898,6738,6687,6679,6687,6738
GENE.1673,chr6;chr6,1347341;1347561,1347409;1348571,+;+,1080,228,227,228,230,229,226,218,226,229
GENE.1674,chr6;chr6,1350724;1351008,1350777;1352087,+;+,1134,2057,2062,2063,2075,2068,2060,2054,2060,2068
GENE.1675,chr6;chr6,1353946;1356045,1355424;1366430,-;-,11865,9321,9321,9321,9366,9354,9283,9294,9283,9354
GENE.1676,chr6;chr6,1367912;1368127,1367980;1369107,+;+,1050,19,41,41,56,41,41,18,41,41
GENE.1677,chr6;chr6,1371501;1371785,1371554;1372861,+;+,1131,772,776,772,776,773,771,771,771,773
GENE.1678,chr6;chr6,1374797;1377351,1376236;1382627,-;-,6717,2029,2118,2121,2207,2167,2099,2024,2099,2149
GENE.1679,chr7;chr7,20307;26746,25829;28083,+;+,6861,0,0,1,2,2,2,5,2,2
GENE.168,chr1;chr1;chr1;chr1;chr1;chr1,293642;293960;294250;294433;294710;294882,293765;294027;294336;294513;294769;294968,+;+;+;+;+;+,507,79,79,79,79,79,79,79,79,79
GENE.1680,chr7;chr7,30097;30352,30150;31269,+;+,972,1108,1108,1106,1110,1108,1124,1105,1124,1108
GENE.1681,chr7;chr7,33585;34736,34466;34804,-;-,951,398,396,398,404,398,396,132,396,398
GENE.1682,chr7;chr7,36922;37859,37755;37927,-;-,903,0,0,0,0,0,0,0,0,0
GENE.1683,chr7;chr7,40288;41382,41289;41453,-;-,1074,2206,2207,2206,2208,2210,2161,2195,2161,2210
GENE.1684,chr7;chr7;chr7,43192;43995;44061,43917;44058;44140,-;-;-,870,0,0,0,0,1,0,0,0,1
GENE.1685,chr7;chr7,45559;45813,45627;46607,+;+,864,2364,2363,2365,2367,2381,2306,2363,2306,2381
GENE.1686,chr7;chr7,48300;48480,48368;49106,+;+,696,432,434,431,434,435,429,397,429,435
GENE.1687,chr7;chr7,49779;50104,50102;50832,-;-,1053,2110,2276,2277,2312,2300,2263,1998,2262,2286
GENE.1688,chr7;chr7;chr7,52086;52487;52977,52484;52975;53636,+;+;+,1548,1024,2158,2748,2942,2502,2644,461,2644,2502
GENE.1689,chr7;chr7,55562;56728,56497;56781,-;-,990,2566,2570,2566,2570,2595,2537,2561,2537,2595
GENE.169,chr1,295300,296931,-,1632,1372,1372,1372,1376,1380,1364,1365,1364,1380
GENE.1690,chr7;chr7;chr7,59277;60007;60313,60004;60148;60366,-;-;-,924,0,54,72,214,79,70,26,70,79
GENE.1691,chr7;chr7;chr7,62220;62264;63330,62262;63231;63401,-;-;-,1083,0,2404,2298,2438,2403,2270,26,2270,2403
GENE.1692,chr7;chr7;chr7,65718;66375;66786,66373;66576;66854,-;-;-,927,1694,3794,3825,5016,3907,3782,290,3782,3907
GENE.1693,chr7;chr7,68066;68217,68134;68840,+;+,693,1108,2784,2742,3156,2812,2781,70,2781,2812
GENE.1694,chr7;chr7,71049;71222,71117;71860,+;+,708,234,234,235,236,234,238,264,238,234
GENE.1695,chr7,72477,73325,-,849,0,7784,7166,8436,7820,6605,36,6603,7780
GENE.1696,chr7;chr7,75918;76987,76844;77055,-;-,996,4034,4034,4034,4034,4074,3955,4004,3955,4074
GENE.1697,chr7;chr7,79890;82830,82670;82943,-;-,2895,25536,25536,25595,25588,25698,25266,25479,25081,25688
GENE.1698,chr7;chr7,84797;84991,84850;85674,+;+,738,0,0,0,0,0,0,0,0,0
GENE.1699,chr7;chr7;chr7,88685;89056;89949,88870;89947;90886,+;+;+,2016,2602,2602,2602,2612,2609,2573,2598,2573,2609
GENE.17,chrM,1916,2023,-,108,0,0,0,0,0,0,0,0,0
GENE.170,chr1;chr1;chr1;chr1;chr1;chr1;chr1;chr1;chr1;chr1,297362;297644;297899;298114;298301;298556;298694;298850;299063;299322,297535;297768;297992;298188;298480;298602;298739;298927;299181;299397,+;+;+;+;+;+;+;+;+;+,1014,192,192,192,192,192,192,192,192,192
GENE.1700,chr7,91867,93141,-,1275,0,0,1,0,5,0,0,0,5
GENE.1701,chr7;chr7,96761;97018,96832;98730,+;+,1785,0,0,0,0,0,0,0,0,0
GENE.1702,chr7;chr7,101694;102202,101981;102285,+;+,372,0,0,0,0,1,0,0,0,1
GENE.1703,chr7;chr7,104957;105813,105541;105989,-;-,762,1401,1401,1401,1411,1401,1380,1386,1380,1401
GENE.1704,chr7,109915,110178,+,264,0,0,0,0,0,0,0,0,0
GENE.1705,chr7,111473,111545,-,73,0,0,0,0,0,0,0,0,0
GENE.1706,chr7,112049,112132,+,84,0,0,0,0,0,0,0,0,0
GENE.1707,chr7;chr7;chr7;chr7,113144;113333;113664;113877,113184;113434;113772;113948,-;-;-;-,324,16,16,16,17,16,16,16,16,16
GENE.1708,chr7,115239,120770,+,5532,19392,19392,19394,19418,19542,19151,19532,19151,19542
GENE.1709,chr7,121414,121956,+,543,0,0,0,0,0,0,0,0,0
GENE.171,chr1;chr1,299562;300200,300092;300868,-;-,1200,0,0,0,0,0,0,0,0,0
GENE.1710,chr7,122513,127135,-,4623,16744,16744,16924,17700,17743,17370,16671,17370,17743
GENE.1711,chr7,128540,128980,+,441,346,346,346,346,347,342,343,342,347
GENE.1712,chr7,129370,131832,-,2463,3624,3624,3624,3630,3629,3608,3611,3608,3629
GENE.1713,chr7,135606,142505,+,6900,0,0,1,0,8,0,520,0,8
GENE.1714,chr7;chr7;chr7;chr7;chr7;chr7;chr7;chr7;chr7;chr7,144019;144107;144379;144583;144861;145046;145253;145470;145723;145867,144022;144171;144456;144672;144955;145138;145319;145606;145795;145953,+;+;+;+;+;+;+;+;+;+,789,184,184,184,186,186,185,183,185,186
GENE.1715,chr7,146645,147394,-,750,512,512,512,514,514,512,512,512,514
GENE.1716,chr7,149804,152980,+,3177,486,486,486,492,490,483,705,483,490
GENE.1717,chr7,153320,166396,-,13077,0,0,3,0,23,2,41,2,23
GENE.1718,chr7,167489,177295,-,9807,22552,22552,22557,22574,22701,22242,21870,22242,22701
GENE.1719,chr7,180036,190715,+,10680,57868,57868,57868,57988,58054,57553,57916,57551,58054
GENE.172,chr1,302937,303398,+,462,436,436,436,436,436,436,436,436,436
GENE.1720,chr7,191309,194890,-,3582,0,0,0,0,1,0,0,0,1
GENE.1721,chr7,197691,203249,+,5559,14910,14910,14911,15022,15002,14812,14962,14526,14998
GENE.1722,chr7,204718,207750,+,3033,954,954,954,954,974,940,950,938,966
GENE.1723,chr7,208690,213501,-,4812,10858,10858,10863,11152,10872,10864,10543,10537,10872
GENE.1724,chr7;chr7;chr7;chr7;chr7;chr7;chr7;chr7,216024;216364;216671;216904;217242;217477;217885;228992,216049;216500;216805;217064;217363;217573;228807;229072,-;-;-;-;-;-;-;-,11682,0,0,1,0,19,0,0,0,19
GENE.1725,chr7,233401,237414,+,4014,1454,1454,1454,1474,1458,1448,1492,1448,1458
GENE.1726,chr7,238159,242052,-,3894,0,0,0,0,3,0,43,0,3
GENE.1727,chr7,243898,245016,-,1119,390,390,390,390,391,384,385,384,391
GENE.1728,chr7;chr7,246259;247062,246809;250152,-;-,3642,1226,1226,1230,1252,1238,1231,1201,1231,1238
GENE.1729,chr7,252282,255251,+,2970,1324,1324,1336,1374,1357,1348,1322,1348,1357
GENE.173,chr1;chr1;chr1;chr1,304362;304604;304876;305123,304436;304733;304948;309257,-;-;-;-,4413,0,0,1,0,4,0,6,0,4
GENE.1730,chr7,256086,260684,+,4599,3816,3816,3817,3822,3836,3743,4382,3743,3836
GENE.1731,chr7,261977,264454,+,2478,4604,4604,4604,4614,4610,4601,4601,4601,4610
GENE.1732,chr7,264973,267438,-,2466,8676,8676,8676,8680,8679,8647,8656,8647,8679
GENE.1733,chr7;chr7,270022;270875,270634;278706,-;-,8445,9602,9602,9603,9626,9639,9544,9384,9544,9639
GENE.1734,chr7,281035,284433,-,3399,6644,6644,6644,6652,6675,6597,6540,6597,6675
GENE.1735,chr7;chr7;chr7,285472;285630;286111,285480;285729;286166,-;-;-,165,8,8,8,8,9,8,8,8,9
GENE.1736,chr7;chr7;chr7;chr7;chr7;chr7;chr7;chr7,287597;287772;287913;288084;288341;288671;288831;289005,287677;287803;287991;288145;288476;288713;288895;289088,-;-;-;-;-;-;-;-,582,181,181,181,185,183,185,181,185,183
GENE.1737,chr7;chr7;chr7;chr7,290100;290234;290517;290984,290143;290354;290615;291220,-;-;-;-,501,516,516,516,526,516,515,516,515,516
GENE.1738,chr7,293400,297089,+,3690,0,0,0,0,3,0,0,0,3
GENE.1739,chr7;chr7;chr7;chr7;chr7;chr7;chr7;chr7;chr7,297506;297600;297825;298016;298181;298393;298844;301324;302333,297518;297667;297920;298070;298280;298723;301231;302135;303059,-;-;-;-;-;-;-;-;-,4590,0,0,2,0,8,0,0,0,8
GENE.174,chr1,314618,319405,+,4788,0,0,0,0,7,0,33,0,7
GENE.1740,chr7;chr7;chr7,304315;304504;304668,304387;304576;304755,+;+;+,234,0,0,0,0,6,0,3,0,6
GENE.1741,chr7;chr7,305563;305991,305877;306032,+;+,357,9,9,9,11,9,9,9,9,9
GENE.1742,chr7,306855,307133,-,279,0,0,0,0,8,0,0,0,8
GENE.1743,chr7,309902,315022,-,5121,0,0,2,2,7,0,30,0,7
GENE.1744,chr7,320248,322281,+,2034,1214,1214,1214,1230,1215,1199,1212,1199,1215
GENE.1745,chr7,322907,325528,+,2622,0,0,0,0,0,0,70,0,0
GENE.1746,chr7,326072,326144,+,73,0,0,0,0,0,0,0,0,0
GENE.1747,chr7,326726,326797,-,72,0,0,0,0,0,0,0,0,0
GENE.1748,chr7,327865,327937,+,73,0,0,0,0,0,0,0,0,0
GENE.1749,chr7,329012,329084,-,73,0,0,0,0,0,0,0,0,0
GENE.175,chr1,320168,321508,+,1341,1800,1800,1800,1804,1827,1796,1798,1796,1827
GENE.1750,chr7,329936,336325,-,6390,27312,27061,27689,31356,28890,28362,26869,28314,28888
GENE.1751,chr7;chr7;chr7;chr7;chr7,338885;339090;341572;341735;341995,338978;341393;341625;341779;342083,+;+;+;+;+,2586,1888,1888,1888,1895,1894,1872,1881,1872,1894
GENE.1752,chr7,343912,345903,+,1992,0,0,0,0,3,0,0,0,3
GENE.1753,chr7,348277,353082,+,4806,35834,35834,35835,35918,36065,35398,35761,35398,36065
GENE.1754,chr7,353986,354720,+,735,0,0,0,0,1,0,0,0,1
GENE.1755,chr7,357700,360585,+,2886,0,0,6,0,3,0,261,0,3
GENE.1756,chr7;chr7;chr7,362005;365545;365707,365423;365604;365779,+;+;+,3552,122,122,123,122,125,122,122,122,125
GENE.1757,chr7,366929,367708,+,780,0,0,0,0,0,0,0,0,0
GENE.1758,chr7;chr7;chr7,368707;371205;371574,371011;371407;371672,+;+;+,2607,0,0,0,0,18,0,0,0,18
GENE.1759,chr7,372897,373106,-,210,0,0,0,0,0,0,0,0,0
GENE.176,chr1,322371,326072,+,3702,19730,19730,19731,20038,19761,19560,19683,19560,19751
GENE.1760,chr7;chr7,374243;375336,375049;377393,-;-,2865,0,0,0,0,8,0,0,0,8
GENE.1761,chr7;chr7;chr7;chr7;chr7,378031;378226;378822;379087;379268,378051;378714;378890;379159;379305,+;+;+;+;+,690,0,0,0,0,4,0,0,0,4
GENE.1762,chr7;chr7,381592;383808,383022;384614,+;+,2238,0,0,0,0,2,0,1,0,2
GENE.1763,chr7,383172,383519,+,348,0,0,0,0,0,0,0,0,0
GENE.1764,chr7,385583,388321,-,2739,0,0,0,0,2,0,0,0,2
GENE.1765,chr7;chr7,389473;390336,390201;390365,-;-,759,162,162,162,162,165,156,160,156,165
GENE.1766,chr7,391502,392188,-,687,340,340,340,340,350,331,339,331,350
GENE.1767,chr7,395711,398332,+,2622,0,0,0,0,2,0,0,0,2
GENE.1768,chr7,399290,400243,-,954,3068,3068,3068,3088,3070,3059,3064,3059,3070
GENE.1769,chr7;chr7;chr7;chr7;chr7;chr7;chr7;chr7;chr7;chr7;chr7;chr7;chr7,403222;403490;403938;404283;404569;404764;404936;405146;405334;405539;405825;406017;406241,403312;403758;404110;404415;404640;404839;405018;405196;405390;405631;405869;406071;406317,+;+;+;+;+;+;+;+;+;+;+;+;+,1275,657,657,657,683,658,667,654,667,658
GENE.177,chr1,326397,327224,-,828,160,160,160,160,160,159,159,159,160
GENE.1770,chr7,406820,407448,-,629,128,128,128,130,128,128,118,128,128
GENE.1771,chr7,408215,411961,+,3747,884,884,884,888,888,875,884,863,888
GENE.1772,chr7,412343,413161,-,819,596,596,596,596,602,593,594,593,602
GENE.1773,chr7,413560,421749,-,8190,8266,8304,8584,9852,9589,8798,8225,8798,9589
GENE.1774,chr7;chr7,423236;425252,425098;427234,-;-,3846,13025,13025,13029,13092,13036,12993,12922,12993,13036
GENE.1775,chr7;chr7,428723;429138,428921;429346,+;+,408,226,226,226,254,226,226,226,226,226
GENE.1776,chr7;chr7;chr7;chr7,429857;430018;430249;430794,429900;430110;430617;433758,-;-;-;-,3471,0,0,0,0,2,0,0,0,2
GENE.1777,chr7,435089,436195,-,1107,2168,2168,2168,2194,2221,2071,2163,2071,2221
GENE.1778,chr7,437900,438094,+,195,0,0,0,0,1,0,0,0,1
GENE.1779,chr7;chr7;chr7,438557;439866;442671,439629;442514;445881,-;-;-,6933,0,0,0,0,13,0,15,0,13
GENE.178,chr1;chr1;chr1;chr1,328431;328609;328834;329556,328479;328703;329343;329558,-;-;-;-,657,365,365,365,371,365,369,365,369,365
GENE.1780,chr7;chr7;chr7;chr7;chr7;chr7;chr7,447515;453003;453492;454434;454756;454999;455950,452809;453234;454219;454578;454883;455727;458496,-;-;-;-;-;-;-,9804,1564,1566,1564,1570,1574,1555,1734,1555,1574
GENE.1781,chr7,460057,461436,+,1380,218,218,218,218,223,217,217,217,223
GENE.1782,chr7,463105,471837,+,8733,9096,9096,9098,9390,9142,8911,9076,8911,9140
GENE.1783,chr7;chr7;chr7;chr7,472501;472768;473072;473456,472680;472936;473248;473541,-;-;-;-,612,359,359,359,365,359,358,357,358,359
GENE.1784,chr7,474623,475720,+,1098,0,0,0,0,6,0,0,0,6
GENE.1785,chr7;chr7;chr7;chr7;chr7,476116;476340;476577;476877;477307,476192;476426;476705;477105;477552,-;-;-;-;-,768,0,0,0,0,0,0,0,0,0
GENE.1786,chr7;chr7,478468;478980,478761;479138,-;-,453,1809,1809,1809,1852,1818,1787,1807,1787,1818
GENE.1787,chr7,481369,481974,-,606,0,0,0,0,0,0,0,0,0
GENE.1788,chr7,482701,483831,-,1131,532,532,532,538,533,529,533,529,533
GENE.1789,chr7,484838,486037,+,1200,676,676,676,678,676,676,676,676,676
GENE.179,chr1,330738,332708,+,1971,88,88,88,88,91,87,88,87,91
GENE.1790,chr7,487281,490970,-,3690,5210,5210,5211,5290,5231,5090,5227,5090,5231
GENE.1791,chr7,492519,493232,-,714,1348,1348,1348,1350,1350,1346,1346,1346,1350
GENE.1792,chr7,495238,498240,+,3003,3424,3424,3424,3442,3427,3416,3433,3416,3427
GENE.1793,chr7,499336,499695,+,360,0,0,0,0,1,0,0,0,1
GENE.1794,chr7,500408,502594,-,2187,626,626,626,630,626,625,636,625,626
GENE.1795,chr7,505245,507311,+,2067,0,0,0,0,0,0,221,0,0
GENE.1796,chr7,508474,508609,+,136,0,0,0,0,1,0,0,0,1
GENE.1797,chr7;chr7,511950;514173,513344;519425,-;-,6648,0,98,100,248,141,337,35,315,119
GENE.1798,chr7,523147,523288,+,142,0,0,0,0,1,0,0,0,1
GENE.1799,chr7;chr7;chr7,525063;525115;526252,525113;526068;526320,-;-;-,1074,0,138,132,336,140,143,2,143,140
GENE.18,chrM,2035,3471,+,1437,0,0,0,0,0,0,0,0,0
GENE.180,chr1,337168,343833,+,6666,0,0,6,14,1,0,70,0,1
GENE.1800,chr7;chr7,527338;529654,528687;535131,-;-,6828,10597,10600,10595,10615,10752,10376,10576,10329,10724
GENE.1801,chr7,538519,538660,+,142,0,0,0,0,0,0,0,0,0
GENE.1802,chr7;chr7;chr7,540343;541222;541473,541220;541291;541541,-;-;-,1017,435,435,435,435,435,429,432,429,435
GENE.1803,chr7;chr7,542906;545154,544342;550520,-;-,6804,0,16,12,10,30,17,1,14,28
GENE.1804,chr7;chr7,552158;554132,553405;559078,-;-,6195,0,38,13,70,32,61,3,61,29
GENE.1805,chr7;chr7,562906;564089,563970;564160,-;-,1137,0,0,0,0,0,0,1,0,0
GENE.1806,chr7;chr7,566726;569014,568078;574308,-;-,6648,43869,43913,43897,44123,44116,43727,43478,43720,44093
GENE.1807,chr7,577945,578078,+,134,0,0,0,0,0,0,0,0,0
GENE.1808,chr7;chr7,581386;583641,582822;588923,-;-,6720,16756,16999,16916,17148,17305,17327,16399,17323,17298
GENE.1809,chr7;chr7,590326;592388,591558;597733,-;-,6579,0,72,66,132,329,333,8,330,327
GENE.181,chr1;chr1;chr1;chr1;chr1;chr1;chr1;chr1;chr1,344400;344676;344873;345142;345318;345503;345685;346015;346528,344555;344730;344997;345213;345401;345570;345851;346267;346540,-;-;-;-;-;-;-;-;-,993,2445,2445,2445,2500,2445,2463,2425,2463,2445
GENE.1810,chr7;chr7,602141;602410,602209;603381,+;+,1041,0,0,0,0,1,0,0,0,1
GENE.1811,chr7;chr7,605653;605814,605721;606440,+;+,696,714,714,714,714,717,713,714,713,717
GENE.1812,chr7,607111,607785,-,675,3710,3708,3710,3718,3721,3706,3708,3706,3715
GENE.1813,chr7;chr7;chr7,609297;609538;610319,609536;610317;610522,+;+;+,1224,6842,6842,6842,6844,6848,6659,6804,6659,6848
GENE.1814,chr7;chr7,612458;612770,612560;613740,+;+,1074,0,0,0,0,0,0,0,0,0
GENE.1815,chr7,614385,617249,+,2865,2754,2754,2754,2960,2795,2693,2744,2693,2795
GENE.1816,chr7;chr7,617933;620182,620000;620867,+;+,2754,3240,3240,3240,3254,3240,3228,3270,3228,3240
GENE.1817,chr7;chr7;chr7;chr7;chr7;chr7;chr7;chr7;chr7,621463;621709;621951;622311;622486;622659;622791;622967;623442,621594;621836;621996;622348;622561;622703;622820;623021;623521,-;-;-;-;-;-;-;-;-,630,386,386,386,418,392,413,384,413,392
GENE.1818,chr7;chr7,624379;624614,624414;625300,-;-,723,0,0,0,0,0,0,1,0,0
GENE.1819,chr7,627067,637776,-,10710,86634,86634,87096,91620,88879,87862,83435,87860,88879
GENE.182,chr1;chr1;chr1;chr1;chr1,345206;345318;345685;346015;346528,345213;345401;345851;346267;346540,-;-;-;-;-,525,1701,1702,1701,1731,1701,1711,1692,1711,1701
GENE.1820,chr7,643101,643472,-,372,0,0,1,0,0,0,0,0,0
GENE.1821,chr7,646719,648767,-,2049,1358,1358,1359,1366,1370,1284,1355,1284,1370
GENE.1822,chr7,650834,654919,+,4086,4526,4526,4528,4536,4545,4471,4701,4425,4545
GENE.1823,chr7;chr7;chr7;chr7;chr7,656871;657128;657396;657652;658216,656986;657206;657512;657851;661669,+;+;+;+;+,3966,9864,9864,9869,10260,9935,9835,9860,9835,9935
GENE.1824,chr7;chr7;chr7,662284;662544;663301,662364;663126;663407,-;-;-,771,0,0,0,0,1,0,0,0,1
GENE.1825,chr7,664956,666167,+,1212,478,478,479,478,478,473,526,473,478
GENE.1826,chr7,667985,669712,+,1728,7118,7118,7118,7164,7164,6888,7097,6888,7134
GENE.1827,chr7,670795,670866,+,72,0,0,0,0,0,0,0,0,0
GENE.1828,chr7,671656,671735,+,80,0,0,0,0,1,0,0,0,1
GENE.1829,chr7,672735,672816,-,82,0,0,0,0,0,0,0,0,0
GENE.183,chr1,349170,349709,+,540,2000,2000,2000,2004,2000,1996,1996,1994,2000
GENE.1830,chr7,673451,674419,+,969,0,0,0,0,1,0,0,0,1
GENE.1831,chr7;chr7,674610;674962,674767;675130,-;-,327,0,0,0,0,0,0,0,0,0
GENE.1832,chr7,676061,682681,-,6621,16514,16514,16559,17574,16708,16621,16011,16621,16708
GENE.1833,chr7;chr7;chr7;chr7,684539;684744;685029;685396,684566;684871;685130;686691,-;-;-;-,1554,9085,9085,9085,9156,9167,9014,9071,9014,9167
GENE.1834,chr7;chr7;chr7,687891;688140;688293,687959;688174;688848,-;-;-,660,1421,1421,1421,1438,1424,1428,1417,1428,1424
GENE.1835,chr7;chr7;chr7,689543;689744;689993,689598;689838;690057,-;-;-,216,0,0,0,0,0,0,0,0,0
GENE.1836,chr7,691068,693332,+,2265,302,302,303,302,302,301,301,301,302
GENE.1837,chr7,694523,694882,+,360,0,0,0,0,0,0,0,0,0
GENE.1838,chr7,695600,696904,-,1305,5558,5558,5558,5564,5573,5527,5544,5527,5573
GENE.1839,chr7,699239,700909,+,1671,0,0,1,0,0,0,10,0,0
GENE.184,chr1;chr1;chr1;chr1;chr1;chr1,349995;350299;350545;350789;351034;351378,350099;350373;350677;350954;351226;351626,-;-;-;-;-;-,921,804,804,804,812,807,803,802,803,807
GENE.1840,chr7,703207,706584,+,3378,16340,16340,16340,16400,16430,16111,16325,16085,16430
GENE.1841,chr7,707699,710908,-,3210,7746,7746,7873,9266,8338,7950,7731,7950,8338
GENE.1842,chr7,712469,714967,+,2499,8922,8922,8922,8952,8952,8816,8922,8812,8952
GENE.1843,chr7;chr7,717281;718833,718713;718968,+;+,1569,4950,4950,4950,4974,4954,4934,4937,4934,4954
GENE.1844,chr7;chr7;chr7;chr7;chr7;chr7;chr7;chr7;chr7;chr7,720010;720191;720365;720508;720630;720747;720902;721036;721252;721414,720064;720249;720403;720524;720670;720806;720937;721127;721323;721467,+;+;+;+;+;+;+;+;+;+,525,0,0,0,0,2,0,0,0,2
GENE.1845,chr7;chr7;chr7;chr7;chr7;chr7;chr7;chr7;chr7;chr7,721717;721975;722696;722962;723204;723504;723722;724033;724317;724548,721742;722192;722838;723077;723347;723597;723928;724157;724416;724715,+;+;+;+;+;+;+;+;+;+,1341,859,859,859,892,859,856,831,856,859
GENE.1846,chr7;chr7,725296;725870,725586;727219,+;+,1641,0,0,0,0,1,0,1,0,1
GENE.1847,chr7,728109,731126,+,3018,0,0,0,0,1,0,0,0,1
GENE.1848,chr7;chr7;chr7,732070;733143;733407,732917;733188;733496,-;-;-,984,234,234,234,240,234,238,234,238,234
GENE.1849,chr7,736370,737338,+,969,2178,2178,2178,2192,2183,2170,2178,2170,2183
GENE.185,chr1;chr1;chr1;chr1,352314;352459;352683;353011,352356;352540;352815;356211,-;-;-;-,3459,4149,4149,4149,4186,4158,4119,4134,4119,4158
GENE.1850,chr7;chr7;chr7;chr7;chr7;chr7;chr7;chr7;chr7;chr7;chr7;chr7;chr7;chr7,738578;738859;739191;739376;739511;739666;739793;740065;740256;740443;740606;740860;740987;741138,738580;739020;739240;739425;739556;739702;739849;740151;740312;740475;740737;740913;741043;741209,+;+;+;+;+;+;+;+;+;+;+;+;+;+,897,0,0,0,0,0,0,0,0,0
GENE.1851,chr7;chr7,742010;744854,744700;744901,+;+,2739,230,230,230,230,232,229,254,229,231
GENE.1852,chr7;chr7,745191;745541,745363;746663,-;-,1296,0,0,0,0,0,0,0,0,0
GENE.1853,chr7;chr7;chr7;chr7,748990;749644;750141;750614,749475;749878;750512;750699,+;+;+;+,1179,356,356,356,356,362,350,355,350,362
GENE.1854,chr7,751877,754132,+,2256,0,0,3,0,3,0,2,0,3
GENE.1855,chr7;chr7,755763;756906,756558;757696,+;+,1587,0,0,0,0,1,0,0,0,1
GENE.1856,chr7;chr7;chr7;chr7;chr7;chr7;chr7;chr7,758720;759016;759175;759541;759809;759976;760130;760426,758831;759073;759343;759669;759868;760038;760248;762877,-;-;-;-;-;-;-;-,3162,1950,1950,1950,1974,1954,1963,1927,1963,1954
GENE.1857,chr7,764794,766413,-,1620,586,586,586,586,591,577,580,577,591
GENE.1858,chr7,767357,771949,-,4593,5124,5124,5124,5146,5160,5094,4947,5094,5160
GENE.1859,chr7;chr7;chr7;chr7;chr7;chr7;chr7;chr7,772951;773247;773556;773737;773936;774110;774335;774560,773007;773393;773622;773831;773996;774207;774454;775264,-;-;-;-;-;-;-;-,1350,854,854,854,868,854,857,853,857,854
GENE.186,chr1;chr1;chr1;chr1;chr1;chr1;chr1;chr1;chr1;chr1;chr1,357834;358046;358219;358505;358703;358895;359384;359745;359919;360119;360265,357849;358113;358350;358575;358758;359200;359563;359815;359972;360172;360339,+;+;+;+;+;+;+;+;+;+;+,1083,0,0,0,0,1,0,0,0,1
GENE.1860,chr7;chr7;chr7;chr7;chr7;chr7;chr7;chr7;chr7;chr7;chr7,776141;776462;777217;791137;791639;791939;792437;793117;794024;795267;795563,776256;776789;790924;791453;791782;792223;792986;793922;795132;795369;795637,-;-;-;-;-;-;-;-;-;-;-,17541,0,0,2,0,12,0,152,0,12
GENE.1861,chr7;chr7,796514;802767,802628;804739,-;-,8088,0,1,0,0,5,1,0,1,5
GENE.1862,chr7;chr7;chr7;chr7;chr7;chr7;chr7,812301;817521;818953;819765;820090;820397;820573,817406;818827;819642;819950;820305;820460;820635,-;-;-;-;-;-;-,7632,16789,16789,16789,16845,16844,16701,16757,16701,16844
GENE.1863,chr7;chr7,822438;822809,822620;823015,+;+,390,0,0,0,0,0,0,0,0,0
GENE.1864,chr7;chr7;chr7;chr7;chr7;chr7,824445;824681;825127;825331;825516;825750,824510;824751;825238;825435;825605;825884,+;+;+;+;+;+,579,42,42,42,44,43,44,43,44,43
GENE.1865,chr7;chr7;chr7;chr7;chr7;chr7;chr7;chr7;chr7;chr7,826837;826927;827122;827341;827503;827676;827894;828183;830335;830472,826839;826994;827173;827402;827572;827781;827943;830232;830384;831305,+;+;+;+;+;+;+;+;+;+,3345,8666,8664,8669,8696,8683,8495,8629,8160,8179
GENE.1866,chr7,831549,832922,-,1374,4318,4321,4318,4322,4328,4313,4313,4313,4328
GENE.1867,chr7;chr7;chr7;chr7;chr7,833630;833951;834309;834669;835017,833798;834174;834491;834879;835051,-;-;-;-;-,822,0,0,0,0,0,0,0,0,0
GENE.1868,chr7;chr7,835957;836574,836373;836861,+;+,705,501,501,501,503,511,500,499,500,511
GENE.1869,chr7,838135,838596,+,462,346,346,346,354,355,334,343,334,355
GENE.187,chr1,361987,362586,-,600,958,958,958,996,966,930,945,930,966
GENE.1870,chr7;chr7;chr7;chr7,838990;839325;839711;839990,839175;839579;839774;840024,-;-;-;-,540,0,0,0,0,0,0,0,0,0
GENE.1871,chr7;chr7;chr7;chr7;chr7;chr7;chr7,841108;841332;841509;841761;842008;842396;842681,841190;841404;841602;841895;842285;842515;842830,+;+;+;+;+;+;+,933,484,484,484,494,485,484,484,484,485
GENE.1872,chr7,844495,847593,+,3099,0,0,1,0,2,0,57,0,2
GENE.1873,chr7,848398,853593,-,5196,12336,12336,12336,12386,12375,12254,12219,12254,12375
GENE.1874,chr7;chr7;chr7,854652;855025;855890,854689;855637;856654,-;-;-,1416,7484,7484,7484,7506,7531,7389,7478,7389,7531
GENE.1875,chr7;chr7,858742;859418,859188;859492,-;-,522,1317,1317,1317,1317,1319,1315,1312,1315,1319
GENE.1876,chr7;chr7;chr7,861583;862014;862321,861667;862175;862487,+;+;+,414,76,76,76,87,76,76,75,76,76
GENE.1877,chr7,863452,864813,-,1362,0,0,0,0,3,0,0,0,3
GENE.1878,chr7,865927,876132,+,10206,3890,3890,3891,3890,3926,3874,3994,3874,3926
GENE.1879,chr7;chr7,876795;877400,877281;877500,+;+,588,243,243,243,243,244,241,243,241,244
GENE.188,chr1,363318,363992,+,675,0,0,0,0,0,0,0,0,0
GENE.1880,chr7,877865,878632,-,768,0,0,0,0,0,0,0,0,0
GENE.1881,chr7;chr7,879454;879812,879684;879946,+;+,366,6,6,6,6,6,5,5,5,6
GENE.1882,chr7;chr7,880465;880778,880693;880863,-;-,315,0,0,0,0,0,0,0,0,0
GENE.1883,chr7;chr7,882936;884615,884490;884988,+;+,1929,0,0,0,0,0,0,0,0,0
GENE.1884,chr7;chr7;chr7;chr7;chr7;chr7,886346;886517;886747;886999;887231;887445,886403;886588;886820;887099;887287;887487,+;+;+;+;+;+,405,0,0,0,0,0,0,0,0,0
GENE.1885,chr7;chr7;chr7;chr7;chr7;chr7;chr7,887816;888028;888380;888528;888749;888981;889316,887923;888188;888429;888644;888869;889071;889378,-;-;-;-;-;-;-,711,10,10,10,12,10,10,9,10,10
GENE.1886,chr7;chr7;chr7;chr7,891683;891985;892494;898640,891778;892172;898298;899051,+;+;+;+,6501,0,0,0,0,7,1,64,1,7
GENE.1887,chr7;chr7;chr7;chr7;chr7;chr7;chr7,899751;900036;900322;900460;900645;900893;901093,899847;900204;900382;900537;900685;900998;901137,+;+;+;+;+;+;+,597,308,308,308,326,308,314,308,314,308
GENE.1888,chr7;chr7;chr7;chr7,901549;901784;901984;902632,901614;901853;902489;902787,+;+;+;+,798,10,10,10,10,10,10,10,6,10
GENE.1889,chr7;chr7,904143;907544,907394;914671,+;+,10380,0,0,1,0,3,0,545,0,3
GENE.189,chr1;chr1,365610;365920,365823;368795,+;+,3090,3364,3364,3364,3376,3405,3336,3368,3336,3405
GENE.1890,chr7,916434,917168,+,735,378,378,378,378,378,377,377,377,378
GENE.1891,chr7,917958,920816,-,2859,1498,1498,1498,1502,1527,1489,1464,1489,1527
GENE.1892,chr7,922285,924984,+,2700,9810,9810,9810,9822,9835,9720,9804,9720,9835
GENE.1893,chr7;chr7;chr7;chr7;chr7;chr7,926692;926975;927159;927387;927630;927879,926761;927064;927281;927516;927711;928028,+;+;+;+;+;+,645,394,394,394,414,398,398,394,398,398
GENE.1894,chr7,928514,930853,+,2340,2538,2538,2538,2552,2546,2531,2559,2531,2546
GENE.1895,chr7;chr7,931459;932087,931968;932164,-;-,588,0,0,0,0,3,0,0,0,3
GENE.1896,chr7,935497,936900,+,1404,0,0,0,0,1,0,0,0,1
GENE.1897,chr7;chr7;chr7,938279;938565;938789,938429;938627;938895,+;+;+,321,9,9,9,9,9,9,9,9,9
GENE.1898,chr7;chr7;chr7,939715;939916;940132,939784;939963;940250,-;-;-,237,11,11,11,11,11,11,10,11,11
GENE.1899,chr7,941776,942513,+,738,246,246,246,250,246,245,245,245,246
GENE.19,chrM,3492,4622,+,1131,1580,1580,1580,1582,1580,1577,1577,1577,1580
GENE.190,chr1,369480,370178,-,699,1012,1012,1012,1012,1018,1009,1009,1009,1018
GENE.1900,chr7,944023,945234,+,1212,0,0,0,0,2,0,0,0,2
GENE.1901,chr7,946363,948612,+,2250,2754,2754,2754,2760,2768,2744,2791,2744,2768
GENE.1902,chr7,949449,953114,-,3666,0,1,0,0,5,0,112,0,5
GENE.1903,chr7;chr7;chr7,954784;955032;955259,954833;955078;956343,+;+;+,1182,386,386,386,399,386,384,385,384,386
GENE.1904,chr7;chr7,956920;957963,957740;958017,-;-,876,0,0,0,0,0,0,0,0,0
GENE.1905,chr7,958886,960694,-,1809,0,0,0,0,2,0,0,0,2
GENE.1906,chr7;chr7,962031;962291,962113;962447,+;+,240,1,1,1,1,1,1,1,1,1
GENE.1907,chr7,963370,965109,+,1740,4466,4466,4466,4468,4519,4412,4458,4412,4519
GENE.1908,chr7;chr7;chr7;chr7;chr7;chr7;chr7;chr7;chr7;chr7;chr7,965664;965864;966076;966226;966421;966670;966890;967070;967351;967555;967727,965749;965954;966150;966306;966498;966787;966913;967244;967456;967603;967782,-;-;-;-;-;-;-;-;-;-;-,939,794,794,794,806,798,802,791,802,798
GENE.1909,chr7,968836,969735,-,900,2112,2112,2112,2118,2137,2081,2105,2081,2137
GENE.191,chr1;chr1,371815;372876,372646;373012,-;-,969,722,722,722,730,724,720,722,720,724
GENE.1910,chr7,970492,971877,-,1386,2892,2892,2892,2912,2892,2882,2883,2882,2892
GENE.1911,chr7;chr7;chr7;chr7,972658;973121;973409;973654,972997;973175;973471;974272,+;+;+;+,1077,1126,1126,1126,1130,1136,1121,1125,1121,1136
GENE.1912,chr7,975766,978408,+,2643,0,2,0,0,2,0,0,0,2
GENE.1913,chr7,978920,983188,-,4269,0,1,0,0,2,0,20,0,2
GENE.1914,chr7,984778,985458,-,681,1034,1034,1034,1036,1062,1024,1033,1024,1062
GENE.1915,chr7;chr7;chr7,986598;987018;987223,986831;987090;987365,+;+;+,450,0,0,0,0,0,0,0,0,0
GENE.1916,chr7,988145,991243,+,3099,1808,1808,1808,1810,1819,1810,1810,1706,1813
GENE.1917,chr7;chr7;chr7;chr7,993232;999625;999917;1000085,999420;999788;999987;1000233,+;+;+;+,6573,7104,7104,7107,7156,7115,6996,7128,6996,7115
GENE.1918,chr7;chr7;chr7;chr7,1000701;1000869;1001113;1001364,1000754;1001002;1001210;1004746,-;-;-;-,3669,9824,9824,9825,9844,9867,9697,9824,9697,9867
GENE.1919,chr7,1006335,1012145,+,5811,3948,3948,3948,3978,3969,3856,4024,3856,3969
GENE.192,chr1;chr1,374439;374959,374810;375087,-;-,501,20,20,20,20,20,20,20,20,20
GENE.1920,chr7;chr7,1013295;1015204,1015060;1016449,-;-,3012,0,0,0,0,1,0,1,0,1
GENE.1921,chr7,1019384,1020667,-,1284,0,0,0,0,2,0,0,0,2
GENE.1922,chr7;chr7,1021508;1022445,1022326;1022630,+;+,1005,0,0,0,0,0,0,0,0,0
GENE.1923,chr7;chr7,1023651;1024066,1023942;1024121,+;+,348,4,4,4,4,5,4,4,4,5
GENE.1924,chr7;chr7;chr7;chr7,1024672;1025245;1025745;1026111,1025015;1025518;1025984;1026167,+;+;+;+,915,0,0,0,0,0,0,0,0,0
GENE.1925,chr7;chr7;chr7;chr7;chr7,1026444;1026614;1026875;1027064;1027359,1026518;1026697;1026966;1027219;1033077,-;-;-;-;-,6126,5315,5315,5319,5359,5343,5208,5112,5208,5343
GENE.1926,chr7;chr7;chr7;chr7;chr7,1034969;1035350;1035568;1035813;1043143,1035200;1035460;1035642;1042897;1046109,-;-;-;-;-,10470,0,1,3,0,11,0,19,0,11
GENE.1927,chr7;chr7;chr7;chr7,1047427;1047718;1047985;1048327,1047438;1047783;1048148;1049362,-;-;-;-,1278,1421,1422,1430,1445,1434,1276,1409,1276,1434
GENE.1928,chr7,1052465,1058158,+,5694,7952,7952,7953,7970,8053,7867,7972,7867,8053
GENE.1929,chr7,1058933,1062976,-,4044,468,468,468,470,480,468,459,468,480
GENE.193,chr1;chr1,376294;376830,376586;377004,-;-,468,252,252,252,257,252,251,251,251,252
GENE.1930,chr7;chr7,1065252;1070019,1069760;1070240,+;+,4731,40591,40591,40882,42435,42035,41315,40571,40666,42033
GENE.1931,chr7;chr7;chr7;chr7,1070980;1071129;1071359;1071723,1071014;1071247;1071636;1071737,+;+;+;+,447,0,0,0,0,0,0,0,0,0
GENE.1932,chr7;chr7,1072202;1074618,1074446;1074754,-;-,2382,3717,3717,3717,3721,3745,3663,3707,3663,3745
GENE.1933,chr7;chr7;chr7;chr7,1079015;1079400;1079671;1079857,1079065;1079443;1079706;1080055,+;+;+;+,330,19,19,19,24,19,19,19,19,19
GENE.1934,chr7;chr7,1080642;1082315,1081869;1082343,-;-,1257,3413,4339,6225,9064,7632,11215,3390,11187,7632
GENE.1935,chr7,1083761,1085847,+,2087,2470,5610,5462,6246,5633,5538,875,5538,5633
GENE.1936,chr7,1085848,1086212,+,365,0,0,0,0,0,0,0,0,0
GENE.1937,chr7,1086213,1086371,+,159,0,0,0,0,0,0,0,0,0
GENE.1938,chr7,1086372,1086569,+,198,0,0,0,0,0,0,0,0,0
GENE.1939,chr7,1086570,1090357,+,3788,0,20489,19415,27796,20815,19944,479,19944,20815
GENE.194,chr1;chr1;chr1,377874;378265;378461,378133;378318;378599,-;-;-,453,476,476,476,486,480,484,475,484,480
GENE.1940,chr7;chr7,1093566;1095922,1095776;1096122,-;-,2412,0,0,0,0,2,0,52,0,2
GENE.1941,chr7;chr7;chr7,1100134;1100414;1102887,1100230;1102773;1102967,+;+;+,2538,958,958,958,964,1011,1001,958,885,961
GENE.1942,chr7;chr7,1104156;1108055,1107838;1108364,+;+,3993,4093,4739,5446,6055,5655,7274,4075,7274,5655
GENE.1943,chr7;chr7;chr7;chr7;chr7,1108831;1109150;1122013;1123867;1124249,1108864;1121817;1123680;1124087;1124492,-;-;-;-;-,14835,58397,58396,58397,58794,58681,58068,57611,58068,58681
GENE.1944,chr7;chr7;chr7;chr7,1126556;1126774;1127121;1127320,1126611;1126942;1127189;1136577,-;-;-;-,9552,0,0,0,0,13,1,4,1,13
GENE.1945,chr7;chr7,1140479;1142342,1142132;1142754,+;+,2067,372,372,372,372,379,371,405,371,379
GENE.1946,chr7,1143303,1143815,-,513,798,798,798,798,799,796,797,796,799
GENE.1947,chr7;chr7;chr7,1144046;1144264;1144518,1144074;1144345;1144730,-;-;-,324,19,19,19,20,19,19,18,19,19
GENE.1948,chr7,1145648,1147207,+,1560,5592,5592,5592,5600,5595,5562,5578,5562,5595
GENE.1949,chr7,1147570,1151058,-,3489,10460,10460,10733,11550,11381,11207,10388,11207,11381
GENE.195,chr1;chr1,379149;379659,379552;379806,-;-,552,462,462,462,470,463,459,460,459,463
GENE.1950,chr7,1152155,1155355,-,3201,8218,8218,8809,11826,10767,10684,7915,10655,10767
GENE.1951,chr7,1156748,1158409,-,1662,0,0,0,0,4,0,0,0,4
GENE.1952,chr7,1159700,1161820,-,2121,2478,2478,2478,2480,2490,2457,2473,2457,2490
GENE.1953,chr7;chr7;chr7,1162710;1162966;1163157,1162723;1163047;1163831,+;+;+,771,656,656,656,656,658,655,655,655,658
GENE.1954,chr7,1164455,1166578,-,2124,0,1,1,0,9,2,0,2,9
GENE.1955,chr7;chr7;chr7,1167441;1170521;1170784,1170389;1170627;1170817,+;+;+,3090,9353,9352,9353,9397,9398,9268,9334,9268,9398
GENE.1956,chr7,1171286,1174156,-,2871,5340,5340,5340,5394,5361,5300,5079,5300,5361
GENE.1957,chr7,1175944,1181700,+,5757,14912,14912,14912,14914,14928,14875,14963,14875,14928
GENE.1958,chr7,1184401,1190172,+,5772,21502,21502,21505,21532,21547,21380,21751,21379,21547
GENE.1959,chr7;chr7,1191179;1192139,1192017;1192289,-;-,990,1837,1837,1837,1853,1845,1830,1833,1830,1845
GENE.196,chr1,380697,382424,+,1728,8288,8288,8288,8300,8464,8007,8277,8007,8464
GENE.1960,chr7,1193616,1210301,-,16686,37876,37749,37876,38026,38117,37571,36913,37563,38117
GENE.1961,chr7;chr7,1211657;1211920,1211717;1213517,+;+,1659,5709,5709,5747,6209,5894,5317,5693,5317,5894
GENE.1962,chr7,1213841,1214476,-,636,0,0,0,0,0,0,0,0,0
GENE.1963,chr7;chr7,1215174;1215488,1215278;1215763,+;+,381,7,7,7,12,8,7,7,7,8
GENE.1964,chr7;chr7,1215174;1215492,1215282;1215763,+;+,381,7,7,7,12,8,7,7,7,8
GENE.1965,chr7;chr7;chr7;chr7;chr7,1216088;1216333;1216548;1216851;1217151,1216135;1216430;1216690;1216942;1217201,-;-;-;-;-,432,103,103,103,110,103,103,103,103,103
GENE.1966,chr7;chr7;chr7;chr7;chr7,1218426;1224405;1224782;1225248;1225450,1224231;1224657;1225105;1225329;1225473,+;+;+;+;+,6489,12342,12342,12344,12490,12394,12251,12697,12251,12394
GENE.1967,chr7;chr7;chr7;chr7,1226029;1227367;1227612;1228664,1227277;1227467;1228373;1228714,-;-;-;-,2163,0,0,0,0,0,0,0,0,0
GENE.1968,chr7;chr7,1230589;1232148,1231956;1232180,+;+,1401,398,398,398,398,400,396,398,396,400
GENE.1969,chr7;chr7;chr7;chr7;chr7;chr7;chr7;chr7,1232272;1232608;1232791;1232954;1233140;1233300;1233448;1233620,1232325;1232657;1232854;1233046;1233205;1233344;1233501;1234672,-;-;-;-;-;-;-;-,1479,3200,3200,3200,3239,3206,3220,3195,3220,3206
GENE.197,chr1;chr1;chr1;chr1;chr1;chr1;chr1;chr1;chr1;chr1;chr1;chr1;chr1;chr1;chr1;chr1;chr1;chr1;chr1,383284;383887;384162;384400;384627;384897;385264;385461;385623;385905;386089;386331;386558;386691;386871;387214;387435;387596;387874,383722;384012;384270;384538;384807;385099;385385;385520;385767;385971;386150;386393;386606;386722;387042;387299;387462;387731;387940,+;+;+;+;+;+;+;+;+;+;+;+;+;+;+;+;+;+;+,2286,15892,15901,15892,16302,15986,15937,15975,15937,15986
GENE.1970,chr7;chr7;chr7;chr7;chr7,1235699;1236064;1236258;1236418;1236658,1235699;1236134;1236326;1236538;1236707,+;+;+;+;+,312,18,18,18,18,18,18,18,18,18
GENE.1971,chr7,1238446,1246188,+,7743,7250,7251,7263,7434,7337,7276,7369,7275,7336
GENE.1972,chr7;chr7,1247398;1247755,1247610;1248264,+;+,723,532,532,532,534,539,531,531,531,539
GENE.1973,chr7,1248837,1251503,-,2667,6790,6790,6790,6798,6795,6764,6774,6764,6795
GENE.1974,chr7,1252847,1254097,+,1251,0,0,1,0,3,0,67,0,3
GENE.1975,chr7,1255371,1257653,+,2283,0,0,3,0,0,0,0,0,0
GENE.1976,chr7;chr7;chr7;chr7;chr7,1258787;1259140;1259302;1259493;1259691,1258952;1259206;1259416;1259596;1259730,+;+;+;+;+,492,70,70,70,70,70,70,70,70,70
GENE.1977,chr7;chr7,1260154;1261478,1261259;1262780,-;-,2409,0,0,0,0,2,0,0,0,2
GENE.1978,chr7,1264445,1264738,+,294,0,0,0,0,0,0,0,0,0
GENE.1979,chr7;chr7,1265910;1281099,1280858;1281347,+;+,15198,9297,9298,9299,9299,9315,9203,9293,9203,9315
GENE.198,chr1;chr1;chr1;chr1;chr1;chr1;chr1;chr1;chr1;chr1;chr1;chr1;chr1;chr1;chr1;chr1;chr1,383284;383887;384162;384400;384627;384897;385264;385461;385623;385905;386089;386331;386558;386691;386871;387214;387596,383722;384012;384270;384538;384807;385099;385385;385520;385767;385971;386150;386393;386606;386722;387042;387299;387625,+;+;+;+;+;+;+;+;+;+;+;+;+;+;+;+;+,2085,15885,15894,15885,16295,15979,15930,15854,15930,15979
GENE.1980,chr7;chr7,1281785;1282193,1282005;1282322,-;-,351,4,4,4,6,4,4,3,4,4
GENE.1981,chr7,1282913,1285519,+,2607,108,108,108,108,108,109,141,109,108
GENE.1982,chr7;chr7;chr7;chr7,1286057;1287992;1288971;1289385,1287601;1288800;1289178;1289399,-;-;-;-,2577,2164,2164,2164,2172,2166,2150,2136,2150,2166
GENE.1983,chr7,1297459,1301454,+,3996,4984,4985,4986,4990,4994,4969,5436,4969,4994
GENE.1984,chr7;chr7;chr7,1304347;1304672;1304941,1304526;1304812;1305096,+;+;+,477,71,71,71,75,71,71,71,71,71
GENE.1985,chr7,1305894,1314215,-,8322,6760,6760,6764,6802,6823,6660,6611,6660,6823
GENE.1986,chr7,1318059,1318131,+,73,0,0,0,0,0,0,0,0,0
GENE.1987,chr7,1319011,1319082,-,72,0,0,0,0,1,0,0,0,1
GENE.1988,chr7;chr7,1321306;1321552,1321371;1322367,+;+,882,2900,2900,2900,2915,2902,2895,2894,2895,2902
GENE.1989,chr7;chr7,1321306;1321556,1321375;1322367,+;+,882,2900,2900,2900,2915,2902,2895,2894,2895,2902
GENE.199,chr1,388372,389076,+,705,748,748,748,748,750,734,741,734,750
GENE.1990,chr7;chr7,1325375;1325673,1325566;1331813,+;+,6333,0,0,0,0,13,1,0,1,13
GENE.1991,chr7,1333175,1334938,-,1764,0,0,1,0,0,0,0,0,0
GENE.1992,chr7;chr7,1338959;1339322,1339162;1341790,+;+,2673,0,0,2,0,2,0,0,0,2
GENE.1993,chr7;chr7,1342842;1343823,1343597;1343996,-;-,930,0,0,0,0,1,0,0,0,1
GENE.1994,chr7;chr7,1350032;1350295,1350130;1351149,+;+,954,0,0,0,0,2,0,0,0,2
GENE.1995,chr7;chr7,1353758;1355402,1355281;1355482,+;+,1605,0,0,0,0,5,0,0,0,5
GENE.1996,chr7;chr7;chr7;chr7,1358055;1362444;1362624;1362847,1362318;1362522;1362706;1362929,+;+;+;+,4509,37542,37542,37542,37650,37731,36816,37235,36816,37731
GENE.1997,chr7,1368161,1370596,+,2436,7482,7482,7482,7486,7523,7411,7455,7411,7523
GENE.1998,chr7;chr7,1372063;1372239,1372131;1372760,+;+,591,838,838,838,838,844,832,833,832,844
GENE.1999,chr7;chr7,1378618;1378799,1378674;1380769,+;+,2028,0,0,0,0,2,0,160,0,2
GENE.2,chrM,34,71,+,38,0,0,0,0,0,0,0,0,0
GENE.20,chrM,4594,4618,-,25,24,24,24,24,24,24,24,24,24
GENE.200,chr1,389261,392065,-,2805,3058,3058,3064,3216,3068,3061,3056,3059,3068
GENE.2000,chr7;chr7;chr7;chr7,1382410;1382632;1382811;1383489,1382475;1382809;1383487;1383524,+;+;+;+,957,0,0,0,0,0,0,0,0,0
GENE.2001,chr7;chr7,1385635;1385805,1385703;1386626,+;+,891,996,1308,1292,1584,1331,1299,697,1299,1331
GENE.2002,chr7;chr7,1387753;1388420,1388418;1389037,+;+,1284,2498,3086,3158,3478,3290,3399,1271,3399,3290
GENE.2003,chr7;chr7,1390711;1390997,1390764;1392043,+;+,1101,755,877,879,896,885,879,734,879,885
GENE.2004,chr7;chr7,1396437;1397571,1397384;1397639,-;-,1017,212,212,212,212,212,211,211,211,212
GENE.2005,chr7;chr7,1399452;1400614,1400531;1400682,-;-,1149,70,70,70,70,74,69,70,69,74
GENE.2006,chr7;chr7,1402623;1403910,1403672;1403978,-;-,1119,0,0,0,0,0,2,0,2,0
GENE.2007,chr7,1406853,1407065,+,213,0,0,0,0,0,0,0,0,0
GENE.2008,chr7;chr7,1408781;1408965,1408849;1409975,+;+,1080,0,8,8,26,8,9,4,9,8
GENE.2009,chr7;chr7,1410435;1410975,1410506;1412231,+;+,1329,1645,2803,2771,3188,2833,2819,774,2819,2833
GENE.201,chr1,392604,393035,+,432,386,386,386,386,388,386,386,386,388
GENE.2010,chr7;chr7,1414434;1414718,1414487;1415683,+;+,1020,0,4,0,13,2,2,1,2,2
GENE.2011,chr7;chr7,1417588;1419890,1419030;1426234,-;-,7788,0,50,22,96,38,36,10,36,38
GENE.2012,chr8;chr8,21361;27295,26364;28653,+;+,6363,38204,38206,38192,38320,38295,37617,37930,37617,38295
GENE.2013,chr8;chr8,29700;31636,30878;39033,-;-,8577,0,24,26,114,41,28,7,28,41
GENE.2014,chr8;chr8,40948;49632,48582;50939,+;+,8943,0,2,3,8,14,78,46,78,14
GENE.2015,chr8;chr8,52760;53929,53698;53982,-;-,993,1296,1301,1297,1301,1301,1290,1224,1290,1301
GENE.2016,chr8;chr8,56352;57650,57425;57703,-;-,1128,0,1,0,0,2,0,1,0,2
GENE.2017,chr8;chr8,61138;62043,61920;62135,-;-,876,1986,1977,1978,2000,1982,1975,1105,1975,1982
GENE.2018,chr8;chr8;chr8,65716;70567;70993,70434;70832;71785,-;-;-,5778,7422,14153,14037,16788,14313,13947,4926,13947,14313
GENE.2019,chr8;chr8,79823;80082,79891;80642,+;+,630,0,0,0,0,0,8,1,0,0
GENE.202,chr1,393216,393490,-,275,0,0,0,0,0,0,2,0,0
GENE.2020,chr8;chr8;chr8,83128;83337;83356,83196;83354;83904,+;+;+,636,1149,1149,1149,1153,1163,1105,1148,1089,1163
GENE.2021,chr8;chr8,84568;88225,88029;88422,-;-,3660,16989,17091,17394,20289,18459,20292,16936,14757,18219
GENE.2022,chr8,91397,97571,-,6175,24498,23603,24499,24820,24692,23872,22058,23870,24692
GENE.2023,chr8,98890,99051,-,162,0,0,0,0,3,0,0,0,3
GENE.2024,chr8,101954,102826,-,873,1722,1722,1722,1722,1726,1720,1720,1720,1726
GENE.2025,chr8;chr8,104525;104748,104620;104888,-;-,237,0,0,0,0,0,0,0,0,0
GENE.2026,chr8,106593,108242,-,1650,1766,1766,1766,1768,1775,1759,1753,1759,1775
GENE.2027,chr8,109180,109557,-,378,0,0,0,0,0,0,0,0,0
GENE.2028,chr8;chr8;chr8,112299;113625;117736,113511;117624;117877,+;+;+,5355,0,0,0,0,3,1,136,1,3
GENE.2029,chr8,119032,122067,-,3036,0,0,1,0,6,0,3,0,6
GENE.203,chr1;chr1,393875;394669,394457;394835,-;-,750,1116,1116,1117,1120,1118,1111,1111,1111,1118
GENE.2030,chr8,128849,142837,+,13989,0,0,1,0,20,0,1274,0,20
GENE.2031,chr8,146089,150282,+,4194,5238,5238,5238,5238,5296,5187,5230,5187,5296
GENE.2032,chr8;chr8,151808;152089,151961;159668,-;-,7734,45371,45372,45386,45591,45710,45002,42967,44998,45710
GENE.2033,chr8,165416,166078,+,663,0,0,0,0,0,0,0,0,0
GENE.2034,chr8,167069,170434,-,3366,18960,18960,18960,18986,19134,18815,18907,18815,19134
GENE.2035,chr8;chr8;chr8,171865;174154;174334,173899;174211;174385,+;+;+,2145,0,0,0,0,4,0,1,0,4
GENE.2036,chr8,174647,178906,-,4260,14966,14966,14966,14988,14990,14938,14926,14938,14990
GENE.2037,chr8;chr8;chr8;chr8;chr8,180563;180810;181255;187493;188039,180655;181061;187281;187885;188113,+;+;+;+;+,6840,0,1,1,0,5,1,200,1,5
GENE.2038,chr8;chr8;chr8;chr8;chr8,188566;188857;189384;189655;190221,188761;189257;189557;190020;190316,+;+;+;+;+,1233,2633,2633,2633,2686,2635,2619,2623,2619,2635
GENE.2039,chr8;chr8,191976;192355,192041;194103,+;+,1815,7474,7474,7474,7490,7522,7314,7477,7314,7522
GENE.204,chr1;chr1,396591;403514,403355;403606,+;+,6858,0,0,0,0,4,0,156,0,4
GENE.2040,chr8;chr8,195148;195357,195233;195678,-;-,408,0,0,0,0,1,0,0,0,1
GENE.2041,chr8,196581,198614,+,2034,0,0,0,0,0,0,82,0,0
GENE.2042,chr8,199181,202918,-,3738,0,0,0,0,1,1,13,1,1
GENE.2043,chr8;chr8,204241;204712,204477;206661,-;-,2187,150,150,150,150,150,153,155,153,150
GENE.2044,chr8;chr8;chr8;chr8;chr8;chr8;chr8,208451;208762;208973;209150;209296;209549;209846,208502;208878;209038;209218;209449;209742;210291,+;+;+;+;+;+;+,1098,0,0,0,0,2,0,0,0,2
GENE.2045,chr8,212252,215971,+,3720,3598,3598,3599,3604,3647,3573,3588,3573,3647
GENE.2046,chr8,217888,222291,+,4404,5778,5779,5843,6468,6024,5791,5997,5619,5928
GENE.2047,chr8;chr8;chr8;chr8;chr8;chr8;chr8;chr8;chr8;chr8;chr8;chr8;chr8;chr8;chr8,223762;224779;224935;225531;225692;225876;226093;226257;226525;226765;226890;227063;227193;227470;230136,224639;224835;225387;225567;225781;225977;226125;226396;226614;226784;226954;227112;227329;230043;230209,+;+;+;+;+;+;+;+;+;+;+;+;+;+;+,4800,42697,42696,42697,42964,42842,42647,42844,42647,42842
GENE.2048,chr8,231398,232756,+,1359,5648,5648,5648,5650,5653,5637,5637,5637,5653
GENE.2049,chr8;chr8,233467;234342,234179;234426,-;-,798,2982,2982,2982,2990,2984,2972,2972,2972,2984
GENE.205,chr1;chr1;chr1;chr1;chr1;chr1;chr1,405739;410320;410553;411301;411522;411883;412132,410133;410452;410950;411380;411560;411932;412169,+;+;+;+;+;+;+,5133,0,0,0,0,7,0,3,0,5
GENE.2050,chr8,236442,236571,-,130,0,0,0,0,0,0,0,0,0
GENE.2051,chr8;chr8;chr8,237853;239276;240163,238957;239693;241048,+;+;+,2409,0,0,0,0,1,0,0,0,1
GENE.2052,chr8,239057,239141,+,85,0,0,0,0,0,0,0,0,0
GENE.2053,chr8,239877,240036,+,160,0,0,0,0,0,0,0,0,0
GENE.2054,chr8,242103,244775,+,2673,0,0,0,0,1,0,0,0,1
GENE.2055,chr8,245711,247933,+,2223,2368,2368,2368,2376,2371,2363,2376,2363,2371
GENE.2056,chr8;chr8,250083;267790,267539;268437,+;+,18105,21232,21232,21232,21510,21322,21105,22044,21105,21322
GENE.2057,chr8;chr8,268856;269108,268937;270696,-;-,1671,3605,3605,3605,3609,3616,3552,3507,3552,3616
GENE.2058,chr8,271417,277413,-,5997,56474,56474,56545,57378,56961,56385,55231,56343,56961
GENE.2059,chr8,278381,279034,+,654,468,468,468,468,470,468,468,468,470
GENE.206,chr1,413760,415100,-,1341,34,34,34,34,34,34,34,34,34
GENE.2060,chr8,279711,281186,-,1476,184,184,186,184,189,181,183,181,189
GENE.2061,chr8;chr8;chr8;chr8;chr8;chr8;chr8,283066;283333;283504;283744;283957;284160;284395,283209;283407;283643;283805;284023;284281;284522,-;-;-;-;-;-;-,738,1244,1244,1244,1298,1247,1259,1242,1259,1247
GENE.2062,chr8,286959,288620,+,1662,1938,1938,1938,1940,1948,1929,1930,1929,1948
GENE.2063,chr8,290902,291183,+,282,0,0,0,0,0,0,0,0,0
GENE.2064,chr8,293113,296871,-,3759,0,0,0,0,7,0,0,0,7
GENE.2065,chr8;chr8;chr8;chr8;chr8;chr8,303370;303551;303686;303819;304048;304246,303464;303590;303744;303860;304138;304596,-;-;-;-;-;-,678,173,173,173,181,173,181,173,181,173
GENE.2066,chr8,305295,308549,-,3255,0,0,0,0,5,0,18,0,5
GENE.2067,chr8,312034,312960,+,927,44,44,44,44,44,44,44,44,44
GENE.2068,chr8;chr8,314172;314434,314252;318726,-;-,4374,0,0,0,0,3,0,0,0,3
GENE.2069,chr8,322367,323677,-,1311,456,456,456,456,457,454,425,454,457
GENE.207,chr1;chr1;chr1,417921;418380;419035,417993;418837;419607,+;+;+,1104,0,0,0,0,0,0,0,0,0
GENE.2070,chr8;chr8;chr8;chr8;chr8;chr8,324279;324509;324856;325109;325305;325618,324365;324745;324996;325201;325458;325655,-;-;-;-;-;-,750,1213,1213,1221,1234,1214,1217,1207,1217,1214
GENE.2071,chr8;chr8,326215;326428,326276;330004,-;-,3639,11099,11099,11102,11425,11156,11285,11047,11035,11151
GENE.2072,chr8,330651,332678,+,2028,1374,1374,1374,1384,1388,1366,1373,1366,1388
GENE.2073,chr8;chr8;chr8;chr8;chr8;chr8;chr8;chr8;chr8;chr8,333379;333692;333908;334080;334263;334462;334633;334795;335020;336344,333425;333779;333981;334144;334343;334518;334713;334877;336116;337727,+;+;+;+;+;+;+;+;+;+,3057,224,224,224,230,225,226,223,226,225
GENE.2074,chr8;chr8;chr8,337902;338093;338450,337966;338337;343254,-;-;-,5115,0,0,0,0,8,0,0,0,8
GENE.2075,chr8,344288,344821,+,534,0,0,0,0,0,0,1,0,0
GENE.2076,chr8,345427,347454,-,2028,21358,21358,21358,21378,21576,21283,21334,21283,21576
GENE.2077,chr8;chr8;chr8;chr8;chr8,349317;351400;351690;352082;353311,351083;351525;351924;352733;353362,-;-;-;-;-,2832,6802,6802,6802,6834,6804,6791,6588,6791,6804
GENE.2078,chr8;chr8;chr8,354472;362018;362166,361893;362083;362396,+;+;+,7719,0,0,0,0,14,0,227,0,14
GENE.2079,chr8,363260,366421,-,3162,2956,2956,2957,2964,2995,2940,2949,2940,2995
GENE.208,chr1,420293,420853,-,561,0,0,0,0,0,0,0,0,0
GENE.2080,chr8,368607,369746,-,1140,0,0,0,0,1,0,0,0,1
GENE.2081,chr8;chr8;chr8;chr8;chr8;chr8;chr8;chr8;chr8,370784;370911;371150;371493;371735;371920;372137;372424;372586,370784;370987;371282;371611;371785;372022;372252;372454;372623,+;+;+;+;+;+;+;+;+,669,294,294,294,302,297,295,293,295,297
GENE.2082,chr8,372902,376867,-,3966,3798,3798,3806,3994,3846,3822,3692,3822,3846
GENE.2083,chr8;chr8,378024;378626,378447;379446,+;+,1245,0,0,0,0,3,0,0,0,3
GENE.2084,chr8;chr8;chr8;chr8,381564;381863;382159;382511,381627;381928;382297;382847,+;+;+;+,606,0,0,0,0,0,0,0,0,0
GENE.2085,chr8;chr8;chr8;chr8;chr8,384298;384954;385254;385434;385663,384516;385073;385289;385499;385797,+;+;+;+;+,576,399,399,399,413,402,401,398,401,402
GENE.2086,chr8;chr8;chr8,387219;387474;388009,387294;387824;388364,+;+;+,783,0,0,0,0,2,0,0,0,2
GENE.2087,chr8;chr8;chr8;chr8,389596;389766;393583;393956,389631;393181;393831;394259,-;-;-;-,4005,17730,17730,17732,18005,17865,17592,17626,17583,17865
GENE.2088,chr8;chr8;chr8;chr8;chr8,395648;397100;397479;397744;398163,396995;397339;397565;398056;398787,-;-;-;-;-,2613,1609,1609,1609,1623,1617,1600,1591,1600,1617
GENE.2089,chr8;chr8,399591;401271,400946;401360,-;-,1446,832,832,838,874,874,867,832,867,874
GENE.209,chr1;chr1;chr1;chr1;chr1;chr1,421776;422128;422374;422732;422850;423091,421883;422283;422496;422791;422912;427575,-;-;-;-;-;-,4995,0,0,0,0,5,0,0,0,5
GENE.2090,chr8;chr8;chr8,402595;403076;403948,402814;403783;404141,+;+;+,1122,0,0,0,0,1,0,0,0,1
GENE.2091,chr8,404996,409084,+,4089,10372,10372,10375,10452,10450,10316,10348,10312,10450
GENE.2092,chr8;chr8;chr8,409936;414472;414972,414330;414709;415168,+;+;+,4830,5859,5859,5864,5997,5925,5853,5851,5853,5925
GENE.2093,chr8,416344,418065,-,1722,1372,1372,1374,1372,1376,1368,1369,1368,1376
GENE.2094,chr8;chr8;chr8,421493;421791;422013,421506;421865;422640,+;+;+,717,0,0,0,0,1,0,0,0,1
GENE.2095,chr8;chr8,423527;423718,423544;424536,+;+,837,0,1,0,0,0,0,0,0,0
GENE.2096,chr8,427492,427639,+,148,0,0,0,0,0,0,0,0,0
GENE.2097,chr8;chr8,431165;437636,436546;439051,+;+,6798,34879,34756,34873,34927,35204,34041,34712,33877,35200
GENE.2098,chr8;chr8,440408;446731,445771;448062,+;+,6696,4526,4535,4526,4536,4614,4601,4577,4528,4611
GENE.2099,chr8;chr8,450615;450805,450686;451899,+;+,1167,1256,1256,1256,1258,1258,1252,1252,1252,1258
GENE.21,chrM,4625,4696,+,72,0,0,0,0,0,0,0,0,0
GENE.210,chr1;chr1;chr1,430152;430520;430748,430230;430623;430858,-;-;-,294,32,32,32,39,32,32,32,32,32
GENE.2100,chr8;chr8,453803;453975,453856;454919,+;+,999,608,608,608,608,608,607,607,607,608
GENE.2101,chr8,456050,456155,-,106,0,0,0,0,0,0,0,0,0
GENE.2102,chr8;chr8,459312;465314,464387;466567,+;+,6330,0,3,1,2,23,79,3,2,21
GENE.2103,chr8,467943,471893,-,3951,0,0,2,0,26,0,42,0,26
GENE.2104,chr8,474253,475285,-,1033,610,559,610,610,610,602,512,602,610
GENE.2105,chr8,475573,478125,+,2553,5612,5612,5612,5642,5655,5564,5614,5564,5655
GENE.2106,chr8,478512,478826,-,315,0,0,0,0,2,0,0,0,2
GENE.2107,chr8,479980,497382,-,17403,2262,2262,2264,2270,2289,2241,2241,2241,2289
GENE.2108,chr8;chr8;chr8;chr8;chr8,499463;499823;500017;500213;500466,499641;499895;500114;500321;501569,-;-;-;-;-,1563,1223,1223,1223,1245,1232,1233,1220,1233,1232
GENE.2109,chr8;chr8;chr8;chr8,502338;502526;502758;503226,502408;502611;503021;506698,-;-;-;-,3894,5763,5763,5893,6447,6203,6115,5640,6115,6203
GENE.211,chr1,431539,435042,-,3504,20126,20126,20126,20150,20154,20030,19946,20030,20154
GENE.2110,chr8;chr8;chr8;chr8,508224;508688;508944;509155,508574;508763;509022;512428,-;-;-;-,3780,2842,2842,2843,2862,2844,2844,2845,2844,2844
GENE.2111,chr8,517421,517693,-,273,0,0,0,0,0,0,0,0,0
GENE.2112,chr8;chr8,519331;519847,519521;519991,-;-,336,5,5,5,5,5,5,5,5,5
GENE.2113,chr8,521187,524009,+,2823,7914,7914,7914,7948,7930,7901,7906,7901,7930
GENE.2114,chr8;chr8;chr8;chr8,525058;525299;525646;527568,525186;525473;526957;527604,-;-;-;-,1653,2393,2392,2393,2423,2395,2387,2331,2387,2395
GENE.2115,chr8,532220,534031,+,1812,734,734,734,734,735,727,733,727,735
GENE.2116,chr8;chr8;chr8;chr8;chr8;chr8;chr8;chr8;chr8,534469;534685;534913;535169;535496;535773;535992;536266;536583,534510;534786;535063;535301;535603;535836;536139;536392;536619,-;-;-;-;-;-;-;-;-,912,2303,2300,2303,2363,2307,2301,2302,2301,2307
GENE.2117,chr8,541971,544796,+,2826,4126,4126,4126,4134,4144,4090,4265,4090,4130
GENE.2118,chr8;chr8;chr8;chr8;chr8;chr8,546163;546312;546577;546827;546978;547286,546217;546432;546608;546878;547063;547365,-;-;-;-;-;-,426,141,141,141,146,141,145,141,145,141
GENE.2119,chr8;chr8;chr8,548200;548512;550501,548335;550380;550616,+;+;+,2121,8818,8818,8819,8880,8883,8799,8803,8799,8883
GENE.212,chr1,436408,438564,+,2157,5906,5906,5907,5932,5968,5762,5930,5762,5968
GENE.2120,chr8;chr8,551199;552096,551903;552428,-;-,1038,1919,1919,1919,1932,1936,1901,1914,1901,1936
GENE.2121,chr8;chr8,551867;552096,551899;552428,-;-,366,760,760,760,769,766,760,759,760,766
GENE.2122,chr8;chr8,554437;557119,556839;557205,+;+,2490,195,195,195,195,197,194,295,194,197
GENE.2123,chr8,557884,559506,-,1623,154,154,154,154,154,152,159,152,154
GENE.2124,chr8;chr8,560744;561149,561017;564276,+;+,3402,23524,23524,23524,23634,23547,23474,23491,23474,23545
GENE.2125,chr8,567824,573148,+,5325,27996,27996,28000,28022,28084,27424,29338,27424,28084
GENE.2126,chr8;chr8;chr8;chr8,575986;576428;577899;578181,576240;577690;578017;578370,+;+;+;+,1827,4745,4745,4745,4797,4772,4445,4726,4445,4772
GENE.2127,chr8,579483,582221,+,2739,14508,14508,14508,14546,14528,13991,14453,13991,14527
GENE.2128,chr8;chr8,582983;586864,586525;586953,-;-,3633,14804,14804,14804,14806,14871,14571,14740,14571,14871
GENE.2129,chr8,589821,593489,+,3669,14724,14724,14723,14790,14737,14605,14854,14605,14737
GENE.213,chr1;chr1;chr1;chr1;chr1,439652;439950;440555;440764;441098,439824;440393;440644;440851;441418,-;-;-;-;-,1116,0,0,0,0,1,0,0,0,1
GENE.2130,chr8,593649,595412,-,1764,358,358,358,358,358,358,361,358,358
GENE.2131,chr8;chr8;chr8;chr8;chr8;chr8,596190;596438;596715;599817;600017;600241,596279;596587;599725;599884;600140;600328,+;+;+;+;+;+,3531,0,0,1,0,2,4,1,4,2
GENE.2132,chr8;chr8,600525;600895,600611;602247,-;-,1440,0,0,0,0,1,0,0,0,1
GENE.2133,chr8,604923,612878,+,7956,85382,85382,85385,86322,85554,83929,85241,83873,85554
GENE.2134,chr8;chr8;chr8;chr8;chr8,613325;613543;613819;614380;614721,613373;613686;614218;614526;614862,-;-;-;-;-,882,1815,1815,1815,1848,1815,1813,1814,1813,1815
GENE.2135,chr8;chr8;chr8;chr8;chr8;chr8;chr8;chr8;chr8;chr8;chr8;chr8;chr8,614919;615243;615496;615714;615885;616091;616276;616501;616666;616862;617013;617218;617563,614930;615323;615605;615770;615964;616166;616411;616559;616725;616934;617044;617397;617821,-;-;-;-;-;-;-;-;-;-;-;-;-,1215,0,0,0,0,1,0,0,0,1
GENE.2136,chr8,618843,620228,-,1386,1150,1150,1150,1150,1153,1146,1148,1146,1153
GENE.2137,chr8,621805,623442,-,1638,1194,1194,1194,1198,1198,1172,1191,1172,1198
GENE.2138,chr8,626069,628945,-,2877,9688,9688,9688,9718,9762,9610,9661,9610,9762
GENE.2139,chr8;chr8,631584;632079,631924;632229,-;-,492,0,0,0,0,0,0,0,0,0
GENE.214,chr1,442543,443289,-,747,1384,1384,1384,1390,1385,1383,1380,1383,1385
GENE.2140,chr8,633990,634697,+,708,86,86,86,86,99,86,86,86,99
GENE.2141,chr8,635537,635755,-,219,0,0,0,0,0,0,0,0,0
GENE.2142,chr8;chr8,636628;637843,637715;641458,-;-,4704,8730,8730,8730,8756,8739,8678,8741,8678,8739
GENE.2143,chr8,643086,644885,-,1800,0,0,0,0,1,0,0,0,1
GENE.2144,chr8,647316,649304,-,1989,3238,3238,3238,3242,3274,3224,3172,3224,3274
GENE.2145,chr8;chr8;chr8;chr8,651417;651697;652061;652360,651510;651937;652222;652804,-;-;-;-,942,4200,4199,4200,4242,4269,4170,4187,4170,4269
GENE.2146,chr8;chr8,656078;656693,656087;657630,+;+,948,943,943,943,945,945,941,941,941,945
GENE.2147,chr8;chr8;chr8;chr8;chr8;chr8,658493;658634;658874;659034;660158;662093,658538;658748;658901;659127;661851;662095,-;-;-;-;-;-,1980,4949,4949,4953,4976,4993,4879,4931,4879,4993
GENE.2148,chr8,665548,667095,-,1548,0,0,0,0,2,0,0,0,2
GENE.2149,chr8;chr8;chr8;chr8,669541;670034;670365;670645,669931;670176;670547;670734,+;+;+;+,807,5047,5047,5047,5147,5051,5041,5070,5041,5051
GENE.215,chr1,443585,443938,-,354,0,0,0,0,0,0,0,0,0
GENE.2150,chr8,671157,675416,-,4260,2882,2882,2882,2882,2889,2865,2901,2865,2889
GENE.2151,chr8,676391,677464,+,1074,0,0,0,0,3,0,0,0,3
GENE.2152,chr8;chr8,677989;678684,678381;678725,-;-,435,0,0,0,0,0,0,0,0,0
GENE.2153,chr8;chr8,680957;681402,681196;681809,+;+,648,145,145,145,149,147,144,144,144,147
GENE.2154,chr8;chr8;chr8;chr8;chr8;chr8,682518;682647;682874;683115;683273;683432,682539;682728;682955;683164;683342;683572,-;-;-;-;-;-,447,188,188,188,192,188,190,188,190,188
GENE.2155,chr8,687340,688086,+,747,0,0,0,0,0,0,0,0,0
GENE.2156,chr8,690541,694143,-,3603,27600,27600,27600,27676,27614,27556,27475,27556,27613
GENE.2157,chr8;chr8;chr8,695215;696797;697146,696717;696956;697522,-;-;-,2040,4161,4161,4161,4169,4175,4137,4160,4137,4175
GENE.2158,chr8,700376,702652,+,2277,5460,5460,5461,5472,5472,5443,5826,5441,5472
GENE.2159,chr8,703502,704683,-,1182,0,0,0,0,0,0,0,0,0
GENE.216,chr1;chr1;chr1;chr1;chr1;chr1;chr1;chr1,446026;446892;447118;447339;447617;447841;448028;448392,446775;447016;447205;447422;447747;447904;448190;448849,+;+;+;+;+;+;+;+,1863,0,0,2,0,0,0,22,0,0
GENE.2160,chr8,706076,706996,+,921,502,502,502,510,505,502,502,502,505
GENE.2161,chr8,708228,708824,+,597,0,0,0,0,3,0,0,0,3
GENE.2162,chr8,709545,710600,-,1056,0,0,0,0,2,0,0,0,2
GENE.2163,chr8,711239,714166,+,2928,0,0,1,0,3,0,14,0,3
GENE.2164,chr8,717113,719746,+,2634,2290,2290,2290,2292,2306,2274,2280,2274,2306
GENE.2165,chr8,721928,725476,+,3549,2800,2800,2804,2812,2820,2753,3295,2753,2820
GENE.2166,chr8;chr8,725781;726299,726059;726502,-;-,483,0,0,0,0,0,0,0,0,0
GENE.2167,chr8;chr8;chr8;chr8;chr8,727662;728427;728873;729398;729650,728223;728746;729248;729536;729728,+;+;+;+;+,1476,60,60,61,62,60,62,65,62,60
GENE.2168,chr8;chr8;chr8;chr8;chr8;chr8;chr8;chr8;chr8;chr8,729917;730071;730354;730587;730779;730965;731363;731631;731943;732175,729946;730182;730421;730643;730844;731138;731455;731764;732002;732187,-;-;-;-;-;-;-;-;-;-,807,0,0,0,0,2,0,0,0,2
GENE.2169,chr8;chr8,733279;733505,733331;734573,-;-,1122,178,178,178,178,178,178,191,178,178
GENE.217,chr1;chr1;chr1,450043;450297;450590,450099;450428;450646,-;-;-,246,7,7,7,7,7,7,7,7,7
GENE.2170,chr8,735680,741181,-,5502,26444,26444,26447,26532,26588,26186,25285,26186,26587
GENE.2171,chr8,743505,745505,+,2001,2542,2542,2542,2542,2548,2537,2544,2537,2548
GENE.2172,chr8,746013,747488,-,1476,6892,6892,6893,6912,6902,6871,6871,6871,6902
GENE.2173,chr8;chr8;chr8;chr8,748653;749127;749397;749553,748970;749252;749439;749623,+;+;+;+,558,708,708,708,738,713,716,705,716,713
GENE.2174,chr8,750082,750711,-,630,0,0,0,0,0,0,0,0,0
GENE.2175,chr8;chr8;chr8;chr8;chr8;chr8;chr8;chr8;chr8;chr8,751942;754409;754555;754696;754938;755091;755223;755497;755823;756147,754235;754433;754611;754742;755001;755122;755345;755716;755933;756173,-;-;-;-;-;-;-;-;-;-,3000,0,0,0,0,10,0,0,0,10
GENE.2176,chr8;chr8;chr8,757224;757831;758190,757743;757994;758207,+;+;+,702,0,0,0,0,4,0,0,0,4
GENE.2177,chr8;chr8;chr8,760138;760320;760961,760212;760692;761031,+;+;+,519,371,371,371,375,371,369,371,369,371
GENE.2178,chr8,762118,765330,-,3213,11296,11296,11296,11308,11348,11238,11278,11238,11348
GENE.2179,chr8;chr8;chr8;chr8,767110;767323;767665;767858,767239;767507;767758;767880,+;+;+;+,432,192,192,192,194,193,191,191,191,193
GENE.218,chr1;chr1;chr1;chr1;chr1,450831;451238;451594;452590;452832,450873;451303;452440;452690;453118,-;-;-;-;-,1344,4661,4661,4661,4684,4662,4650,4654,4650,4662
GENE.2180,chr8;chr8;chr8;chr8;chr8;chr8;chr8,767916;768132;768365;768675;768845;769095;769697,767949;768258;768517;768750;769006;769490;769792,-;-;-;-;-;-;-,1044,0,0,0,0,3,0,0,0,3
GENE.2181,chr8,770946,771773,+,828,2130,2130,2130,2140,2138,2123,2127,2123,2138
GENE.2182,chr8,772568,773737,+,1170,0,0,0,0,1,0,0,0,1
GENE.2183,chr8,774299,776791,+,2493,12082,12082,12084,12170,12089,12043,12180,12043,12089
GENE.2184,chr8,777257,779647,-,2391,13924,13924,13926,13934,14049,13850,13888,13850,14049
GENE.2185,chr8,782909,789616,-,6708,12950,12952,13005,14378,13275,12873,12267,12873,13274
GENE.2186,chr8;chr8,794287;795650,794349;797806,-;-,2220,3955,3955,3991,4714,4119,4003,3676,4003,4118
GENE.2187,chr8;chr8;chr8;chr8;chr8;chr8,798777;799031;799409;799639;799804;800068,798807;799136;799503;799691;799938;800205,+;+;+;+;+;+,558,854,853,854,868,859,859,853,859,859
GENE.2188,chr8;chr8,800920;803923,803696;804034,-;-,2889,14034,14034,14034,14084,14100,13820,14001,13806,14100
GENE.2189,chr8;chr8;chr8;chr8;chr8;chr8;chr8;chr8;chr8;chr8;chr8;chr8;chr8;chr8;chr8;chr8;chr8;chr8;chr8;chr8;chr8;chr8;chr8;chr8;chr8;chr8;chr8;chr8;chr8;chr8;chr8,805797;806037;806258;806418;806606;806840;806995;807147;807343;807506;807633;807804;807982;808155;808550;809059;809657;810247;810565;810802;810973;811240;811463;811726;811902;812115;812452;812655;812972;813221;813405,805909;806138;806320;806489;806680;806905;807039;807203;807375;807535;807665;807842;808056;808373;808927;809433;810047;810440;810687;810882;811095;811320;811528;811800;811961;812303;812478;812687;813085;813298;813465,-;-;-;-;-;-;-;-;-;-;-;-;-;-;-;-;-;-;-;-;-;-;-;-;-;-;-;-;-;-;-,3471,0,0,0,0,6,0,0,0,6
GENE.219,chr1,454847,455338,+,492,1274,1274,1274,1286,1278,1160,1272,1160,1278
GENE.2190,chr8;chr8,815150;815431,815293;815451,+;+,165,0,0,0,0,1,0,0,0,1
GENE.2191,chr8,816803,817102,-,300,0,0,0,0,0,0,0,0,0
GENE.2192,chr8,821334,822452,+,1119,1622,1622,1622,1622,1635,1613,1615,1613,1635
GENE.2193,chr8;chr8,824564;826441,826102;826518,+;+,1617,0,0,0,0,1,0,0,0,1
GENE.2194,chr8;chr8;chr8;chr8,830006;830386;830614;831426,830090;830471;831202;831454,+;+;+;+,789,170,170,170,170,175,149,169,149,175
GENE.2195,chr8;chr8;chr8;chr8,833185;834119;835035;835290,833884;834919;835171;835334,+;+;+;+,1683,2584,2584,2584,2598,2584,2579,2580,2579,2584
GENE.2196,chr8;chr8,835978;836846,836571;836848,-;-,597,0,0,0,0,0,0,0,0,0
GENE.2197,chr8;chr8,842317;842667,842343;843215,+;+,576,0,0,0,0,1,0,0,0,1
GENE.2198,chr8;chr8;chr8;chr8;chr8;chr8;chr8;chr8;chr8;chr8;chr8,845253;845597;845737;846011;846167;846385;846594;846785;846938;847117;847314,845432;845638;845913;846062;846277;846463;846661;846839;846970;847161;847380,-;-;-;-;-;-;-;-;-;-;-,909,1262,1261,1262,1295,1265,1282,1260,1282,1265
GENE.2199,chr8;chr8;chr8;chr8;chr8,848277;848641;849070;849264;849498,848303;848715;849137;849315;852947,-;-;-;-;-,3672,1338,1338,1341,1340,1341,1338,1304,1338,1341
GENE.22,chrM,4716,4802,+,87,0,0,0,0,0,0,0,0,0
GENE.220,chr1,464726,470194,+,5469,5420,5420,5420,5420,5425,5404,5413,5404,5425
GENE.2200,chr8,855654,856742,-,1089,0,0,0,0,0,0,0,0,0
GENE.2201,chr8,860384,862417,+,2034,3978,3978,3978,3980,4016,3950,3971,3950,4016
GENE.2202,chr8;chr8;chr8;chr8;chr8,863505;864312;866707;866925;867803,864138;866588;866794;867532;868137,-;-;-;-;-,3942,0,0,0,0,3,0,11,0,3
GENE.2203,chr8;chr8,869562;870546,870420;870574,+;+,888,509,509,509,509,513,471,498,471,513
GENE.2204,chr8,871410,873440,+,2031,1838,1838,1838,1838,1841,1835,1836,1835,1841
GENE.2205,chr8,874367,877498,+,3132,0,0,1,0,17,0,1,0,17
GENE.2206,chr8,878495,880459,+,1965,2972,2972,2972,2974,2987,2946,2970,2946,2987
GENE.2207,chr8;chr8;chr8;chr8;chr8;chr8;chr8;chr8;chr8;chr8;chr8;chr8;chr8,881590;881814;882002;882161;882323;882561;882762;883026;883343;883557;883930;884136;884286,881685;881873;882058;882214;882376;882619;882879;883247;883409;883676;884023;884190;884390,+;+;+;+;+;+;+;+;+;+;+;+;+,1161,4071,4070,4071,4152,4152,4093,4069,4093,4152
GENE.2208,chr8;chr8,885198;885697,885591;886136,-;-,834,452,452,452,452,457,450,450,450,457
GENE.2209,chr8,888126,890471,-,2346,6904,9140,11140,5888,6169,18047,6877,18043,6169
GENE.221,chr1,473739,475887,+,2149,726,2146,2126,2942,2152,2073,236,2073,2152
GENE.2210,chr8;chr8;chr8;chr8;chr8;chr8;chr8;chr8;chr8;chr8;chr8;chr8;chr8;chr8;chr8;chr8;chr8,891658;892060;892604;894053;895448;895838;896116;896352;896548;896781;896947;897101;897286;897455;898006;898292;898455,891798;892478;893711;895249;895613;895964;896250;896429;896638;896848;896992;897172;897365;897757;898098;898346;898502,-;-;-;-;-;-;-;-;-;-;-;-;-;-;-;-;-,4227,0,0,1,0,6,0,1,0,6
GENE.2211,chr8;chr8;chr8;chr8,899004;899223;899443;899633,899078;899312;899528;899657,-;-;-;-,276,22,22,22,22,22,22,22,22,22
GENE.2212,chr8;chr8;chr8;chr8;chr8,900742;901149;907188;907421;907566,900942;906938;907263;907453;907714,-;-;-;-;-,6249,0,0,0,0,16,0,28,0,16
GENE.2213,chr8;chr8;chr8;chr8,909207;909460;909713;910011,909333;909541;909877;910716,-;-;-;-,1080,1495,1494,1495,1497,1497,1494,1493,1494,1497
GENE.2214,chr8,912264,914249,-,1986,0,0,0,0,6,0,0,0,5
GENE.2215,chr8,919055,920896,+,1842,1348,1348,1348,1354,1348,1342,1371,1342,1348
GENE.2216,chr8;chr8,922208;923755,923529;923932,+;+,1500,0,1,0,0,3,0,0,0,3
GENE.2217,chr8,925113,927671,+,2559,4466,4466,4466,4490,4497,4283,4764,4283,4497
GENE.2218,chr8;chr8;chr8,929145;929798;930381,929616;930212;930861,+;+;+,1368,8407,8406,8407,8491,8426,8357,8389,8357,8426
GENE.2219,chr8;chr8,932321;932668,932478;935626,+;+,3117,0,0,0,0,15,0,8,0,15
GENE.222,chr1,475888,476281,+,394,0,0,0,0,0,0,0,0,0
GENE.2220,chr8,936426,938876,-,2451,0,0,1,0,13,5,20,5,12
GENE.2221,chr8;chr8;chr8,939583;941076;943898,940898;943742;944645,-;-;-,4731,70219,70217,70258,73267,70905,68223,69958,68221,70905
GENE.2222,chr8;chr8;chr8;chr8;chr8,948745;950078;950274;950485;950819,949909;950180;950344;950609;950899,+;+;+;+;+,1545,787,787,787,790,790,786,785,786,790
GENE.2223,chr8;chr8,953448;955776,955665;956314,+;+,2757,22198,22202,22223,22694,22598,22151,22148,20868,22598
GENE.2224,chr8,957498,958073,+,576,1064,1064,1064,1066,1064,1056,1058,1056,1064
GENE.2225,chr8;chr8;chr8,958531;959712;960460,959559;960005;961740,-;-;-,2604,0,0,0,0,1,0,0,0,1
GENE.2226,chr8;chr8,965822;966352,965890;966657,+;+,375,0,0,0,0,0,0,0,0,0
GENE.2227,chr8,967901,968740,-,840,0,0,0,0,0,0,0,0,0
GENE.2228,chr8,969690,971714,+,2025,0,0,1,0,1,0,82,0,1
GENE.2229,chr8;chr8;chr8,973586;973866;974160,973765;973997;974267,+;+;+,420,0,0,0,0,0,0,0,0,0
GENE.223,chr1,476282,476402,+,121,0,0,0,0,0,0,0,0,0
GENE.2230,chr8;chr8;chr8,976074;976358;976566,976120;976474;976644,+;+;+,243,0,0,0,0,0,0,0,0,0
GENE.2231,chr8;chr8;chr8;chr8,977432;977712;977890;978117,977539;977769;977975;978188,-;-;-;-,324,7,7,7,9,7,7,6,7,7
GENE.2232,chr8;chr8,978798;980507,980376;980634,+;+,1707,0,0,0,0,8,0,59,0,8
GENE.2233,chr8,981018,981722,-,705,1366,1366,1366,1368,1372,1348,1358,1348,1372
GENE.2234,chr8;chr8;chr8,982570;986763;987561,986562;987166;987696,+;+;+,4533,2912,2912,2912,2927,2927,2887,2921,2887,2927
GENE.2235,chr8;chr8,988281;988694,988462;988763,-;-,252,0,0,0,0,0,0,0,0,0
GENE.2236,chr8;chr8;chr8;chr8;chr8;chr8;chr8,990250;990535;991080;991362;992016;992308;992534,990318;990982;991214;991847;992187;992383;992608,+;+;+;+;+;+;+,1461,4100,4099,4099,4165,4114,3812,4076,3812,4114
GENE.2237,chr8;chr8;chr8;chr8;chr8;chr8,992655;992872;993035;993231;993643;993899,992705;992934;993100;993430;993795;993965,-;-;-;-;-;-,600,1512,1512,1512,1530,1513,1521,1509,1521,1513
GENE.2238,chr8;chr8,997055;997550,997354;999529,+;+,2280,6568,6568,6568,6578,6577,6554,6558,6554,6577
GENE.2239,chr8,1000981,1003755,-,2775,3682,3682,3682,3710,3708,3669,3680,3669,3708
GENE.224,chr1,476403,477278,+,876,638,638,638,644,639,631,637,631,639
GENE.2240,chr8,1005836,1006810,+,975,104,104,104,104,112,89,104,89,112
GENE.2241,chr8,1007777,1011307,-,3531,0,0,1,0,12,0,0,0,12
GENE.2242,chr8;chr8;chr8;chr8,1012927;1016492;1016914;1017209,1016350;1016773;1017038;1017376,-;-;-;-,3999,36710,36710,36831,37928,37508,36984,34818,36984,37501
GENE.2243,chr8;chr8;chr8;chr8;chr8,1018089;1018265;1018556;1018823;1019070,1018144;1018421;1018723;1018932;1019268,-;-;-;-;-,690,254,254,254,258,255,254,254,254,255
GENE.2244,chr8;chr8;chr8,1022629;1023096;1023787,1022985;1023539;1023846,-;-;-,861,1051,1051,1051,1057,1051,1049,1048,1049,1051
GENE.2245,chr8;chr8;chr8;chr8,1028752;1032220;1032740;1033353,1032063;1032634;1033248;1033514,+;+;+;+,4398,4980,4980,4981,4994,5001,4908,5672,4908,5001
GENE.2246,chr8;chr8;chr8;chr8;chr8,1034417;1035011;1035721;1035876;1036325,1034902;1035594;1035758;1036148;1036428,+;+;+;+;+,1485,0,0,0,0,4,0,0,0,4
GENE.2247,chr8,1037100,1038608,-,1509,2530,2530,2530,2530,2543,2521,2524,2521,2543
GENE.2248,chr8,1039907,1041211,-,1305,140,140,140,140,147,139,139,139,147
GENE.2249,chr8;chr8,1041832;1042280,1041984;1042327,-;-,201,4,4,4,4,4,4,4,4,4
GENE.225,chr1,477279,481382,+,4104,0,686,692,2134,752,731,84,731,752
GENE.2250,chr8,1043813,1045780,+,1968,2504,2504,2504,2506,2539,2473,2498,2473,2539
GENE.2251,chr8,1047551,1048507,+,957,1180,1180,1180,1184,1185,1180,1180,1180,1185
GENE.2252,chr8,1049282,1051705,-,2424,0,0,0,0,3,0,0,0,3
GENE.2253,chr8,1052771,1053991,+,1221,4356,4356,4356,4360,4361,4305,4318,4305,4361
GENE.2254,chr8;chr8;chr8,1055135;1055437;1058773,1055161;1058553;1059003,+;+;+,3375,8208,8208,8210,8254,8216,8178,8183,8178,8216
GENE.2255,chr8,1059246,1061567,-,2322,6218,6218,6218,6230,6245,6207,6189,6207,6245
GENE.2256,chr8,1062304,1064061,-,1758,0,0,0,0,2,0,0,0,2
GENE.2257,chr8;chr8,1066154;1066702,1066504;1067472,+;+,1122,0,0,0,0,12,0,0,0,12
GENE.2258,chr8;chr8;chr8;chr8;chr8,1068563;1069183;1069572;1069724;1069888,1069027;1069410;1069617;1069770;1069902,+;+;+;+;+,801,2327,2327,2327,2337,2329,2329,2324,2329,2329
GENE.2259,chr8;chr8;chr8;chr8;chr8;chr8;chr8;chr8;chr8;chr8;chr8;chr8;chr8;chr8;chr8;chr8,1070988;1071319;1071600;1071941;1072249;1072500;1072648;1072808;1073039;1073260;1073367;1073523;1073708;1073986;1074138;1074325,1071227;1071477;1071772;1072089;1072329;1072558;1072714;1072944;1073113;1073294;1073455;1073630;1073892;1074052;1074193;1074417,+;+;+;+;+;+;+;+;+;+;+;+;+;+;+;+,1773,2784,2784,2784,2878,2797,2819,2768,2819,2797
GENE.226,chr1;chr1,481809;482518,482319;482618,-;-,612,0,0,0,0,0,0,0,0,0
GENE.2260,chr8,1075800,1079630,+,3831,26924,26924,26924,26994,26973,26620,26921,26620,26973
GENE.2261,chr8,1080055,1082991,-,2937,984,984,986,990,991,971,981,971,991
GENE.2262,chr8;chr8,1086048;1091179,1090972;1091248,+;+,4995,39895,39895,39897,39977,40037,39681,39848,39681,40037
GENE.2263,chr8;chr8;chr8;chr8;chr8;chr8,1091998;1092147;1092376;1092604;1092852;1093084,1092058;1092205;1092471;1092711;1092950;1093221,+;+;+;+;+;+,561,645,645,645,663,645,641,640,641,645
GENE.2264,chr8;chr8;chr8;chr8,1093690;1093955;1094129;1094304,1093863;1094025;1094195;1094489,+;+;+;+,498,0,0,0,0,0,0,0,0,0
GENE.2265,chr8,1095116,1095562,-,447,2,2,2,2,3,2,2,2,3
GENE.2266,chr8;chr8;chr8;chr8;chr8,1096423;1096652;1096900;1097174;1097342,1096462;1096738;1097055;1097228;1097363,+;+;+;+;+,360,0,0,0,0,2,0,0,0,2
GENE.2267,chr8,1098484,1100376,+,1893,486,486,489,492,504,472,507,472,504
GENE.2268,chr8,1100816,1101073,-,258,0,0,0,0,0,0,0,0,0
GENE.2269,chr8,1101887,1102804,-,918,1348,1348,1348,1350,1350,1345,1345,1345,1350
GENE.227,chr1;chr1,486500;486707,486586;487186,+;+,567,16,16,16,16,16,16,16,16,16
GENE.2270,chr8,1103768,1105108,+,1341,0,0,0,0,3,0,6,0,3
GENE.2271,chr8,1106048,1107961,+,1914,5644,5644,5644,5660,5779,5437,5865,5437,5779
GENE.2272,chr8,1109276,1112794,+,3519,402,402,424,500,497,468,443,468,490
GENE.2273,chr8,1113369,1139144,-,25776,52540,52540,52552,52580,52686,52147,51292,52147,52685
GENE.2274,chr8,1142499,1144307,-,1809,0,0,0,0,1,0,12,0,1
GENE.2275,chr8,1146167,1147504,+,1338,0,0,0,0,0,0,0,0,0
GENE.2276,chr8;chr8;chr8;chr8;chr8;chr8;chr8;chr8,1148010;1148301;1148542;1148935;1149153;1149458;1149669;1149817,1148153;1148403;1148826;1149051;1149295;1149549;1149724;1149830,-;-;-;-;-;-;-;-,954,0,0,0,0,7,0,1,0,7
GENE.2277,chr8,1152302,1156282,+,3981,7142,7142,7143,7160,7154,7066,7317,7066,7154
GENE.2278,chr8,1157321,1158151,-,831,1126,1126,1126,1130,1134,1121,1123,1121,1134
GENE.2279,chr8;chr8,1160164;1161579,1161005;1161708,-;-,972,340,340,340,341,349,339,340,339,349
GENE.228,chr1;chr1,487892;490053,489838;490127,-;-,2022,672,623,672,678,674,670,652,670,674
GENE.2280,chr8,1161232,1161329,-,98,17,17,17,17,21,17,17,17,21
GENE.2281,chr8;chr8;chr8,1164655;1164761;1165001,1164669;1164799;1167205,+;+;+,2259,13246,13245,13246,13412,13417,13134,13188,13134,13417
GENE.2282,chr8,1167579,1171448,-,3870,10424,10424,10427,10476,10593,10347,10196,10289,10548
GENE.2283,chr8,1172394,1176587,+,4194,1598,1598,1601,1598,1615,1595,1913,1594,1615
GENE.2284,chr8,1177310,1180324,+,3015,6914,6586,6914,6956,6960,6829,7157,6828,6960
GENE.2285,chr8,1181295,1183796,+,2502,0,0,0,0,2,0,125,0,2
GENE.2286,chr8,1184595,1185251,+,657,3118,3118,3118,3132,3133,3102,3117,3102,3133
GENE.2287,chr8,1186175,1187125,+,951,0,0,0,0,1,0,0,0,1
GENE.2288,chr8;chr8,1187623;1188801,1188552;1192925,-;-,5055,0,0,0,0,10,1,51,1,10
GENE.2289,chr8,1193847,1196678,-,2832,10400,10400,10401,10482,10426,10262,10364,10262,10424
GENE.229,chr1;chr1,495244;496405,496239;500076,+;+,4668,12172,12176,12175,12498,12208,12176,12138,12176,12208
GENE.2290,chr8,1198858,1206057,+,7200,19832,19832,19868,20600,19995,19716,20040,19634,19995
GENE.2291,chr8;chr8,1206788;1208219,1208063;1208394,-;-,1452,8178,8178,8178,8220,8190,8146,8148,8146,8190
GENE.2292,chr8;chr8;chr8;chr8,1210692;1210904;1211193;1211752,1210816;1211032;1211633;1211860,+;+;+;+,804,0,0,0,0,0,0,0,0,0
GENE.2293,chr8;chr8,1212337;1213888,1213695;1215630,-;-,3102,6073,6073,6073,6115,6081,6037,5995,6037,6080
GENE.2294,chr8,1216271,1220716,+,4446,8814,8814,8814,8824,8881,8767,8788,8767,8881
GENE.2295,chr8,1221025,1222683,-,1659,2332,2146,2340,2346,2473,2285,2189,2285,2473
GENE.2296,chr8,1224094,1225863,-,1770,0,0,0,0,2,3,2,2,2
GENE.2297,chr8;chr8;chr8;chr8,1226750;1227738;1228089;1228358,1227436;1227951;1228164;1228409,-;-;-;-,1029,3203,3203,3203,3208,3208,3127,3187,3127,3208
GENE.2298,chr8;chr8;chr8;chr8,1229899;1231241;1231481;1232066,1231157;1231318;1231594;1232132,-;-;-;-,1518,7540,7544,7540,7604,7627,6948,7280,6948,7627
GENE.2299,chr8,1233372,1236473,+,3102,0,0,0,0,3,0,74,0,3
GENE.23,chrM,4808,4865,+,58,0,0,0,0,0,0,0,0,0
GENE.230,chr1;chr1,500959;502641,502509;502868,-;-,1779,22139,22139,22146,22217,22224,21950,22071,21950,22224
GENE.2300,chr8,1237285,1239501,-,2217,4212,4212,4214,4216,4218,4203,4185,4202,4217
GENE.2301,chr8;chr8;chr8;chr8,1241966;1242439;1242700;1242841,1242297;1242588;1242720;1242895,-;-;-;-,558,330,330,330,336,331,330,330,330,331
GENE.2302,chr8;chr8,1245211;1247526,1247381;1251078,+;+,5724,5936,5936,5937,5964,5958,5829,5957,5829,5958
GENE.2303,chr8;chr8;chr8;chr8;chr8;chr8;chr8,1252349;1252658;1252863;1253053;1253319;1253530;1253755,1252504;1252759;1252955;1253143;1253389;1253625;1253796,+;+;+;+;+;+;+,651,413,413,413,427,415,417,411,417,415
GENE.2304,chr8,1254558,1255376,+,819,252,252,252,252,252,252,252,252,252
GENE.2305,chr8;chr8;chr8;chr8,1256555;1256680;1256938;1257122,1256588;1256842;1257016;1257133,+;+;+;+,288,0,0,0,0,0,0,0,0,0
GENE.2306,chr8,1257716,1259041,-,1326,2064,2064,2064,2066,2065,2061,2062,2061,2065
GENE.2307,chr8,1260048,1266698,-,6651,56234,56232,56235,56558,56372,55519,54430,55513,56330
GENE.2308,chr8,1269135,1269647,+,513,148,148,148,148,148,148,148,148,148
GENE.2309,chr8,1271278,1272090,+,813,0,0,0,0,0,0,0,0,0
GENE.231,chr1;chr1,504938;506764,506581;506874,-;-,1755,0,0,0,0,0,0,0,0,0
GENE.2310,chr8,1272718,1275456,+,2739,18984,18984,18987,19024,19217,18923,18970,18275,19205
GENE.2311,chr8,1275625,1278795,+,3171,5072,4492,5567,6568,6798,6509,5055,6507,6622
GENE.2312,chr8,1280004,1280114,+,111,0,0,0,0,0,0,0,0,0
GENE.2313,chr8,1280935,1283761,+,2827,12866,12844,12866,13066,12979,12647,12826,12647,12979
GENE.2314,chr8,1284578,1287755,+,3178,8824,8712,8824,9022,8870,8765,8813,8765,8870
GENE.2315,chr8,1290240,1291406,-,1167,1138,1138,1139,1140,1140,1128,1129,1128,1140
GENE.2316,chr8;chr8,1294022;1294481,1294193;1294722,+;+,414,0,0,0,0,0,0,0,0,0
GENE.2317,chr8;chr8,1296134;1298152,1297984;1298328,-;-,2028,10308,10308,10311,10324,10461,10078,10282,10030,10351
GENE.2318,chr8;chr8,1303323;1303593,1303472;1304813,+;+,1371,0,0,0,0,1,0,0,0,1
GENE.2319,chr8;chr8,1307053;1307379,1307163;1307924,+;+,657,274,274,274,282,276,274,274,274,276
GENE.232,chr1;chr1,508252;509542,509340;509748,-;-,1296,964,964,964,970,964,964,963,964,964
GENE.2320,chr8;chr8,1310637;1312513,1312343;1316955,+;+,6150,57342,57342,57343,57434,57380,57203,57238,57203,57380
GENE.2321,chr8;chr8,1317600;1318273,1318109;1318341,-;-,579,0,0,0,0,0,0,0,0,0
GENE.2322,chr8;chr8,1321417;1321752,1321623;1322825,+;+,1281,1186,1186,1186,1190,1187,1169,1171,1169,1187
GENE.2323,chr8;chr8;chr8,1325144;1326176;1326514,1326008;1326402;1331187,+;+;+,5766,15940,18501,18326,19464,18707,17883,12159,17883,18707
GENE.2324,chr8;chr8,1333288;1333522,1333395;1336299,+;+,2886,8082,8082,8082,8092,8091,8064,8120,8064,8091
GENE.2325,chr8;chr8,1339659;1339925,1339742;1342306,+;+,2466,4786,4786,4813,5044,4899,4823,4777,4795,4899
GENE.2326,chr8;chr8,1344405;1345416,1345241;1345487,-;-,909,0,0,0,0,2,0,0,0,2
GENE.2327,chr8;chr8,1353456;1353857,1353650;1354669,+;+,1008,410,410,410,410,410,409,414,409,410
GENE.2328,chr8;chr8;chr8;chr8;chr8;chr8;chr8;chr8;chr8,1358314;1359287;1360002;1360151;1360362;1360628;1360942;1361249;1362197,1359142;1359859;1360055;1360213;1360493;1360813;1361100;1362015;1363618,+;+;+;+;+;+;+;+;+,4185,0,0,0,0,4,0,32,0,4
GENE.2329,chr8,1365467,1367506,-,2040,0,0,0,0,2,0,0,0,2
GENE.233,chr1;chr1;chr1,512086;514804;516582,514716;516580;517855,+;+;+,5682,1556,1562,1569,1618,1582,1617,1551,1617,1582
GENE.2330,chr8;chr8;chr8;chr8;chr8;chr8,1371847;1372103;1372225;1372294;1372579;1372669,1372100;1372223;1372291;1372577;1372667;1372720,+;+;+;+;+;+,867,0,0,0,0,0,0,0,0,0
GENE.2331,chr8;chr8,1374236;1375231,1375084;1375299,-;-,918,0,0,0,0,0,0,0,0,0
GENE.2332,chr8;chr8;chr8;chr8,1380834;1381108;1381197;1381554,1380971;1381195;1381552;1381835,+;+;+;+,864,0,0,0,0,1,0,0,0,1
GENE.2333,chr8;chr8,1383349;1384330,1384212;1384377,-;-,912,0,0,0,0,1,0,0,0,1
GENE.2334,chr8;chr8;chr8;chr8;chr8;chr8,1386625;1386701;1386952;1387071;1387318;1387829,1386698;1386950;1387068;1387316;1387602;1387882,-;-;-;-;-;-,1026,0,0,0,0,0,0,0,0,0
GENE.2335,chr8;chr8,1392168;1392407,1392299;1393135,+;+,861,142,142,142,144,146,124,141,124,146
GENE.2336,chr8;chr8;chr8,1392168;1392407;1393467,1392299;1393131;1393491,+;+;+,882,142,142,142,144,146,124,141,124,146
GENE.2337,chr8;chr8,1397014;1397265,1397172;1397885,+;+,780,3678,3678,3678,4024,3680,3621,3664,3621,3680
GENE.2338,chr8;chr8,1399560;1400515,1400405;1400583,-;-,915,1552,1552,1552,1552,1566,1541,1552,1541,1566
GENE.2339,chr8;chr8,1402567;1403643,1403478;1403711,-;-,981,1538,1538,1538,1540,1538,1536,1537,1536,1538
GENE.234,chr1;chr1;chr1;chr1,520807;521146;521396;522014,520917;521277;521795;522579,+;+;+;+,1209,0,0,0,0,0,0,0,0,0
GENE.2340,chr8;chr8,1405835;1406931,1406719;1406999,-;-,954,703,703,703,703,704,699,700,699,704
GENE.2341,chr8;chr8;chr8,1408571;1408650;1409237,1408648;1409234;1409356,+;+;+,783,238,238,238,240,238,237,238,237,238
GENE.2342,chr8;chr8,1411058;1411275,1411111;1412141,+;+,921,252,252,252,252,253,252,252,252,253
GENE.2343,chr8;chr8,1414283;1414442,1414345;1415293,+;+,915,164,164,167,164,182,162,163,162,182
GENE.2344,chr8;chr8,1417438;1417573,1417491;1418625,+;+,1107,0,0,0,0,0,0,0,0,0
GENE.2345,chr8;chr8,1420818;1422024,1421870;1422077,-;-,1107,862,866,866,874,868,864,856,864,868
GENE.2346,chr8;chr8,1426884;1427134,1426952;1428135,+;+,1071,520,686,662,696,701,686,335,685,701
GENE.2347,chr8,1429330,1430514,+,1185,0,2,0,0,0,0,1,0,0
GENE.2348,chr8;chr8,1432696;1432964,1432749;1433932,+;+,1023,5202,5200,5202,5224,5202,5055,5191,5053,5202
GENE.2349,chr8;chr8,1435794;1438005,1437158;1443449,-;-,6810,0,2,0,0,16,3,12,3,16
GENE.235,chr1;chr1;chr1;chr1,527107;530175;531652;534735,530065;531493;534459;536351,+;+;+;+,8703,0,1,0,0,1,0,20,0,1
GENE.2350,chr9;chr9,20080;26527,25533;27885,+;+,6813,0,164,154,218,160,144,77,144,160
GENE.2351,chr9;chr9,29797;31104,30873;31157,-;-,1131,0,6,1,15,2,3,0,3,1
GENE.2352,chr9;chr9,33553;34727,34563;34795,-;-,1080,0,0,0,0,1,0,0,0,0
GENE.2353,chr9;chr9,39554;39763,39607;40740,+;+,1032,0,509,465,748,517,921,11,921,517
GENE.2354,chr9;chr9,42909;43977,43856;44045,-;-,1017,2721,2721,2721,2721,2744,2700,2705,2700,2740
GENE.2355,chr9;chr9,45902;47183,46951;47236,-;-,1104,795,797,796,801,799,795,784,795,799
GENE.2356,chr9;chr9,49612;50903,50688;50971,-;-,1146,766,766,766,766,766,755,767,755,766
GENE.2357,chr9;chr9;chr9;chr9,52648;52772;53342;53661,52770;53339;53658;54020,-;-;-;-,1368,790,1476,2568,2978,2074,2701,536,2701,2074
GENE.2358,chr9;chr9,55074;56013,55907;56081,-;-,903,1720,1924,1924,1966,1940,1898,1592,1898,1940
GENE.2359,chr9;chr9,58162;59172,59022;59240,-;-,930,0,0,0,4,1,0,0,0,1
GENE.236,chr1;chr1,537109;537957,537771;538025,-;-,732,0,0,0,0,0,0,0,0,0
GENE.2360,chr9;chr9,61342;62497,62337;62553,-;-,1053,1996,2312,2309,2665,2322,2280,1176,2280,2322
GENE.2361,chr9,64216,64428,-,213,0,0,0,0,0,0,0,0,0
GENE.2362,chr9;chr9,67334;67543,67387;68625,+;+,1137,5943,6177,6097,6270,6201,6447,5433,6447,6201
GENE.2363,chr9;chr9,70521;70755,70589;71738,+;+,1053,5672,5672,5672,5686,5677,5657,5663,5657,5677
GENE.2364,chr9;chr9,74409;74718,74477;75746,+;+,1098,2110,2117,2111,2110,2160,2077,2108,2077,2160
GENE.2365,chr9;chr9,77861;78032,77929;78874,+;+,912,0,0,0,0,0,0,0,0,0
GENE.2366,chr9;chr9,82002;82930,82616;82998,-;-,684,1689,1689,1689,1713,1690,1676,1686,1676,1690
GENE.2367,chr9;chr9,84624;85002,84824;85610,+;+,810,174,174,174,174,174,171,173,171,174
GENE.2368,chr9;chr9;chr9,86384;86803;87067,86421;86991;88075,-;-;-,1236,1070,1070,1070,1080,1071,1068,1068,1068,1071
GENE.2369,chr9;chr9;chr9,89361;89576;91251,89438;91081;91295,-;-;-,1629,0,0,0,0,0,0,0,0,0
GENE.237,chr1;chr1,542480;542754,542641;546983,+;+,4392,0,3041,3032,3720,3072,3104,2,3104,3072
GENE.2370,chr9;chr9;chr9,93830;94042;95413,93910;95325;95613,-;-;-,1566,4030,4030,4030,4034,4037,4015,4024,4015,4037
GENE.2371,chr9;chr9;chr9,98175;98411;100304,98252;100198;100339,-;-;-,1902,3494,3494,3494,3506,3539,3401,3471,3401,3539
GENE.2372,chr9;chr9;chr9,102492;102727;104468,102572;104346;104593,-;-;-,1827,1600,1600,1600,1602,1603,1596,1596,1596,1603
GENE.2373,chr9;chr9;chr9,106514;106668;108380,106591;108185;108406,-;-;-,1623,0,0,0,0,0,0,0,0,0
GENE.2374,chr9;chr9;chr9,109334;109509;111303,109408;111182;111329,-;-;-,1776,0,0,0,0,0,0,0,0,0
GENE.2375,chr9;chr9;chr9,113409;113688;115523,113534;115388;115549,-;-;-,1854,0,0,0,0,0,0,0,0,0
GENE.2376,chr9;chr9,119261;120594,120451;120749,-;-,1347,0,0,0,0,2,0,0,0,2
GENE.2377,chr9;chr9;chr9;chr9,121621;123795;124143;124973,123647;123935;124739;125006,-;-;-;-,2799,3476,3476,3476,3484,3498,3436,3467,3436,3498
GENE.2378,chr9,127416,127724,+,309,0,0,0,0,0,0,0,0,0
GENE.2379,chr9,129224,129700,+,477,356,356,356,356,356,356,356,356,356
GENE.238,chr1;chr1,547597;548312,548217;548380,-;-,690,252,316,316,364,322,303,207,303,322
GENE.2380,chr9;chr9,130140;130385,130192;130937,-;-,606,163,163,163,164,163,162,162,162,163
GENE.2381,chr9;chr9;chr9;chr9;chr9;chr9;chr9,133762;133930;134204;134403;134706;134886;135535,133831;134078;134278;134549;134764;134953;135587,-;-;-;-;-;-;-,621,720,720,720,736,721,721,718,721,721
GENE.2382,chr9,140977,150588,+,9612,0,1,0,0,13,0,154,0,13
GENE.2383,chr9;chr9,151700;152390,152158;159541,-;-,7611,6740,6740,6740,6746,6789,6690,6730,6690,6789
GENE.2384,chr9,162769,166923,+,4155,10960,10960,10960,10972,10991,10901,10950,10901,10991
GENE.2385,chr9;chr9;chr9;chr9;chr9;chr9;chr9;chr9;chr9;chr9;chr9;chr9;chr9;chr9;chr9;chr9;chr9,168493;168926;169165;169382;169602;169705;170271;170452;170713;170918;171138;171345;171887;172100;172433;172586;172854,168738;169033;169302;169427;169609;170148;170364;170551;170775;171023;171254;171755;171949;172201;172500;172720;172887,+;+;+;+;+;+;+;+;+;+;+;+;+;+;+;+;+,2283,14217,14217,14217,14569,14349,14282,14182,14282,14349
GENE.2386,chr9;chr9;chr9;chr9;chr9,168493;168926;169165;169382;169705,168738;169033;169302;169427;169715,+;+;+;+;+,549,3449,3449,3449,3588,3453,3490,3446,3490,3453
GENE.2387,chr9;chr9;chr9,175542;175948;176264,175603;176068;177442,+;+;+,1362,1658,1658,1658,1666,1660,1643,1657,1643,1660
GENE.2388,chr9;chr9,179187;179621,179387;183991,+;+,4572,9424,9424,9425,9438,9449,9387,9432,9387,9449
GENE.2389,chr9;chr9,185821;186075,185907;186383,+;+,396,0,0,0,0,0,0,0,0,0
GENE.239,chr1;chr1,550576;551645,551550;551713,-;-,1044,0,0,0,0,0,0,0,0,0
GENE.2390,chr9,187342,188622,-,1281,0,0,0,0,1,0,0,0,1
GENE.2391,chr9;chr9;chr9;chr9;chr9;chr9,190858;191022;191335;191574;195442;195747,190906;191161;191430;195302;195513;195827,-;-;-;-;-;-,4167,456,456,456,456,464,447,443,447,464
GENE.2392,chr9;chr9,197867;198741,198669;198816,+;+,879,230,230,230,232,230,229,230,229,230
GENE.2393,chr9;chr9;chr9;chr9;chr9;chr9;chr9;chr9;chr9,199051;205646;205863;206071;206426;206820;206980;207217;207327,205487;205757;205959;206276;206691;206870;207115;207243;207458,-;-;-;-;-;-;-;-;-,7464,8090,8090,8091,8146,8116,7998,8025,7998,8116
GENE.2394,chr9,208168,208725,-,558,182,182,182,182,183,182,182,182,183
GENE.2395,chr9;chr9,210077;210431,210287;210609,+;+,390,9,9,9,9,10,9,9,9,10
GENE.2396,chr9;chr9,212515;217891,217734;217983,+;+,5313,14176,14176,14178,14214,14245,14068,14246,14068,14245
GENE.2397,chr9;chr9,218675;219295,219076;219462,-;-,570,2025,2025,2025,2061,2025,2023,2023,2023,2025
GENE.2398,chr9;chr9,222271;222716,222284;224156,+;+,1455,1039,1039,1039,1043,1039,1038,1038,1038,1039
GENE.2399,chr9;chr9;chr9,224875;225023;225490,224893;225368;232831,-;-;-,7707,17394,17394,17396,17420,17641,17083,17291,16810,17527
GENE.24,chrM,4887,4945,+,59,0,0,0,0,0,0,0,0,0
GENE.240,chr1;chr1;chr1,552640;552906;553108,552708;553106;553797,+;+;+,960,2983,2983,2983,3013,2985,2920,2978,2916,2985
GENE.2400,chr9,234501,235346,-,846,152,152,152,152,152,143,152,143,152
GENE.2401,chr9;chr9;chr9,236359;236619;236985,236481;236849;242969,-;-;-,6339,4605,4605,4605,4609,4639,4585,4597,4568,4639
GENE.2402,chr9,245261,248860,-,3600,7640,7640,7640,7662,7688,7593,7623,7593,7688
GENE.2403,chr9,251353,269709,-,18357,74150,74150,74151,74276,74332,73860,73733,73860,74332
GENE.2404,chr9;chr9;chr9;chr9;chr9;chr9;chr9,270740;271555;272535;272782;273046;274466;274726,271407;272325;272591;272844;274006;274575;274789,-;-;-;-;-;-;-,2694,279,279,279,279,290,279,278,279,290
GENE.2405,chr9,278369,279088,+,720,0,0,0,0,1,0,0,0,1
GENE.2406,chr9;chr9,280207;283630,283396;284102,+;+,3663,0,0,0,0,3,0,0,0,3
GENE.2407,chr9;chr9;chr9;chr9;chr9;chr9;chr9;chr9;chr9;chr9;chr9;chr9,284200;284455;284625;284791;284951;285198;285397;285590;285811;285976;286251;286538,284314;284514;284677;284862;285039;285258;285486;285645;285880;286096;286320;286640,-;-;-;-;-;-;-;-;-;-;-;-,960,3567,3616,3567,3739,3632,3650,3493,3650,3632
GENE.2408,chr9;chr9;chr9;chr9;chr9;chr9;chr9;chr9;chr9;chr9;chr9;chr9,284200;284455;284625;284791;284951;285198;285397;285608;285811;285976;286251;286538,284314;284514;284677;284862;285039;285258;285486;285645;285880;286096;286320;286640,-;-;-;-;-;-;-;-;-;-;-;-,942,3561,3612,3561,3733,3626,3644,3488,3644,3626
GENE.2409,chr9;chr9;chr9;chr9;chr9,285479;285811;285976;286251;286538,285486;285880;286096;286320;286640,-;-;-;-;-,372,1772,1814,1770,1876,1820,1828,1720,1828,1820
GENE.241,chr1;chr1;chr1;chr1,554057;554270;554443;554639,554268;554441;554637;555439,-;-;-;-,1380,4154,4155,4154,4232,4160,4106,4135,4106,4160
GENE.2410,chr9;chr9;chr9,289050;292674;292850,292526;292742;292897,+;+;+,3594,422,422,422,422,423,421,490,421,423
GENE.2411,chr9,293585,296617,-,3033,0,0,0,0,4,0,0,0,4
GENE.2412,chr9;chr9,298665;301343,301221;304179,-;-,5394,1208,1208,1209,1210,1211,1186,1202,1186,1211
GENE.2413,chr9;chr9;chr9;chr9;chr9;chr9;chr9,305070;305258;305484;305733;305960;306202;306576,305132;305349;305598;305846;306028;306285;306626,+;+;+;+;+;+;+,588,0,0,0,0,1,0,0,0,1
GENE.2414,chr9,307303,309039,-,1737,0,0,0,0,0,0,0,0,0
GENE.2415,chr9,310691,311995,+,1305,3876,3876,3876,3880,3879,3845,3860,3845,3879
GENE.2416,chr9,312474,314987,-,2514,0,0,1,0,0,0,0,0,0
GENE.2417,chr9,318311,319546,+,1236,0,0,1,0,1,0,62,0,1
GENE.2418,chr9,320811,323342,-,2532,0,0,0,4,1,0,1,0,1
GENE.2419,chr9,330499,331965,-,1467,2222,2222,2222,2230,2272,2109,2219,2109,2272
GENE.242,chr1;chr1,558201;558640,558464;558708,-;-,333,6,6,6,9,6,6,6,6,6
GENE.2420,chr9,332255,334597,-,2343,128,128,128,128,129,128,184,128,129
GENE.2421,chr9,335071,335490,+,420,166,166,166,166,166,162,163,162,166
GENE.2422,chr9,335982,336770,+,789,138,138,138,138,139,138,138,138,139
GENE.2423,chr9;chr9,337564;337815,337700;337920,+;+,243,0,0,0,0,0,0,0,0,0
GENE.2424,chr9,338140,342408,-,4269,3154,3154,3154,3186,3168,3132,3151,3132,3168
GENE.2425,chr9,345892,349293,+,3402,7176,7176,7176,7190,7193,7159,7302,7159,7193
GENE.2426,chr9,350186,350962,-,777,0,0,1,0,0,0,0,0,0
GENE.2427,chr9,351955,354723,-,2769,1680,1680,1680,1680,1694,1669,1654,1669,1694
GENE.2428,chr9;chr9;chr9;chr9;chr9;chr9,356536;356704;357000;357217;357410;357624,356580;356796;357095;357320;357515;357683,-;-;-;-;-;-,504,102,102,102,106,104,103,102,103,104
GENE.2429,chr9;chr9,360535;360821,360596;363215,+;+,2457,4718,4718,4718,4726,4734,4689,4760,4689,4734
GENE.243,chr1;chr1;chr1;chr1;chr1,560474;560809;561063;561209;561466,560806;561060;561206;561349;561534,-;-;-;-;-,939,3028,3028,3028,3048,3037,2920,3024,2920,3037
GENE.2430,chr9,364069,364908,-,840,20,20,20,20,20,20,20,20,20
GENE.2431,chr9,366925,367500,+,576,742,742,742,742,746,741,741,741,746
GENE.2432,chr9;chr9,367865;368520,368320;368789,-;-,726,0,0,0,0,5,0,0,0,5
GENE.2433,chr9;chr9;chr9,369870;370117;370492,369968;370205;371554,-;-;-,1251,178,178,178,180,178,178,178,178,178
GENE.2434,chr9;chr9;chr9,373762;374171;374354,373884;374245;375586,-;-;-,1431,4854,4854,4854,4878,4855,4850,4834,4850,4855
GENE.2435,chr9;chr9;chr9;chr9;chr9,378035;378530;382534;382771;382943,378395;382416;382675;382844;382996,+;+;+;+;+,4518,0,0,0,0,2,0,0,0,2
GENE.2436,chr9;chr9;chr9;chr9;chr9;chr9;chr9;chr9,383650;383940;384152;384430;384625;384961;385352;385707,383751;384011;384277;384492;384790;385174;385516;385716,-;-;-;-;-;-;-;-,918,1374,1386,1374,1440,1380,1366,1354,1366,1380
GENE.2437,chr9;chr9;chr9;chr9;chr9;chr9;chr9,383650;383940;384430;384625;384961;385352;385707,383751;384011;384492;384790;385174;385516;385716,-;-;-;-;-;-;-,792,1368,1380,1368,1433,1374,1360,1348,1360,1374
GENE.2438,chr9,388149,388736,+,588,68,68,68,68,68,68,68,68,68
GENE.2439,chr9;chr9;chr9;chr9;chr9;chr9;chr9;chr9;chr9;chr9;chr9;chr9;chr9;chr9;chr9;chr9;chr9;chr9,389605;391224;392009;394370;394679;394930;395185;395422;395688;395838;396054;396234;396451;396660;396912;397128;397493;397745,391029;391875;394233;394564;394776;395084;395279;395522;395728;395950;396145;396365;396493;396770;396988;397350;397597;397843,-;-;-;-;-;-;-;-;-;-;-;-;-;-;-;-;-;-,5982,1038,1038,1038,1054,1061,1038,1038,1038,1061
GENE.244,chr1;chr1,563703;564771,564602;564842,-;-,972,1708,1708,1708,1710,1717,1702,1707,1702,1717
GENE.2440,chr9,399202,400725,-,1524,262,262,262,262,267,259,260,259,267
GENE.2441,chr9;chr9;chr9;chr9;chr9;chr9;chr9;chr9,401495;401905;402143;402353;402489;402689;403001;403338,401753;402005;402230;402411;402576;402883;403092;403394,-;-;-;-;-;-;-;-,939,0,0,0,0,0,0,0,0,0
GENE.2442,chr9;chr9,404312;406194,405992;406285,+;+,1773,1204,1204,1204,1206,1204,1197,1246,1197,1204
GENE.2443,chr9;chr9,406522;409506,409349;409665,-;-,2988,0,0,0,0,0,0,0,0,0
GENE.2444,chr9;chr9;chr9;chr9;chr9,410326;410572;410871;411059;411299,410470;410729;410967;411154;413841,-;-;-;-;-,3039,1054,1056,1054,1168,1064,1013,1050,1013,1064
GENE.2445,chr9,415205,417433,+,2229,0,0,0,0,1,0,19,0,1
GENE.2446,chr9;chr9,418208;419716,419437;419895,-;-,1410,455,455,455,455,461,452,452,452,461
GENE.2447,chr9;chr9;chr9;chr9;chr9;chr9;chr9,420485;420658;420801;421100;421266;421483;421617,420544;420699;420863;421161;421330;421520;421682,-;-;-;-;-;-;-,396,33,32,33,33,33,34,32,34,33
GENE.2448,chr9,424171,428106,+,3936,48418,48418,48424,48476,48445,48330,48349,48330,48445
GENE.2449,chr9,430578,432047,+,1470,400,472,486,622,599,509,320,393,599
GENE.245,chr1;chr1,569485;570204,570048;570272,-;-,633,722,722,722,724,722,722,722,722,722
GENE.2450,chr9;chr9;chr9,433238;434991;435265,434793;435140;435373,-;-;-,1815,4977,4977,4977,5009,4993,4942,4967,4942,4993
GENE.2451,chr9,440914,444024,+,3111,0,0,0,0,2,0,218,0,2
GENE.2452,chr9;chr9;chr9,445788;445970;446156,445883;446050;446329,+;+;+,351,8,8,8,8,8,8,8,8,8
GENE.2453,chr9,447928,452049,+,4122,11216,11216,11216,11228,11249,10914,11184,10914,11249
GENE.2454,chr9,452399,455743,-,3345,382,382,382,382,390,377,380,377,390
GENE.2455,chr9;chr9;chr9;chr9;chr9;chr9,456959;457141;457295;457536;457801;461266,457018;457204;457418;457614;461017;461318,-;-;-;-;-;-,3597,3108,3108,3108,3116,3152,3076,3041,3076,3152
GENE.2456,chr9,464559,473768,+,9210,38514,38526,38595,39130,38891,38555,38909,38549,38891
GENE.2457,chr9,475671,476969,+,1299,1328,1328,1328,1330,1333,1294,1326,1294,1333
GENE.2458,chr9,477777,481358,-,3582,3264,3264,3264,3264,3269,3259,3258,3259,3269
GENE.2459,chr9,482461,487554,-,5094,0,0,0,0,6,1,0,1,6
GENE.246,chr1;chr1;chr1,572135;572448;572785,572445;572703;572853,-;-;-,636,1882,1882,1882,1926,1882,1728,1874,1728,1882
GENE.2460,chr9;chr9;chr9;chr9;chr9;chr9;chr9,489467;489690;489894;490087;490377;490589;490798,489543;489759;490006;490216;490433;490673;490865,+;+;+;+;+;+;+,600,765,765,765,796,765,776,758,776,765
GENE.2461,chr9,491275,492906,+,1632,0,0,0,0,0,0,0,0,0
GENE.2462,chr9,494163,495506,+,1344,0,0,0,0,2,0,0,0,2
GENE.2463,chr9;chr9,495946;496154,495991;497727,-;-,1620,3742,3742,3742,3752,3746,3735,3736,3735,3746
GENE.2464,chr9;chr9;chr9;chr9;chr9;chr9;chr9;chr9;chr9;chr9;chr9;chr9;chr9,500183;500400;500651;500874;501119;501259;501465;501656;501861;502034;502207;502484;502682,500209;500493;500774;500950;501168;501328;501513;501752;501889;502073;502316;502543;502733,+;+;+;+;+;+;+;+;+;+;+;+;+,879,683,682,683,692,687,683,681,683,687
GENE.2465,chr9;chr9,504412;507550,507328;508130,+;+,3498,0,0,0,0,10,0,2,0,10
GENE.2466,chr9,509934,510527,+,594,818,818,818,822,818,811,816,811,818
GENE.2467,chr9;chr9,511497;521042,520920;521529,+;+,9912,5350,5350,5364,5580,5429,5326,5497,5326,5429
GENE.2468,chr9;chr9,522221;525955,525813;526018,-;-,3657,5620,5620,5620,5702,5657,5560,5586,5560,5657
GENE.2469,chr9;chr9;chr9;chr9;chr9,526940;527109;527328;527481;527774,527005;527204;527367;527628;527978,-;-;-;-;-,555,1176,1176,1176,1206,1180,1172,1173,1172,1180
GENE.247,chr1;chr1;chr1,577704;578657;579071,578496;578922;583789,+;+;+,5778,17328,20613,20544,22502,20936,20299,10903,20299,20936
GENE.2470,chr9;chr9;chr9,527147;527481;527774,527204;527628;527978,-;-;-,411,1171,1171,1171,1201,1175,1167,1168,1167,1175
GENE.2471,chr9,529912,531444,+,1533,6480,6480,6480,6488,6492,6395,6461,6395,6492
GENE.2472,chr9,532341,535598,+,3258,0,0,0,0,2,0,4,0,2
GENE.2473,chr9,535851,536681,-,831,2346,2346,2346,2350,2408,2275,2341,2275,2408
GENE.2474,chr9;chr9,538221;539806,539395;539872,-;-,1242,3422,3422,3422,3432,3423,3404,3429,3404,3423
GENE.2475,chr9,541033,545739,-,4707,34696,34696,34701,34838,34848,34388,34141,34388,34848
GENE.2476,chr9,546800,548101,-,1302,2746,2746,2746,2760,2792,2694,2615,2694,2792
GENE.2477,chr9,549085,550446,-,1362,874,874,874,874,875,870,870,870,875
GENE.2478,chr9;chr9,551426;552442,552040;553167,-;-,1341,4236,4236,4236,4260,4241,4220,4224,4220,4241
GENE.2479,chr9;chr9;chr9;chr9;chr9;chr9;chr9,556090;556613;557244;557413;557584;557752;557911,556170;557111;557303;557455;557656;557814;557958,+;+;+;+;+;+;+,867,0,0,0,0,4,0,0,0,4
GENE.248,chr1;chr1,587391;587606,587483;588394,+;+,882,0,864,868,1950,882,861,268,861,882
GENE.2480,chr9;chr9,559144;560903,560787;561979,+;+,2721,2496,2496,2496,2498,2504,2456,2498,2456,2504
GENE.2481,chr9,562677,562934,+,258,0,0,0,0,0,0,0,0,0
GENE.2482,chr9,563329,565179,-,1851,4738,4738,4738,4744,4744,4728,4714,4728,4744
GENE.2483,chr9;chr9,567283;568144,567802;568640,+;+,1017,1696,1696,1696,1704,1699,1692,1693,1692,1699
GENE.2484,chr9;chr9;chr9;chr9;chr9,569124;569541;569871;570086;570308,569308;569618;569921;570148;570374,-;-;-;-;-,444,246,245,246,255,246,250,245,250,246
GENE.2485,chr9,571031,573349,-,2319,6818,6818,6818,6828,6825,6802,6600,6802,6825
GENE.2486,chr9,575679,576509,+,831,0,0,0,0,2,0,0,0,2
GENE.2487,chr9;chr9,576960;578432,578305;579026,-;-,1941,9440,9440,9441,9478,9452,9378,9436,9378,9452
GENE.2488,chr9;chr9,580760;581262,581059;581468,-;-,507,155,155,155,162,165,149,151,149,165
GENE.2489,chr9;chr9;chr9,582340;583024;583320,582900;583112;583968,-;-;-,1299,0,0,0,0,1,0,2,0,1
GENE.249,chr1;chr1,591849;592135,591902;593187,+;+,1107,559,580,582,664,587,589,559,589,587
GENE.2490,chr9,584726,588421,+,3696,4442,4442,4442,4446,4475,4407,4454,4407,4475
GENE.2491,chr9,589263,591242,+,1980,892,892,944,1122,1096,1067,892,1067,1096
GENE.2492,chr9;chr9,593107;593468,593278;593556,+;+,261,0,0,0,0,0,0,0,0,0
GENE.2493,chr9;chr9,594272;595825,595693;597234,-;-,2832,1162,1162,1162,1172,1182,1142,1156,1142,1182
GENE.2494,chr9,597694,600561,+,2868,7696,7696,7696,7708,7716,7658,7684,7658,7716
GENE.2495,chr9,601076,604576,-,3501,11906,11852,11906,11958,11933,11836,11791,11836,11933
GENE.2496,chr9;chr9;chr9;chr9,608361;608878;609568;609740,608648;609452;609625;610075,-;-;-;-,1257,5507,5507,5507,5548,5507,5503,5497,5503,5507
GENE.2497,chr9;chr9,612976;613213,613041;615492,-;-,2346,0,0,0,0,3,0,20,0,3
GENE.2498,chr9;chr9;chr9;chr9;chr9;chr9,617963;618131;618410;618792;619348;619616,618014;618243;618523;618881;619508;619835,+;+;+;+;+;+,750,0,0,0,0,1,0,0,0,1
GENE.2499,chr9;chr9,620788;623870,623694;626149,-;-,5187,0,0,0,0,14,0,0,0,14
GENE.25,chrM,4964,4988,+,25,0,0,0,0,0,0,0,0,0
GENE.250,chr1;chr1,595102;595317,595155;596273,+;+,1011,154,152,154,154,154,154,154,154,154
GENE.2500,chr9;chr9,627754;628097,627866;628319,+;+,336,8,7,8,10,8,8,8,8,8
GENE.2501,chr9,630657,632207,+,1551,1322,1322,1323,1322,1327,1321,1321,1321,1327
GENE.2502,chr9,633574,634200,-,627,454,454,454,454,454,452,452,452,454
GENE.2503,chr9,636621,638750,+,2130,1074,1074,1074,1074,1089,1068,1071,1068,1089
GENE.2504,chr9,639658,641259,-,1602,0,0,0,0,0,0,0,0,0
GENE.2505,chr9;chr9;chr9;chr9,643232;643476;643669;643897,643360;643558;643789;644043,-;-;-;-,480,281,281,279,289,281,282,280,282,281
GENE.2506,chr9,645632,646600,+,969,4750,4750,4750,4762,4764,4652,4746,4652,4764
GENE.2507,chr9,646951,649116,-,2166,7032,7032,7032,7048,7144,6808,7052,6808,7144
GENE.2508,chr9,650585,654841,-,4257,0,0,0,0,6,0,0,0,6
GENE.2509,chr9,657418,659412,+,1995,4874,4875,4874,4886,4898,4809,4870,4809,4898
GENE.251,chr1;chr1,598465;598636,598533;599472,+;+,906,2812,2812,2812,2816,2812,2800,2801,2800,2812
GENE.2510,chr9,660176,660892,+,717,0,1,0,0,0,0,5,0,0
GENE.2511,chr9;chr9,661481;662227,661950;662326,-;-,570,0,0,0,0,0,0,0,0,0
GENE.2512,chr9,663918,664571,+,654,304,304,304,304,304,303,304,303,304
GENE.2513,chr9,665978,666478,+,501,534,534,534,534,534,533,535,533,534
GENE.2514,chr9;chr9;chr9;chr9,667255;667425;667598;667876,667314;667494;667757;671725,-;-;-;-,4140,13211,13211,13211,13277,13232,13062,13070,13062,13232
GENE.2515,chr9;chr9;chr9;chr9;chr9,674068;674347;674591;674839;675089,674200;674402;674731;674982;675157,+;+;+;+;+,543,393,393,393,411,398,403,393,403,398
GENE.2516,chr9;chr9,675922;676372,676095;679632,+;+,3435,0,0,0,0,1,0,19,0,1
GENE.2517,chr9;chr9;chr9;chr9;chr9;chr9;chr9,680231;680464;680724;680956;681452;681680;681886,680373;680591;680813;681152;681562;681790;681984,-;-;-;-;-;-;-,879,1230,1226,1230,1252,1232,1214,1220,1214,1232
GENE.2518,chr9,683562,691121,+,7560,0,1,0,0,19,0,106,0,15
GENE.2519,chr9;chr9;chr9;chr9;chr9;chr9;chr9;chr9;chr9,691568;691764;692004;692248;692450;692729;692918;693159;693522,691650;691875;692106;692341;692579;692796;693023;693304;693570,-;-;-;-;-;-;-;-;-,891,403,403,403,405,404,403,401,403,404
GENE.252,chr1;chr1,600692;601258,601255;601992,+;+,1299,1080,1438,1728,2322,1778,1820,885,1820,1778
GENE.2520,chr9,694605,695264,-,660,2008,2008,2008,2010,2013,2004,2004,2004,2013
GENE.2521,chr9,696863,698029,-,1167,0,0,0,0,2,0,0,0,2
GENE.2522,chr9,703368,703517,+,150,0,0,0,0,0,0,0,0,0
GENE.2523,chr9,705357,706355,+,999,316,316,316,340,324,315,316,315,324
GENE.2524,chr9,706592,712072,-,5481,8094,8094,8094,8102,8119,8046,7964,8046,8119
GENE.2525,chr9,713216,715489,-,2274,702,702,703,710,704,699,700,699,702
GENE.2526,chr9;chr9,716325;717067,716859;717506,+;+,975,371,371,371,373,371,371,371,371,371
GENE.2527,chr9,718521,719540,+,1020,0,0,0,0,0,0,0,0,0
GENE.2528,chr9,720990,724865,+,3876,3378,3378,3378,3388,3403,3364,3407,3364,3403
GENE.2529,chr9,726703,728748,+,2046,5900,5900,5900,5902,5905,5833,5879,5833,5905
GENE.253,chr1;chr1,604162;604446,604215;605531,+;+,1140,5028,5029,5032,5042,5032,5003,5019,5003,5032
GENE.2530,chr9,729674,732136,-,2463,0,0,1,0,2,0,0,0,2
GENE.2531,chr9,732951,734027,+,1077,0,0,0,0,1,0,0,0,1
GENE.2532,chr9,734629,735942,+,1314,0,0,0,0,2,0,0,0,2
GENE.2533,chr9;chr9,737985;738394,738060;740276,+;+,1959,9602,9602,9602,9604,9623,9574,9577,9574,9623
GENE.2534,chr9,742494,743684,-,1191,0,0,0,0,1,0,0,0,1
GENE.2535,chr9;chr9;chr9;chr9;chr9;chr9,747173;747355;747526;747786;748084;748474,747181;747439;747611;747876;748188;748490,+;+;+;+;+;+,393,0,0,0,0,0,0,0,0,0
GENE.2536,chr9;chr9;chr9;chr9;chr9,748678;749227;749800;750010;750163,748978;749597;749916;750074;750262,-;-;-;-;-,954,107,107,107,109,107,107,107,107,107
GENE.2537,chr9;chr9,751358;752165,752062;752422,-;-,963,462,462,462,462,466,399,459,399,466
GENE.2538,chr9;chr9;chr9;chr9;chr9,754297;756528;757189;757448;759817,756269;757104;757287;759508;760269,+;+;+;+;+,5163,0,0,1,0,15,0,140,0,14
GENE.2539,chr9,761211,763358,+,2148,466,455,466,484,466,461,466,461,466
GENE.254,chr1;chr1,607390;609587,608694;614893,-;-,6612,0,228,206,306,225,213,4,213,225
GENE.2540,chr9,764848,767034,+,2187,5874,5874,5874,5884,5959,5672,6087,5672,5959
GENE.2541,chr9;chr9;chr9;chr9,769452;771560;771846;772042,771412;771668;771925;772105,+;+;+;+,2214,0,1,0,0,1,0,8,0,1
GENE.2542,chr9,772646,774379,-,1734,2498,2498,2498,2502,2502,2494,2477,2494,2502
GENE.2543,chr9,777558,780749,+,3192,0,0,0,0,5,0,0,0,5
GENE.2544,chr9;chr9;chr9,781368;782254;782623,782071;782306;782675,-;-;-,810,942,942,942,944,944,940,942,940,944
GENE.2545,chr9;chr9;chr9;chr9;chr9,786156;786802;787057;787306;787583,786246;786956;787174;787424;788212,+;+;+;+;+,1113,364,364,364,364,368,358,359,358,368
GENE.2546,chr9;chr9,789514;790412,790199;790478,-;-,753,468,468,468,468,468,468,468,468,468
GENE.2547,chr9;chr9;chr9,793217;793496;793805,793331;793641;794167,+;+;+,624,1577,1577,1577,1605,1577,1573,1573,1573,1577
GENE.2548,chr9;chr9;chr9,795539;796652;797364,796465;797165;797470,+;+;+,1548,3709,3709,3709,3740,3714,3695,3702,3695,3714
GENE.2549,chr9,798498,799928,+,1431,5066,5066,5066,5068,5070,5037,5046,5037,5070
GENE.255,chr2;chr2,25232;29837,29035;31168,+;+,5136,0,76,74,474,118,74,5,74,118
GENE.2550,chr9,800703,802136,+,1434,584,584,584,584,585,577,580,577,585
GENE.2551,chr9,803029,803757,+,729,1586,1586,1586,1588,1625,1576,1585,1576,1625
GENE.2552,chr9;chr9,804417;807816,807548;807920,-;-,3237,0,0,1,0,3,0,1,0,3
GENE.2553,chr9,809659,819804,-,10146,11292,11322,11824,13862,13495,13295,11215,13291,13491
GENE.2554,chr9,822665,824593,+,1929,4664,4664,4664,4666,4667,4653,4821,4641,4667
GENE.2555,chr9;chr9;chr9;chr9;chr9;chr9;chr9;chr9;chr9,825336;825551;825751;825894;826080;826300;826547;826695;827017,825413;825611;825800;825947;826187;826396;826611;826807;827140,-;-;-;-;-;-;-;-;-,750,317,317,317,332,318,320,316,320,318
GENE.2556,chr9,827730,830681,-,2952,5968,5968,5968,5978,5984,5930,5952,5930,5984
GENE.2557,chr9;chr9;chr9;chr9,831669;832137;832383;832595,831987;832253;832456;832648,+;+;+;+,564,154,154,154,158,154,157,153,157,154
GENE.2558,chr9,833754,839312,+,5559,0,0,0,0,8,0,53,0,8
GENE.2559,chr9;chr9;chr9;chr9;chr9,841536;841836;842000;842270;842544,841698;841912;842075;842417;842655,+;+;+;+;+,576,497,497,497,518,498,501,494,501,498
GENE.256,chr2;chr2,33030;34191,33965;34259,-;-,1005,964,964,964,964,970,937,958,937,970
GENE.2560,chr9,843541,847605,+,4065,0,0,0,0,3,0,17,0,3
GENE.2561,chr9,849515,851296,+,1782,0,0,0,0,2,0,291,0,2
GENE.2562,chr9,852525,854057,-,1533,1596,1596,1596,1596,1603,1592,1592,1592,1603
GENE.2563,chr9;chr9,855516;856590,856261;857286,+;+,1443,2428,2428,2428,2436,2428,2425,2426,2425,2428
GENE.2564,chr9;chr9;chr9;chr9;chr9;chr9,857587;857819;858053;858212;858512;858787,857652;857955;858097;858304;858619;858829,-;-;-;-;-;-,492,1475,1477,1475,1567,1477,1517,1469,1517,1477
GENE.2565,chr9;chr9;chr9;chr9;chr9,857587;857819;858212;858512;858787,857652;857955;858304;858619;858829,-;-;-;-;-,447,1468,1470,1468,1559,1470,1510,1462,1510,1470
GENE.2566,chr9;chr9;chr9;chr9;chr9,861392;861927;862097;862534;862748,861743;862001;862269;862574;862784,+;+;+;+;+,678,3,3,3,3,3,3,3,3,3
GENE.2567,chr9;chr9;chr9;chr9;chr9;chr9,862781;863185;863456;863784;863957;866909,863072;863302;863628;863856;866626;870491,-;-;-;-;-;-,6909,5249,5249,5249,5280,5282,5216,5226,5216,5282
GENE.2568,chr9;chr9,871826;872223,872058;873450,+;+,1461,5474,5474,5474,5498,5502,5418,5464,5418,5502
GENE.2569,chr9;chr9,873971;874399,874155;874957,-;-,744,482,482,482,482,505,478,580,478,505
GENE.257,chr2,35927,37249,-,1323,2448,2543,2548,3178,2567,2546,2270,2546,2567
GENE.2570,chr9,875602,876867,+,1266,1426,1426,1426,1428,1428,1424,1424,1424,1428
GENE.2571,chr9;chr9,878004;882549,882387;883117,+;+,4953,0,0,0,0,2,0,8,0,2
GENE.2572,chr9;chr9;chr9,883515;883964;884219,883725;884088;885592,-;-;-,1710,2208,2208,2209,2228,2210,2206,2206,2206,2210
GENE.2573,chr9;chr9;chr9,886065;886360;886569,886151;886438;887389,-;-;-,987,0,0,0,0,1,0,0,0,1
GENE.2574,chr9,888559,889305,+,747,452,452,452,456,453,445,450,445,453
GENE.2575,chr9;chr9;chr9;chr9;chr9;chr9;chr9;chr9,890057;890278;890529;890737;890923;891070;891263;892938,890176;890417;890629;890812;890975;891140;892834;893267,+;+;+;+;+;+;+;+,2463,11838,11838,11838,11932,11941,11595,11799,11595,11941
GENE.2576,chr9;chr9;chr9,895415;899832;899996,899659;899906;900304,+;+;+,4629,0,0,1,0,8,0,63,0,8
GENE.2577,chr9,903362,904570,+,1209,0,0,0,0,6,0,0,0,6
GENE.2578,chr9;chr9;chr9;chr9;chr9;chr9;chr9;chr9;chr9;chr9;chr9;chr9,905998;906386;906533;906630;906800;906983;907106;907276;907557;907895;908064;908299,906137;906435;906536;906676;906888;907017;907151;907432;907714;907945;908175;908357,+;+;+;+;+;+;+;+;+;+;+;+,948,1384,1382,1386,1436,1430,1382,1381,1382,1430
GENE.2579,chr9;chr9;chr9;chr9,908724;911542;911828;912013,911401;911653;911928;912061,+;+;+;+,2940,2706,2706,2707,2714,2729,2623,2779,2623,2729
GENE.258,chr2;chr2,38287;39235,39132;39303,-;-,915,3196,3194,3196,3196,3203,3191,3191,3191,3203
GENE.2580,chr9,913230,914480,+,1251,44,44,44,44,46,44,44,44,46
GENE.2581,chr9;chr9;chr9,916603;916915;918576,916606;918443;918674,+;+;+,1632,1777,1777,1777,1781,1781,1761,1770,1761,1781
GENE.2582,chr9;chr9;chr9;chr9;chr9;chr9;chr9;chr9;chr9;chr9,919109;919281;919482;919690;919914;920380;920537;920791;921012;921254,919184;919336;919581;919770;920210;920466;920624;920863;921136;921302,-;-;-;-;-;-;-;-;-;-,1032,190,190,190,202,190,202,190,202,190
GENE.2583,chr9;chr9;chr9,922292;935039;935271,934873;935122;935372,-;-;-,12768,25718,25657,25735,26918,26196,25455,24717,25455,26196
GENE.2584,chr9;chr9;chr9;chr9;chr9,936868;937100;937351;937953;938256,936957;937150;937833;938144;938345,-;-;-;-;-,906,649,649,649,651,651,648,646,648,651
GENE.2585,chr9,939580,940587,-,1008,0,0,0,0,1,0,0,0,1
GENE.2586,chr9,941830,942498,-,669,502,502,502,502,504,501,502,501,504
GENE.2587,chr9,944126,946468,+,2343,2698,2699,2698,2716,2710,2653,2707,2653,2700
GENE.2588,chr9,947033,949498,+,2466,262,262,262,262,265,262,271,262,265
GENE.2589,chr9,950408,953722,+,3315,0,0,1,0,1,0,176,0,1
GENE.259,chr2;chr2,41515;42805,42573;42858,-;-,1113,2966,2966,2966,2973,2974,2949,2952,2845,2974
GENE.2590,chr9;chr9,956605;957558,957400;957835,+;+,1074,2670,2663,2661,2725,2678,2665,2169,2665,2678
GENE.2591,chr9,958763,959917,+,1155,2438,2438,2438,2440,2444,2423,2431,2423,2444
GENE.2592,chr9;chr9;chr9;chr9,960181;960665;960910;961184,960507;960817;961065;961390,-;-;-;-,843,0,0,0,0,0,0,0,0,0
GENE.2593,chr9,961933,963786,-,1854,7698,7698,7698,7704,7719,7674,7677,7674,7719
GENE.2594,chr9,961933,963558,-,1626,7677,7677,7677,7683,7698,7653,7656,7653,7698
GENE.2595,chr9;chr9;chr9;chr9;chr9;chr9,966795;967032;967260;967476;967680;967944,966879;967129;967347;967582;967784;968069,-;-;-;-;-;-,609,1017,1017,1017,1045,1019,1026,1015,1026,1019
GENE.2596,chr9;chr9,972548;976440,976228;976637,+;+,3879,6665,6665,6666,6745,6744,6494,6706,6494,6744
GENE.2597,chr9,977869,979965,-,2097,1598,1598,1598,1598,1598,1596,1597,1596,1598
GENE.2598,chr9,981152,984334,+,3183,0,0,0,0,4,0,0,0,4
GENE.2599,chr9,984815,986017,-,1203,1338,1338,1338,1340,1385,1317,1335,1317,1385
GENE.26,chrM,4996,5025,-,30,0,0,0,0,0,0,0,0,0
GENE.260,chr2;chr2,45286;46490,46344;46558,-;-,1128,0,0,2,0,2,52,0,0,2
GENE.2600,chr9;chr9,988977;989392,989190;992915,+;+,3738,8491,8495,8594,9643,8951,8680,9037,8676,8951
GENE.2601,chr9;chr9;chr9;chr9,993245;993379;994087;996114,993270;993831;995942;997675,-;-;-;-,3897,28685,28684,29427,34137,33314,32773,28488,32773,33314
GENE.2602,chr9;chr9,999463;1001613,1001478;1005845,+;+,6249,0,0,2,0,9,0,18,0,9
GENE.2603,chr9,1006773,1008542,+,1770,4432,4432,4432,4442,4438,4401,4444,4401,4438
GENE.2604,chr9;chr9;chr9;chr9;chr9,1009063;1009201;1009330;1009509;1009681,1009066;1009239;1009400;1009574;1009755,+;+;+;+;+,255,0,0,0,0,0,0,0,0,0
GENE.2605,chr9;chr9;chr9;chr9;chr9;chr9;chr9;chr9;chr9,1010380;1010565;1010743;1010924;1011097;1011262;1011402;1011555;1011745,1010461;1010614;1010808;1010962;1011166;1011305;1011454;1011627;1011822,+;+;+;+;+;+;+;+;+,555,398,398,398,414,399,411,397,411,399
GENE.2606,chr9;chr9;chr9;chr9;chr9;chr9;chr9;chr9;chr9,1012118;1012402;1012658;1012861;1013019;1013161;1013353;1013613;1013805,1012192;1012527;1012709;1012913;1013072;1013214;1013434;1013720;1013863,+;+;+;+;+;+;+;+;+,663,1044,1044,1044,1086,1045,1070,1043,1070,1045
GENE.2607,chr9,1014478,1015518,-,1041,1050,1050,1050,1052,1066,1046,1021,1046,1066
GENE.2608,chr9;chr9;chr9,1017435;1018569;1018784,1018444;1018665;1018918,+;+;+,1242,192,192,192,192,194,192,192,192,194
GENE.2609,chr9,1019164,1020903,-,1740,4636,4636,4636,4650,4702,4606,4629,4606,4702
GENE.261,chr2;chr2,48923;50094,49861;50147,-;-,993,6188,6192,6190,6217,6196,6173,6179,6173,6194
GENE.2610,chr9;chr9,1021858;1022954,1022591;1023620,-;-,1401,1122,1122,1122,1135,1122,1120,1120,1120,1122
GENE.2611,chr9;chr9;chr9;chr9;chr9,1025493;1025762;1025949;1026112;1026301,1025570;1025869;1026015;1026192;1026353,+;+;+;+;+,387,0,0,0,0,0,0,0,0,0
GENE.2612,chr9;chr9,1027094;1027362,1027137;1027704,+;+,387,3,3,3,3,3,3,3,3,3
GENE.2613,chr9,1028661,1030010,-,1350,0,0,1,0,9,0,0,0,9
GENE.2614,chr9,1033315,1038579,+,5265,25610,25642,26167,27746,27556,25737,25696,25737,27556
GENE.2615,chr9;chr9,1040713;1040956,1040805;1041516,+;+,654,0,0,0,0,0,0,0,0,0
GENE.2616,chr9;chr9;chr9;chr9,1043542;1043795;1044005;1044241,1043649;1043898;1044072;1047794,+;+;+;+,3834,12102,12102,12102,12164,12159,12024,12115,12024,12159
GENE.2617,chr9,1048280,1057816,-,9537,0,0,1,10,12,0,20,0,12
GENE.2618,chr9,1063053,1063208,+,156,0,0,0,0,0,0,0,0,0
GENE.2619,chr9;chr9;chr9;chr9;chr9;chr9;chr9;chr9;chr9;chr9;chr9;chr9;chr9;chr9;chr9,1064752;1065209;1065473;1065915;1066648;1067816;1068077;1068494;1068799;1069012;1069198;1069356;1069571;1069956;1070212,1065075;1065379;1065746;1066458;1067674;1067915;1068230;1068682;1068878;1069098;1069270;1069440;1069816;1070035;1070317,+;+;+;+;+;+;+;+;+;+;+;+;+;+;+,3540,23199,23201,23226,25449,23515,23291,23073,23291,23515
GENE.262,chr2;chr2;chr2,51842;52240;52490,52143;52370;53124,-;-;-,1068,116,1086,1658,2320,1691,1645,75,1645,1691
GENE.2620,chr9;chr9,1070965;1072883,1072481;1072955,-;-,1590,5833,5831,5833,5842,5896,5776,5814,5776,5896
GENE.2621,chr9,1075915,1081683,-,5769,56082,56082,56082,56158,56372,55735,54990,55735,56372
GENE.2622,chr9;chr9;chr9,1084696;1085500;1088937,1085383;1088791;1089093,+;+;+,4137,2114,2114,2114,2118,2123,2080,2109,2080,2123
GENE.2623,chr9,1089911,1092430,+,2520,1294,1294,1294,1294,1298,1290,1291,1290,1298
GENE.2624,chr9,1092844,1096521,-,3678,0,0,0,0,3,0,0,0,3
GENE.2625,chr9;chr9;chr9,1097324;1097626;1098058,1097512;1097931;1098240,-;-;-,678,0,0,0,0,2,0,0,0,2
GENE.2626,chr9;chr9,1099075;1099323,1099117;1099750,+;+,471,217,217,217,217,217,215,215,215,217
GENE.2627,chr9,1100253,1100831,-,579,336,336,336,342,336,336,336,336,336
GENE.2628,chr9;chr9;chr9;chr9;chr9,1107143;1107315;1107519;1107833;1108365,1107144;1107429;1107648;1108177;1112656,+;+;+;+;+,4884,0,0,3,0,2,2,269,0,2
GENE.2629,chr9,1113958,1116003,+,2046,4194,4194,4194,4202,4198,4180,4186,4180,4198
GENE.263,chr2;chr2;chr2;chr2,54254;54430;54936;55187,54427;54933;55082;55255,-;-;-;-,894,3384,3384,3378,3390,3388,3262,3364,3262,3388
GENE.2630,chr9;chr9;chr9;chr9;chr9,1116416;1118434;1118873;1119144;1119539,1118185;1118763;1119004;1119239;1119775,-;-;-;-;-,2565,8915,8915,8915,8949,9167,8805,8884,8805,9167
GENE.2631,chr9;chr9;chr9;chr9;chr9,1120100;1120372;1120738;1121073;1121308,1120170;1120449;1120861;1121114;1121331,-;-;-;-;-,339,61,61,61,73,61,61,61,61,61
GENE.2632,chr9;chr9,1123861;1124114,1123903;1125858,+;+,1788,210,210,210,213,219,210,208,210,219
GENE.2633,chr9,1126990,1127928,-,939,3224,3224,3224,3228,3242,3092,3219,3092,3242
GENE.2634,chr9;chr9,1128871;1129494,1129245;1129940,+;+,822,790,790,790,800,793,783,784,783,793
GENE.2635,chr9,1131074,1132135,-,1062,4464,4464,4464,4466,4465,4376,4453,4376,4465
GENE.2636,chr9;chr9;chr9;chr9,1135545;1135908;1136115;1136336,1135622;1136011;1136188;1136391,+;+;+;+,312,4,4,4,4,4,4,4,4,4
GENE.2637,chr9;chr9;chr9;chr9,1135545;1135908;1136115;1136336,1135562;1136011;1136188;1136391,+;+;+;+,252,3,3,3,3,3,3,3,3,3
GENE.2638,chr9,1136966,1138183,-,1218,0,0,0,0,0,0,0,0,0
GENE.2639,chr9;chr9;chr9,1139940;1140586;1142274,1140397;1142068;1142387,-;-;-,2055,190,190,190,190,191,190,190,190,191
GENE.264,chr2;chr2,57344;58368,58228;58421,-;-,939,701,705,706,745,707,702,697,702,706
GENE.2640,chr9;chr9;chr9;chr9;chr9;chr9,1143184;1143430;1143638;1143841;1144088;1144358,1143239;1143480;1143748;1143915;1144266;1144479,+;+;+;+;+;+,594,396,396,396,400,403,394,394,394,403
GENE.2641,chr9,1145364,1146038,+,675,520,520,520,520,522,519,520,519,522
GENE.2642,chr9;chr9;chr9;chr9,1146239;1146531;1146750;1147114,1146391;1146648;1146859;1147197,-;-;-;-,465,129,129,129,131,129,128,126,128,129
GENE.2643,chr9,1148161,1148502,-,342,0,0,0,0,0,0,0,0,0
GENE.2644,chr9,1150648,1155153,-,4506,24756,24756,24756,24796,24845,24641,23987,24641,24845
GENE.2645,chr9,1156247,1158709,+,2463,22610,22610,22610,22772,22629,22498,22545,22498,22629
GENE.2646,chr9,1159876,1160475,+,600,0,1,0,0,2,0,0,0,2
GENE.2647,chr9;chr9,1161080;1161489,1161222;1162539,+;+,1194,5368,5368,5368,5384,5370,5353,5355,5353,5370
GENE.2648,chr9;chr9;chr9;chr9;chr9;chr9,1163570;1163795;1164656;1164891;1165127;1165331,1163599;1164457;1164756;1164936;1165167;1165475,+;+;+;+;+;+,1026,3978,3978,3978,4054,3988,3976,3961,3976,3988
GENE.2649,chr9;chr9;chr9;chr9;chr9;chr9,1167842;1168183;1168461;1168766;1169197;1169452,1167962;1168309;1168554;1169042;1169321;1169577,+;+;+;+;+;+,870,575,574,575,595,575,572,575,572,575
GENE.265,chr2,60107,60319,-,213,0,0,0,0,0,0,0,0,0
GENE.2650,chr9,1171339,1173483,+,2145,1640,1641,1640,1648,1641,1623,1634,1623,1641
GENE.2651,chr9;chr9;chr9;chr9;chr9;chr9;chr9;chr9;chr9;chr9,1175203;1176497;1177040;1177213;1177452;1178074;1178664;1179434;1179678;1180692,1176391;1176913;1177102;1177281;1177958;1178394;1179251;1179544;1180478;1180762,+;+;+;+;+;+;+;+;+;+,4137,8173,8172,8173,8259,8200,8139,8153,8139,8200
GENE.2652,chr9;chr9;chr9,1180983;1181305;1181517,1181048;1181388;1181996,-;-;-,630,0,0,0,0,0,0,0,0,0
GENE.2653,chr9;chr9,1182687;1183482,1183291;1183695,-;-,819,0,0,0,0,0,0,0,0,0
GENE.2654,chr9,1185107,1186159,-,1053,740,740,740,740,742,732,739,732,742
GENE.2655,chr9,1186606,1186902,-,297,0,0,0,0,0,0,0,0,0
GENE.2656,chr9;chr9;chr9;chr9;chr9;chr9,1187663;1188035;1188243;1188414;1188590;1188785,1187855;1188109;1188294;1188491;1188701;1188850,+;+;+;+;+;+,576,115,115,116,117,116,109,115,109,116
GENE.2657,chr9,1189646,1191322,+,1677,2428,2428,2428,2428,2434,2426,2426,2426,2434
GENE.2658,chr9,1191787,1195239,-,3453,10086,10086,10179,11526,10430,10251,10044,10251,10430
GENE.2659,chr9;chr9;chr9;chr9;chr9,1195693;1196110;1196841;1197321;1198174,1195924;1196626;1197016;1198026;1198462,-;-;-;-;-,1920,1586,1586,1586,1588,1606,1570,1580,1570,1606
GENE.266,chr2;chr2,63157;63360,63210;64376,+;+,1071,4742,4742,4742,4746,4763,4667,4719,4667,4761
GENE.2660,chr9,1201812,1206974,+,5163,10522,10522,10523,10544,10615,10477,10508,10477,10615
GENE.2661,chr9;chr9;chr9;chr9;chr9;chr9;chr9;chr9,1207974;1210033;1210202;1210408;1210617;1210892;1211255;1211602,1209895;1210106;1210314;1210483;1210725;1211084;1211413;1211703,+;+;+;+;+;+;+;+,2748,10324,10326,10324,10448,10331,10312,10321,10312,10331
GENE.2662,chr9;chr9;chr9;chr9;chr9;chr9;chr9;chr9,1207974;1210033;1210202;1210408;1210617;1210892;1211255;1211606,1209895;1210106;1210314;1210483;1210725;1211084;1211417;1211703,+;+;+;+;+;+;+;+,2748,10324,10326,10324,10448,10331,10312,10321,10312,10331
GENE.2663,chr9;chr9,1212169;1212458,1212208;1216500,-;-,4083,31572,31572,31577,31676,31796,31410,30645,31410,31796
GENE.2664,chr9;chr9;chr9;chr9,1218393;1218989;1219264;1220876,1218701;1219050;1220597;1221000,-;-;-;-,1830,2752,2752,2752,2778,2757,2753,2679,2753,2757
GENE.2665,chr9;chr9;chr9,1221987;1223173;1223496,1223048;1223391;1223606,+;+;+,1392,4049,4049,4049,4059,4057,4039,4043,4039,4057
GENE.2666,chr9;chr9;chr9,1225556;1225824;1239486,1225694;1239301;1239575,+;+;+,13707,29866,29854,29869,30168,30031,29455,30015,29455,30031
GENE.2667,chr9;chr9,1247268;1247511,1247416;1247940,-;-,579,304,304,304,316,304,304,304,304,304
GENE.2668,chr9,1248866,1251601,-,2736,9982,9982,9982,9998,10065,9828,9945,9828,10065
GENE.2669,chr9,1254815,1257292,+,2478,0,0,5,0,8,0,11,0,8
GENE.267,chr2;chr2,66529;66697,66597;67545,+;+,918,1364,1364,1365,1366,1364,1360,1362,1360,1364
GENE.2670,chr9,1258549,1259238,+,690,88,88,88,90,89,88,88,88,89
GENE.2671,chr9,1261027,1261944,+,918,2692,2692,2692,2698,2692,2683,2685,2673,2692
GENE.2672,chr9;chr9;chr9;chr9,1263347;1263509;1263802;1264739,1263364;1263587;1264545;1264830,+;+;+;+,933,993,993,993,1001,998,997,993,997,998
GENE.2673,chr9;chr9;chr9,1264999;1265435;1265793,1265304;1265565;1266015,-;-;-,660,1015,1014,1015,1042,1053,1007,1010,1007,1053
GENE.2674,chr9;chr9,1268277;1268759,1268375;1269415,+;+,756,2268,2268,2268,2276,2272,2264,2265,2264,2272
GENE.2675,chr9;chr9;chr9,1270155;1270711;1272327,1270521;1272161;1272656,+;+;+,2148,11270,11270,11424,12610,11833,11745,11238,11745,11833
GENE.2676,chr9,1273082,1273930,-,849,3014,3014,3014,3030,3032,2956,3006,2956,3032
GENE.2677,chr9;chr9;chr9;chr9,1275268;1275545;1275757;1276154,1275324;1275638;1276066;1276484,-;-;-;-,792,165,165,165,173,166,169,165,169,166
GENE.2678,chr9;chr9;chr9;chr9;chr9,1278007;1278260;1278399;1278597;1278757,1278056;1278299;1278438;1278635;1278896,+;+;+;+;+,309,46,46,46,48,49,45,45,45,49
GENE.2679,chr9;chr9;chr9;chr9;chr9,1279219;1279428;1279596;1283143;1283816,1279265;1279484;1282856;1283538;1283879,-;-;-;-;-,3825,9616,9616,9616,9680,9629,9599,9452,9599,9629
GENE.268,chr2;chr2,69088;69370,69156;69771,+;+,471,0,0,0,0,0,0,22,0,0
GENE.2680,chr9;chr9;chr9;chr9,1287008;1287431;1287680;1288314,1287091;1287544;1287938;1288372,+;+;+;+,516,0,0,0,0,2,1,0,1,2
GENE.2681,chr9,1289315,1291027,-,1713,5402,5402,5402,5402,5421,5397,5397,5397,5421
GENE.2682,chr9;chr9,1292117;1293248,1292935;1293643,-;-,1215,682,681,682,686,690,680,680,680,690
GENE.2683,chr9;chr9;chr9;chr9;chr9;chr9;chr9;chr9,1293832;1294006;1294183;1294683;1294990;1295320;1296159;1296478,1293867;1294055;1294420;1294776;1295189;1295990;1296364;1296644,-;-;-;-;-;-;-;-,1662,4351,4351,4351,4424,4357,4341,4336,4341,4357
GENE.2684,chr9;chr9,1297285;1297611,1297399;1298239,-;-,744,715,715,715,727,719,700,712,700,719
GENE.2685,chr9,1298865,1302575,-,3711,5310,5310,5310,5428,5383,5743,5303,4891,5323
GENE.2686,chr9;chr9;chr9,1303390;1303673;1304180,1303506;1303974;1307789,-;-;-,4029,2521,2520,2521,2534,2539,2500,2445,2500,2539
GENE.2687,chr9,1309467,1309943,-,477,170,170,170,170,170,170,170,170,170
GENE.2688,chr9,1311440,1313725,+,2286,750,750,750,752,754,735,749,735,754
GENE.2689,chr9;chr9;chr9;chr9,1314552;1315799;1316006;1316352,1315605;1315882;1316099;1317597,+;+;+;+,2478,3526,3526,3527,3540,3529,3519,3522,3519,3529
GENE.269,chr2;chr2,73441;74286,74094;74396,-;-,765,146,146,146,146,146,146,146,146,146
GENE.2690,chr9;chr9;chr9;chr9;chr9;chr9;chr9;chr9,1317827;1318028;1318258;1318503;1318719;1318936;1319129;1319392,1317835;1318093;1318356;1318618;1318755;1319012;1319250;1319468,-;-;-;-;-;-;-;-,603,184,184,184,202,184,190,183,190,184
GENE.2691,chr9,1320345,1323293,+,2949,5560,5560,5560,5592,5604,5534,5552,5534,5604
GENE.2692,chr9,1323893,1324699,+,807,1440,1440,1440,1446,1444,1438,1438,1438,1444
GENE.2693,chr9,1325248,1329786,-,4539,866,866,867,866,869,864,871,860,869
GENE.2694,chr9,1331349,1332803,-,1455,986,986,986,986,987,984,985,984,987
GENE.2695,chr9;chr9,1334115;1334426,1334300;1334794,-;-,555,906,908,906,926,906,905,904,905,906
GENE.2696,chr9,1335740,1337947,+,2208,1892,1892,1892,1900,1914,1874,1900,1874,1914
GENE.2697,chr9;chr9;chr9;chr9,1338175;1338916;1339078;1339263,1338765;1338962;1339159;1339295,-;-;-;-,753,0,0,0,0,0,0,0,0,0
GENE.2698,chr9,1340065,1341993,-,1929,3848,3848,3848,3870,3902,3832,3839,3832,3902
GENE.2699,chr9,1343385,1346555,+,3171,810,810,810,810,827,801,816,801,827
GENE.27,chrM,5026,5201,-,176,0,0,0,0,0,0,0,0,0
GENE.270,chr2;chr2,77251;78605,78504;78808,-;-,1458,8440,8440,8440,8458,8446,8426,8428,8426,8446
GENE.2700,chr9,1346858,1347295,-,438,1114,1114,1115,1114,1116,1113,1113,1113,1116
GENE.2701,chr9,1348022,1348459,+,438,226,226,226,226,226,226,226,226,226
GENE.2702,chr9,1349790,1350392,+,603,204,204,204,204,204,203,203,203,204
GENE.2703,chr9;chr9,1350836;1351921,1351534;1351929,-;-,708,0,0,0,0,0,0,0,0,0
GENE.2704,chr9;chr9;chr9,1354581;1354848;1355222,1354664;1355056;1355495,+;+;+,567,291,291,291,318,299,286,289,286,299
GENE.2705,chr9;chr9;chr9,1357411;1357618;1357814,1357506;1357668;1359262,+;+;+,1596,0,0,1,0,0,0,3,0,0
GENE.2706,chr9;chr9;chr9;chr9;chr9,1361935;1362246;1362644;1362966;1363450,1362061;1362403;1362828;1363125;1363848,+;+;+;+;+,1029,0,0,0,0,2,0,0,0,2
GENE.2707,chr9;chr9,1364256;1364916,1364791;1365999,-;-,1620,2550,2550,2550,2564,2552,2499,2514,2499,2552
GENE.2708,chr9,1366569,1367150,-,582,0,0,0,0,0,0,0,0,0
GENE.2709,chr9,1367396,1367614,-,219,0,0,0,0,0,0,0,0,0
GENE.271,chr2;chr2,81291;84073,83900;84165,-;-,2703,0,0,0,0,3,0,0,0,3
GENE.2710,chr9,1368594,1372037,-,3444,2820,2820,2820,2840,2825,2806,2755,2804,2825
GENE.2711,chr9;chr9;chr9;chr9,1373018;1373179;1373392;1373607,1373078;1373248;1373510;1373722,+;+;+;+,366,0,0,0,0,0,0,0,0,0
GENE.2712,chr9,1377953,1379752,+,1800,0,0,0,0,1,0,0,0,1
GENE.2713,chr9;chr9;chr9,1400800;1401194;1402001,1401000;1401879;1402052,+;+;+,939,1357,1357,1357,1360,1361,1354,1354,1354,1361
GENE.2714,chr9;chr9,1405192;1406156,1405863;1407022,+;+,1539,1047,1047,1047,1047,1047,1032,1046,1032,1047
GENE.2715,chr9;chr9,1409199;1409481,1409294;1410008,+;+,624,1178,1178,1178,1182,1181,1174,1175,1174,1181
GENE.2716,chr9;chr9;chr9;chr9;chr9;chr9;chr9;chr9;chr9,1413840;1414965;1415676;1415874;1416093;1416373;1416922;1417492;1418471,1414614;1415567;1415729;1415936;1416224;1416558;1417080;1418258;1419754,+;+;+;+;+;+;+;+;+,4023,0,0,0,0,2,0,1,0,2
GENE.2717,chr9;chr9,1420483;1422619,1422435;1422807,-;-,2142,6274,6534,7147,12236,9171,9004,6215,8992,9171
GENE.2718,chr9;chr9,1427642;1427831,1427734;1428022,-;-,285,0,0,0,0,2,0,0,0,2
GENE.2719,chr9,1430607,1431146,-,540,0,0,0,0,1,0,0,0,1
GENE.272,chr2;chr2;chr2;chr2,86832;87675;88385;88681,87400;88110;88534;88791,-;-;-;-,1266,3499,3499,3499,3523,3508,3441,3488,3441,3508
GENE.2720,chr9;chr9,1433332;1434035,1433836;1434108,-;-,579,331,331,331,335,333,315,331,315,333
GENE.2721,chr9;chr9,1436687;1437905,1437590;1437981,-;-,981,925,925,926,929,945,917,921,917,945
GENE.2722,chr9;chr9,1440783;1441090,1440856;1441660,+;+,645,268,268,268,270,268,267,267,267,268
GENE.2723,chr9;chr9,1443854;1444758,1444543;1444847,-;-,780,4928,4928,4928,4952,4936,4904,4911,4904,4936
GENE.2724,chr9;chr9,1446929;1447243,1447117;1447947,+;+,894,0,0,0,0,1,0,0,0,1
GENE.2725,chr9,1454422,1455720,+,1299,44,44,44,44,46,44,44,44,46
GENE.2726,chr9;chr9,1458392;1458816,1458496;1459862,+;+,1152,724,724,724,724,726,723,724,723,726
GENE.2727,chr9;chr9,1462400;1462757,1462588;1463659,+;+,1092,1416,1416,1416,1420,1419,1414,1414,1414,1419
GENE.2728,chr9;chr9,1465904;1466051,1465972;1467055,+;+,1074,4350,4350,4350,4354,4350,4331,4335,4331,4350
GENE.2729,chr9;chr9,1468546;1469349,1469253;1469417,-;-,777,566,566,566,568,569,565,566,565,569
GENE.273,chr2;chr2,91318;98728,98532;98838,-;-,7326,0,0,0,0,0,0,1,0,0
GENE.2730,chr9,1471851,1472924,+,1074,702,702,702,702,704,692,701,692,704
GENE.2731,chr9;chr9,1474431;1474646,1474487;1475704,+;+,1116,828,828,828,828,829,825,825,819,829
GENE.2732,chr9;chr9,1477526;1477729,1477597;1478736,+;+,1080,0,0,0,0,1,3,3,0,1
GENE.2733,chr9;chr9,1480947;1482158,1482002;1482211,-;-,1110,0,0,0,0,0,0,0,0,0
GENE.2734,chr9;chr9,1486070;1488952,1488781;1490187,+;+,3948,3136,5530,5460,7182,5600,5443,1699,5443,5600
GENE.2735,chr9;chr9,1492373;1492659,1492426;1493708,+;+,1104,2679,2682,2679,2683,2687,2651,2662,2651,2687
GENE.2736,chr9;chr9,1495579;1497949,1496985;1503336,-;-,6795,7126,7213,7218,7274,7244,7149,7046,7149,7244
GENE.2737,chr10;chr10,28490;34842,33892;36164,+;+,6726,0,48,42,98,49,42,5,42,49
GENE.2738,chr10;chr10,38050;39342,39111;39395,-;-,1116,0,4,0,0,0,1,2,1,0
GENE.2739,chr10;chr10,41773;42892,42738;42963,-;-,1038,0,0,0,0,4,0,1,0,4
GENE.274,chr2;chr2,103385;105686,105238;105796,-;-,1965,0,0,0,0,9,0,0,0,9
GENE.2740,chr10;chr10,44816;46080,45877;46133,-;-,1116,0,0,0,0,0,0,0,0,0
GENE.2741,chr10;chr10,48052;49331,49107;49384,-;-,1110,0,0,0,0,0,1,0,1,0
GENE.2742,chr10;chr10,51349;52531,52365;52599,-;-,1086,0,0,0,0,3,0,0,0,3
GENE.2743,chr10;chr10;chr10;chr10,54542;54795;55126;55367,54793;55124;55278;55498,-;-;-;-,867,0,0,0,0,1,0,0,0,1
GENE.2744,chr10;chr10,57968;58150,58015;58980,+;+,879,1034,1034,1034,1040,1034,1029,1029,1029,1034
GENE.2745,chr10;chr10;chr10;chr10,60024;60152;60222;61265,60149;60220;61263;61365,+;+;+;+,1338,764,764,764,764,771,736,764,736,771
GENE.2746,chr10;chr10,63152;63409,63223;64032,+;+,696,273,273,273,273,276,273,273,273,276
GENE.2747,chr10;chr10,67807;68728,68514;68961,-;-,942,2497,2497,2497,2575,2529,2481,2494,2481,2529
GENE.2748,chr10;chr10,67807;68658,68514;68753,-;-,804,2297,2297,2297,2377,2329,2281,2294,2281,2329
GENE.2749,chr10,70547,70819,-,273,0,0,0,0,0,0,0,0,0
GENE.275,chr2;chr2,109564;110392,110283;110580,-;-,909,0,0,0,0,0,0,0,0,0
GENE.2750,chr10;chr10,72934;73717,73569;73917,-;-,837,598,598,598,598,599,590,592,590,599
GENE.2751,chr10;chr10,74661;77486,77339;77572,-;-,2766,0,0,0,0,2,0,0,0,2
GENE.2752,chr10,81416,81739,-,324,0,0,0,0,0,0,0,0,0
GENE.2753,chr10;chr10,86538;88815,88634;89009,-;-,2292,0,0,0,0,0,0,0,0,0
GENE.2754,chr10;chr10,92573;93470,93316;93526,-;-,801,1373,1373,1373,1377,1377,1360,1373,1360,1377
GENE.2755,chr10;chr10,96113;96933,96796;97031,-;-,783,0,0,0,0,0,0,0,0,0
GENE.2756,chr10;chr10,99379;100155,100002;100361,-;-,831,736,736,736,743,742,656,734,656,742
GENE.2757,chr10;chr10,103118;104399,104242;104683,-;-,1410,0,0,0,0,2,0,1,0,2
GENE.2758,chr10;chr10,106653;108546,108431;108662,-;-,1896,0,0,0,0,12,0,0,0,12
GENE.2759,chr10;chr10,112929;113265,113117;116015,+;+,2940,17908,17908,17908,17982,18047,17754,17845,17637,18047
GENE.276,chr2;chr2,112547;113452,113188;113682,-;-,873,1608,1608,1608,1616,1612,1604,1603,1604,1612
GENE.2760,chr10,117242,118534,+,1293,3372,3372,3372,3378,3372,3350,3361,3350,3372
GENE.2761,chr10;chr10;chr10;chr10;chr10;chr10;chr10,121115;121426;121656;122254;122500;122700;123267,121169;121543;121744;122331;122587;122993;123291,+;+;+;+;+;+;+,747,132,132,132,134,135,132,132,132,135
GENE.2762,chr10;chr10;chr10;chr10;chr10;chr10;chr10,121115;121426;121656;122254;122506;122700;123267,121169;121543;121744;122331;122587;122993;123291,+;+;+;+;+;+;+,741,132,132,132,134,135,132,132,132,135
GENE.2763,chr10;chr10;chr10,123770;124064;124458,123818;124153;124882,-;-;-,564,77,77,77,77,77,77,77,77,77
GENE.2764,chr10,125939,127600,+,1662,0,0,5,0,1,0,4,0,1
GENE.2765,chr10,129276,132110,+,2835,5726,5726,5727,5788,5744,5687,5935,5687,5743
GENE.2766,chr10,132995,137272,+,4278,0,0,0,0,10,0,102,0,7
GENE.2767,chr10;chr10;chr10;chr10;chr10,138765;139133;139405;139578;139793,138889;139213;139435;139663;139853,+;+;+;+;+,384,63,63,63,63,63,63,63,63,63
GENE.2768,chr10,142419,146237,+,3819,9972,9972,9973,10044,10106,9885,10143,9885,10104
GENE.2769,chr10;chr10;chr10;chr10,147639;147739;147895;148177,147647;147792;148053;148239,+;+;+;+,285,6,6,6,10,6,5,5,5,6
GENE.277,chr2;chr2,117225;117653,117445;118235,+;+,804,0,0,0,0,0,0,0,0,0
GENE.2770,chr10;chr10,149342;149835,149737;150038,+;+,600,122,122,122,126,123,121,120,121,123
GENE.2771,chr10,150416,150874,-,459,664,664,664,664,664,663,663,663,664
GENE.2772,chr10,152364,158516,-,6153,0,0,1,0,1,0,0,0,1
GENE.2773,chr10;chr10,160316;160863,160572;160962,-;-,357,0,0,0,0,0,0,0,0,0
GENE.2774,chr10,164945,165790,+,846,78,78,78,78,78,78,78,78,78
GENE.2775,chr10,166743,170669,-,3927,0,0,0,0,6,0,0,0,6
GENE.2776,chr10,172723,176430,-,3708,0,0,1,0,0,0,1,0,0
GENE.2777,chr10;chr10,177921;178507,178321;178870,+;+,765,342,342,342,344,343,340,340,340,343
GENE.2778,chr10;chr10,179344;180215,179940;180226,-;-,609,789,789,793,791,789,787,787,787,789
GENE.2779,chr10;chr10;chr10;chr10;chr10;chr10;chr10;chr10;chr10;chr10,182244;182385;182791;183149;183738;184174;184396;184786;186784;186973,182289;182552;183027;183530;184041;184309;184641;186639;186855;187100,+;+;+;+;+;+;+;+;+;+,3573,0,0,1,0,8,1,298,1,8
GENE.278,chr2,120524,124102,+,3579,16662,16663,16820,19140,17357,17072,16623,17054,17357
GENE.2780,chr10;chr10,187669;194617,194372;196954,-;-,9042,56498,56498,56499,56606,56918,56099,55721,56099,56918
GENE.2781,chr10,199452,202844,-,3393,1730,1730,1732,1742,1781,1695,1654,1695,1781
GENE.2782,chr10,207000,209642,-,2643,5382,5382,5382,5382,5395,5346,5370,5346,5395
GENE.2783,chr10,213986,214594,-,609,230,230,230,230,230,230,230,230,230
GENE.2784,chr10;chr10;chr10;chr10;chr10;chr10,215717;216128;218818;219060;219273;219633,215805;218672;218975;219164;219488;219759,+;+;+;+;+;+,3240,0,0,0,0,1,0,0,0,1
GENE.2785,chr10;chr10;chr10;chr10,220018;220537;220762;221221,220350;220637;220998;221353,-;-;-;-,804,252,252,252,260,252,248,252,248,252
GENE.2786,chr10;chr10;chr10,221945;222281;222931,222152;222595;223430,+;+;+,1023,0,0,0,0,2,0,0,0,2
GENE.2787,chr10,224248,225207,+,960,930,930,930,930,930,929,930,929,930
GENE.2788,chr10,225456,227705,-,2250,0,0,0,0,0,0,1,0,0
GENE.2789,chr10,228798,232193,+,3396,30760,30752,30760,31096,30794,31580,30772,30671,30793
GENE.279,chr2,127994,128314,+,321,0,0,0,0,0,0,0,0,0
GENE.2790,chr10;chr10;chr10,232422;232563;232750,232470;232630;232818,-;-;-,186,0,0,0,0,0,0,0,0,0
GENE.2791,chr10;chr10,233285;234283,234125;234473,-;-,1032,12,12,12,12,14,12,12,12,14
GENE.2792,chr10;chr10,234795;235736,235585;235745,-;-,801,2374,2374,2374,2374,2376,2370,2370,2370,2376
GENE.2793,chr10,237506,242245,-,4740,11088,11088,11089,11108,11118,11028,11042,11028,11118
GENE.2794,chr10,244145,246535,-,2391,0,0,0,0,0,0,39,0,0
GENE.2795,chr10;chr10,247495;249417,249289;249940,-;-,2319,0,0,0,0,0,0,2,0,0
GENE.2796,chr10;chr10,251579;252360,252128;252490,+;+,681,0,0,0,0,1,0,0,0,1
GENE.2797,chr10,253704,255611,+,1908,234,234,234,236,242,230,233,230,242
GENE.2798,chr10;chr10,256117;256572,256269;257699,-;-,1281,681,681,681,685,681,672,681,672,681
GENE.2799,chr10;chr10;chr10;chr10;chr10,259060;259361;259719;259873;260208,259130;259520;259779;260020;260304,-;-;-;-;-,537,0,0,0,0,0,0,0,0,0
GENE.28,chrM,5202,5283,-,82,0,0,0,0,0,0,0,0,0
GENE.280,chr2;chr2;chr2,129342;129605;129804,129521;129690;133563,-;-;-,4026,16644,16646,16646,16970,16689,16783,16599,15724,16677
GENE.2800,chr10;chr10;chr10,262150;262465;262947,262259;262627;262997,-;-;-,324,0,0,0,0,0,0,0,0,0
GENE.2801,chr10;chr10;chr10;chr10;chr10;chr10,265750;265922;266083;266221;266391;266695,265803;265948;266126;266290;266485;266836,-;-;-;-;-;-,432,466,466,466,474,469,473,462,473,469
GENE.2802,chr10,267219,269831,-,2613,1658,1658,1658,1662,1664,1651,1654,1651,1664
GENE.2803,chr10,270535,271497,+,963,0,0,0,0,1,0,0,0,1
GENE.2804,chr10,272243,272824,-,582,1130,1130,1130,1138,1131,1124,1124,1124,1131
GENE.2805,chr10;chr10,274091;274383,274198;275426,+;+,1152,1668,1668,1668,1698,1677,1637,1668,1637,1677
GENE.2806,chr10;chr10;chr10;chr10,277621;278072;278353;278663,277638;278209;278431;279168,+;+;+;+,741,199,199,199,204,202,199,200,199,202
GENE.2807,chr10;chr10;chr10;chr10;chr10;chr10;chr10;chr10,281459;281891;282048;282251;282348;282533;282785;283012,281666;281950;282121;282252;282437;282573;282876;283104,+;+;+;+;+;+;+;+,660,0,0,0,0,0,0,1,0,0
GENE.2808,chr10;chr10;chr10;chr10;chr10;chr10;chr10;chr10,284577;284882;285093;285266;285406;285621;285816;286083,284653;284954;285149;285330;285506;285685;285940;286302,+;+;+;+;+;+;+;+,783,832,830,832,872,832,839,829,839,832
GENE.2809,chr10;chr10;chr10;chr10,286522;286841;286966;287380,286659;286892;287032;287473,-;-;-;-,351,50,49,49,51,49,49,46,49,49
GENE.281,chr2;chr2;chr2,129342;129605;129804,129521;129687;133563,-;-;-,4023,16644,16646,16646,16970,16689,16783,16599,15724,16677
GENE.2810,chr10;chr10;chr10;chr10;chr10,288383;289170;290198;290443;290738,289000;290017;290310;290556;290826,-;-;-;-;-,1782,0,0,0,0,0,0,0,0,0
GENE.2811,chr10;chr10,293850;295223,295013;295999,+;+,1941,0,0,0,0,0,0,0,0,0
GENE.2812,chr10,296906,297565,+,660,1182,1182,1182,1190,1185,1174,1174,1174,1185
GENE.2813,chr10,298361,298687,+,327,0,0,0,0,0,0,0,0,0
GENE.2814,chr10,299280,299609,+,330,0,0,0,0,0,0,0,0,0
GENE.2815,chr10,301126,305919,-,4794,0,0,1,4,3,0,1,0,3
GENE.2816,chr10,311397,314516,-,3120,4440,4438,4440,4458,4451,4401,4371,4401,4451
GENE.2817,chr10,316649,318280,+,1632,0,0,0,0,2,0,0,0,2
GENE.2818,chr10,321011,328150,+,7140,4532,4532,4535,4542,4589,4468,4675,4468,4573
GENE.2819,chr10,331246,342807,+,11562,115964,115964,115968,117018,116545,116058,115711,114500,116509
GENE.282,chr2,135523,137139,+,1617,2300,2300,2300,2308,2305,2296,2297,2296,2305
GENE.2820,chr10,343733,344899,-,1167,1268,1268,1268,1272,1268,1266,1268,1266,1268
GENE.2821,chr10,346407,346514,+,108,0,0,0,0,0,0,0,0,0
GENE.2822,chr10;chr10,347206;348622,348506;348667,-;-,1347,0,0,0,0,0,0,0,0,0
GENE.2823,chr10,351703,355593,+,3891,0,0,0,0,2,0,17,0,1
GENE.2824,chr10,357345,358463,+,1119,666,666,670,666,669,664,690,664,668
GENE.2825,chr10;chr10;chr10,360625;361082;362385,360913;362034;362480,-;-;-,1338,3125,3125,3125,3129,3126,3119,3121,3119,3126
GENE.2826,chr10,365737,367146,-,1410,1084,1084,1084,1084,1086,1079,1081,1079,1086
GENE.2827,chr10;chr10,369199;370103,369804;370225,-;-,729,178,178,178,178,180,177,177,177,180
GENE.2828,chr10,371293,372117,+,825,0,0,0,0,0,0,0,0,0
GENE.2829,chr10,372519,374072,+,1554,3514,3514,3516,3524,3527,3471,3508,3471,3526
GENE.283,chr2;chr2;chr2;chr2,137557;137684;138050;138353,137575;137909;138130;138389,-;-;-;-,363,22,22,22,22,22,22,22,22,22
GENE.2830,chr10,374864,377611,+,2748,0,0,0,0,5,0,63,0,5
GENE.2831,chr10,377906,379708,-,1803,3944,3944,3945,3946,3978,3933,3937,3933,3978
GENE.2832,chr10,381361,382449,+,1089,634,634,634,634,637,626,633,626,637
GENE.2833,chr10;chr10;chr10;chr10,383044;383398;384316;384680,383135;384214;384420;384793,-;-;-;-,1128,167,167,167,174,169,166,165,166,169
GENE.2834,chr10,386976,388442,+,1467,6058,6058,6058,6072,6106,6037,6060,6037,6106
GENE.2835,chr10,389504,391165,-,1662,1630,1630,1630,1632,1632,1620,1630,1620,1632
GENE.2836,chr10;chr10,393765;394044,393852;397993,-;-,4038,1673,1673,1681,1711,1723,1674,1631,1674,1723
GENE.2837,chr10;chr10,399207;401680,401447;401778,+;+,2340,1900,1900,1901,1900,1902,1894,1895,1894,1901
GENE.2838,chr10;chr10,401876;402376,402181;402711,-;-,642,1094,1093,1094,1122,1094,1079,1091,1079,1094
GENE.2839,chr10,403679,404575,+,897,0,0,0,0,0,0,0,0,0
GENE.284,chr2;chr2;chr2;chr2;chr2;chr2;chr2;chr2;chr2;chr2,138927;139121;139373;139515;139674;139993;140297;140534;140719;141119,138986;139172;139415;139582;139776;140153;140344;140595;140911;141192,+;+;+;+;+;+;+;+;+;+,864,644,644,644,674,645,653,638,653,645
GENE.2840,chr10,405017,410536,-,5520,0,0,0,0,9,0,0,0,9
GENE.2841,chr10;chr10;chr10,414732;415103;415306,415003;415164;415328,+;+;+,357,14,14,14,16,14,14,14,14,14
GENE.2842,chr10;chr10;chr10;chr10;chr10;chr10,415404;416027;416258;416433;416654;417282,415496;416136;416347;416555;417142;417471,-;-;-;-;-;-,1095,0,0,0,0,1,0,0,0,1
GENE.2843,chr10;chr10;chr10;chr10;chr10;chr10;chr10;chr10,417705;417896;418096;418371;418686;418932;419060;419293,417713;417932;418163;418568;418733;418982;419132;419318,+;+;+;+;+;+;+;+,510,1092,1092,1092,1122,1101,1117,1089,1117,1101
GENE.2844,chr10;chr10,420185;420464,420260;421056,-;-,669,0,0,0,0,0,0,0,0,0
GENE.2845,chr10;chr10;chr10;chr10;chr10;chr10;chr10,422961;423231;423418;423637;423876;424104;424303,423082;423282;423478;423758;424021;424209;424365,+;+;+;+;+;+;+,672,224,224,224,227,225,223,224,223,225
GENE.2846,chr10,424866,425765,-,900,220,220,220,222,220,219,220,219,220
GENE.2847,chr10;chr10;chr10;chr10;chr10,426601;426797;427741;427938;428084,426666;427572;427836;427986;428146,+;+;+;+;+,1050,2092,2092,2092,2110,2102,2099,2090,2099,2102
GENE.2848,chr10;chr10;chr10;chr10,429204;429588;429773;430068,429416;429662;429846;430140,-;-;-;-,435,496,496,496,520,500,506,494,506,500
GENE.2849,chr10;chr10,432505;432854,432739;435570,-;-,2952,0,0,1,0,0,0,10,0,0
GENE.285,chr2,141625,147564,-,5940,8520,8520,8530,8530,8541,8483,8388,8483,8541
GENE.2850,chr10;chr10;chr10;chr10,436958;437190;437407;437625,437086;437246;437481;437708,+;+;+;+,345,23,23,23,25,24,25,23,25,24
GENE.2851,chr10;chr10;chr10;chr10,436958;437194;437407;437625,437090;437246;437481;437708,+;+;+;+,345,23,23,23,25,24,25,23,25,24
GENE.2852,chr10,438446,440380,+,1935,7562,7562,7562,7572,7575,7539,7775,7539,7575
GENE.2853,chr10,441140,441955,-,816,1260,1260,1260,1264,1291,1222,1258,1222,1291
GENE.2854,chr10,443874,444401,-,528,324,324,324,324,326,323,323,323,326
GENE.2855,chr10,445164,447125,-,1962,1862,1862,1862,1862,1864,1854,1855,1854,1864
GENE.2856,chr10,449154,450323,+,1170,2308,2308,2308,2308,2313,2299,2301,2299,2313
GENE.2857,chr10,455398,458817,+,3420,0,0,1,0,7,0,33,0,7
GENE.2858,chr10;chr10;chr10;chr10;chr10;chr10,460335;460589;460821;461100;461374;461713,460460;460728;460902;461261;461500;461993,-;-;-;-;-;-,918,152,152,152,156,152,152,149,152,152
GENE.2859,chr10;chr10;chr10;chr10;chr10;chr10;chr10;chr10;chr10,463493;464832;465113;465326;465588;465741;465886;466127;466424,464656;464973;465173;465436;465649;465778;465969;466227;467006,+;+;+;+;+;+;+;+;+,2346,906,906,906,916,907,909,905,909,907
GENE.286,chr2,149524,156981,-,7458,0,0,0,0,3,0,0,0,3
GENE.2860,chr10;chr10,468071;469485,469182;469536,-;-,1164,2841,2841,2841,2852,2852,2828,2830,2828,2852
GENE.2861,chr10;chr10,470979;471700,471548;471933,+;+,804,0,0,0,0,0,0,0,0,0
GENE.2862,chr10;chr10,472546;473179,472916;473386,-;-,579,862,862,862,866,868,859,861,859,868
GENE.2863,chr10;chr10;chr10,475327;476246;476547,475911;476339;476563,-;-;-,696,0,0,0,0,0,0,0,0,0
GENE.2864,chr10,478758,480539,-,1782,0,0,0,0,6,0,0,0,6
GENE.2865,chr10,482527,484194,-,1668,0,0,0,0,2,0,0,0,2
GENE.2866,chr10;chr10;chr10,487252;491405;491735,491272;491606;491828,+;+;+,4317,8058,8058,8058,8084,8063,8023,8096,8023,8063
GENE.2867,chr10,492550,495144,+,2595,0,0,1,0,3,0,7,0,3
GENE.2868,chr10;chr10,496331;497444,497343;497573,-;-,1143,558,558,558,560,558,549,552,549,558
GENE.2869,chr10;chr10;chr10;chr10,500210;500455;500653;500900,500288;500521;500747;502221,+;+;+;+,1563,1832,1832,1832,1842,1854,1698,1868,1698,1854
GENE.287,chr2,158137,159660,-,1524,0,0,0,0,2,0,0,0,2
GENE.2870,chr10;chr10,502634;504158,504061;506392,-;-,3663,0,0,1,0,5,0,0,0,5
GENE.2871,chr10,511084,514278,+,3195,8116,8116,8116,8126,8168,8071,8110,8071,8168
GENE.2872,chr10,515721,517607,-,1887,0,0,0,0,0,0,0,0,0
GENE.2873,chr10;chr10;chr10;chr10;chr10;chr10;chr10;chr10;chr10;chr10;chr10,518542;518673;518876;519474;519804;520046;520237;520624;520868;521072;521325,518570;518786;519356;519699;519868;520129;520419;520731;520942;521172;522252,-;-;-;-;-;-;-;-;-;-;-,2394,0,0,0,0,0,0,0,0,0
GENE.2874,chr10;chr10;chr10;chr10,526840;530911;531181;531358,530765;530989;531242;531448,+;+;+;+,4158,5338,5338,5338,5348,5391,5218,5462,5218,5391
GENE.2875,chr10,533109,539825,+,6717,34030,34030,34032,34106,34096,33885,34109,33885,34096
GENE.2876,chr10;chr10;chr10,540622;541108;541583,540854;541338;541694,+;+;+,576,93,93,93,95,93,93,93,93,93
GENE.2877,chr10;chr10;chr10;chr10;chr10,542359;542856;543069;544154;544777,542427;542943;544050;544472;544779,+;+;+;+;+,1461,0,0,0,0,1,0,0,0,1
GENE.2878,chr10,545679,548903,-,3225,0,0,1,0,5,0,7,0,5
GENE.2879,chr10;chr10;chr10;chr10;chr10;chr10;chr10,550839;551040;551224;551369;551573;551828;552221,550894;551106;551259;551433;551749;552110;552571,-;-;-;-;-;-;-,1035,2044,2044,2044,2080,2046,2057,2036,2057,2046
GENE.288,chr2,160514,161242,+,729,334,334,334,336,334,334,334,334,334
GENE.2880,chr10,555160,559527,+,4368,30036,30036,30036,30054,30143,29719,29970,29719,30143
GENE.2881,chr10;chr10,560538;560924,560777;563353,+;+,2670,4240,4240,4240,4338,4263,4211,4231,4211,4263
GENE.2882,chr10;chr10,565805;572786,572669;573060,+;+,7140,0,0,0,0,18,0,83,0,18
GENE.2883,chr10,574129,575103,+,975,1020,1020,1020,1020,1020,1019,1019,1019,1020
GENE.2884,chr10,576579,580478,+,3900,0,0,1,0,6,0,29,0,6
GENE.2885,chr10,581354,589090,-,7737,0,0,3,0,18,33,0,33,18
GENE.2886,chr10,595308,596222,+,915,0,0,0,0,1,0,0,0,1
GENE.2887,chr10;chr10;chr10;chr10;chr10;chr10;chr10;chr10;chr10;chr10;chr10,596497;596700;596888;597316;597477;597974;599048;599554;599819;600171;600361,596544;596757;597146;597391;597870;598889;599424;599604;600037;600224;600413,-;-;-;-;-;-;-;-;-;-;-,2505,0,0,0,0,2,0,0,0,2
GENE.2888,chr10,600970,607809,-,6840,20544,20544,20544,20564,20704,20274,20463,20274,20704
GENE.2889,chr10,611213,612199,+,987,3074,3074,3075,3078,3088,3014,3063,3014,3088
GENE.289,chr2;chr2;chr2;chr2,162065;162207;162697;162897,162078;162374;162786;162900,-;-;-;-,276,3,3,3,3,3,3,3,3,3
GENE.2890,chr10,612685,613875,-,1191,0,0,0,0,3,0,0,0,3
GENE.2891,chr10;chr10;chr10,614872;616680;617523,616536;616834;617736,-;-;-,2034,5928,5928,5928,6080,5997,5895,5920,5895,5997
GENE.2892,chr10;chr10;chr10,614872;616680;617523,616536;616831;617736,-;-;-,2031,5928,5928,5928,6080,5997,5895,5920,5895,5997
GENE.2893,chr10;chr10,614872;616680,616536;616796,-;-,1782,5644,5641,5641,5782,5708,5616,5632,5616,5708
GENE.2894,chr10,618440,619993,+,1554,3326,3326,3326,3334,3341,3310,3347,3310,3341
GENE.2895,chr10,621305,623626,+,2322,5594,5594,5594,5598,5664,5550,5622,5550,5664
GENE.2896,chr10,624048,625895,-,1848,0,0,0,0,0,0,0,0,0
GENE.2897,chr10;chr10,627044;628899,628644;629040,-;-,1743,4316,4316,4316,4330,4324,4309,4311,4309,4324
GENE.2898,chr10;chr10;chr10;chr10;chr10;chr10;chr10;chr10;chr10,629909;630201;630461;630636;630845;630998;631180;631554;631995,630064;630333;630528;630708;630918;631052;631400;631714;632061,-;-;-;-;-;-;-;-;-,1008,333,333,333,335,333,330,331,330,333
GENE.2899,chr10;chr10;chr10;chr10;chr10;chr10;chr10,630310;630636;630845;630998;631180;631554;631995,630333;630708;630918;631052;631400;631714;632061,-;-;-;-;-;-;-,675,277,276,277,279,277,278,276,278,277
GENE.29,chrM,5284,5340,-,57,0,0,0,0,0,0,0,0,0
GENE.290,chr2,164269,164340,+,72,0,0,0,0,0,0,0,0,0
GENE.2900,chr10;chr10;chr10;chr10;chr10,633682;633891;634049;634412;635194,633768;633923;634185;635069;635286,+;+;+;+;+,1008,1504,1504,1504,1512,1512,1506,1504,1506,1512
GENE.2901,chr10;chr10,637138;637714,637180;639011,+;+,1341,0,0,0,0,2,0,0,0,2
GENE.2902,chr10,641390,642751,+,1362,24,24,24,24,26,24,24,24,26
GENE.2903,chr10,643558,644331,-,774,0,0,0,0,0,0,0,0,0
GENE.2904,chr10,646054,647736,+,1683,0,0,0,0,0,0,0,0,0
GENE.2905,chr10;chr10,650898;653379,653183;653567,-;-,2475,0,0,0,0,3,0,0,0,3
GENE.2906,chr10;chr10;chr10,656709;656997;658830,656789;658547;659027,-;-;-,1830,1878,1877,1878,1891,1881,1871,1872,1871,1881
GENE.2907,chr10;chr10,661742;663998,663841;664201,-;-,2304,1062,1062,1063,1062,1098,1033,1061,1033,1098
GENE.2908,chr10;chr10,665658;666514,666407;666654,-;-,891,0,0,1,0,0,2,0,2,0
GENE.2909,chr10;chr10,669202;671650,671490;671853,-;-,2493,25100,25100,25100,25264,25217,24733,25064,24733,25217
GENE.291,chr2,166144,168051,+,1908,8104,8104,8104,8112,8497,8022,8112,8022,8497
GENE.2910,chr10;chr10,675293;676268,676087;676417,-;-,945,0,0,1,0,2,0,2,0,2
GENE.2911,chr10,682182,682508,-,327,0,0,0,0,0,0,0,0,0
GENE.2912,chr10,685578,688862,+,3285,0,1,0,0,12,0,0,0,12
GENE.2913,chr10,689888,690820,-,933,2222,2222,2222,2340,2242,2189,2217,2189,2242
GENE.2914,chr10;chr10,692426;694153,693952;694218,+;+,1593,248,248,248,248,250,237,245,237,250
GENE.2915,chr10;chr10,694840;696676,696527;696709,-;-,1722,13087,13103,13088,13351,13114,13013,13057,13013,13114
GENE.2916,chr10,694840,696591,-,1752,13088,13104,13089,13352,13115,13014,13058,13014,13115
GENE.2917,chr10;chr10;chr10;chr10;chr10;chr10;chr10;chr10,697970;698221;698433;698668;698914;699188;699369;699761,698071;698301;698496;698811;699005;699264;699480;699823,-;-;-;-;-;-;-;-,735,800,799,800,817,846,791,715,791,846
GENE.2918,chr10;chr10;chr10,701746;702071;702294,701892;702199;702422,+;+;+,405,164,164,164,166,170,161,164,161,170
GENE.2919,chr10,705537,708452,+,2916,0,0,0,0,1,0,45,0,1
GENE.292,chr2;chr2,168682;168855,168719;170136,-;-,1320,5198,5198,5820,8038,7174,6976,5194,6976,7168
GENE.2920,chr10,709507,710826,+,1320,0,0,0,0,0,0,2,0,0
GENE.2921,chr10;chr10;chr10,711016;711151;711388,711039;711266;714658,-;-;-,3411,8078,8078,8080,8090,8228,7955,7973,7955,8222
GENE.2922,chr10;chr10,715878;716157,716000;717437,+;+,1404,2026,2026,2026,2036,2029,2021,2021,2021,2029
GENE.2923,chr10,718454,720136,+,1683,520,520,522,522,524,509,557,509,524
GENE.2924,chr10,720551,721399,+,849,0,0,0,0,0,0,0,0,0
GENE.2925,chr10;chr10,721734;721919,721821;728331,-;-,6501,4166,4166,4166,4172,4187,4181,4157,3965,4183
GENE.2926,chr10,729809,732856,-,3048,10568,10574,11650,16342,14594,14252,10170,14252,14594
GENE.2927,chr10;chr10;chr10;chr10,734722;734886;735073;735286,734779;734934;735112;735738,+;+;+;+,600,0,0,0,0,0,0,0,0,0
GENE.2928,chr10;chr10;chr10;chr10;chr10,735921;736140;736396;736652;736798,736010;736217;736508;736690;736813,-;-;-;-;-,336,0,0,0,0,0,0,0,0,0
GENE.2929,chr10,737692,743406,-,5715,0,1,0,0,4,0,4,0,4
GENE.293,chr2;chr2;chr2;chr2;chr2;chr2;chr2;chr2;chr2;chr2;chr2;chr2,171563;171882;172168;172665;172872;173089;173359;173580;173848;174067;174232;174514,171721;171977;172532;172761;172910;173196;173430;173670;173959;174108;174280;174912,-;-;-;-;-;-;-;-;-;-;-;-,1629,2265,2265,2265,2331,2265,2294,2256,2294,2265
GENE.2930,chr10,747028,748887,+,1860,0,0,0,0,0,1,6,1,0
GENE.2931,chr10;chr10,750215;752474,752149;752665,+;+,2127,0,0,0,0,0,0,0,0,0
GENE.2932,chr10,752760,754910,-,2151,0,0,0,0,1,0,0,0,1
GENE.2933,chr10;chr10,757795;764970,764823;765158,+;+,7218,0,0,0,0,12,0,242,0,12
GENE.2934,chr10,766168,771954,-,5787,0,0,0,0,4,0,0,0,4
GENE.2935,chr10,773531,774490,+,960,1012,1012,1012,1014,1014,1009,1009,1009,1014
GENE.2936,chr10;chr10;chr10,774929;780164;780361,779997;780256;780487,-;-;-,5289,0,0,1,0,10,0,5,0,10
GENE.2937,chr10;chr10,786503;786806,786626;787008,+;+,327,7,7,7,8,7,7,7,7,7
GENE.2938,chr10;chr10;chr10;chr10;chr10;chr10;chr10;chr10;chr10;chr10;chr10;chr10;chr10;chr10;chr10;chr10;chr10;chr10;chr10;chr10;chr10;chr10;chr10;chr10;chr10,787745;788115;788465;788818;789125;789326;789612;789887;790142;790361;790589;790855;791082;791505;791792;792210;792446;792901;793254;793489;793894;794110;794380;794641;795155,787906;788250;788627;789016;789258;789493;789742;790002;790222;790436;790707;790919;791288;791625;792020;792335;792765;793108;793358;793807;793975;794271;794483;794767;795220,-;-;-;-;-;-;-;-;-;-;-;-;-;-;-;-;-;-;-;-;-;-;-;-;-,3726,8895,8902,8895,9610,8905,8891,8873,8891,8905
GENE.2939,chr10;chr10;chr10;chr10;chr10;chr10;chr10;chr10;chr10;chr10;chr10;chr10;chr10;chr10;chr10;chr10;chr10;chr10;chr10;chr10;chr10;chr10;chr10;chr10;chr10,787745;788115;788465;788818;789125;789330;789612;789887;790142;790361;790589;790855;791082;791505;791792;792210;792446;792901;793254;793489;793894;794110;794380;794641;795155,787906;788250;788627;789016;789262;789493;789742;790002;790222;790436;790707;790919;791288;791625;792020;792335;792765;793108;793358;793807;793975;794271;794483;794767;795220,-;-;-;-;-;-;-;-;-;-;-;-;-;-;-;-;-;-;-;-;-;-;-;-;-,3726,8895,8902,8895,9610,8905,8891,8873,8891,8905
GENE.294,chr2,176567,178300,+,1734,0,0,0,0,0,0,0,0,0
GENE.2940,chr10,796291,799923,+,3633,1852,1852,1852,1926,1867,1816,1853,1816,1867
GENE.2941,chr10,800278,803502,-,3225,4572,4572,4671,5228,5172,5159,4557,4293,4980
GENE.2942,chr10,804328,807582,-,3255,4570,4520,4571,4614,4618,4521,4266,4521,4618
GENE.2943,chr10,808618,808992,-,375,0,0,0,0,0,0,0,0,0
GENE.2944,chr10;chr10;chr10;chr10;chr10;chr10;chr10;chr10;chr10;chr10,811106;811397;811679;811850;811994;812325;812495;812905;813156;813394,811224;811496;811756;811890;812147;812399;812572;813020;813272;813484,-;-;-;-;-;-;-;-;-;-,969,0,0,0,0,1,0,0,0,1
GENE.2945,chr10;chr10;chr10,814352;814608;814955,814468;814793;814957,-;-;-,306,0,0,0,0,3,0,0,0,3
GENE.2946,chr10;chr10;chr10,816066;818137;818804,817787;818717;818972,-;-;-,2472,0,0,0,0,0,0,8,0,0
GENE.2947,chr10,819830,822139,+,2310,0,0,0,0,9,0,0,0,9
GENE.2948,chr10;chr10,822602;824489,824302;824593,-;-,1806,119,119,119,119,120,119,119,119,120
GENE.2949,chr10,825451,826971,+,1521,2358,2358,2358,2362,2359,2344,2357,2344,2359
GENE.295,chr2;chr2,178955;181103,180924;181526,+;+,2394,9878,9878,9878,9924,9887,9798,9811,9798,9887
GENE.2950,chr10;chr10;chr10,827488;827660;828016,827553;827782;834231,+;+;+,6405,10776,10776,10777,10880,10910,10633,10789,10633,10910
GENE.2951,chr10;chr10;chr10,835292;838932;839597,838801;839127;839700,+;+;+,3810,0,0,0,0,3,0,15,0,3
GENE.2952,chr10;chr10;chr10;chr10;chr10;chr10;chr10;chr10;chr10;chr10;chr10,840212;840664;840835;841340;841501;841648;841866;842051;842196;842340;843092,840454;840730;841224;841419;841547;841743;841946;842093;842275;842823;843403,+;+;+;+;+;+;+;+;+;+;+,1923,2380,2380,2380,2448,2400,2415,2368,2415,2400
GENE.2953,chr10;chr10;chr10;chr10;chr10,845086;845294;845593;845811;846045,845173;845444;845680;845881;846192,-;-;-;-;-,546,0,0,0,0,0,0,0,0,0
GENE.2954,chr10;chr10;chr10;chr10,848859;849042;849797;850169,848953;849539;850029;850404,-;-;-;-,1062,1017,1017,1017,1029,1018,1010,1015,1010,1018
GENE.2955,chr10,851000,856285,-,5286,0,0,1,0,7,0,0,0,7
GENE.2956,chr10,857673,859742,-,2070,8752,8752,8755,8766,8759,8680,8580,8680,8759
GENE.2957,chr10;chr10,860960;861525,861399;862449,-;-,1365,3325,3325,3325,3361,3371,3311,3318,3311,3371
GENE.2958,chr10;chr10;chr10;chr10;chr10;chr10;chr10,863907;864126;864685;865012;866104;866295;866499,863999;864509;864794;865890;866171;866376;866742,+;+;+;+;+;+;+,1860,0,0,0,0,3,0,0,0,3
GENE.2959,chr10,867635,869677,-,2043,0,0,0,0,2,0,23,0,2
GENE.296,chr2,182228,189115,-,6888,10946,10950,10949,11154,11078,10761,10853,10761,11078
GENE.2960,chr10,871095,871886,+,792,530,530,530,530,534,524,527,524,534
GENE.2961,chr10;chr10;chr10;chr10;chr10,873208;873597;874202;887427;894669,873466;874032;887026;894510;894869,-;-;-;-;-,20805,4136,4136,4137,4144,4156,4112,4150,4112,4156
GENE.2962,chr10;chr10;chr10;chr10,896865;897152;897438;897636,896901;897273;897530;903608,-;-;-;-,6225,0,0,0,0,6,0,0,0,6
GENE.2963,chr10,905473,912345,-,6873,0,2,8,0,11,1,1,1,8
GENE.2964,chr10;chr10,919772;921473,921311;924213,+;+,4281,6724,6724,6725,6754,6762,6609,6731,6609,6762
GENE.2965,chr10;chr10,925280;925990,925818;926230,-;-,780,208,208,208,214,208,208,208,208,208
GENE.2966,chr10;chr10;chr10,926831;927042;927915,926896;927759;929020,-;-;-,1890,3981,3981,3981,3993,3984,3953,3957,3953,3984
GENE.2967,chr10;chr10;chr10;chr10;chr10;chr10,932697;932954;933634;933913;934084;934253,932841;933385;933752;934000;934148;934381,+;+;+;+;+;+,978,5944,5944,5944,6012,5941,5930,5933,5930,5941
GENE.2968,chr10;chr10;chr10;chr10,939938;941391;941912;942133,941282;941477;941994;942234,-;-;-;-,1617,4322,4322,4322,4342,4386,4318,4322,4318,4386
GENE.2969,chr10,944398,946089,-,1692,12918,12918,12918,12924,12937,12892,12897,12892,12937
GENE.297,chr2;chr2;chr2;chr2;chr2,192818;193328;193649;193864;194161,193200;193490;193718;194039;194199,+;+;+;+;+,831,978,978,978,986,980,975,974,975,980
GENE.2970,chr10,948477,951152,+,2676,0,0,2,0,0,0,0,0,0
GENE.2971,chr10,951752,952579,-,828,830,830,830,832,830,828,828,828,830
GENE.2972,chr10,955883,958357,+,2475,2708,2708,2708,2714,2716,2666,2703,2666,2716
GENE.2973,chr10;chr10;chr10;chr10,958939;959242;959531;959810,959034;959345;959600;959896,-;-;-;-,357,0,0,0,0,0,0,0,0,0
GENE.2974,chr10,961066,962307,-,1242,0,0,0,0,1,0,2,0,1
GENE.2975,chr10,963497,980560,-,17064,87832,87829,87845,87886,88075,86618,87532,86430,88075
GENE.2976,chr10,982231,983202,+,972,38,38,38,38,39,38,38,38,39
GENE.2977,chr10;chr10;chr10;chr10,984228;984469;984965;985325,984253;984546;985094;985330,-;-;-;-,240,0,0,0,0,0,0,0,0,0
GENE.2978,chr10;chr10;chr10;chr10;chr10;chr10;chr10,985350;985536;986027;986201;986503;986760;986956,985425;985575;986066;986420;986604;986836;986988,+;+;+;+;+;+;+,588,108,108,108,110,108,107,107,107,108
GENE.2979,chr10,987017,987310,-,294,0,0,0,0,0,0,0,0,0
GENE.298,chr2,194826,196916,-,2091,3292,3292,3293,3294,3301,3261,3284,3261,3301
GENE.2980,chr10;chr10;chr10;chr10;chr10;chr10;chr10;chr10,987358;987663;988129;989033;989617;989834;989973;990125,987414;987826;988837;989435;989725;989870;990008;990148,-;-;-;-;-;-;-;-,1539,0,0,0,0,1,1,0,1,1
GENE.2981,chr10,991147,993420,+,2274,0,0,0,0,6,0,0,0,6
GENE.2982,chr10;chr10,994322;994730,994536;996788,+;+,2274,358,358,358,358,358,357,357,357,358
GENE.2983,chr10,997475,1007461,-,9987,19352,19352,19354,19384,19419,19123,19088,19123,19418
GENE.2984,chr10,1014896,1016596,+,1701,9068,9068,9070,9082,9139,8998,9052,8998,9139
GENE.2985,chr10,1017201,1020515,-,3315,5734,5738,5772,5908,5868,5820,5468,5820,5866
GENE.2986,chr10,1021292,1021774,-,483,158,158,158,158,159,156,156,156,159
GENE.2987,chr10,1022505,1022897,+,393,0,0,0,0,0,0,0,0,0
GENE.2988,chr10;chr10,1023205;1023507,1023350;1024869,-;-,1509,1543,1543,1543,1551,1549,1542,1542,1542,1549
GENE.2989,chr10,1026120,1026914,+,795,2152,2152,2152,2272,2161,2124,2130,2124,2161
GENE.299,chr2;chr2;chr2;chr2,197219;197367;197740;197984,197281;197465;197841;198043,-;-;-;-,324,33,33,33,35,33,33,28,33,33
GENE.2990,chr10;chr10;chr10;chr10;chr10;chr10,1027128;1027340;1027487;1027683;1028160;1028741,1027175;1027384;1027591;1027895;1028423;1029367,-;-;-;-;-;-,1302,0,0,0,0,0,0,15,0,0
GENE.2991,chr10,1030044,1031534,+,1491,2274,2274,2274,2276,2278,2268,2269,2268,2278
GENE.2992,chr10,1034685,1039079,+,4395,5340,5459,5617,7840,6385,6287,5354,6287,6385
GENE.2993,chr10,1040289,1045004,-,4716,8808,8814,9068,10872,9794,9597,8759,9597,9794
GENE.2994,chr10;chr10;chr10;chr10;chr10;chr10;chr10,1045608;1045805;1046029;1048200;1049120;1049371;1049615,1045685;1045918;1048019;1048595;1049243;1049464;1049760,-;-;-;-;-;-;-,2943,2213,2213,2227,2293,2252,2228,2242,2228,2252
GENE.2995,chr10,1052844,1055333,+,2490,12506,12506,12506,12550,12525,12462,12477,12462,12525
GENE.2996,chr10,1055744,1057030,-,1287,0,0,0,0,0,0,0,0,0
GENE.2997,chr10,1057890,1060658,-,2769,3866,3866,3867,3892,3881,3845,3856,3845,3881
GENE.2998,chr10;chr10;chr10;chr10;chr10;chr10;chr10;chr10;chr10;chr10;chr10;chr10;chr10,1061399;1061727;1063645;1064316;1064537;1064708;1065052;1065367;1065529;1065883;1066226;1066380;1066704,1061496;1063463;1064200;1064434;1064590;1064924;1065264;1065428;1065714;1066101;1066299;1066539;1067085,-;-;-;-;-;-;-;-;-;-;-;-;-,4077,0,0,1,0,8,1,0,1,8
GENE.2999,chr10;chr10;chr10;chr10;chr10;chr10;chr10;chr10;chr10;chr10;chr10,1067652;1067864;1068666;1069091;1069340;1072623;1073670;1076337;1076704;1080080;1086382,1067737;1068381;1068925;1069239;1072451;1073540;1076174;1076552;1079526;1086185;1086992,-;-;-;-;-;-;-;-;-;-;-,17304,15113,15113,15114,15229,15177,14971,14905,14971,15177
GENE.3,chrM,72,125,+,54,0,0,0,0,0,0,0,0,0
GENE.30,chrM,5341,5378,-,38,0,0,0,0,0,0,0,0,0
GENE.300,chr2,198353,199570,-,1218,2066,2066,2066,2070,2088,2059,2063,2059,2088
GENE.3000,chr10,1088214,1088417,+,204,0,0,0,0,0,0,0,0,0
GENE.3001,chr10,1088931,1089494,+,564,114,114,114,114,114,114,114,114,114
GENE.3002,chr10;chr10;chr10,1089997;1090231;1090441,1090024;1090308;1090538,-;-;-,204,0,0,0,0,0,0,0,0,0
GENE.3003,chr10;chr10;chr10;chr10;chr10;chr10;chr10;chr10;chr10;chr10;chr10;chr10;chr10;chr10;chr10,1091436;1091649;1091841;1092057;1092311;1092450;1092794;1092959;1093122;1093556;1093803;1093988;1094146;1094416;1095037,1091471;1091687;1091948;1092128;1092349;1092701;1092859;1092997;1093451;1093700;1093897;1094053;1094241;1094787;1097277,-;-;-;-;-;-;-;-;-;-;-;-;-;-;-,3996,14124,14122,14124,14285,14181,13985,14034,13985,14181
GENE.3004,chr10;chr10;chr10,1098455;1098806;1099751,1098640;1099579;1099882,-;-;-,1092,1259,1259,1259,1289,1260,1256,1140,1256,1260
GENE.3005,chr10;chr10;chr10;chr10;chr10,1101818;1102268;1102497;1102856;1103013,1102011;1102370;1102577;1102916;1103158,+;+;+;+;+,585,0,0,0,0,0,0,0,0,0
GENE.3006,chr10,1103464,1105230,-,1767,4086,4086,4087,4104,4123,4040,4079,4040,4123
GENE.3007,chr10,1106086,1109451,+,3366,0,0,2,0,3,0,10,0,3
GENE.3008,chr10,1109794,1111605,-,1812,362,362,362,362,365,353,360,353,365
GENE.3009,chr10,1112423,1112635,-,213,0,0,0,0,0,0,0,0,0
GENE.301,chr2,200482,204048,-,3567,0,0,0,0,1,0,0,0,1
GENE.3010,chr10,1113495,1118573,-,5079,2486,2486,2548,2804,2685,2630,2473,2630,2685
GENE.3011,chr10;chr10,1122962;1123309,1123024;1124037,+;+,792,0,0,0,0,0,0,0,0,0
GENE.3012,chr10,1125283,1126167,+,885,28,28,28,28,28,28,28,28,28
GENE.3013,chr10,1126523,1131958,-,5436,38496,38496,38498,38600,38637,37694,36376,37694,38637
GENE.3014,chr10,1133838,1136156,-,2319,3240,3240,3240,3248,3250,3230,3227,3230,3250
GENE.3015,chr10,1138002,1139564,+,1563,0,0,0,0,2,0,0,0,2
GENE.3016,chr10;chr10;chr10,1140589;1141902;1142584,1141506;1142146;1142602,-;-;-,1182,0,0,0,0,1,0,0,0,1
GENE.3017,chr10;chr10,1145823;1146547,1146107;1146795,-;-,534,0,0,0,0,0,0,0,0,0
GENE.3018,chr10;chr10,1147866;1148168,1148038;1148213,+;+,219,0,0,0,0,1,0,0,0,1
GENE.3019,chr10;chr10;chr10;chr10;chr10;chr10;chr10;chr10;chr10,1148316;1148869;1149049;1149273;1149408;1149561;1149720;1149891;1150126,1148687;1148961;1149173;1149335;1149468;1149644;1149760;1150019;1150168,-;-;-;-;-;-;-;-;-,1011,0,0,0,0,4,0,0,0,4
GENE.302,chr2,205889,207403,-,1515,1402,1402,1402,1402,1408,1401,1401,1401,1408
GENE.3020,chr10;chr10;chr10;chr10;chr10,1150663;1150932;1151061;1151349;1151671,1150782;1150975;1151138;1151463;1151853,-;-;-;-;-,540,156,156,156,241,156,162,154,162,156
GENE.3021,chr10;chr10;chr10;chr10;chr10,1150663;1150932;1151061;1151349;1151667,1150782;1150975;1151138;1151459;1151853,-;-;-;-;-,540,156,156,156,241,156,162,154,162,156
GENE.3022,chr10,1153271,1154431,-,1161,0,0,0,0,0,0,0,0,0
GENE.3023,chr10;chr10;chr10;chr10;chr10;chr10;chr10;chr10;chr10;chr10;chr10,1156648;1156804;1156960;1157269;1157446;1157685;1157889;1158208;1158514;1158686;1158882,1156701;1156848;1157050;1157340;1157505;1157745;1157934;1158398;1158586;1158751;1158980,+;+;+;+;+;+;+;+;+;+;+,858,0,0,0,0,1,0,0,0,1
GENE.3024,chr10;chr10;chr10;chr10;chr10;chr10;chr10;chr10;chr10;chr10;chr10;chr10;chr10,1160031;1160240;1160636;1161027;1161375;1161551;1161765;1162116;1162465;1162648;1162802;1162973;1163279,1160074;1160444;1160867;1161238;1161438;1161666;1161988;1162333;1162525;1162713;1162857;1163113;1163421,+;+;+;+;+;+;+;+;+;+;+;+;+,1782,0,0,0,0,2,0,0,0,2
GENE.3025,chr10,1163786,1165615,+,1830,0,0,0,0,3,0,0,0,3
GENE.3026,chr10,1166046,1166870,-,825,2268,2268,2268,2270,2268,2266,2267,2266,2268
GENE.3027,chr10,1168010,1168957,-,948,118,118,118,118,118,117,115,117,118
GENE.3028,chr10,1169940,1171391,+,1452,318,318,320,332,351,327,634,327,351
GENE.3029,chr10;chr10;chr10,1172129;1174761;1174967,1174535;1174839;1174997,-;-;-,2517,2356,2356,2356,2363,2380,2345,2272,2343,2380
GENE.303,chr2,209583,210833,-,1251,2142,2142,2142,2152,2172,2135,2140,2135,2172
GENE.3030,chr10;chr10;chr10;chr10,1176461;1176716;1177046;1177683,1176536;1176901;1177132;1177849,-;-;-;-,516,0,0,0,0,0,0,0,0,0
GENE.3031,chr10,1181005,1182501,+,1497,2840,2840,2840,2842,2846,2836,2838,2836,2846
GENE.3032,chr10;chr10,1183487;1183747,1183591;1183995,-;-,354,4,4,4,4,4,4,4,4,4
GENE.3033,chr10;chr10,1184728;1185824,1185714;1185946,-;-,1110,608,608,608,610,611,606,608,606,611
GENE.3034,chr10;chr10;chr10;chr10;chr10;chr10;chr10;chr10,1187503;1187711;1188152;1188410;1188476;1188767;1188887;1189358,1187709;1188149;1188407;1188473;1188765;1188884;1189356;1189589,-;-;-;-;-;-;-;-,2076,526,526,526,534,533,499,492,499,533
GENE.3035,chr10;chr10;chr10;chr10,1190426;1194580;1194764;1194930,1194427;1194630;1194814;1195016,+;+;+;+,4191,25383,25391,25383,25451,25407,25363,25329,25363,25407
GENE.3036,chr10;chr10;chr10;chr10,1190426;1194580;1194770;1194930,1194427;1194630;1194814;1195016,+;+;+;+,4185,25383,25391,25383,25451,25407,25363,25329,25363,25407
GENE.3037,chr10,1195677,1197344,+,1668,0,0,0,0,3,0,268,0,3
GENE.3038,chr10,1197825,1200032,-,2208,0,0,0,0,6,0,0,0,6
GENE.3039,chr10,1200894,1202399,-,1506,0,0,0,0,1,0,0,0,1
GENE.304,chr2;chr2,211348;211681,211465;212627,+;+,1065,54,54,54,54,54,54,54,54,54
GENE.3040,chr10,1204346,1204762,-,417,0,0,0,0,0,0,0,0,0
GENE.3041,chr10,1206302,1207405,+,1104,0,0,0,0,3,0,0,0,3
GENE.3042,chr10;chr10;chr10,1208198;1210471;1210849,1210213;1210719;1210914,-;-;-,2331,0,0,0,0,4,0,0,0,4
GENE.3043,chr10,1211658,1212971,-,1314,766,766,766,768,767,764,765,764,767
GENE.3044,chr10,1217348,1222441,+,5094,50514,48417,52066,66322,57948,57084,50483,57084,57948
GENE.3045,chr10;chr10;chr10;chr10,1223375;1223527;1223720;1223937,1223390;1223581;1223819;1224167,+;+;+;+,402,0,0,0,0,1,0,0,0,1
GENE.3046,chr10;chr10;chr10;chr10,1224519;1226121;1226680;1226846,1225958;1226249;1226736;1229092,-;-;-;-,3873,0,0,0,0,11,0,0,0,11
GENE.3047,chr10,1230561,1231913,-,1353,3278,3278,3278,3278,3326,3269,3271,3269,3326
GENE.3048,chr10,1233667,1237002,-,3336,0,0,1,0,5,0,1,0,5
GENE.3049,chr10;chr10,1241767;1242857,1242482;1242977,-;-,837,0,0,0,0,0,0,0,0,0
GENE.305,chr2,212982,214508,-,1527,3632,2862,3632,3652,3685,3619,3515,3617,3685
GENE.3050,chr10,1244215,1245396,+,1182,0,0,0,0,0,0,0,0,0
GENE.3051,chr10,1245880,1247676,-,1797,1354,1354,1354,1356,1355,1348,1353,1348,1355
GENE.3052,chr10,1248533,1249306,+,774,326,326,326,326,331,326,326,326,331
GENE.3053,chr10,1250045,1250683,+,639,748,748,748,750,751,743,743,743,751
GENE.3054,chr10,1251151,1251807,-,657,0,0,0,0,0,0,0,0,0
GENE.3055,chr10,1253417,1254070,-,654,1540,1540,1540,1540,1540,1539,1539,1539,1540
GENE.3056,chr10;chr10,1254843;1255456,1255266;1255586,-;-,555,0,0,0,0,0,0,0,0,0
GENE.3057,chr10,1257384,1258478,+,1095,1570,1570,1570,1570,1572,1568,1569,1568,1572
GENE.3058,chr10,1260310,1263069,+,2760,30600,30610,30610,31904,30833,31755,30570,28445,30631
GENE.3059,chr10;chr10;chr10;chr10;chr10;chr10;chr10;chr10,1265079;1265300;1265429;1265714;1265911;1266066;1266275;1266539,1265141;1265347;1265569;1265793;1265974;1266161;1266352;1268785,+;+;+;+;+;+;+;+,2817,13341,13341,13342,13525,13351,13394,13289,13394,13351
GENE.306,chr2;chr2;chr2;chr2,214838;216175;216937;217132,216054;216786;217008;217348,-;-;-;-,2118,8580,8580,8582,8672,8594,8485,8227,8483,8594
GENE.3060,chr10;chr10;chr10;chr10;chr10;chr10;chr10;chr10,1265079;1265300;1265429;1265714;1265911;1266066;1266275;1266539,1265162;1265347;1265569;1265793;1265974;1266161;1266352;1268785,+;+;+;+;+;+;+;+,2838,13342,13342,13343,13526,13352,13395,13290,13395,13352
GENE.3061,chr10;chr10;chr10;chr10;chr10;chr10,1270528;1272270;1272662;1272896;1273416;1273845,1272116;1272558;1272733;1273225;1273589;1274144,+;+;+;+;+;+,2754,0,0,0,0,4,0,1,0,4
GENE.3062,chr10,1275863,1278577,+,2715,3104,3134,3229,4080,3653,3458,3118,3456,3627
GENE.3063,chr10;chr10;chr10;chr10,1281252;1281555;1281778;1281962,1281435;1281647;1281823;1281989,+;+;+;+,351,50,50,50,52,50,52,50,52,50
GENE.3064,chr10;chr10;chr10,1282405;1283421;1283931,1283285;1283690;1284057,-;-;-,1278,5045,5045,5045,5067,5048,5023,5026,5023,5048
GENE.3065,chr10;chr10;chr10;chr10;chr10,1284588;1285074;1286198;1286651;1287218,1284827;1286095;1286393;1286925;1287287,-;-;-;-;-,1803,3433,3433,3433,3469,3433,3417,3422,3417,3433
GENE.3066,chr10;chr10,1287715;1287944,1287823;1290045,-;-,2211,4910,4910,4910,4920,5032,4778,4906,4778,5032
GENE.3067,chr10,1293499,1297071,+,3573,112,112,115,112,127,112,294,112,127
GENE.3068,chr10;chr10;chr10;chr10;chr10,1298327;1298520;1298726;1298865;1299007,1298354;1298633;1298781;1298921;1299141,-;-;-;-;-,390,0,0,0,0,1,0,0,0,1
GENE.3069,chr10,1299794,1302409,+,2616,0,0,0,0,0,2,9,2,0
GENE.307,chr2;chr2;chr2;chr2,217882;218290;218533;218850,218097;218423;218715;218907,-;-;-;-,591,476,476,476,500,476,474,475,474,476
GENE.3070,chr10;chr10;chr10;chr10;chr10;chr10;chr10,1302594;1302808;1302964;1303183;1303431;1304304;1304710,1302660;1302877;1303051;1303224;1304180;1304500;1304881,-;-;-;-;-;-;-,1386,0,0,0,0,1,0,0,0,1
GENE.3071,chr10;chr10;chr10,1306241;1306820;1307175,1306446;1307047;1307532,-;-;-,792,30,30,30,32,30,30,30,30,30
GENE.3072,chr10,1308873,1309925,+,1053,540,540,540,548,542,540,540,540,542
GENE.3073,chr10,1310421,1312082,-,1662,28,28,29,42,32,32,28,32,32
GENE.3074,chr10;chr10;chr10;chr10,1313255;1314053;1314270;1314602,1313833;1314152;1314400;1314721,-;-;-;-,930,2943,2943,2944,2970,2943,2920,2925,2920,2943
GENE.3075,chr10,1315718,1320949,-,5232,23402,23402,23404,23566,23452,23292,22963,23274,23452
GENE.3076,chr10,1321694,1323379,+,1686,1600,1600,1601,1606,1605,1588,1541,1588,1605
GENE.3077,chr10,1324132,1328436,-,4305,2718,2718,2719,2726,2731,2697,2688,2697,2731
GENE.3078,chr10,1335222,1336289,+,1068,1140,1140,1140,1140,1141,1139,1139,1139,1141
GENE.3079,chr10;chr10;chr10,1338124;1338384;1338631,1338242;1338445;1338818,-;-;-,369,9,9,9,9,10,9,9,9,10
GENE.308,chr2;chr2;chr2;chr2;chr2;chr2,219690;221054;221260;221450;221760;222173,220936;221147;221355;221618;221920;222256,+;+;+;+;+;+,1851,355,355,355,359,355,355,356,355,355
GENE.3080,chr10,1339762,1340628,+,867,4386,4386,4386,4392,4388,4380,4381,4380,4388
GENE.3081,chr10,1341646,1343775,+,2130,4120,4121,4120,4132,4125,4114,4114,4114,4125
GENE.3082,chr10,1344150,1346897,-,2748,0,0,0,0,9,0,0,0,9
GENE.3083,chr10;chr10;chr10,1348433;1349326;1349625,1349138;1349430;1350280,+;+;+,1467,2054,2054,2054,2063,2061,2044,2047,2044,2061
GENE.3084,chr10;chr10;chr10;chr10;chr10;chr10;chr10;chr10,1351197;1351834;1351989;1352118;1352277;1352477;1352641;1352782,1351701;1351895;1352027;1352179;1352356;1352540;1352678;1353284,+;+;+;+;+;+;+;+,1353,1932,1932,1932,1968,1932,1956,1928,1956,1932
GENE.3085,chr10;chr10;chr10;chr10;chr10,1354454;1354819;1355049;1355335;1355522,1354602;1354947;1355216;1355414;1355571,-;-;-;-;-,576,115,115,115,115,123,115,115,115,123
GENE.3086,chr10,1359318,1361309,-,1992,1922,1922,1923,1922,1924,1918,1917,1918,1924
GENE.3087,chr10;chr10;chr10;chr10;chr10,1362149;1362350;1362536;1362660;1362877,1362248;1362414;1362571;1362688;1363069,-;-;-;-;-,423,429,429,429,462,429,445,429,445,429
GENE.3088,chr10,1363474,1364118,+,645,100,100,100,100,100,100,100,100,100
GENE.3089,chr10,1365099,1366691,+,1593,4134,4134,4134,4140,4144,4072,4222,4072,4144
GENE.309,chr2,223478,224851,+,1374,0,0,0,0,0,1,0,1,0
GENE.3090,chr10,1367294,1369189,-,1896,1958,1958,1958,1958,1970,1955,1955,1955,1970
GENE.3091,chr10;chr10;chr10;chr10;chr10;chr10;chr10;chr10,1370731;1370899;1374950;1375135;1375298;1375530;1375698;1376000,1370770;1374814;1375036;1375187;1375400;1375586;1375845;1376131,+;+;+;+;+;+;+;+,4536,23309,23311,23310,23467,23411,23040,23274,23038,23411
GENE.3092,chr10,1376827,1377759,-,933,2134,2134,2134,2146,2145,2133,2134,2133,2145
GENE.3093,chr10,1378759,1379295,+,537,0,0,0,0,5,0,0,0,5
GENE.3094,chr10;chr10;chr10;chr10;chr10;chr10;chr10;chr10;chr10;chr10;chr10;chr10,1380028;1380220;1380444;1380681;1380913;1381098;1381251;1381419;1381581;1381827;1382058;1382211,1380080;1380327;1380588;1380814;1381000;1381161;1381300;1381469;1381693;1381919;1382130;1382249,+;+;+;+;+;+;+;+;+;+;+;+,1011,0,0,0,0,1,0,0,0,1
GENE.3095,chr10,1383450,1386119,+,2670,3292,3292,3292,3300,3301,3286,3288,3286,3301
GENE.3096,chr10,1386649,1389630,-,2982,1404,1404,1404,1404,1429,1377,1400,1377,1429
GENE.3097,chr10,1391445,1393130,+,1686,342,342,342,342,344,340,341,340,344
GENE.3098,chr10,1394839,1396596,+,1758,9454,13634,24849,26346,4742,53851,9317,53851,4742
GENE.3099,chr10,1399195,1402896,+,3702,8436,8453,8578,10876,8867,9347,8412,7669,8861
GENE.31,chrM,5379,5446,-,68,0,0,0,0,0,0,0,0,0
GENE.310,chr2;chr2;chr2,225562;225984;226197,225814;226080;226245,-;-;-,399,46,46,46,51,46,47,40,47,46
GENE.3100,chr10,1404195,1405259,+,1065,970,970,970,972,970,968,1002,967,970
GENE.3101,chr10,1407276,1408391,+,1116,0,0,0,0,5,0,0,0,5
GENE.3102,chr10,1409281,1410555,+,1275,320,320,320,320,322,319,320,319,322
GENE.3103,chr10,1413200,1415293,+,2094,2112,2113,2112,2112,2116,2099,2106,2099,2116
GENE.3104,chr10,1420533,1422671,+,2139,918,1352,1775,1044,849,2833,915,2809,849
GENE.3105,chr10,1423983,1425683,+,1701,7786,8208,8672,11128,10358,9918,7317,8180,10056
GENE.3106,chr10,1427127,1428344,+,1218,1282,1282,1283,1282,1305,1276,1281,1276,1305
GENE.3107,chr10,1432498,1434786,+,2289,4072,4072,4072,4088,4082,4034,4061,4034,4082
GENE.3108,chr10,1436316,1439804,+,3489,5234,5546,7520,13962,5870,11282,5213,11121,5870
GENE.3109,chr10,1441901,1443568,+,1668,0,0,0,0,2,0,0,0,2
GENE.311,chr2,228025,229932,+,1908,0,0,0,0,4,0,0,0,4
GENE.3110,chr10;chr10;chr10,1444441;1444758;1445185,1444550;1444965;1445529,+;+;+,663,750,750,750,754,756,747,747,747,756
GENE.3111,chr10;chr10;chr10,1444441;1444758;1445189,1444550;1444969;1445529,+;+;+,663,750,750,750,754,756,747,747,747,756
GENE.3112,chr10;chr10;chr10;chr10;chr10;chr10;chr10;chr10,1445916;1446139;1446306;1446545;1446724;1446923;1447165;1447448,1445945;1446206;1446427;1446642;1446810;1446987;1447279;1447495,-;-;-;-;-;-;-;-,633,1699,1698,1698,1742,1704,1734,1697,1734,1704
GENE.3113,chr10;chr10;chr10;chr10;chr10;chr10;chr10;chr10;chr10,1448692;1448906;1449089;1449300;1449549;1450652;1450992;1451183;1451484,1448742;1449009;1449146;1449386;1450488;1450836;1451076;1451282;1451646,-;-;-;-;-;-;-;-;-,1773,323,323,323,323,324,322,322,322,324
GENE.3114,chr10;chr10;chr10,1452599;1452806;1453166,1452612;1452996;1458006,-;-;-,5046,28165,28165,28165,28221,28206,28065,27714,28065,28206
GENE.3115,chr10;chr10;chr10;chr10,1462351;1462633;1462864;1463116,1462446;1462731;1462909;1469555,+;+;+;+,6681,22178,22178,22183,22206,22393,21900,22137,21900,22393
GENE.3116,chr10,1469990,1472227,-,2238,4814,4814,4814,4822,4819,4800,4810,4800,4819
GENE.3117,chr10;chr10;chr10;chr10;chr10;chr10;chr10;chr10;chr10;chr10;chr10;chr10,1473514;1473846;1474059;1474248;1474553;1474786;1474984;1475157;1475383;1475732;1476166;1476605,1473749;1473960;1474160;1474456;1474686;1474892;1475049;1475262;1475598;1476033;1476443;1476860,+;+;+;+;+;+;+;+;+;+;+;+,2127,5162,5163,5162,5214,5166,5146,5153,5146,5166
GENE.3118,chr10,1477940,1478845,-,906,1486,1486,1486,1494,1512,1470,1484,1470,1512
GENE.3119,chr10,1481763,1485353,-,3591,0,0,0,0,2,0,0,0,2
GENE.312,chr2;chr2;chr2;chr2;chr2,231141;231384;231618;232099;232421,231234;231484;231702;232327;232529,+;+;+;+;+,618,817,817,817,847,817,829,818,829,817
GENE.3120,chr10,1487959,1490088,+,2130,0,0,0,0,2,0,0,0,2
GENE.3121,chr10;chr10;chr10,1491414;1491734;1492631,1491556;1492503;1494378,+;+;+,2661,0,0,0,0,2,0,20,0,2
GENE.3122,chr10;chr10;chr10,1495973;1496241;1496565,1496075;1496361;1496658,+;+;+,318,5,5,5,6,5,5,5,5,5
GENE.3123,chr10;chr10;chr10;chr10;chr10;chr10;chr10;chr10;chr10;chr10;chr10;chr10;chr10;chr10;chr10;chr10;chr10,1497096;1497335;1497516;1497700;1498004;1498416;1498711;1498882;1499168;1499430;1499700;1499886;1500040;1500757;1501172;1501389;1501791,1497194;1497370;1497608;1497791;1498305;1498549;1498794;1498955;1499314;1499597;1499760;1499954;1500558;1501041;1501267;1501599;1502155,-;-;-;-;-;-;-;-;-;-;-;-;-;-;-;-;-,2835,0,0,0,0,0,0,0,0,0
GENE.3124,chr10;chr10;chr10;chr10,1502955;1503406;1503704;1504173,1503122;1503516;1503823;1504322,-;-;-;-,549,0,0,0,0,0,0,0,0,0
GENE.3125,chr10;chr10;chr10;chr10,1505835;1506289;1506550;1506779,1505871;1506428;1506614;1506896,+;+;+;+,360,20,20,20,24,25,20,20,20,25
GENE.3126,chr10;chr10;chr10;chr10,1505835;1506289;1506547;1506779,1505871;1506428;1506614;1506896,+;+;+;+,363,20,20,20,24,25,20,20,20,25
GENE.3127,chr10,1507582,1510524,-,2943,6790,6790,6790,6798,6798,6752,6695,6752,6798
GENE.3128,chr10;chr10,1511342;1511723,1511405;1511835,+;+,177,3,3,3,4,3,3,3,3,3
GENE.3129,chr10;chr10;chr10;chr10;chr10;chr10;chr10;chr10;chr10,1512190;1512473;1512713;1512974;1513208;1513482;1513931;1514159;1514375,1512280;1512585;1512829;1513093;1513312;1513814;1514029;1514239;1514416,-;-;-;-;-;-;-;-;-,1101,2476,2476,2476,2540,2483,2472,2471,2472,2483
GENE.313,chr2;chr2;chr2;chr2;chr2;chr2,231141;231384;231618;231859;232099;232421,231234;231484;231702;231909;232327;232529,+;+;+;+;+;+,669,820,820,820,850,820,832,821,832,820
GENE.3130,chr10;chr10,1519021;1519347,1519233;1547825,+;+,28692,0,0,0,0,20,0,0,0,16
GENE.3131,chr10;chr10,1548455;1549522,1549369;1549731,-;-,1125,0,0,0,0,2,0,0,0,2
GENE.3132,chr10;chr10,1551497;1552969,1552849;1553172,-;-,1557,1982,1982,1982,1988,1992,1961,1961,1961,1992
GENE.3133,chr10;chr10,1554529;1555493,1555401;1555702,-;-,1083,4084,4084,4084,4108,4084,4079,4079,4079,4084
GENE.3134,chr10;chr10,1557816;1558159,1558013;1560696,+;+,2736,0,0,0,0,2,0,3,0,2
GENE.3135,chr10,1562809,1563888,+,1080,0,0,0,0,1,0,0,0,1
GENE.3136,chr10;chr10;chr10,1568709;1569060;1571735,1568909;1571519;1571815,+;+;+,2742,11333,11333,11333,11367,11352,11318,11322,11318,11352
GENE.3137,chr10;chr10,1574060;1574437,1574248;1575948,+;+,1701,0,4128,4126,6754,4179,4121,74,4121,4179
GENE.3138,chr10;chr10,1576441;1576887,1576788;1576991,-;-,453,62,434,436,440,436,435,10,435,436
GENE.3139,chr10,1581698,1582711,-,1014,0,0,0,0,0,0,0,0,0
GENE.314,chr2;chr2;chr2,232729;233011;233339,232781;233182;233476,-;-;-,363,29,29,29,30,29,29,29,29,29
GENE.3140,chr10,1587152,1588498,-,1347,574,884,1045,1432,962,1058,332,1058,962
GENE.3141,chr10,1590146,1590973,+,828,0,3030,2526,3554,2980,2131,24,2131,2980
GENE.3142,chr10;chr10,1591578;1592299,1592204;1592367,-;-,696,142,178,178,272,182,178,112,178,182
GENE.3143,chr10;chr10,1594503;1595209,1595126;1595277,-;-,693,0,2884,2820,3062,2896,2794,4,2794,2896
GENE.3144,chr10;chr10,1596487;1596748,1596555;1597605,+;+,927,290,3569,3559,5114,3642,3524,120,3524,3642
GENE.3145,chr10;chr10,1599900;1600070,1599971;1601077,+;+,1080,0,0,0,6,2,3,0,3,2
GENE.3146,chr10;chr10,1602935;1603129,1603003;1603989,+;+,930,0,0,0,0,1,0,0,0,1
GENE.3147,chr10;chr10,1605930;1606105,1605998;1606953,+;+,918,0,0,0,0,0,0,0,0,0
GENE.3148,chr10;chr10,1609063;1609355,1609131;1610422,+;+,1137,752,760,758,762,771,732,747,732,771
GENE.3149,chr10;chr10,1612530;1612758,1612598;1613735,+;+,1047,0,0,0,12,1,1,2,1,0
GENE.315,chr2;chr2;chr2;chr2,235237;235535;238482;238737,235257;238219;238596;238816,+;+;+;+,2901,21838,21838,21838,21912,21869,21746,21767,21746,21869
GENE.3150,chr10;chr10,1615804;1616072,1615857;1617070,+;+,1053,780,806,796,813,806,804,751,804,806
GENE.3151,chr10;chr10,1619086;1619333,1619154;1620244,+;+,981,1980,1981,1981,1982,2112,2099,1979,2096,2110
GENE.3152,chr10;chr10,1622368;1622620,1622421;1623684,+;+,1119,0,0,0,0,2,0,0,0,2
GENE.3153,chr10;chr10,1625772;1625991,1625825;1626824,+;+,888,0,28,336,30,374,466,4,168,374
GENE.3154,chr10;chr10,1628914;1629157,1628982;1630023,+;+,936,5517,5519,5462,5527,5979,5762,5468,5277,5973
GENE.3155,chr10;chr10,1632398;1632607,1632451;1633665,+;+,1113,0,0,0,0,1,0,0,0,0
GENE.3156,chr10;chr10,1635596;1635829,1635649;1636779,+;+,1005,0,0,0,0,2,3,0,1,0
GENE.3157,chr10;chr10,1639171;1639457,1639224;1640518,+;+,1116,0,5,2,5,2,3,0,3,2
GENE.3158,chr10;chr10,1642401;1644600,1643636;1649948,-;-,6585,404,408,412,468,410,411,418,411,410
GENE.3159,chr11;chr11,24160;30363,29472;31598,+;+,6549,0,6,1,36,7,5,4,5,7
GENE.316,chr2,239246,243796,-,4551,0,1,4,0,7,0,0,0,7
GENE.3160,chr11;chr11,32666;34671,33934;42386,-;-,8985,0,2,0,2,6,2,2,2,6
GENE.3161,chr11;chr11,45056;45265,45109;46233,+;+,1023,0,26,26,28,28,29,7,29,28
GENE.3162,chr11;chr11,48112;48390,48165;49307,+;+,972,180,180,180,184,182,177,173,177,182
GENE.3163,chr11;chr11,51623;52683,52537;52751,-;-,984,0,172,174,256,179,174,0,174,179
GENE.3164,chr11;chr11,54423;55252,55148;55371,-;-,846,0,0,1,0,0,0,0,0,0
GENE.3165,chr11;chr11,56792;57046,56860;57840,+;+,864,3154,3154,3154,3156,3154,3151,3150,3151,3154
GENE.3166,chr11;chr11,59550;59702,59618;60328,+;+,696,0,14,12,62,16,13,5,13,16
GENE.3167,chr11;chr11,60928;61395,61392;61769,-;-,840,2952,3048,3047,3086,3078,3143,2762,3143,3062
GENE.3168,chr11,64441,64842,+,402,422,680,1059,870,888,1026,127,1026,888
GENE.3169,chr11;chr11,66686;67912,67681;67965,-;-,1050,4150,4159,4155,4156,4155,4154,4137,4154,4155
GENE.317,chr2;chr2;chr2;chr2,245358;246057;246251;246491,245734;246135;246335;246699,+;+;+;+,750,0,0,1,0,0,0,0,0,0
GENE.3170,chr11;chr11,70081;71221,71082;71289,-;-,1071,461,647,627,660,651,647,297,647,651
GENE.3171,chr11;chr11,73244;74374,74167;74442,-;-,993,266,266,267,266,266,265,272,265,266
GENE.3172,chr11;chr11,76820;77929,77830;78000,-;-,1083,1376,2404,2410,2436,2312,2368,10,2368,2312
GENE.3173,chr11;chr11,80306;81356,81163;81424,-;-,927,1468,3383,3387,4514,3465,3163,60,3163,3465
GENE.3174,chr11;chr11,82633;82792,82701;83415,+;+,693,0,2784,2742,3162,2817,2679,28,2679,2817
GENE.3175,chr11;chr11,85629;85792,85697;86418,+;+,696,204,318,318,486,325,330,100,330,325
GENE.3176,chr11,87041,87889,-,849,3574,7702,7647,9664,7734,7821,62,7821,7702
GENE.3177,chr11,90446,90874,+,429,190,346,489,434,460,573,0,544,460
GENE.3178,chr11,96964,99609,+,2646,0,0,0,0,0,0,0,0,0
GENE.3179,chr11;chr11,104300;104505,104404;104852,+;+,453,376,436,438,444,438,435,39,435,438
GENE.318,chr2,249030,250727,+,1698,510,510,511,510,513,509,519,509,513
GENE.3180,chr11;chr11,105357;107047,106868;107235,-;-,1701,7924,7868,7908,7934,7920,7869,3938,7869,7920
GENE.3181,chr11;chr11,110027;111349,111193;111429,-;-,1248,0,0,0,0,0,0,0,0,0
GENE.3182,chr11,114591,116573,-,1983,0,0,1,0,3,0,0,0,3
GENE.3183,chr11;chr11,119412;121345,121124;121506,-;-,1875,10166,10166,10166,10170,10168,10114,10120,10114,10168
GENE.3184,chr11;chr11,123818;124533,124429;124736,-;-,816,384,384,384,386,384,378,383,378,384
GENE.3185,chr11,128789,129064,+,276,0,0,0,0,0,0,0,0,0
GENE.3186,chr11,131703,131987,-,285,0,0,0,0,1,0,0,0,1
GENE.3187,chr11;chr11,136661;136944,136809;137442,+;+,648,0,0,0,0,0,0,0,0,0
GENE.3188,chr11;chr11,138646;138948,138834;139034,+;+,276,0,0,0,0,0,0,0,0,0
GENE.3189,chr11;chr11,140048;140602,140204;140801,-;-,357,11,11,11,12,11,10,10,10,11
GENE.319,chr2;chr2;chr2;chr2;chr2,252394;252757;253401;253989;254818,252507;253306;253484;254815;262443,+;+;+;+;+,9201,0,0,0,0,2,0,0,0,2
GENE.3190,chr11,143353,143425,+,73,0,0,0,0,1,0,0,0,1
GENE.3191,chr11,144841,144939,-,99,0,0,0,0,0,0,0,0,0
GENE.3192,chr11,146427,150815,+,4389,15002,15000,15500,19378,17721,17366,15038,17366,17721
GENE.3193,chr11;chr11;chr11;chr11;chr11;chr11;chr11;chr11;chr11;chr11;chr11;chr11;chr11,151196;151932;152160;152375;152533;152643;152824;152986;153200;153418;153746;153895;154020,151738;152035;152189;152402;152543;152688;152854;153088;153285;153633;153770;153923;154519,-;-;-;-;-;-;-;-;-;-;-;-;-,1752,7311,7311,7311,7508,7390,7105,7294,7105,7390
GENE.3194,chr11,156614,158113,+,1500,2720,2720,2720,2724,2734,2702,2715,2702,2734
GENE.3195,chr11,160115,160852,+,738,0,0,0,0,0,0,0,0,0
GENE.3196,chr11,163985,174100,+,10116,0,0,0,0,3,0,190,0,3
GENE.3197,chr11,175248,175433,+,186,0,0,0,0,0,0,0,0,0
GENE.3198,chr11;chr11;chr11,175608;175800;176080,175660;175919;177778,-;-;-,1872,0,0,0,0,1,0,0,0,1
GENE.3199,chr11;chr11;chr11;chr11,179461;180351;180810;180997,180231;180450;180850;181128,-;-;-;-,1044,298,297,298,307,302,285,290,285,302
GENE.32,chrM,5447,5507,-,61,0,0,0,0,0,0,0,0,0
GENE.320,chr2,263037,267347,-,4311,0,0,0,0,3,0,0,0,3
GENE.3200,chr11;chr11;chr11;chr11;chr11,182383;182588;182840;183178;183429,182424;182707;183079;183261;187223,-;-;-;-;-,4281,4552,4552,4552,4578,4556,4558,4539,4558,4556
GENE.3201,chr11;chr11,190800;194261,194127;194358,-;-,3426,0,0,1,0,0,0,0,0,0
GENE.3202,chr11;chr11,196767;198070,197755;198355,+;+,1275,4566,4565,4566,4593,4588,4383,4558,4383,4588
GENE.3203,chr11,199103,201037,-,1935,4906,4906,4906,4910,4916,4897,4899,4897,4916
GENE.3204,chr11,202330,204261,+,1932,0,0,2,0,0,0,18,0,0
GENE.3205,chr11;chr11;chr11;chr11;chr11;chr11,204593;204733;204853;205101;205279;205684,204640;204782;204956;205164;205462;205794,-;-;-;-;-;-,561,297,297,298,307,297,296,296,296,297
GENE.3206,chr11;chr11;chr11;chr11;chr11;chr11,204593;204733;204853;205101;205279;205684,204640;204782;204950;205164;205462;205794,-;-;-;-;-;-,555,297,297,298,307,297,296,296,296,297
GENE.3207,chr11;chr11;chr11;chr11;chr11;chr11;chr11;chr11;chr11,207440;207978;208433;208661;208863;209057;209261;209446;209659,207851;208310;208546;208730;208925;209133;209320;209496;209732,+;+;+;+;+;+;+;+;+,1254,0,0,0,0,2,0,0,0,2
GENE.3208,chr11,214825,219687,+,4863,3280,3281,3301,3460,3383,3326,3688,3326,3383
GENE.3209,chr11,221818,222129,-,312,0,0,0,0,0,0,0,0,0
GENE.321,chr2;chr2,270078;270421,270199;270619,-;-,321,2,2,2,2,2,2,1,2,2
GENE.3210,chr11,226065,226418,+,354,0,0,0,0,0,0,0,0,0
GENE.3211,chr11;chr11;chr11;chr11;chr11;chr11;chr11;chr11;chr11;chr11;chr11;chr11,228159;228291;228475;228651;228856;229156;229324;229564;229769;229930;230118;230634,228194;228352;228551;228768;228937;229202;229373;229622;229849;229994;230451;231014,-;-;-;-;-;-;-;-;-;-;-;-,1392,3079,3079,3079,3164,3115,3080,3038,3080,3115
GENE.3212,chr11;chr11,231847;232125,231925;234238,-;-,2193,0,0,0,0,6,0,67,0,6
GENE.3213,chr11;chr11,235597;237095,236379;237097,-;-,786,1375,1375,1375,1380,1377,1373,1372,1373,1377
GENE.3214,chr11;chr11;chr11,239687;240111;240465,240008;240155;240613,+;+;+,516,388,388,397,418,388,393,388,393,388
GENE.3215,chr11,241184,243517,-,2334,8706,8706,8706,8716,8714,8659,8698,8659,8714
GENE.3216,chr11,247451,248971,+,1521,1614,1614,1614,1620,1614,1605,1609,1605,1614
GENE.3217,chr11;chr11;chr11;chr11;chr11;chr11;chr11;chr11;chr11,250918;251119;251400;251656;251897;252097;252381;252622;252830,250948;251264;251509;251771;251939;252248;252481;252680;252872,+;+;+;+;+;+;+;+;+,801,850,850,850,876,850,860,848,860,850
GENE.3218,chr11,254523,254921,+,399,0,0,0,0,1,0,0,0,1
GENE.3219,chr11,255714,257141,-,1428,3702,3702,3702,3704,3706,3694,3696,3694,3706
GENE.322,chr2,271594,273009,+,1416,0,0,0,0,0,0,0,0,0
GENE.3220,chr11;chr11;chr11;chr11,258779;258963;259378;259703,258869;259258;259521;259981,+;+;+;+,810,2094,2094,2094,2122,2107,2087,2088,2087,2107
GENE.3221,chr11;chr11;chr11,260867;263045;263271,262779;263116;263331,+;+;+,2046,28221,28221,28221,28307,28499,25755,28157,25755,28497
GENE.3222,chr11;chr11;chr11;chr11;chr11;chr11;chr11,263604;263778;263989;264187;264389;264626;265914,263634;263885;264060;264266;264464;265803;266570,-;-;-;-;-;-;-,2202,6723,6723,6723,6800,6755,6702,6708,6702,6755
GENE.3223,chr11,267547,267897,+,351,0,0,0,0,1,0,0,0,1
GENE.3224,chr11;chr11;chr11,268244;268462;273546,268348;273415;274552,-;-;-,6066,0,0,1,0,13,0,0,0,12
GENE.3225,chr11,275726,279667,+,3942,7626,7626,7627,7640,7662,7591,7619,7591,7662
GENE.3226,chr11,279920,282994,-,3075,0,0,0,0,1,0,0,0,1
GENE.3227,chr11;chr11;chr11;chr11;chr11;chr11;chr11;chr11,283869;287798;288003;288434;288636;288802;289004;289174,287683;287837;288332;288505;288683;288861;289093;289224,+;+;+;+;+;+;+;+,4506,8528,8354,8529,8579,8564,8471,8490,8471,8564
GENE.3228,chr11;chr11,289667;290089,289975;290286,+;+,507,0,0,0,0,0,0,0,0,0
GENE.3229,chr11;chr11;chr11;chr11,291680;291843;292049;292381,291685;291884;292259;292502,+;+;+;+,381,12,12,12,13,12,12,12,12,12
GENE.323,chr2,273689,274507,-,819,50,50,50,50,52,50,50,50,52
GENE.3230,chr11;chr11;chr11;chr11;chr11;chr11;chr11;chr11;chr11;chr11;chr11,294151;294687;295014;295290;295480;295772;296144;296319;296489;296707;296932,294565;294931;295199;295380;295677;296017;296221;296387;296566;296819;296979,+;+;+;+;+;+;+;+;+;+;+,1767,0,0,0,0,0,0,0,0,0
GENE.3231,chr11;chr11;chr11;chr11;chr11;chr11;chr11;chr11,297823;298093;298534;298711;298874;299100;299276;299450,297909;298426;298632;298766;299014;299162;299352;300734,+;+;+;+;+;+;+;+,2142,138,138,138,144,138,138,138,138,138
GENE.3232,chr11,301283,311287,-,10005,0,0,5,0,6,0,23,0,5
GENE.3233,chr11,317819,318871,-,1053,0,0,0,0,0,0,0,0,0
GENE.3234,chr11;chr11;chr11;chr11;chr11,320128;320337;320513;320747;321036,320157;320391;320620;320851;321205,-;-;-;-;-,468,614,614,614,629,615,614,608,614,615
GENE.3235,chr11,321886,325323,-,3438,0,0,2,0,2,0,1,0,2
GENE.3236,chr11,326881,328812,+,1932,3282,3282,3282,3282,3319,3251,3276,3251,3319
GENE.3237,chr11;chr11,329867;332578,332329;335601,-;-,5487,5296,5297,5297,5314,5318,5271,5228,5271,5318
GENE.3238,chr11,343913,349351,-,5439,0,0,0,0,2,0,5,0,2
GENE.3239,chr11,352556,354262,+,1707,0,0,0,0,1,0,23,0,1
GENE.324,chr2;chr2,275540;275981,275844;276494,-;-,819,1002,1002,1002,1052,1011,986,998,986,1011
GENE.3240,chr11;chr11;chr11,356083;360183;360333,360059;360210;360434,+;+;+,4107,0,0,0,0,1,0,2,0,1
GENE.3241,chr11,361408,361902,+,495,0,0,0,0,0,0,0,0,0
GENE.3242,chr11;chr11,362421;362681,362537;362887,+;+,324,0,0,0,0,0,0,0,0,0
GENE.3243,chr11,365093,366100,+,1008,1516,1516,1516,1518,1517,1515,1515,1515,1517
GENE.3244,chr11;chr11;chr11,367316;367603;367963,367357;367683;368823,+;+;+,984,0,0,0,0,1,0,0,0,1
GENE.3245,chr11,369675,370706,-,1032,0,0,0,0,0,0,0,0,0
GENE.3246,chr11,373238,374860,-,1623,0,0,0,0,1,1,0,1,1
GENE.3247,chr11;chr11,377740;378122,377932;378396,+;+,468,1520,1520,1520,1542,1520,1516,1517,1516,1520
GENE.3248,chr11,379247,380638,+,1392,984,984,984,986,984,981,1098,981,984
GENE.3249,chr11,381154,381259,-,106,0,0,0,0,0,0,0,0,0
GENE.325,chr2;chr2;chr2,275540;275981;276558,275844;276441;276577,-;-;-,786,1002,1002,1002,1052,1011,986,998,986,1011
GENE.3250,chr11;chr11,382569;385911,385732;387150,-;-,4404,0,0,1,0,5,0,91,0,5
GENE.3251,chr11;chr11;chr11;chr11,387748;388232;388877;389531,388013;388679;389230;389620,-;-;-;-,1158,0,0,0,0,2,0,0,0,2
GENE.3252,chr11,390441,390508,-,68,0,0,0,0,0,0,0,0,0
GENE.3253,chr11;chr11;chr11;chr11;chr11;chr11,390644;390809;391302;391501;391965;392828,390687;390925;391407;391671;392333;393331,-;-;-;-;-;-,1311,7520,7520,7520,7652,7624,7476,7499,7476,7624
GENE.3254,chr11,391061,391145,-,85,9,7,9,9,9,8,9,8,9
GENE.3255,chr11,391758,391840,-,83,10,10,10,10,10,10,10,10,10
GENE.3256,chr11,392510,392712,-,203,21,21,21,28,21,21,19,21,21
GENE.3257,chr11,395252,395336,-,85,0,0,0,0,0,0,0,0,0
GENE.3258,chr11;chr11,397124;397480,397166;397775,+;+,339,2,2,2,2,2,2,2,2,2
GENE.3259,chr11;chr11,398659;399008,398688;399226,+;+,249,57,56,57,67,57,56,56,56,57
GENE.326,chr2;chr2,277494;277973,277828;278456,-;-,819,1002,1002,1002,1016,1032,994,999,994,1032
GENE.3260,chr11,400686,403238,+,2553,9200,9200,9200,9216,9228,9089,9329,9089,9228
GENE.3261,chr11;chr11,405495;409308,409074;409717,+;+,3990,5392,5392,5393,5474,5439,5227,5405,5227,5439
GENE.3262,chr11;chr11;chr11;chr11,410202;410827;411060;411316,410687;410899;411126;411355,-;-;-;-,666,936,936,936,946,936,934,934,934,936
GENE.3263,chr11;chr11;chr11,414797;415281;415529,415106;415394;419556,+;+;+,4452,0,0,1,0,2,0,1051,0,2
GENE.3264,chr11;chr11,422057;422398,422188;425418,+;+,3153,72,72,72,72,72,72,446,72,72
GENE.3265,chr11;chr11;chr11;chr11;chr11,425904;426151;426306;426564;426777,426049;426232;426426;426663;426864,-;-;-;-;-,537,543,543,543,577,543,544,539,544,543
GENE.3266,chr11;chr11;chr11;chr11,428362;428581;429696;430027,428398;429515;429839;430047,+;+;+;+,1137,5692,5692,5692,5754,5698,5685,5688,5685,5698
GENE.3267,chr11;chr11;chr11;chr11;chr11;chr11;chr11,430157;430324;430571;430723;430897;431185;431415,430201;430449;430630;430801;431031;431283;431476,-;-;-;-;-;-;-,606,72,72,72,76,72,71,71,71,72
GENE.3268,chr11,431906,433645,-,1740,0,0,0,0,5,0,0,0,5
GENE.3269,chr11,434802,436541,+,1740,1278,1278,1278,1280,1283,1271,1285,1271,1283
GENE.327,chr2;chr2;chr2,281907;287127;287281,287016;287189;287345,+;+;+,5238,42278,42278,42279,42360,42484,42110,42168,42110,42484
GENE.3270,chr11,437171,438220,-,1050,0,0,0,0,0,0,0,0,0
GENE.3271,chr11;chr11,439698;440014,439815;441680,-;-,1785,7346,7346,7346,7354,7353,7329,7333,7329,7353
GENE.3272,chr11,442959,443828,-,870,4396,4396,4396,4406,4399,4388,4390,4388,4399
GENE.3273,chr11,445233,445799,-,567,142,142,142,142,142,140,140,140,142
GENE.3274,chr11;chr11,446020;446415,446264;446559,-;-,390,10,10,10,10,10,10,10,10,10
GENE.3275,chr11;chr11;chr11;chr11,448912;451225;451422;451681,450942;451321;451510;451698,+;+;+;+,2235,60,60,61,60,60,60,60,60,60
GENE.3276,chr11,452459,454861,-,2403,0,0,0,0,1,0,5,0,1
GENE.3277,chr11;chr11,455669;456467,456208;456994,+;+,1068,552,552,552,552,556,551,551,551,556
GENE.3278,chr11;chr11;chr11,457936;458717;459102,458488;458778;459197,+;+;+,711,617,617,617,623,619,620,616,620,619
GENE.3279,chr11;chr11;chr11;chr11,459776;459971;460236;460587,459797;460043;460325;460620,+;+;+;+,219,25,25,25,28,25,25,25,25,25
GENE.328,chr2,288183,288665,-,483,652,652,652,654,653,652,652,652,653
GENE.3280,chr11,462290,469672,+,7383,0,0,0,0,3,0,9,0,3
GENE.3281,chr11,470541,471608,+,1068,360,360,360,360,360,357,360,357,360
GENE.3282,chr11;chr11,471946;472279,472087;474674,-;-,2538,0,0,0,0,3,0,0,0,3
GENE.3283,chr11,475880,476455,+,576,0,0,0,0,0,0,0,0,0
GENE.3284,chr11,477484,478320,+,837,340,340,340,340,348,336,337,336,348
GENE.3285,chr11,478823,480946,-,2124,0,0,2,0,2,0,2,0,2
GENE.3286,chr11;chr11;chr11;chr11,481851;482580;482812;485760,482477;482645;485526;485831,+;+;+;+,3480,1153,1154,1154,1155,1156,1142,1148,1142,1156
GENE.3287,chr11,486329,487666,+,1338,5506,5506,5506,5524,5506,5491,5492,5491,5506
GENE.3288,chr11;chr11;chr11;chr11;chr11;chr11;chr11;chr11;chr11,487822;487970;488237;488484;488794;489087;489328;489847;490050,487874;488096;488321;488704;488993;489237;489394;489929;490154,-;-;-;-;-;-;-;-;-,1092,8108,8107,8108,8196,8115,8141,8091,8141,8115
GENE.3289,chr11;chr11;chr11;chr11;chr11;chr11;chr11,492091;493471;495738;496287;496774;497746;498629,493315;495633;496163;496535;497598;498516;510738,+;+;+;+;+;+;+,17769,86575,86576,86575,86711,86775,85725,86492,85725,86775
GENE.329,chr2;chr2;chr2;chr2;chr2,290168;290445;291685;292345;292526,290349;291541;292208;292403;292703,-;-;-;-;-,2040,16482,16482,16482,16566,16486,16477,16444,16477,16486
GENE.3290,chr11,511105,511761,-,657,0,0,1,0,0,0,0,0,0
GENE.3291,chr11;chr11,517311;517896,517610;517985,+;+,390,0,0,0,0,2,0,0,0,2
GENE.3292,chr11,519189,520220,+,1032,6340,6340,6340,6356,6342,6319,6323,6319,6342
GENE.3293,chr11;chr11;chr11;chr11,521122;522169;522446;522680,521912;522303;522541;522824,-;-;-;-,1167,3376,3376,3377,3410,3378,3375,3396,3375,3378
GENE.3294,chr11,524492,526588,+,2097,0,0,0,0,3,1,0,1,3
GENE.3295,chr11,527572,528702,+,1131,928,928,928,928,931,916,928,916,931
GENE.3296,chr11,529493,530563,+,1071,980,980,980,980,980,978,978,978,980
GENE.3297,chr11,531177,533285,-,2109,2932,2932,2932,2934,2938,2922,2922,2922,2938
GENE.3298,chr11,534973,536499,-,1527,2708,2708,2708,2710,2708,2699,2702,2699,2708
GENE.3299,chr11;chr11,537647;538181,538057;538297,+;+,528,248,248,248,250,262,247,248,247,262
GENE.33,chrM,5508,5548,-,41,0,0,0,0,0,0,0,0,0
GENE.330,chr2;chr2;chr2;chr2,294273;296452;296725;297583,296317;296586;297351;297616,-;-;-;-,2841,2755,2755,2754,2763,2777,2735,2749,2733,2777
GENE.3300,chr11;chr11;chr11;chr11,539903;540161;540625;541242,539969;540340;541068;541387,+;+;+;+,837,594,594,594,600,606,588,590,588,606
GENE.3301,chr11;chr11;chr11;chr11,539903;540167;540625;541242,539969;540340;541068;541387,+;+;+;+,831,594,594,594,600,606,588,590,588,606
GENE.3302,chr11;chr11;chr11;chr11;chr11;chr11;chr11;chr11;chr11;chr11;chr11,542330;542599;542873;543077;543298;543513;543728;543947;544141;544409;544642,542446;542760;542942;543173;543412;543599;543809;544015;544230;544517;544765,-;-;-;-;-;-;-;-;-;-;-,1122,1502,1502,1502,1526,1509,1500,1499,1500,1509
GENE.3303,chr11,546632,546979,+,348,0,0,0,0,0,0,0,0,0
GENE.3304,chr11,547383,549296,-,1914,3102,3102,3102,3102,3106,3094,3100,3094,3106
GENE.3305,chr11,549866,551152,+,1287,1286,1286,1286,1288,1297,1278,1283,1278,1297
GENE.3306,chr11,552259,553266,+,1008,0,0,0,0,1,0,1,0,1
GENE.3307,chr11;chr11;chr11;chr11;chr11;chr11;chr11;chr11;chr11,555514;555929;556328;556648;557062;557487;557700;558077;558502,555802;556202;556556;556914;557372;557593;557923;558308;558668,+;+;+;+;+;+;+;+;+,2100,12541,12541,12541,12719,12557,12208,12392,12208,12557
GENE.3308,chr11;chr11;chr11;chr11;chr11;chr11;chr11;chr11,558924;559193;559545;559787;560092;560352;560697;560904,559091;559345;559694;559918;560262;560543;560786;561032,-;-;-;-;-;-;-;-,1185,795,795,795,811,804,802,792,802,804
GENE.3309,chr11,562017,569459,+,7443,2328,2328,2331,2342,2342,2303,2375,2303,2342
GENE.331,chr2;chr2;chr2;chr2,298897;301166;301403;302531,301052;301300;302173;302564,-;-;-;-,3096,0,0,1,0,1,1,0,0,1
GENE.3310,chr11;chr11;chr11,570017;570410;570618,570260;570506;570714,+;+;+,438,60,60,60,62,60,60,60,60,60
GENE.3311,chr11;chr11;chr11;chr11;chr11;chr11;chr11;chr11;chr11;chr11;chr11;chr11;chr11,571007;571114;571327;571509;571670;571790;571949;572104;572256;572443;572695;572873;573165,571029;571215;571427;571549;571691;571855;571994;572136;572333;572512;572757;573009;573306,-;-;-;-;-;-;-;-;-;-;-;-;-,924,1608,1608,1608,1688,1610,1657,1603,1657,1610
GENE.3312,chr11;chr11;chr11;chr11;chr11;chr11;chr11,576773;577193;578828;579083;579373;579955;580217,576902;578593;578983;579187;579814;580042;580276,+;+;+;+;+;+;+,2382,0,0,0,0,3,0,0,0,3
GENE.3313,chr11,581250,582698,-,1449,3564,3612,3602,3656,4137,4059,3195,4015,4135
GENE.3314,chr11,584328,585806,-,1479,0,0,0,0,1,7,0,0,1
GENE.3315,chr11;chr11;chr11;chr11,588169;588687;589039;589252,588449;588903;589087;589400,+;+;+;+,696,208,208,208,222,208,214,208,214,208
GENE.3316,chr11;chr11;chr11,589707;590383;590618,590204;590460;590629,-;-;-,588,616,616,616,620,616,616,616,616,616
GENE.3317,chr11,592130,593584,-,1455,510,872,888,1054,1384,1381,461,1342,1383
GENE.3318,chr11,596289,597203,-,915,1770,1770,1770,1778,1778,1761,1767,1761,1778
GENE.3319,chr11;chr11;chr11;chr11;chr11;chr11;chr11;chr11;chr11;chr11,600176;600373;600652;600979;601301;601431;601609;601778;601952;602109,600242;600522;600776;601161;601337;601471;601677;601816;602015;602215,+;+;+;+;+;+;+;+;+;+,882,0,0,0,0,0,0,0,0,0
GENE.332,chr2;chr2;chr2;chr2,303593;305700;306016;306994,305580;305840;306846;307027,-;-;-;-,2994,0,0,0,0,4,0,0,0,4
GENE.3320,chr11;chr11;chr11,602983;603303;606843,603173;606641;606918,-;-;-,3606,0,0,0,0,4,0,0,0,4
GENE.3321,chr11,607902,613394,-,5493,1316,1316,1316,1334,1327,1303,1312,1301,1327
GENE.3322,chr11;chr11;chr11;chr11;chr11;chr11;chr11,615744;616002;616224;616434;616700;616901;617085,615853;616056;616337;616549;616754;617008;617186,-;-;-;-;-;-;-,660,923,921,923,1011,929,932,921,932,929
GENE.3323,chr11;chr11;chr11;chr11;chr11;chr11,615744;616002;616434;616700;616901;617085,615853;616056;616549;616754;617008;617186,-;-;-;-;-;-,546,916,914,916,1004,922,925,915,925,922
GENE.3324,chr11;chr11;chr11;chr11;chr11;chr11,618312;618514;618688;618996;619479;619678,618389;618566;618796;619117;619519;619778,+;+;+;+;+;+,504,341,340,341,351,341,339,326,339,341
GENE.3325,chr11,619893,621350,-,1458,1706,1706,1706,1706,1710,1700,1700,1700,1710
GENE.3326,chr11,624370,625737,+,1368,0,0,0,0,3,1,0,1,3
GENE.3327,chr11;chr11,626709;629316,629162;629432,-;-,2571,19738,19738,19738,19864,19962,19637,19378,19637,19962
GENE.3328,chr11,630779,632881,-,2103,0,0,0,0,0,0,0,0,0
GENE.3329,chr11;chr11;chr11;chr11,636094;638842;639080;639413,638502;638930;639203;639511,-;-;-;-,2721,0,0,1,0,1,0,0,0,1
GENE.333,chr2;chr2;chr2;chr2,308847;311120;311366;312122,310975;311254;311956;312155,-;-;-;-,2889,598,598,600,602,608,599,599,594,607
GENE.3330,chr11;chr11;chr11;chr11;chr11;chr11;chr11,644100;644342;644508;644803;644966;645149;645483,644209;644399;644648;644886;645047;645257;645537,-;-;-;-;-;-;-,639,0,0,0,0,2,0,0,0,2
GENE.3331,chr11;chr11;chr11;chr11;chr11,646922;647230;647470;647632;647854,647076;647339;647527;647670;651343,-;-;-;-;-,3852,0,0,0,0,3,0,36,0,3
GENE.3332,chr11,652579,653976,+,1398,0,0,1,0,1,0,23,0,1
GENE.3333,chr11;chr11,654871;655102,654906;660420,+;+,5355,2695,2643,2695,2727,2703,2633,2686,2633,2703
GENE.3334,chr11,662000,662386,+,387,0,0,0,0,0,0,0,0,0
GENE.3335,chr11,664163,665356,+,1194,646,646,647,648,651,640,644,640,651
GENE.3336,chr11,666037,667722,-,1686,6410,6410,6410,6424,6413,6388,6391,6388,6413
GENE.3337,chr11;chr11;chr11;chr11;chr11;chr11,668368;668649;668853;669061;669265;669411,668475;668725;668908;669131;669333;669491,+;+;+;+;+;+,462,0,0,0,0,0,0,0,0,0
GENE.3338,chr11;chr11;chr11;chr11;chr11,668368;668649;668853;669061;669411,668475;668725;668908;669131;669491,+;+;+;+;+,393,0,0,0,0,0,0,0,0,0
GENE.3339,chr11;chr11,670711;671398,671237;671515,-;-,645,104,104,104,104,107,103,101,103,107
GENE.334,chr2;chr2;chr2;chr2,313449;315623;315900;316708,315448;315775;316505;316741,-;-;-;-,2793,0,0,0,0,2,10,0,0,1
GENE.3340,chr11,674299,677349,-,3051,42746,42746,42748,42802,42877,42051,42629,42023,42877
GENE.3341,chr11;chr11,678752;682992,682877;683281,+;+,4416,10744,10744,10746,10764,10754,10717,10746,10717,10754
GENE.3342,chr11;chr11,683860;684239,684084;684616,-;-,603,0,0,0,0,0,0,0,0,0
GENE.3343,chr11;chr11,687235;687496,687416;687781,+;+,468,100,100,100,102,100,100,100,100,100
GENE.3344,chr11,688766,691558,-,2793,0,0,5,0,7,0,0,0,7
GENE.3345,chr11,694655,699121,+,4467,9836,9856,9903,11738,10092,9994,9790,9994,10092
GENE.3346,chr11,699869,700789,-,921,626,626,626,626,628,624,625,624,628
GENE.3347,chr11,703175,704959,+,1785,6696,6665,6696,6728,6779,6665,6683,6665,6779
GENE.3348,chr11,705556,707382,-,1827,3240,3240,3239,3242,3254,3223,3130,3149,3253
GENE.3349,chr11;chr11;chr11;chr11;chr11;chr11;chr11;chr11;chr11;chr11;chr11;chr11;chr11;chr11;chr11;chr11;chr11;chr11,708526;708696;708882;709220;709516;709694;710311;710588;710825;711024;711194;711411;711602;711848;712145;712394;712577;712714,708550;708749;708973;709372;709563;710095;710415;710716;710879;711106;711290;711494;711735;711956;712287;712457;712608;712863,-;-;-;-;-;-;-;-;-;-;-;-;-;-;-;-;-;-,1959,6007,6007,6038,6156,6080,5810,5979,5810,6080
GENE.335,chr2;chr2;chr2;chr2,317596;320016;320241;321277,319880;320171;321083;321310,-;-;-;-,3318,6634,6634,6634,6664,6665,6596,6609,6575,6661
GENE.3350,chr11;chr11;chr11;chr11;chr11;chr11;chr11,714117;714622;714864;715071;715288;715612;716102,714425;714764;714933;715137;715384;715915;716287,-;-;-;-;-;-;-,1176,2537,2537,2537,2589,2538,2544,2530,2544,2538
GENE.3351,chr11;chr11;chr11;chr11;chr11;chr11;chr11,716795;717364;717481;717760;717895;718119;718315,717133;717413;717626;717785;717948;718152;718412,+;+;+;+;+;+;+,747,163,163,163,169,167,164,162,164,167
GENE.3352,chr11,718650,719765,-,1116,2004,2004,2004,2010,2004,1902,1991,1902,2004
GENE.3353,chr11;chr11;chr11;chr11,720992;721703;721884;722037,721600;721771;721943;722273,+;+;+;+,975,0,0,0,0,2,0,0,0,2
GENE.3354,chr11;chr11,722717;722890,722769;723289,-;-,453,470,470,470,474,472,468,461,468,472
GENE.3355,chr11,724855,725739,-,885,228,228,228,228,230,225,228,225,230
GENE.3356,chr11,727896,734339,+,6444,0,0,0,0,16,0,258,0,16
GENE.3357,chr11;chr11;chr11,736069;737113;737508,736962;737301;737735,+;+;+,1311,7410,7410,7410,7530,7412,7386,7392,7386,7412
GENE.3358,chr11,738513,741671,-,3159,0,0,13,0,10,0,0,0,10
GENE.3359,chr11,744874,745932,+,1059,1760,1760,1760,1764,1760,1737,1764,1737,1760
GENE.336,chr2;chr2;chr2;chr2,322338;324582;324892;325690,324478;324722;325560;325723,-;-;-;-,2985,0,0,0,0,12,0,0,0,12
GENE.3360,chr11,746854,747456,-,603,664,664,664,672,668,663,663,663,668
GENE.3361,chr11,749152,754401,+,5250,0,0,0,0,8,0,91,0,8
GENE.3362,chr11;chr11;chr11;chr11;chr11;chr11,756192;759028;759291;759477;759707;760271,758886;759164;759351;759577;759760;760435,+;+;+;+;+;+,3213,0,0,0,0,1,0,0,0,1
GENE.3363,chr11;chr11;chr11,761695;761884;762182,761728;761965;762818,+;+;+,753,0,0,0,0,4,0,0,0,4
GENE.3364,chr11;chr11,765033;765539,765197;765625,+;+,252,28,28,28,29,28,28,28,28,28
GENE.3365,chr11;chr11,766759;767121,767008;768460,+;+,1590,86,86,86,86,87,86,86,86,87
GENE.3366,chr11;chr11,769252;770383,770182;770600,-;-,1149,4711,4711,4711,4739,4803,4301,4708,4301,4803
GENE.3367,chr11;chr11,772539;774968,774839;775042,+;+,2376,3858,3858,3858,3862,3862,3837,3847,3837,3862
GENE.3368,chr11;chr11;chr11;chr11;chr11;chr11,775233;775471;775869;776119;776268;783524,775295;775671;776006;776166;783339;783639,-;-;-;-;-;-,7638,27777,27893,28337,32227,29706,29266,27727,29227,29705
GENE.3369,chr11,784592,788350,-,3759,19384,19384,19385,19434,19396,19392,18990,19308,19394
GENE.337,chr2;chr2;chr2;chr2;chr2;chr2;chr2;chr2;chr2;chr2;chr2;chr2;chr2;chr2;chr2;chr2,327932;328121;328323;328549;328775;328965;329168;329331;329520;329748;330127;330413;330562;330935;331108;331310,328021;328157;328414;328672;328843;329038;329229;329403;329593;330010;330218;330455;330796;331012;331177;335203,+;+;+;+;+;+;+;+;+;+;+;+;+;+;+;+,5370,0,0,0,0,13,0,11,0,13
GENE.3370,chr11,790011,790262,+,252,0,0,0,0,0,0,0,0,0
GENE.3371,chr11,790267,790608,+,342,0,0,0,0,0,0,0,0,0
GENE.3372,chr11;chr11;chr11;chr11;chr11;chr11,792197;792892;793128;793476;793671;793892,792648;793009;793292;793537;793701;793945,+;+;+;+;+;+,882,2884,2884,2884,2890,2885,2884,2878,2884,2885
GENE.3373,chr11;chr11;chr11;chr11,794254;795631;799004;799555,795459;798823;799232;799561,-;-;-;-,4635,5894,5894,5894,5900,5927,5871,5819,5861,5927
GENE.3374,chr11;chr11,800781;801255,801044;801458,-;-,468,150,150,150,152,150,150,150,150,150
GENE.3375,chr11;chr11,801945;805746,805636;807081,-;-,5028,11852,11854,11881,12920,12112,11762,12562,11597,12106
GENE.3376,chr11;chr11,810210;810726,810393;812290,+;+,1749,3920,3920,3920,3928,3921,3914,3916,3914,3921
GENE.3377,chr11,812583,814130,-,1548,0,0,0,0,2,0,0,0,2
GENE.3378,chr11;chr11;chr11,815386;815568;816202,815433;815887;816322,-;-;-,489,1114,1114,1114,1121,1120,1102,1118,1102,1120
GENE.3379,chr11,820073,822520,+,2448,0,0,0,0,2,0,0,0,2
GENE.338,chr2;chr2;chr2;chr2;chr2;chr2;chr2;chr2;chr2;chr2;chr2;chr2;chr2;chr2;chr2;chr2,327932;328121;328323;328553;328775;328965;329168;329331;329520;329748;330127;330413;330562;330935;331108;331310,328021;328157;328418;328672;328843;329038;329229;329403;329593;330010;330218;330455;330796;331012;331177;335203,+;+;+;+;+;+;+;+;+;+;+;+;+;+;+;+,5370,0,0,0,0,13,0,11,0,13
GENE.3380,chr11,823239,829313,-,6075,2274,2274,2274,2282,2277,2267,2271,2267,2277
GENE.3381,chr11,835889,837466,-,1578,0,0,0,0,1,0,0,0,1
GENE.3382,chr11;chr11;chr11,838380;839675;839971,839538;839828;840100,-;-;-,1443,0,0,0,0,1,0,0,0,1
GENE.3383,chr11;chr11;chr11,840728;840930;841189,840828;841111;842450,-;-;-,1545,3274,3274,3274,3296,3277,3241,3166,3241,3277
GENE.3384,chr11;chr11;chr11;chr11;chr11;chr11;chr11;chr11;chr11;chr11;chr11,842991;843239;843488;843637;843805;844064;844221;844398;844733;845253;845522,843140;843372;843544;843711;843932;844118;844307;844627;845017;845366;845547,-;-;-;-;-;-;-;-;-;-;-,1341,6276,6276,6276,6386,6306,6222,5993,6222,6306
GENE.3385,chr11,846929,848014,+,1086,1100,1100,1100,1102,1112,1098,1098,1098,1112
GENE.3386,chr11;chr11;chr11;chr11;chr11;chr11;chr11,849335;851472;851633;851866;852077;852248;852499,851375;851514;851780;851960;852131;852349;852570,+;+;+;+;+;+;+,2556,0,0,0,0,2,0,42,0,2
GENE.3387,chr11,853355,859225,+,5871,0,0,1,0,7,0,71,0,7
GENE.3388,chr11;chr11;chr11;chr11;chr11;chr11;chr11;chr11;chr11;chr11;chr11;chr11;chr11;chr11;chr11;chr11;chr11;chr11;chr11;chr11;chr11;chr11,860134;861348;862112;862416;862908;863315;864017;864212;864480;864612;864858;865213;865571;865913;866329;866554;866850;867102;867258;867610;867815;868069,861141;862033;862306;862748;863106;863881;864101;864361;864486;864731;865110;865470;865819;866145;866447;866733;867004;867162;867485;867717;867967;868220,+;+;+;+;+;+;+;+;+;+;+;+;+;+;+;+;+;+;+;+;+;+,5499,22191,22191,22191,22473,22234,22119,21986,21292,21422
GENE.3389,chr11,868388,869152,-,765,78,78,78,78,78,78,78,78,78
GENE.339,chr2,335679,336581,-,903,0,0,0,0,0,0,0,0,0
GENE.3390,chr11;chr11;chr11;chr11;chr11;chr11,872031;875562;876694;877196;877364;877634,875355;876505;877015;877272;877504;877678,+;+;+;+;+;+,4854,26075,26075,26075,26155,26107,26007,26093,26007,26107
GENE.3391,chr11;chr11;chr11,878969;882082;895204,881786;894949;895273,+;+;+,15756,0,0,0,0,11,0,235,0,11
GENE.3392,chr11,895967,903370,-,7404,8214,8214,8218,8230,8257,8165,8015,8138,8256
GENE.3393,chr11;chr11,909366;909632,909470;916324,+;+,6798,20192,20234,20606,22022,22986,21270,20157,19910,21642
GENE.3394,chr11;chr11;chr11,918228;920693;921010,920502;920802;921069,+;+;+,2445,3132,3132,3132,3140,3141,3126,3129,3126,3141
GENE.3395,chr11,921823,923892,+,2070,7222,7222,7225,7438,7258,7146,7348,7144,7258
GENE.3396,chr11;chr11,925728;926623,926493;927524,+;+,1668,5213,5213,5213,5253,5227,5181,5206,5181,5227
GENE.3397,chr11,929354,933364,-,4011,18436,18436,18436,18544,18463,18227,17554,18011,18459
GENE.3398,chr11,936084,938222,+,2139,0,0,0,0,1,0,3,0,1
GENE.3399,chr11;chr11,938950;939478,939267;939612,+;+,453,42,42,42,44,42,42,42,42,42
GENE.34,chrM,5547,5576,-,30,0,0,0,0,0,0,0,0,0
GENE.340,chr2,337558,342966,+,5409,0,0,0,0,11,0,0,0,11
GENE.3400,chr11,940527,944333,+,3807,100,100,100,100,103,100,100,100,103
GENE.3401,chr11;chr11;chr11,945470;945813;945990,945644;945916;946148,+;+;+,438,1146,1148,1146,1194,1154,1107,1129,1107,1154
GENE.3402,chr11;chr11;chr11;chr11;chr11,948591;949413;949921;950359;950566,949171;949756;950147;950462;950707,+;+;+;+;+,1398,0,0,0,0,1,0,0,0,1
GENE.3403,chr11,951382,956343,-,4962,0,0,1,0,6,0,0,0,6
GENE.3404,chr11;chr11;chr11;chr11,957514;958270;959001;959157,958119;958842;959038;959199,-;-;-;-,1260,5522,5522,5522,5591,5537,5449,5369,5449,5537
GENE.3405,chr11;chr11;chr11,962156;963649;963862,963541;963743;963958,+;+;+,1578,40,40,40,40,41,40,128,40,41
GENE.3406,chr11;chr11;chr11,964675;965043;965264,964919;965144;965360,-;-;-,444,441,441,441,465,444,428,441,428,444
GENE.3407,chr11,966980,968806,+,1827,3084,3084,3084,3086,3092,3063,3074,3063,3092
GENE.3408,chr11,970105,971376,-,1272,0,0,0,0,0,0,0,0,0
GENE.3409,chr11;chr11,974493;974664,974523;975538,-;-,906,176,176,176,176,176,171,176,171,176
GENE.341,chr2,343308,349340,-,6033,0,0,2,0,23,0,5,0,23
GENE.3410,chr11;chr11;chr11,976880;977275;977869,977051;977775;977936,-;-;-,741,0,0,0,0,0,0,0,0,0
GENE.3411,chr11;chr11;chr11;chr11,981945;982184;982603;983026,981947;982334;982762;983086,+;+;+;+,375,16,16,16,16,16,16,16,16,16
GENE.3412,chr11;chr11;chr11;chr11;chr11;chr11;chr11,983951;984202;984360;984582;984788;985043;985264,984076;984273;984411;984682;984884;985111;985619,-;-;-;-;-;-;-,873,1118,1118,1118,1138,1121,1136,1116,1136,1121
GENE.3413,chr11,986630,988120,+,1491,2706,2706,2706,2712,2708,2698,2702,2698,2708
GENE.3414,chr11;chr11;chr11;chr11,989159;989645;990037;990241,989484;989902;990108;990301,-;-;-;-,717,0,0,0,0,2,0,0,0,2
GENE.3415,chr11,991863,996458,+,4596,11552,11552,11552,11574,11710,11491,11520,11475,11710
GENE.3416,chr11;chr11,997923;999329,999116;999547,-;-,1413,604,604,604,606,606,601,601,601,606
GENE.3417,chr11,1001182,1001562,-,381,0,0,0,0,0,0,0,0,0
GENE.3418,chr11;chr11,1003226;1003612,1003394;1003694,-;-,252,0,0,0,0,0,0,0,0,0
GENE.3419,chr11;chr11;chr11;chr11;chr11;chr11,1004780;1005685;1006037;1006233;1006673;1007009,1005584;1005886;1006122;1006539;1006936;1007354,-;-;-;-;-;-,2010,804,804,806,816,806,803,803,803,806
GENE.342,chr2;chr2;chr2,352836;353086;353482,352881;353306;353628,+;+;+,414,301,301,301,307,303,301,301,301,303
GENE.3420,chr11;chr11;chr11;chr11,1008409;1008815;1009349;1009670,1008542;1009189;1009434;1010853,-;-;-;-,1779,6221,6221,6221,6255,6249,5869,6213,5869,6249
GENE.3421,chr11,1013466,1013747,+,282,0,0,0,0,0,0,0,0,0
GENE.3422,chr11,1014334,1017375,-,3042,4688,4688,4688,4696,4713,4660,4659,4660,4713
GENE.3423,chr11;chr11,1018366;1018632,1018452;1022495,-;-,3951,2802,2802,2804,2814,2818,2788,3233,2788,2818
GENE.3424,chr11;chr11,1023790;1024293,1024056;1024496,-;-,471,91,91,91,94,98,89,90,89,98
GENE.3425,chr11;chr11;chr11;chr11;chr11,1026976;1028770;1028979;1029166;1029488,1028560;1028817;1029025;1029282;1029544,+;+;+;+;+,1854,0,0,0,0,2,0,0,0,2
GENE.3426,chr11;chr11;chr11,1030679;1030907;1031338,1030762;1031224;1031481,+;+;+,546,202,202,202,206,203,202,202,202,203
GENE.3427,chr11,1033062,1037168,+,4107,0,0,0,0,3,1,248,1,3
GENE.3428,chr11,1037643,1039691,-,2049,0,0,0,0,3,0,0,0,3
GENE.3429,chr11;chr11;chr11;chr11;chr11;chr11;chr11;chr11;chr11;chr11;chr11;chr11;chr11;chr11;chr11;chr11;chr11;chr11;chr11,1040790;1042181;1042371;1042632;1042833;1043029;1043179;1043329;1043456;1043631;1043902;1044416;1044566;1044724;1044935;1045263;1045518;1045749;1046031,1042020;1042215;1042481;1042721;1042931;1043079;1043232;1043370;1043497;1043702;1044312;1044466;1044619;1044786;1045051;1045334;1045562;1045832;1046087,-;-;-;-;-;-;-;-;-;-;-;-;-;-;-;-;-;-;-,2781,0,0,0,0,2,0,0,0,2
GENE.343,chr2,354621,356117,+,1497,442,442,443,442,445,440,461,440,445
GENE.3430,chr11,1049921,1052665,+,2745,11274,11274,11275,11346,11375,11196,11288,11196,11375
GENE.3431,chr11;chr11;chr11;chr11,1053642;1053818;1054063;1054325,1053699;1053920;1054153;1054333,-;-;-;-,261,0,0,0,0,0,0,0,0,0
GENE.3432,chr11;chr11;chr11;chr11;chr11;chr11;chr11,1056198;1056689;1056930;1057205;1057419;1057622;1058003,1056515;1056793;1057048;1057282;1057490;1057741;1058054,-;-;-;-;-;-;-,864,1027,1027,1027,1064,1029,1028,1022,1028,1029
GENE.3433,chr11,1060262,1060783,-,522,372,372,372,372,382,366,371,366,382
GENE.3434,chr11;chr11,1062718;1062942,1062793;1063072,+;+,207,0,0,0,0,0,0,0,0,0
GENE.3435,chr11,1063670,1064551,-,882,1324,1324,1324,1332,1326,1313,1323,1313,1326
GENE.3436,chr11;chr11;chr11,1065785;1066109;1066441,1065949;1066294;1066569,+;+;+,480,0,0,0,0,0,0,0,0,0
GENE.3437,chr11;chr11;chr11;chr11;chr11;chr11;chr11;chr11;chr11;chr11;chr11;chr11;chr11;chr11;chr11,1067197;1067518;1067740;1067918;1068193;1068416;1068590;1068784;1068961;1069168;1069342;1069555;1069704;1069899;1070121,1067351;1067620;1067813;1068004;1068283;1068481;1068676;1068877;1069042;1069225;1069410;1069606;1069761;1069998;1070219,+;+;+;+;+;+;+;+;+;+;+;+;+;+;+,1275,0,0,0,0,1,0,0,0,1
GENE.3438,chr11;chr11;chr11;chr11;chr11;chr11;chr11;chr11;chr11;chr11,1071752;1072034;1072376;1072594;1072794;1072977;1073199;1073390;1073582;1073755,1071829;1072257;1072478;1072683;1072827;1073104;1073291;1073434;1073621;1073813,+;+;+;+;+;+;+;+;+;+,894,0,0,0,0,5,0,0,0,5
GENE.3439,chr11;chr11;chr11,1074626;1075188;1075355,1074864;1075241;1076405,-;-;-,1344,2322,2322,2322,2358,2322,2327,2318,2327,2322
GENE.344,chr2;chr2;chr2;chr2;chr2;chr2,356645;356888;357126;357357;357621;357930,356713;357000;357280;357437;357738;358014,-;-;-;-;-;-,621,1301,1305,1301,1336,1301,1318,1294,1318,1301
GENE.3440,chr11,1077288,1081550,-,4263,20718,20315,20718,20758,20731,20448,20348,20448,20731
GENE.3441,chr11;chr11;chr11,1083321;1084683;1085030,1084472;1084727;1085062,-;-;-,1230,28,28,28,28,29,28,28,28,29
GENE.3442,chr11;chr11;chr11;chr11,1087314;1091933;1092249;1092668,1091829;1092090;1092506;1093105,+;+;+;+,5370,5018,5018,5018,5050,5030,5000,5126,4999,5030
GENE.3443,chr11;chr11;chr11;chr11,1087314;1091933;1092249;1092668,1091829;1092051;1092506;1093105,+;+;+;+,5331,5018,5018,5018,5050,5030,5000,5126,4999,5030
GENE.3444,chr11;chr11;chr11,1094909;1095313;1095815,1095159;1095691;1095931,-;-;-,747,512,512,512,528,515,512,512,512,515
GENE.3445,chr11,1097117,1097527,+,411,264,264,264,264,264,263,263,263,264
GENE.3446,chr11;chr11;chr11;chr11;chr11,1098167;1098387;1098593;1099325;1101675,1098256;1098461;1099112;1101471;1103555,-;-;-;-;-,4713,639,639,639,639,645,639,640,639,645
GENE.3447,chr11;chr11;chr11;chr11;chr11;chr11;chr11;chr11;chr11;chr11;chr11,1104216;1104393;1104532;1104805;1105020;1105210;1105625;1105769;1106006;1106223;1106449,1104268;1104418;1104692;1104903;1105105;1105481;1105696;1105856;1106104;1106340;1106505,-;-;-;-;-;-;-;-;-;-;-,1131,0,0,0,0,4,0,0,0,4
GENE.3448,chr11,1107786,1109942,+,2157,0,0,0,0,1,0,1,0,1
GENE.3449,chr11,1110436,1112115,-,1680,4206,4206,4207,4218,4251,4177,4195,4177,4251
GENE.345,chr2;chr2;chr2;chr2;chr2;chr2;chr2,356501;356649;356888;357126;357357;357621;357930,356552;356713;357000;357280;357437;357738;358014,-;-;-;-;-;-;-,669,1302,1306,1302,1337,1302,1319,1295,1319,1302
GENE.3450,chr11,1113996,1115477,+,1482,0,1,0,0,1,0,0,0,1
GENE.3451,chr11;chr11;chr11;chr11,1118249;1119316;1120225;1120603,1119094;1119973;1120506;1120685,+;+;+;+,1869,0,0,0,0,0,0,6,0,0
GENE.3452,chr11;chr11;chr11;chr11,1121930;1122325;1122925;1123220,1122145;1122795;1123045;1123377,+;+;+;+,966,2223,2223,2223,2267,2239,2208,2219,2208,2239
GENE.3453,chr11,1125952,1127310,+,1359,652,652,652,652,657,652,652,652,657
GENE.3454,chr11;chr11;chr11;chr11,1128774;1129508;1130114;1130760,1129136;1129840;1130545;1130813,+;+;+;+,1182,0,0,0,0,1,0,0,0,1
GENE.3455,chr11,1131294,1136834,-,5541,3520,3520,3522,3524,3537,3474,3503,3474,3537
GENE.3456,chr11,1138075,1139979,-,1905,4356,4356,4356,4390,4368,4250,4319,4250,4368
GENE.3457,chr11;chr11;chr11;chr11;chr11,1141486;1143215;1143446;1143608;1143815,1143030;1143277;1143520;1143664;1143910,+;+;+;+;+,1836,0,0,1,0,6,0,15,0,6
GENE.3458,chr11,1144754,1148770,+,4017,18544,18544,18547,18798,18659,18394,18516,18394,18659
GENE.3459,chr11,1149976,1150518,-,543,0,0,0,0,0,0,0,0,0
GENE.346,chr2,359142,359849,+,708,1776,1776,1776,1790,1860,1740,1769,1740,1860
GENE.3460,chr11,1152379,1153227,+,849,92,92,92,92,92,92,99,92,92
GENE.3461,chr11,1156437,1158266,+,1830,580,580,580,580,580,579,579,579,580
GENE.3462,chr11,1159366,1162188,-,2823,38894,38893,38894,38934,38906,38729,37875,38729,38906
GENE.3463,chr11,1163094,1163357,-,264,0,0,0,0,0,0,0,0,0
GENE.3464,chr11,1165221,1166171,+,951,196,196,196,196,197,193,205,193,197
GENE.3465,chr11,1166588,1166687,+,100,0,0,0,0,3,0,0,0,3
GENE.3466,chr11,1166812,1166914,+,103,0,0,0,0,1,0,0,0,1
GENE.3467,chr11,1168879,1170198,+,1320,3974,3974,3974,3974,4037,3961,3966,3961,4037
GENE.3468,chr11;chr11;chr11;chr11;chr11;chr11;chr11,1171680;1173028;1174737;1174907;1175101;1175403;1175605,1172708;1174557;1174823;1174969;1175181;1175450;1175724,+;+;+;+;+;+;+,2958,7520,7520,7520,7580,7527,7518,7496,7518,7527
GENE.3469,chr11;chr11;chr11;chr11;chr11;chr11,1176441;1178795;1179007;1179217;1179402;1179567,1178629;1178896;1179078;1179309;1179473;1179705,+;+;+;+;+;+,2667,1834,1834,1847,2034,1916,1889,1833,1889,1916
GENE.347,chr2,360828,368354,+,7527,18896,18896,18897,18906,19008,18496,18864,18496,19008
GENE.3470,chr11,1180160,1185616,-,5457,0,0,2,0,6,1,164,1,6
GENE.3471,chr11;chr11,1187604;1189416,1188980;1189562,+;+,1524,0,0,0,0,7,0,0,0,7
GENE.3472,chr11;chr11,1190123;1194228,1194073;1194335,+;+,4059,0,0,1,0,6,0,1,0,6
GENE.3473,chr11,1194524,1195036,-,513,798,798,798,804,799,797,617,797,799
GENE.3474,chr11,1195988,1198309,-,2322,4164,4164,4164,4172,4171,4143,4156,4143,4171
GENE.3475,chr11;chr11;chr11;chr11;chr11;chr11,1199253;1199673;1200148;1200554;1201215;1201611,1199458;1199820;1200279;1200886;1201346;1201805,+;+;+;+;+;+,1146,0,0,0,0,1,0,47,0,1
GENE.3476,chr11,1201922,1203619,-,1698,0,0,0,0,0,0,0,0,0
GENE.3477,chr11;chr11,1204297;1206758,1206572;1209587,-;-,5106,39730,39731,39730,40786,39763,39538,39000,39166,39763
GENE.3478,chr11,1210686,1211456,-,771,0,0,0,0,8,0,0,0,8
GENE.3479,chr11,1216521,1224812,+,8292,2616,2617,2617,2622,2660,2572,2743,2572,2660
GENE.348,chr2,370438,379845,+,9408,550,550,550,550,568,543,550,543,568
GENE.3480,chr11;chr11;chr11;chr11;chr11,1225688;1225881;1226040;1226164;1226425,1225786;1225949;1226078;1226317;1226474,-;-;-;-;-,411,6,6,6,6,10,6,6,6,10
GENE.3481,chr11,1227220,1231950,-,4731,12788,12788,12788,12792,12824,12702,12532,12702,12824
GENE.3482,chr11,1234061,1236391,-,2331,15022,15022,15022,15062,15056,14987,14846,14987,15056
GENE.3483,chr11,1239900,1242548,+,2649,3242,3242,3242,3252,3248,3238,3305,3238,3248
GENE.3484,chr11,1243226,1246618,-,3393,0,0,0,0,2,0,1,0,2
GENE.3485,chr11;chr11,1248310;1250175,1249886;1250232,-;-,1635,142,143,142,142,144,142,142,142,144
GENE.3486,chr11,1253073,1253894,+,822,0,0,0,0,0,0,0,0,0
GENE.3487,chr11,1255286,1259671,-,4386,4146,4146,4293,5190,4769,4694,4071,4694,4769
GENE.3488,chr11,1261759,1266078,+,4320,10562,10562,10563,10580,10606,10519,10601,10519,10606
GENE.3489,chr11;chr11,1266250;1267455,1267280;1267584,-;-,1161,1245,1245,1245,1259,1247,1236,1226,1236,1247
GENE.349,chr2;chr2;chr2,381130;382252;383071,382168;382877;383445,-;-;-,2040,206,206,206,206,210,206,206,206,210
GENE.3490,chr11,1268455,1269456,+,1002,154,154,154,154,156,153,153,153,156
GENE.3491,chr11,1271204,1271980,+,777,1878,1878,1878,1880,1880,1876,1877,1876,1880
GENE.3492,chr11,1273407,1274009,+,603,466,466,466,470,466,466,466,466,466
GENE.3493,chr11,1275574,1275663,+,90,0,0,0,0,1,0,0,0,1
GENE.3494,chr11;chr11,1277346;1280488,1280369;1280637,+;+,3174,6724,6724,6725,6762,6730,6700,6732,6700,6730
GENE.3495,chr11;chr11,1281284;1281732,1281600;1287633,-;-,6219,19650,19653,19728,20206,19947,20624,19598,18893,19945
GENE.3496,chr11,1290501,1291601,+,1101,904,904,904,904,914,834,895,834,914
GENE.3497,chr11,1293856,1295724,+,1869,3946,3946,3946,3950,3996,3866,3934,3866,3996
GENE.3498,chr11;chr11,1296801;1297786,1297565;1298199,+;+,1179,0,0,0,0,7,0,0,0,7
GENE.3499,chr11,1298474,1300600,-,2127,7118,7118,7118,7142,7178,6911,7076,6911,7178
GENE.35,chrM,5577,5771,-,195,0,0,0,0,0,0,0,0,0
GENE.350,chr2;chr2;chr2;chr2;chr2;chr2;chr2;chr2,384865;385079;385368;385556;385752;386031;386224;386448,384984;385204;385427;385644;385869;386133;386302;386580,-;-;-;-;-;-;-;-,828,0,0,0,0,0,0,0,0,0
GENE.3500,chr11;chr11,1302173;1303426,1302604;1305987,+;+,2994,21960,21960,21961,22015,22050,21848,21928,21844,22046
GENE.3501,chr11;chr11,1309024;1310937,1310740;1311793,+;+,2574,10775,10775,10775,10853,10799,10738,10757,10738,10799
GENE.3502,chr11;chr11,1313257;1313767,1313545;1317173,+;+,3696,0,0,0,0,5,0,0,0,5
GENE.3503,chr11,1320114,1322105,+,1992,0,0,0,0,3,1,0,1,3
GENE.3504,chr11,1323043,1324314,-,1272,3230,3230,3230,3234,3232,3227,3227,3227,3232
GENE.3505,chr11,1326747,1332164,+,5418,14846,14846,14846,14884,14909,14420,14856,14420,14909
GENE.3506,chr11,1333536,1340219,+,6684,24112,24112,24112,24188,24249,23819,24196,23819,24249
GENE.3507,chr11;chr11;chr11;chr11;chr11;chr11,1340486;1340752;1340937;1341149;1341390;1341617,1340623;1340811;1341041;1341241;1341454;1341680,-;-;-;-;-;-,525,0,0,0,0,1,0,0,0,1
GENE.3508,chr11;chr11,1344303;1349594,1349367;1349763,+;+,5235,0,0,1,0,3,0,327,0,3
GENE.3509,chr11,1350621,1355789,-,5169,0,1,0,0,2,0,10,0,2
GENE.351,chr2;chr2,387273;388063,387906;388151,+;+,723,252,252,252,252,252,251,252,251,252
GENE.3510,chr11;chr11,1359364;1362625,1362428;1364113,-;-,4554,13478,13479,13479,13490,13515,13397,13393,13397,13515
GENE.3511,chr11;chr11,1367186;1368720,1368559;1368809,+;+,1464,436,435,436,436,443,429,435,429,443
GENE.3512,chr11,1369619,1371667,+,2049,2864,2864,2864,2870,2870,2863,2957,2863,2870
GENE.3513,chr11;chr11;chr11;chr11;chr11;chr11;chr11,1372311;1372572;1372828;1373023;1373319;1373656;1373794,1372373;1372697;1372909;1373190;1373467;1373703;1373859,+;+;+;+;+;+;+,702,1076,1076,1076,1100,1076,1069,1072,1069,1076
GENE.3514,chr11;chr11;chr11;chr11,1373052;1373319;1373656;1373794,1373190;1373467;1373703;1373859,+;+;+;+,402,748,748,748,770,748,742,745,742,748
GENE.3515,chr11;chr11;chr11,1373052;1373319;1373656,1373190;1373467;1373712,+;+;+,345,748,748,748,770,748,742,745,742,748
GENE.3516,chr11,1374592,1376661,-,2070,0,0,0,0,1,0,2,0,1
GENE.3517,chr11,1378290,1379852,-,1563,0,0,0,0,0,0,0,0,0
GENE.3518,chr11,1381015,1382244,-,1230,0,0,0,0,0,0,27,0,0
GENE.3519,chr11,1384378,1385115,-,738,100,100,100,102,103,100,100,100,103
GENE.352,chr2;chr2;chr2;chr2;chr2;chr2;chr2,388424;388716;388945;389268;389427;389742;390504,388457;388784;389162;389336;389618;390404;390611,-;-;-;-;-;-;-,1353,0,0,0,0,0,0,0,0,0
GENE.3520,chr11;chr11;chr11;chr11;chr11,1387091;1387422;1387578;1387782;1388743,1387163;1387484;1387664;1388471;1388909,-;-;-;-;-,1080,0,0,0,0,0,0,0,0,0
GENE.3521,chr11;chr11;chr11;chr11;chr11,1390064;1390676;1390986;1391272;1392029,1390489;1390855;1391130;1391832;1396173,+;+;+;+;+,5457,0,0,0,0,18,0,1,0,18
GENE.3522,chr11;chr11,1396433;1396651,1396543;1396764,-;-,225,0,0,0,0,0,0,0,0,0
GENE.3523,chr11,1397506,1397985,+,480,66,66,66,66,66,66,66,66,66
GENE.3524,chr11;chr11;chr11;chr11;chr11;chr11;chr11;chr11;chr11;chr11,1398486;1398636;1398849;1399086;1399297;1399572;1399788;1400023;1400293;1400499,1398519;1398729;1398965;1399143;1399405;1399694;1399917;1400103;1400334;1400601,-;-;-;-;-;-;-;-;-;-,891,2861,2861,2861,3027,2901,2894,2857,2894,2901
GENE.3525,chr11;chr11,1403906;1404248,1404047;1414512,+;+,10407,120012,120012,121856,132324,129927,126442,119800,126404,129927
GENE.3526,chr11,1415406,1417214,+,1809,0,0,0,0,2,0,0,0,2
GENE.3527,chr11;chr11;chr11;chr11;chr11,1417466;1418076;1418471;1418694;1418943,1417877;1418322;1418594;1418821;1420071,-;-;-;-;-,2040,11648,11648,11649,11738,11661,11624,11495,11624,11661
GENE.3528,chr11;chr11,1422744;1422978,1422816;1426201,+;+,3297,4338,4338,4338,4342,4339,4332,4348,4332,4339
GENE.3529,chr11,1427011,1429671,-,2661,2072,2072,2074,2082,2104,2035,1959,2035,2104
GENE.353,chr2,391275,392789,-,1515,1458,1458,1458,1458,1459,1454,1426,1454,1459
GENE.3530,chr11;chr11;chr11;chr11;chr11;chr11;chr11;chr11,1433141;1433481;1433737;1434199;1434388;1434684;1434913;1435095,1433276;1433580;1434063;1434271;1434536;1434753;1434953;1435170,-;-;-;-;-;-;-;-,972,16,16,16,16,19,16,16,16,19
GENE.3531,chr11;chr11;chr11;chr11;chr11;chr11;chr11;chr11;chr11,1431881;1433156;1433481;1433737;1434199;1434388;1434684;1434913;1435095,1431898;1433276;1433580;1434063;1434271;1434536;1434753;1434953;1435170,-;-;-;-;-;-;-;-;-,975,16,16,16,16,19,16,16,16,19
GENE.3532,chr11,1441503,1445471,+,3969,11174,11174,11176,11186,11224,10942,11176,10942,11224
GENE.3533,chr11;chr11;chr11;chr11;chr11;chr11;chr11,1446489;1446683;1447092;1447234;1447458;1447672;1447869,1446546;1446926;1447151;1447334;1447544;1447750;1448505,+;+;+;+;+;+;+,1266,1713,1712,1713,1769,1714,1720,1707,1720,1714
GENE.3534,chr11;chr11;chr11;chr11;chr11;chr11,1446489;1446683;1447234;1447458;1447672;1447869,1446546;1446926;1447334;1447544;1447750;1448505,+;+;+;+;+;+,1206,1711,1710,1711,1767,1712,1718,1705,1718,1712
GENE.3535,chr11;chr11;chr11;chr11;chr11,1449690;1449870;1450051;1450237;1450668,1449731;1449928;1450147;1450365;1451450,-;-;-;-;-,1110,1820,1820,1820,1832,1822,1815,1817,1815,1822
GENE.3536,chr11;chr11,1456151;1459035,1458891;1460319,+;+,4026,28162,28162,28166,28232,28234,28046,28107,28046,28234
GENE.3537,chr11,1461301,1461498,-,198,0,0,0,0,0,0,0,0,0
GENE.3538,chr11,1462168,1463070,+,903,0,0,0,0,1,0,0,0,1
GENE.3539,chr11,1463811,1465058,-,1248,1446,1446,1446,1450,1447,1441,1442,1441,1447
GENE.354,chr2;chr2;chr2;chr2;chr2;chr2;chr2;chr2,394237;394560;394996;395450;395969;396202;396412;396669,394404;394853;395204;395771;396093;396284;396532;398745,-;-;-;-;-;-;-;-,3399,7632,7631,7633,7682,7674,7501,7610,7501,7674
GENE.3540,chr11,1466197,1468266,-,2070,0,0,0,0,5,0,0,0,5
GENE.3541,chr11,1470600,1471877,-,1278,2068,2068,2068,2070,2092,2034,2040,2034,2092
GENE.3542,chr11;chr11,1473505;1473702,1473608;1474116,-;-,519,0,0,0,0,1,0,0,0,1
GENE.3543,chr11;chr11,1474667;1476524,1476322;1476838,-;-,1971,4796,4796,4796,4806,4802,4778,4751,4778,4802
GENE.3544,chr11,1477643,1479850,+,2208,638,638,638,638,680,637,638,637,680
GENE.3545,chr11;chr11,1480900;1481466,1481294;1481526,-;-,456,550,550,550,550,550,540,550,540,550
GENE.3546,chr11;chr11,1483375;1485552,1485356;1485858,+;+,2289,0,0,0,0,3,0,0,0,3
GENE.3547,chr11,1487594,1496143,+,8550,9756,9756,9761,9774,9805,9687,10300,9687,9805
GENE.3548,chr11,1497134,1497514,+,381,0,0,0,0,0,0,0,0,0
GENE.3549,chr11;chr11,1498208;1498623,1498421;1498969,+;+,561,161,161,161,167,171,160,160,160,171
GENE.355,chr2,400153,401859,-,1707,1108,1108,1108,1114,1118,1088,1105,1026,1112
GENE.3550,chr11,1499137,1499571,-,435,258,258,258,258,258,258,258,258,258
GENE.3551,chr11,1501011,1513691,-,12681,1224,1224,1226,1224,1251,1205,1227,1205,1251
GENE.3552,chr11,1518464,1521238,+,2775,15856,15856,15857,15878,16164,15584,15851,15584,16164
GENE.3553,chr11;chr11;chr11,1522359;1522619;1524278,1522459;1524032;1524346,-;-;-,1584,0,0,0,0,6,0,3,0,6
GENE.3554,chr11;chr11;chr11;chr11,1525654;1531248;1531477;1531663,1531065;1531326;1531516;1531744,-;-;-;-,5613,0,0,0,0,9,0,0,0,9
GENE.3555,chr11;chr11;chr11;chr11;chr11;chr11;chr11,1533252;1533416;1533651;1534085;1534378;1535306;1535688,1533271;1533574;1533968;1534213;1535119;1535531;1539856,-;-;-;-;-;-;-,5763,11726,11726,11728,11782,11760,11580,11616,11580,11760
GENE.3556,chr11,1540804,1544163,+,3360,0,7,2,0,1,0,0,0,1
GENE.3557,chr11,1546288,1547469,+,1182,122,122,122,122,122,122,122,122,122
GENE.3558,chr11,1548186,1553561,+,5376,0,0,0,0,3,0,8,0,3
GENE.3559,chr11;chr11,1554154;1554675,1554474;1555505,-;-,1152,457,457,457,457,459,456,457,456,459
GENE.356,chr2;chr2,404281;406082,405380;406355,-;-,1374,1900,1900,1900,1914,1933,1890,1897,1890,1933
GENE.3560,chr11;chr11;chr11,1556744;1557317;1563935,1557124;1563786;1565045,-;-;-,7962,0,0,12,0,39,0,253,0,39
GENE.3561,chr11,1569604,1573189,+,3586,200,202,200,202,201,200,226,200,201
GENE.3562,chr11;chr11;chr11;chr11;chr11;chr11;chr11,1576132;1576431;1576658;1576781;1577005;1577258;1577796,1576278;1576533;1576689;1576849;1577111;1577554;1578978,-;-;-;-;-;-;-,1938,714,714,714,714,714,712,712,712,714
GENE.3563,chr11;chr11;chr11,1577407;1577482;1577796,1577410;1577554;1578978,-;-;-,1260,714,714,714,714,714,712,712,712,714
GENE.3564,chr11,1580594,1582483,+,1890,220,220,220,220,221,220,226,220,221
GENE.3565,chr11,1582995,1584512,-,1518,3562,3562,3562,3572,3566,3536,3554,3536,3566
GENE.3566,chr11,1585393,1592034,-,6642,0,2,0,0,4,0,0,0,4
GENE.3567,chr11;chr11;chr11;chr11,1593966;1594314;1594631;1594864,1594175;1594514;1594728;1594951,+;+;+;+,597,942,942,942,970,942,940,940,940,942
GENE.3568,chr11;chr11,1595767;1597243,1597093;1597718,+;+,1803,1654,1654,1654,1666,1662,1650,1650,1650,1662
GENE.3569,chr11;chr11;chr11;chr11,1598550;1598932;1599147;1599567,1598705;1599014;1599228;1599632,-;-;-;-,387,0,0,0,0,0,0,0,0,0
GENE.357,chr2,407900,408438,+,539,34,34,34,34,34,34,34,34,34
GENE.3570,chr11;chr11,1601257;1603075,1602596;1603078,-;-,1344,4808,4806,4808,4893,4811,4733,4764,4733,4811
GENE.3571,chr11,1605321,1606406,+,1086,388,388,388,388,388,386,386,386,388
GENE.3572,chr11;chr11,1608006;1608430,1608329;1608609,+;+,504,0,0,0,0,1,0,0,0,1
GENE.3573,chr11;chr11;chr11;chr11;chr11,1610100;1614533;1615102;1615545;1615720,1614440;1614956;1615391;1615616;1615809,+;+;+;+;+,5217,5604,5604,5604,5640,5651,5576,5607,5576,5651
GENE.3574,chr11,1616416,1621890,-,5475,6672,6672,6695,6972,6881,6743,6576,6743,6881
GENE.3575,chr11,1623447,1630274,-,6828,5326,5326,5344,5584,5375,5315,4880,5311,5375
GENE.3576,chr11,1633920,1636331,+,2412,3626,3626,3626,3668,3637,3612,3702,3612,3637
GENE.3577,chr11;chr11;chr11;chr11;chr11;chr11,1637103;1637291;1638946;1641756;1642590;1642931,1637127;1638641;1641588;1642440;1642790;1643392,-;-;-;-;-;-,5367,0,0,0,0,9,1,0,1,9
GENE.3578,chr11,1644911,1647382,+,2472,1164,1164,1164,1170,1175,1159,1180,1159,1175
GENE.3579,chr11,1649321,1657012,+,7692,0,0,0,0,11,0,189,0,11
GENE.358,chr2,409983,410228,+,246,0,0,0,0,0,0,0,0,0
GENE.3580,chr11;chr11,1657507;1657818,1657681;1657978,-;-,336,0,0,0,0,0,0,0,0,0
GENE.3581,chr11;chr11,1659070;1659735,1659483;1662359,-;-,3039,4708,4708,4707,4734,4730,4703,4675,4703,4730
GENE.3582,chr11;chr11;chr11;chr11;chr11,1663621;1664099;1664328;1664523;1664729,1663872;1664198;1664440;1664597;1665250,+;+;+;+;+,1062,1806,1806,1807,1856,1812,1812,1805,1812,1812
GENE.3583,chr11;chr11;chr11;chr11;chr11;chr11;chr11;chr11;chr11;chr11;chr11;chr11;chr11;chr11,1665761;1665985;1666135;1666309;1666542;1666734;1666841;1666991;1667234;1667422;1667597;1667739;1667852;1668094,1665899;1666035;1666172;1666438;1666637;1666751;1666898;1667091;1667310;1667449;1667618;1667749;1667925;1668162,+;+;+;+;+;+;+;+;+;+;+;+;+;+,912,2839,2838,2839,2923,2839,2852,2830,2852,2839
GENE.3584,chr11,1668302,1669081,-,780,0,0,0,0,1,0,0,0,1
GENE.3585,chr11;chr11;chr11;chr11;chr11,1669951;1670856;1671088;1671270;1671475,1670668;1670901;1671169;1671327;1671512,+;+;+;+;+,942,758,758,758,766,759,726,756,726,759
GENE.3586,chr11;chr11;chr11;chr11;chr11;chr11;chr11,1672519;1672951;1673187;1673566;1673828;1673976;1674267,1672814;1673022;1673450;1673705;1673879;1674045;1674557,-;-;-;-;-;-;-,1185,0,0,0,0,0,0,0,0,0
GENE.3587,chr11,1676255,1677769,-,1515,38,38,38,38,38,37,38,37,38
GENE.3588,chr11,1679078,1681156,+,2079,8724,8724,8724,8750,8732,8505,8705,8505,8732
GENE.3589,chr11,1681868,1690084,-,8217,8964,8964,8965,8988,9008,8924,8926,8924,9008
GENE.359,chr2;chr2;chr2,412275;412492;412701,412295;412602;412859,+;+;+,291,0,0,0,0,0,0,0,0,0
GENE.3590,chr11;chr11;chr11,1692897;1693768;1694074,1693581;1693837;1694137,-;-;-,819,514,514,514,516,522,471,512,471,522
GENE.3591,chr11;chr11;chr11,1695507;1695766;1701113,1695623;1700989;1701258,+;+;+,5487,14678,14678,14678,14692,14689,14623,14658,14623,14689
GENE.3592,chr11;chr11,1702089;1703631,1703489;1703642,-;-,1413,1800,1800,1800,1800,1800,1796,1798,1796,1800
GENE.3593,chr11;chr11;chr11,1705696;1706226;1706432,1705858;1706304;1706573,-;-;-,384,7,7,7,9,8,7,7,7,8
GENE.3594,chr11;chr11,1708066;1708528,1708336;1708679,-;-,423,509,508,509,518,510,507,505,507,510
GENE.3595,chr11,1710325,1712172,-,1848,12346,12346,12347,12358,12349,12330,12320,12330,12349
GENE.3596,chr11,1713081,1713974,+,894,0,0,0,0,1,0,0,0,1
GENE.3597,chr11,1715283,1716806,+,1524,2410,2410,2410,2418,2411,2402,2404,2402,2411
GENE.3598,chr11,1717546,1718694,+,1149,0,0,0,0,1,0,0,0,1
GENE.3599,chr11,1720047,1724861,-,4815,35436,35436,35440,35934,35568,35082,34876,35082,35568
GENE.36,chrM,5772,5854,-,83,0,0,0,0,0,0,0,0,0
GENE.360,chr2;chr2;chr2,412275;412492;412701,412295;412537;412741,+;+;+,108,0,0,0,0,0,0,0,0,0
GENE.3600,chr11;chr11,1729793;1730058,1729916;1730899,+;+,966,808,808,808,826,822,785,807,785,822
GENE.3601,chr11,1731899,1732900,-,1002,1118,1118,1118,1120,1120,1114,1116,1114,1120
GENE.3602,chr11;chr11;chr11;chr11;chr11;chr11,1735126;1735417;1735796;1735995;1736278;1736567,1735141;1735500;1735880;1736090;1736458;1736572,+;+;+;+;+;+,468,0,0,0,0,2,0,0,0,2
GENE.3603,chr11;chr11,1737256;1737479,1737341;1740029,-;-,2637,1088,1088,1088,1098,1098,1084,1089,1084,1098
GENE.3604,chr11,1740935,1741828,-,894,598,598,598,602,598,598,598,598,598
GENE.3605,chr11;chr11;chr11;chr11;chr11;chr11,1742589;1743379;1744395;1745303;1745706;1746122,1743031;1744232;1745119;1745494;1745877;1746306,+;+;+;+;+;+,2571,9911,9910,9911,9983,9924,9808,9838,9808,9924
GENE.3606,chr11,1748439,1751138,+,2700,8968,8968,8971,8986,8979,8948,8961,8948,8979
GENE.3607,chr11;chr11;chr11,1751577;1752198;1753203,1751921;1752961;1753269,-;-;-,1176,0,0,0,0,0,0,0,0,0
GENE.3608,chr11;chr11,1755438;1755801,1755551;1755935,+;+,249,13,13,13,14,13,13,13,13,13
GENE.3609,chr11;chr11;chr11,1756557;1756812;1757036,1756679;1756913;1757182,-;-;-,372,12,12,12,12,13,12,12,12,13
GENE.361,chr2;chr2,413278;413428,413334;421137,-;-,7767,23314,23314,23316,23394,23387,23127,23132,23115,23387
GENE.3610,chr11;chr11,1757488;1757822,1757631;1758637,-;-,960,1090,1090,1090,1090,1094,1077,1018,1077,1094
GENE.3611,chr11;chr11,1759257;1759869,1759322;1759922,-;-,120,14,14,14,14,14,14,14,14,14
GENE.3612,chr11,1762256,1766650,+,4395,538,538,550,636,585,569,588,569,585
GENE.3613,chr11,1768328,1769344,+,1017,0,0,0,0,0,0,0,0,0
GENE.3614,chr11,1770949,1771902,+,954,1502,1502,1502,1508,1530,1481,1493,1481,1530
GENE.3615,chr11;chr11;chr11;chr11;chr11,1772350;1772656;1772983;1773323;1773478,1772428;1772822;1773127;1773369;1773819,-;-;-;-;-,780,0,0,0,0,1,0,0,0,1
GENE.3616,chr11,1774750,1776726,+,1977,0,0,0,0,3,0,11,0,3
GENE.3617,chr11;chr11;chr11;chr11,1777525;1778348;1778522;1778913,1778025;1778413;1778562;1778928,-;-;-;-,624,0,0,0,0,0,0,0,0,0
GENE.3618,chr11;chr11;chr11;chr11;chr11;chr11,1780084;1780649;1781046;1781309;1781466;1781659,1780554;1780893;1781187;1781373;1781536;1782398,-;-;-;-;-;-,1734,0,0,1,0,1,0,0,0,1
GENE.3619,chr11,1783357,1786563,-,3207,0,0,0,0,1,0,0,0,1
GENE.362,chr2;chr2,423063;424223,424004;424654,-;-,1374,2228,2228,2228,2228,2233,2219,2220,2219,2233
GENE.3620,chr11,1789323,1795370,-,6048,0,0,0,0,5,0,1,0,5
GENE.3621,chr11;chr11;chr11;chr11,1798776;1799054;1799294;1799610,1798854;1799122;1799348;1799670,-;-;-;-,264,0,0,0,0,0,0,0,0,0
GENE.3622,chr11;chr11;chr11;chr11,1800544;1800735;1800929;1801248,1800570;1800781;1801065;1803550,-;-;-;-,2514,20534,20534,20534,20645,20549,20473,20432,20473,20549
GENE.3623,chr11;chr11;chr11,1807359;1809800;1810084,1809650;1809962;1810130,+;+;+,2502,4995,4995,4995,5009,5007,4988,5001,4988,5007
GENE.3624,chr11;chr11;chr11,1810290;1810477;1810724,1810317;1810619;1812442,-;-;-,1890,9694,9694,9694,10074,9770,9603,9423,9603,9770
GENE.3625,chr11,1813419,1814573,+,1155,696,696,697,696,698,695,698,695,698
GENE.3626,chr11,1814957,1817704,-,2748,0,0,0,0,0,0,6,0,0
GENE.3627,chr11;chr11;chr11;chr11;chr11;chr11;chr11;chr11;chr11;chr11;chr11,1818594;1818753;1819129;1819305;1819494;1819685;1819826;1819999;1820208;1820389;1820659,1818615;1819036;1819221;1819370;1819555;1819731;1819868;1820090;1820236;1820450;1820743,+;+;+;+;+;+;+;+;+;+;+,885,0,0,0,0,6,0,0,0,6
GENE.3628,chr11,1821032,1822969,-,1938,0,0,0,0,2,0,0,0,2
GENE.3629,chr11;chr11;chr11;chr11;chr11;chr11;chr11;chr11,1824148;1824297;1824487;1824763;1824899;1825042;1825261;1825454,1824170;1824369;1824579;1824793;1824923;1825136;1825322;1825579,-;-;-;-;-;-;-;-,528,0,0,0,0,1,0,0,0,1
GENE.363,chr2;chr2;chr2;chr2,425689;425995;426209;426476,425855;426074;426299;426497,+;+;+;+,360,0,0,0,0,0,0,0,0,0
GENE.3630,chr11;chr11,1826203;1826398,1826305;1826792,-;-,498,476,476,476,488,481,470,473,470,481
GENE.3631,chr11;chr11,1828240;1828345,1828264;1829054,-;-,735,0,0,0,0,0,0,0,0,0
GENE.3632,chr11,1830464,1831417,+,954,2038,2038,2038,2040,2040,2031,2033,2031,2040
GENE.3633,chr11;chr11;chr11;chr11,1834401;1838089;1838274;1838522,1837925;1838164;1838326;1838773,+;+;+;+,3906,0,0,0,2,1,0,437,0,1
GENE.3634,chr11;chr11;chr11;chr11;chr11;chr11;chr11;chr11;chr11,1839423;1841028;1841446;1841634;1841842;1841986;1842208;1842345;1842626,1840823;1841232;1841514;1841749;1841889;1842089;1842265;1842499;1842878,-;-;-;-;-;-;-;-;-,2409,6261,6261,6261,6323,6264,6269,6234,6269,6264
GENE.3635,chr11;chr11,1843645;1852133,1851971;1853372,-;-,9567,0,0,3,0,5,0,34,0,5
GENE.3636,chr11;chr11;chr11;chr11;chr11;chr11;chr11,1856390;1856507;1856679;1856868;1857033;1857306;1857547,1856402;1856559;1856760;1856910;1857152;1857442;1857656,+;+;+;+;+;+;+,558,187,187,187,189,188,187,187,187,188
GENE.3637,chr11;chr11;chr11,1858329;1858777;1859070,1858646;1858993;1867357,-;-;-,8823,7158,7158,7179,7224,7232,7018,6982,7018,7232
GENE.3638,chr11;chr11;chr11;chr11,1870415;1870580;1870774;1870948,1870459;1870643;1870843;1871077,-;-;-;-,309,2,2,2,2,2,4,2,4,2
GENE.3639,chr11,1873147,1881414,+,8268,10450,10450,10451,10472,10511,10279,10702,10279,10511
GENE.364,chr2,427490,431530,+,4041,4546,4546,4546,4560,4569,4510,4535,4510,4569
GENE.3640,chr11,1883775,1887860,+,4086,7614,7614,7614,7624,7650,7545,7605,7545,7650
GENE.3641,chr11;chr11,1888637;1889054,1888784;1889139,-;-,234,2,2,2,2,2,2,2,2,2
GENE.3642,chr11,1889826,1892597,-,2772,5130,5130,5130,5136,5179,5060,5124,5060,5179
GENE.3643,chr11;chr11;chr11;chr11;chr11,1893436;1893629;1893835;1894074;1894377,1893507;1893714;1893910;1894163;1895843,-;-;-;-;-,1791,4126,4126,4126,4168,4133,4121,4116,4121,4133
GENE.3644,chr11;chr11;chr11,1897204;1897416;1897845,1897327;1897716;1897884,+;+;+,465,0,0,0,0,0,0,0,0,0
GENE.3645,chr11;chr11;chr11;chr11;chr11,1899181;1899579;1905492;1905690;1905881,1899355;1905362;1905570;1905757;1905942,+;+;+;+;+,6168,12531,12683,14296,17215,14940,16657,12493,16565,14940
GENE.3646,chr11;chr11;chr11;chr11,1899181;1899579;1905476;1905690,1899355;1905362;1905570;1905695,+;+;+;+,6060,12513,12665,14278,17197,14922,16640,12476,16548,14922
GENE.3647,chr11,1907055,1907708,-,654,642,642,642,644,643,639,639,639,643
GENE.3648,chr11,1909210,1913499,-,4290,0,0,2,0,13,0,2,0,13
GENE.3649,chr11,1916392,1918050,+,1659,0,0,0,0,0,0,0,0,0
GENE.365,chr2;chr2;chr2;chr2;chr2,432041;432636;432929;433426;433963,432508;432823;433304;433610;434086,-;-;-;-;-,1341,2520,2520,2520,2556,2522,2515,2515,2515,2522
GENE.3650,chr11,1920268,1920811,+,544,0,290,290,550,300,289,4,289,300
GENE.3651,chr11,1922656,1922928,+,273,0,0,31,0,32,31,0,31,30
GENE.3652,chr11,1925942,1933150,+,7209,0,11660,11254,13702,11805,11418,52,11418,11805
GENE.3653,chr11;chr11,1934333;1935511,1935373;1935582,-;-,1113,888,888,888,890,894,886,887,886,894
GENE.3654,chr11;chr11,1941348;1941670,1941547;1942588,+;+,1119,0,0,0,0,0,0,0,0,0
GENE.3655,chr11,1945778,1946047,+,270,0,0,0,0,0,0,0,0,0
GENE.3656,chr11;chr11,1950210;1952149,1951913;1968726,+;+,18282,12124,12290,12590,14176,13884,13475,12084,13475,13710
GENE.3657,chr11;chr11,1972400;1972714,1972591;1973874,+;+,1353,972,1110,1250,2038,1802,1681,951,1263,1724
GENE.3658,chr11;chr11,1972400;1972717,1972591;1973874,+;+,1350,972,1110,1250,2038,1802,1681,951,1263,1724
GENE.3659,chr11;chr11,1976407;1976724,1976598;1979804,+;+,3273,18250,18250,18254,18924,18283,18144,18171,18122,18283
GENE.366,chr2,436050,436994,+,945,0,0,0,0,1,0,0,0,1
GENE.3660,chr11;chr11;chr11,1982354;1982515;1984173,1982410;1984065;1984247,+;+;+,1683,1762,1762,1762,1768,1774,1717,1758,1717,1774
GENE.3661,chr11;chr11,1985870;1986571,1986430;1986639,-;-,630,0,0,0,0,1,0,0,0,1
GENE.3662,chr11;chr11;chr11,1991359;1992869;1993827,1992867;1993687;1994018,-;-;-,2520,8078,8078,8079,8116,8087,8016,8060,8016,8087
GENE.3663,chr11;chr11,2001068;2001325,2001223;2003313,+;+,2145,2032,2032,2032,2034,2036,2029,2030,2029,2036
GENE.3664,chr11,2004754,2005011,+,258,0,0,0,0,0,0,0,0,0
GENE.3665,chr11;chr11,2006706;2006954,2006774;2007829,+;+,945,547,547,547,549,549,547,547,547,549
GENE.3666,chr11;chr11,2009875;2010045,2009943;2010902,+;+,927,244,244,244,244,244,244,244,244,244
GENE.3667,chr11;chr11,2012989;2013276,2013057;2014316,+;+,1110,904,904,904,906,905,904,904,904,905
GENE.3668,chr11,2015649,2016509,-,861,2634,2634,2634,2636,2647,2620,2632,2620,2647
GENE.3669,chr11;chr11,2018714;2019914,2019676;2019967,-;-,1017,0,0,0,0,0,0,0,0,0
GENE.367,chr2,437755,439002,-,1248,0,0,0,0,2,0,0,0,2
GENE.3670,chr11;chr11,2021854;2022981,2022825;2023034,-;-,1026,6891,6913,6921,6961,6925,6898,6811,6898,6925
GENE.3671,chr11;chr11,2025817;2034681,2033970;2035886,+;+,9360,5421,5421,5421,5425,5442,5390,5452,5388,5442
GENE.3672,chr12;chr12,16973;23037,22048;24497,+;+,6537,4590,4596,4592,4601,4608,4572,4578,4552,4606
GENE.3673,chr12;chr12,26321;27634,27403;27687,-;-,1137,1899,1899,1899,1910,1905,1875,1894,1871,1905
GENE.3674,chr12;chr12,30078;31193,31046;31261,-;-,1038,0,2,2,4,6,2,0,2,6
GENE.3675,chr12;chr12,32703;40726,40070;41940,+;+,8583,6693,6693,6693,6701,6736,6665,6689,6665,6736
GENE.3676,chr12;chr12,43800;45053,44855;45106,-;-,1110,0,0,0,0,0,2,3,0,0
GENE.3677,chr12;chr12,46788;48802,47954;56805,-;-,9171,31412,31476,31490,31866,31612,31330,31232,31330,31612
GENE.3678,chr12,61556,64336,-,2781,2716,2716,2716,2718,2732,2669,2704,2669,2730
GENE.3679,chr12;chr12;chr12,68808;69063;70768,68885;70613;70842,-;-;-,1704,0,0,0,0,4,0,0,0,4
GENE.368,chr2,442080,442934,-,855,0,0,0,0,1,0,0,0,1
GENE.3680,chr12;chr12,73229;74376,74233;74522,-;-,1152,2187,2187,2187,2187,2198,2159,2183,2159,2198
GENE.3681,chr12;chr12,76846;78993,78732;79067,-;-,1962,6040,6040,6050,7172,6209,6085,5948,6085,6209
GENE.3682,chr12;chr12,81449;84239,83938;84451,-;-,2703,7531,7531,7531,7555,7563,7488,7506,7488,7563
GENE.3683,chr12;chr12,89934;90276,90125;90749,+;+,666,0,0,0,0,1,0,0,0,1
GENE.3684,chr12,92242,92562,+,321,0,0,0,0,0,0,0,0,0
GENE.3685,chr12;chr12,93581;96975,96798;97146,-;-,3390,2912,2912,2912,2922,2917,2905,2906,2905,2917
GENE.3686,chr12,98978,100471,+,1494,820,820,820,822,821,819,819,819,821
GENE.3687,chr12,101581,102624,-,1044,0,0,0,0,0,0,0,0,0
GENE.3688,chr12,103861,104604,-,744,14,14,14,14,41,14,14,14,41
GENE.3689,chr12,105683,106339,-,657,3188,3188,3189,3190,3188,3181,3182,3181,3188
GENE.369,chr2,443824,444608,+,785,1224,1224,1224,1258,1225,1216,1218,1216,1225
GENE.3690,chr12;chr12,107338;108164,107922;108202,-;-,624,195,195,195,197,195,194,194,194,195
GENE.3691,chr12;chr12;chr12;chr12;chr12;chr12;chr12,109247;109502;109814;109979;110379;110732;111088,109349;109710;109882;110178;110548;110952;112758,-;-;-;-;-;-;-,2643,0,0,0,0,7,0,0,0,7
GENE.3692,chr12;chr12;chr12;chr12;chr12;chr12;chr12,113787;114020;114311;115173;115347;115572;115811,113893;114190;114849;115247;115443;115675;115923,+;+;+;+;+;+;+,1206,497,499,497,514,497,531,498,465,497
GENE.3693,chr12;chr12;chr12;chr12;chr12;chr12;chr12,113787;114020;114311;115176;115347;115572;115811,113893;114190;114849;115247;115443;115675;115923,+;+;+;+;+;+;+,1203,497,499,497,514,497,531,498,465,497
GENE.3694,chr12,116475,117449,-,975,978,978,978,978,981,975,975,975,981
GENE.3695,chr12;chr12;chr12;chr12;chr12;chr12;chr12;chr12;chr12;chr12;chr12;chr12;chr12;chr12;chr12;chr12;chr12;chr12;chr12;chr12;chr12;chr12;chr12;chr12;chr12;chr12;chr12;chr12;chr12;chr12;chr12;chr12;chr12;chr12,119402;119599;119809;124003;124396;124640;124988;125182;125551;125931;126360;126528;126801;127144;127454;127755;127944;128156;128400;128917;129209;129500;130685;130993;131300;131706;132050;132299;132590;133258;137247;139436;139920;141239,119491;119686;123868;124288;124483;124869;125068;125457;125802;126228;126442;126685;126942;127364;127614;127829;128030;128249;128796;129121;129408;130492;130811;131189;131551;131893;132126;132372;133069;136786;139281;139628;141098;141499,+;+;+;+;+;+;+;+;+;+;+;+;+;+;+;+;+;+;+;+;+;+;+;+;+;+;+;+;+;+;+;+;+;+,17157,165381,165382,165381,166510,167586,163164,165076,163164,167585
GENE.3696,chr12;chr12;chr12;chr12;chr12;chr12;chr12;chr12,141642;141842;142051;142266;142496;142711;142858;143194,141740;141911;142154;142360;142601;142787;142912;143268,-;-;-;-;-;-;-;-,681,1545,1544,1545,1581,1546,1558,1542,1558,1546
GENE.3697,chr12,144046,147285,-,3240,6712,6712,6713,6786,6841,6517,6537,6517,6841
GENE.3698,chr12;chr12;chr12;chr12;chr12;chr12,148238;148467;148707;148984;149247;149521,148342;148595;148805;149112;149369;155478,-;-;-;-;-;-,6543,2470,2470,2508,2768,2683,2603,2439,2603,2683
GENE.3699,chr12;chr12;chr12;chr12;chr12,158233;159342;159506;159705;159913,159195;159394;159561;159772;160011,+;+;+;+;+,1239,3794,3794,3794,3852,3794,3827,4184,3827,3794
GENE.37,chrM,5855,5955,-,101,0,0,0,0,0,0,0,0,0
GENE.370,chr2,451751,455116,+,3366,0,0,0,0,0,0,0,0,0
GENE.3700,chr12;chr12;chr12,160716;160926;161196,160829;161042;161255,+;+;+,291,0,0,0,0,0,0,0,0,0
GENE.3701,chr12,162429,162722,-,294,0,0,0,0,0,0,0,0,0
GENE.3702,chr12,167706,171275,+,3570,2146,2146,2147,2146,2149,2138,2169,2138,2149
GENE.3703,chr12;chr12,171507;171735,171617;172136,-;-,513,936,936,936,978,948,919,946,919,948
GENE.3704,chr12;chr12,172936;173150,173038;173361,+;+,315,0,0,0,0,0,0,0,0,0
GENE.3705,chr12,173875,176853,-,2979,5614,5615,5700,6038,5920,5857,5580,5857,5920
GENE.3706,chr12,178162,181914,+,3753,696,696,703,722,726,708,768,708,726
GENE.3707,chr12,182298,183968,-,1671,912,912,912,912,944,901,867,901,944
GENE.3708,chr12;chr12;chr12,184914;185232;185615,185064;185481;185768,+;+;+,555,590,590,590,604,598,582,589,582,598
GENE.3709,chr12;chr12;chr12,187146;188299;188819,188107;188356;188842,-;-;-,1044,751,751,752,755,754,750,748,750,754
GENE.371,chr2,455579,456286,-,708,988,988,988,988,1009,974,986,974,1009
GENE.3710,chr12,190105,193113,-,3009,0,4,0,0,4,0,1,0,4
GENE.3711,chr12;chr12;chr12;chr12;chr12,194144;194629;194900;195099;195365,194167;194732;194969;195246;195462,+;+;+;+;+,444,0,0,0,0,0,0,0,0,0
GENE.3712,chr12;chr12;chr12;chr12;chr12;chr12;chr12,197509;197809;197996;198215;198413;198640;198814,197620;197908;198053;198279;198485;198706;198830,+;+;+;+;+;+;+,492,0,0,0,0,1,0,0,0,1
GENE.3713,chr12,198970,202239,-,3270,0,1,0,0,1,0,0,0,1
GENE.3714,chr12,202948,204837,+,1890,0,0,0,0,2,0,0,0,2
GENE.3715,chr12,205491,205976,-,486,74,74,74,74,74,74,74,74,74
GENE.3716,chr12;chr12;chr12;chr12;chr12;chr12;chr12;chr12;chr12;chr12;chr12;chr12;chr12,208165;208398;208541;208703;209128;209449;209661;209838;210029;210166;210390;210525;210767,208217;208451;208612;208803;209257;209545;209737;209924;210073;210247;210433;210605;210893,-;-;-;-;-;-;-;-;-;-;-;-;-,1050,0,0,0,0,9,0,0,0,9
GENE.3717,chr12,211517,212356,-,840,390,390,390,390,398,383,389,383,398
GENE.3718,chr12,213211,214191,+,981,0,0,0,0,3,0,0,0,3
GENE.3719,chr12;chr12;chr12;chr12;chr12,214834;215036;215256;215455;215631,214934;215113;215309;215519;215695,+;+;+;+;+,363,0,0,0,0,0,0,0,0,0
GENE.372,chr2;chr2;chr2;chr2;chr2;chr2,457130;457309;457461;457687;457913;458362,457203;457379;457589;457760;458219;458585,-;-;-;-;-;-,879,700,700,700,710,701,707,700,707,701
GENE.3720,chr12;chr12;chr12;chr12;chr12;chr12,217184;217403;217584;217704;217968;218194,217244;217465;217624;217766;218086;218239,+;+;+;+;+;+,393,24,24,24,24,30,24,24,24,30
GENE.3721,chr12;chr12;chr12,219580;221579;221861,221444;221746;222173,+;+;+,2346,0,0,0,0,2,9,0,0,2
GENE.3722,chr12;chr12;chr12;chr12;chr12,222695;224263;224474;224700;224908,224126;224364;224560;224731;224991,-;-;-;-;-,1737,986,986,986,1000,1004,987,985,987,1004
GENE.3723,chr12,226054,227070,-,1017,650,650,650,650,651,650,649,650,651
GENE.3724,chr12,230463,231407,+,945,1030,1030,1030,1030,1030,1030,1030,1030,1030
GENE.3725,chr12,232389,235646,-,3258,11462,11462,11462,11476,11574,11389,11445,11389,11574
GENE.3726,chr12,242811,248168,+,5358,17980,17980,17983,18114,18372,17761,18505,17595,18126
GENE.3727,chr12;chr12;chr12;chr12;chr12;chr12;chr12;chr12,249336;249575;250122;250384;250579;250880;251162;251393,249464;249907;250280;250451;250703;250994;251227;251399,-;-;-;-;-;-;-;-,1002,1315,1315,1315,1335,1322,1318,1314,1318,1322
GENE.3728,chr12,253155,254123,+,969,0,0,0,0,1,0,0,0,1
GENE.3729,chr12;chr12;chr12;chr12,256367;262191;262510;263574,261997;262350;263415;263731,+;+;+;+,6855,40268,40268,40271,40362,40316,40087,40949,40087,40316
GENE.373,chr2;chr2;chr2;chr2;chr2;chr2;chr2;chr2,459072;459329;459593;460162;460395;460785;461049;461374,459164;459397;459927;460275;460530;460916;461140;461518,-;-;-;-;-;-;-;-,1116,3776,3776,3776,3885,3778,3778,3766,3778,3778
GENE.3730,chr12,264615,267863,-,3249,680,680,680,682,686,677,679,677,686
GENE.3731,chr12,270300,271214,-,915,5314,5314,5314,5324,5315,5298,5302,5298,5315
GENE.3732,chr12;chr12;chr12;chr12;chr12;chr12;chr12;chr12;chr12,272320;272588;272952;273132;273559;273785;274061;274274;274640,272437;272756;273029;273349;273691;273935;274188;274510;274742,-;-;-;-;-;-;-;-;-,1335,0,0,0,0,3,0,0,0,3
GENE.3733,chr12;chr12;chr12,275744;276189;279256,275912;278893;279336,-;-;-,2955,14700,14700,14700,14733,14736,14647,14658,14647,14736
GENE.3734,chr12,281020,289302,-,8283,0,1,0,0,13,0,2,0,13
GENE.3735,chr12,290836,291876,+,1041,820,820,820,822,820,818,819,818,820
GENE.3736,chr12,292424,294379,+,1956,842,842,855,930,904,897,929,897,904
GENE.3737,chr12,294997,299349,-,4353,11200,11200,11200,11206,11265,11111,11162,11111,11265
GENE.3738,chr12,301129,302826,-,1698,0,0,0,0,3,0,0,0,3
GENE.3739,chr12,308214,310397,+,2184,3404,3404,3404,3408,3415,3392,3427,3391,3415
GENE.374,chr2,463163,466900,+,3738,0,0,0,0,2,0,49,0,2
GENE.3740,chr12;chr12;chr12;chr12,310831;311110;311274;311647,310932;311172;311489;313239,+;+;+;+,1974,0,0,0,0,0,0,0,0,0
GENE.3741,chr12;chr12;chr12,313869;320975;321131,320876;321027;321908,-;-;-,7839,19594,19594,19595,19624,19742,19432,19235,19430,19742
GENE.3742,chr12,324336,326858,-,2523,0,0,0,0,3,0,0,0,3
GENE.3743,chr12,329635,337806,-,8172,33696,33696,33700,33774,33790,33500,32535,33276,33788
GENE.3744,chr12;chr12;chr12;chr12;chr12;chr12,343326;343425;343626;343765;343986;344233,343330;343449;343670;343816;344059;344361,-;-;-;-;-;-,330,0,0,0,0,0,0,0,0,0
GENE.3745,chr12;chr12,345922;346284,346153;347239,+;+,1188,372,372,372,374,374,360,368,360,374
GENE.3746,chr12;chr12;chr12,348274;348488;348916,348336;348788;349100,+;+;+,549,0,0,0,0,0,0,0,0,0
GENE.3747,chr12,349479,351284,-,1806,602,602,602,602,604,600,603,600,604
GENE.3748,chr12;chr12;chr12;chr12;chr12;chr12;chr12;chr12;chr12,351850;352163;352339;352542;352770;353007;353420;353690;353929,352066;352257;352407;352649;352853;353333;353482;353776;354006,-;-;-;-;-;-;-;-;-,1128,484,484,484,505,488,489,480,489,488
GENE.3749,chr12,354540,357446,-,2907,6748,6748,6750,6750,6774,6728,6734,6726,6774
GENE.375,chr2,467847,468476,+,630,470,470,470,470,471,468,470,468,471
GENE.3750,chr12;chr12,357915;359295,359060;359333,-;-,1185,0,0,0,0,2,0,0,0,2
GENE.3751,chr12;chr12,359995;360332,360210;360499,+;+,384,12,12,12,12,12,12,12,12,12
GENE.3752,chr12;chr12;chr12;chr12,361900;362231;375379;375734,362095;375146;375535;375874,+;+;+;+,13410,17276,17276,17277,17307,17362,17230,17405,17230,17362
GENE.3753,chr12;chr12;chr12,376552;377037;377277,376814;377144;387483,+;+;+,10578,75510,75510,75512,75770,75602,74985,75429,74985,75602
GENE.3754,chr12;chr12,388545;389040,388910;389147,+;+,474,376,376,376,385,396,356,375,356,396
GENE.3755,chr12,390932,395626,+,4695,0,0,1,0,10,1,16,1,10
GENE.3756,chr12,395986,401247,-,5262,1438,1438,1438,1444,1452,1434,1382,1434,1452
GENE.3757,chr12,402300,402527,+,228,0,0,0,0,0,0,0,0,0
GENE.3758,chr12;chr12;chr12,403350;404538;404785,404435;404618;404814,+;+;+,1197,2676,2676,2676,2696,2677,2675,2673,2675,2677
GENE.3759,chr12,405608,409150,-,3543,5884,5884,5914,6014,5990,5931,5831,5931,5990
GENE.376,chr2,469790,473491,+,3702,0,0,0,0,2,0,1,0,2
GENE.3760,chr12,415404,419732,+,4329,16282,16282,16284,16282,16302,16260,16433,16260,16302
GENE.3761,chr12;chr12,421371;421977,421649;422201,-;-,504,0,0,0,0,2,0,0,0,2
GENE.3762,chr12,423462,426011,-,2550,6654,6654,6655,6666,6661,6644,6690,6644,6661
GENE.3763,chr12;chr12;chr12;chr12,427272;427486;427721;427910,427386;427557;427791;427978,+;+;+;+,327,0,0,0,0,0,2,0,2,0
GENE.3764,chr12,428495,432880,-,4386,11788,11788,11873,12108,12018,11945,11645,11943,12018
GENE.3765,chr12,436092,438470,+,2379,0,0,0,0,4,0,10,0,4
GENE.3766,chr12;chr12;chr12,439711;439852;442055,439738;441884;442858,+;+;+,2865,12158,12158,12158,12280,12236,12100,12130,12100,12236
GENE.3767,chr12;chr12;chr12;chr12,439711;439852;441085;442055,439738;440898;441884;442858,+;+;+;+,2679,11757,11757,11757,11878,11835,11700,11730,11700,11835
GENE.3768,chr12,443680,444987,+,1308,0,0,0,0,6,0,0,0,6
GENE.3769,chr12;chr12;chr12;chr12;chr12;chr12;chr12,445625;445757;446209;446521;446646;447050;447225,445642;446041;446403;446546;446687;447084;447268,+;+;+;+;+;+;+,645,0,0,0,0,1,0,0,0,1
GENE.377,chr2,475242,477074,+,1833,5092,5092,5092,5102,5096,5068,5084,5068,5096
GENE.3770,chr12,447381,447950,-,570,92,92,92,92,92,92,92,92,92
GENE.3771,chr12,448772,451339,-,2568,23538,23538,23539,23582,23591,23434,23437,23434,23591
GENE.3772,chr12;chr12,452595;453386,453171;453828,+;+,1020,512,512,512,516,514,511,511,511,514
GENE.3773,chr12,455304,456236,-,933,2470,2470,2470,2482,2482,2432,2462,2432,2482
GENE.3774,chr12,458677,461679,-,3003,6992,6992,6994,6998,7005,6971,6969,6971,7005
GENE.3775,chr12,465115,465744,+,630,0,0,0,0,0,0,0,0,0
GENE.3776,chr12,466602,469307,-,2706,5710,5710,5710,5726,5715,5692,5694,5692,5715
GENE.3777,chr12,470229,471545,+,1317,5856,5856,5860,5868,5864,5824,5972,5824,5864
GENE.3778,chr12,472260,475457,-,3198,1236,1236,1237,1238,1240,1229,1204,1229,1240
GENE.3779,chr12;chr12;chr12,476577;476778;476948,476680;476831;478370,-;-;-,1581,582,582,582,584,587,582,580,582,587
GENE.378,chr2;chr2;chr2,477432;478927;479089,478704;479003;479091,-;-;-,1353,2210,2210,2211,2224,2219,2203,2200,2203,2219
GENE.3780,chr12,479489,479588,-,100,0,0,0,0,0,0,0,0,0
GENE.3781,chr12;chr12;chr12;chr12;chr12;chr12;chr12;chr12,480593;481540;481782;481959;482180;482343;482563;482708,481389;481657;481880;482000;482239;482393;482622;482806,+;+;+;+;+;+;+;+,1326,1141,1141,1141,1161,1151,1137,1144,1137,1151
GENE.3782,chr12;chr12;chr12,484065;484285;484699,484187;484492;489902,+;+;+,5535,11904,11922,11954,12824,12300,12070,12181,12070,12300
GENE.3783,chr12,490862,491557,+,696,1600,1600,1600,1600,1604,1588,1599,1588,1604
GENE.3784,chr12,491893,497388,-,5496,0,0,0,0,5,0,0,0,5
GENE.3785,chr12;chr12;chr12;chr12,498524;498690;498877;502184,498591;498765;502094;502229,-;-;-;-,3408,888,888,888,894,898,882,887,882,898
GENE.3786,chr12;chr12;chr12;chr12,505344;505685;505958;506400,505449;505786;506221;506662,+;+;+;+,735,230,230,230,235,230,228,229,228,230
GENE.3787,chr12,507808,508971,-,1164,0,0,0,0,0,0,0,0,0
GENE.3788,chr12;chr12,510323;519288,519058;519437,+;+,8886,24136,24136,24136,24172,24323,23861,24385,23861,24322
GENE.3789,chr12;chr12;chr12;chr12,521687;523808;524190;524401,523638;523952;524299;524470,+;+;+;+,2277,504,504,504,506,506,498,503,498,506
GENE.379,chr2;chr2;chr2,480100;480783;481194,480595;480983;481432,+;+;+,936,202,202,202,210,202,202,202,202,202
GENE.3790,chr12;chr12,526109;526663,526136;527780,+;+,1146,3345,5629,6371,14521,11209,11148,3249,3714,11197
GENE.3791,chr12,529005,532799,-,3795,8980,8980,8980,9004,9008,8925,8975,8925,9008
GENE.3792,chr12;chr12;chr12,534912;535231;535619,535061;535401;535915,-;-;-,618,0,0,0,0,0,0,0,0,0
GENE.3793,chr12,536951,538627,+,1677,0,0,1,0,2,0,47,0,2
GENE.3794,chr12,540725,542932,-,2208,0,0,0,0,2,0,0,0,2
GENE.3795,chr12;chr12;chr12;chr12;chr12;chr12;chr12;chr12;chr12,543518;543756;544004;544359;544934;545455;547752;548084;548373,543611;543857;544219;544638;545259;547656;547986;548224;548532,+;+;+;+;+;+;+;+;+,3756,0,0,0,0,6,1,22,1,6
GENE.3796,chr12,549888,550910,+,1023,210,210,210,210,211,206,209,206,211
GENE.3797,chr12,552102,553853,-,1752,0,0,0,0,0,0,0,0,0
GENE.3798,chr12;chr12;chr12;chr12,555820;556000;556318;556679,555900;556147;556460;556762,-;-;-;-,456,23,21,23,23,24,23,23,23,24
GENE.3799,chr12;chr12;chr12,556085;556318;556679,556136;556460;556762,-;-;-,279,19,17,19,19,20,19,19,19,20
GENE.38,chrX,17,88,-,72,0,0,0,0,0,0,0,0,0
GENE.380,chr2,483436,488970,+,5535,0,0,1,0,4,0,239,0,4
GENE.3800,chr12,558047,562180,-,4134,16660,16661,16660,16672,16679,16609,16346,16607,16679
GENE.3801,chr12,565966,566931,+,966,0,0,0,0,1,0,0,0,1
GENE.3802,chr12,568569,571835,-,3267,0,0,0,0,3,0,1,0,3
GENE.3803,chr12,575540,576292,+,753,656,656,656,658,657,655,655,655,657
GENE.3804,chr12,576417,576580,-,164,0,0,0,0,0,0,0,0,0
GENE.3805,chr12,577529,578365,+,837,170,170,170,170,170,169,169,169,170
GENE.3806,chr12;chr12,578470;578760,578647;578917,-;-,336,5,5,5,5,5,5,5,5,5
GENE.3807,chr12,579595,581325,-,1731,6946,6946,6946,6996,6948,6891,6906,6891,6948
GENE.3808,chr12;chr12,583089;584889,584750;585323,+;+,2097,0,0,0,0,2,0,1,0,2
GENE.3809,chr12,586809,587090,+,282,0,0,0,0,0,0,0,0,0
GENE.381,chr2;chr2,489904;490125,489977;490818,-;-,768,0,0,0,0,1,0,0,0,1
GENE.3810,chr12;chr12;chr12,588128;588541;588824,588260;588686;588982,-;-;-,438,205,205,205,211,208,205,205,205,208
GENE.3811,chr12,590194,592434,-,2241,5114,5114,5114,5120,5133,5079,5053,5079,5133
GENE.3812,chr12;chr12,595167;595448,595251;598776,-;-,3414,2310,2310,2313,2316,2317,2308,2306,2308,2317
GENE.3813,chr12;chr12,600954;601317,601146;601564,-;-,441,609,609,609,609,607,607,606,607,607
GENE.3814,chr12;chr12;chr12;chr12,602428;605428;606680;606852,605267;606525;606752;606962,+;+;+;+,4122,0,0,1,0,4,0,16,0,4
GENE.3815,chr12;chr12,607379;607581,607489;608006,-;-,537,556,556,556,562,569,543,556,543,569
GENE.3816,chr12;chr12,608542;609181,609010;610013,-;-,1302,0,0,0,0,4,0,0,0,4
GENE.3817,chr12;chr12,610271;610458,610321;610769,-;-,363,0,0,0,0,0,0,0,0,0
GENE.3818,chr12;chr12;chr12;chr12;chr12;chr12,611892;612243;612485;612658;612861;613098,612114;612392;612513;612747;612898;613128,+;+;+;+;+;+,561,0,1,0,0,0,0,0,0,0
GENE.3819,chr12;chr12;chr12;chr12;chr12,613561;613804;614030;614275;614565,613675;613933;614133;614392;614574,-;-;-;-;-,477,12,12,12,12,12,12,12,12,12
GENE.382,chr2;chr2;chr2,492616;492831;493252,492689;492985;494306,+;+;+,1284,3381,3381,3381,3387,3397,3349,3377,3349,3397
GENE.3820,chr12,615636,616100,+,465,242,242,243,244,242,242,242,242,242
GENE.3821,chr12;chr12;chr12,616782;617032;617238,616910;617082;617387,+;+;+,330,2,2,2,4,2,2,2,2,2
GENE.3822,chr12;chr12;chr12;chr12;chr12,618764;619043;619359;619712;620028,618940;619156;619562;619870;620111,+;+;+;+;+,738,0,0,0,0,0,0,0,0,0
GENE.3823,chr12,621125,621775,+,651,176,176,176,176,176,175,175,175,176
GENE.3824,chr12;chr12,623126;626177,625890;626273,+;+,2862,5118,5118,5119,5140,5127,5107,5339,5107,5127
GENE.3825,chr12,627361,628203,+,843,950,950,950,950,951,947,948,947,951
GENE.3826,chr12;chr12;chr12,629009;629318;629665,629185;629449;629667,-;-;-,312,0,0,0,0,0,0,0,0,0
GENE.3827,chr12,631161,633011,-,1851,0,1,0,0,1,0,0,0,1
GENE.3828,chr12;chr12;chr12,633892;634253;634495,633951;634351;634545,-;-;-,210,14,14,14,16,14,14,12,14,14
GENE.3829,chr12,635035,635457,+,423,284,284,284,288,284,284,284,284,284
GENE.383,chr2;chr2;chr2,495166;495882;501855,495681;501641;507854,-;-;-,12276,0,0,0,0,15,0,0,0,15
GENE.3830,chr12,635538,638879,-,3342,2162,2162,2163,2162,2172,2154,2204,2154,2172
GENE.3831,chr12,639395,640495,+,1101,498,498,498,506,498,497,678,497,498
GENE.3832,chr12,641552,643519,+,1968,0,0,1,0,0,0,206,0,0
GENE.3833,chr12,644539,646395,+,1857,16230,16230,16231,16288,16246,16155,16193,16155,16246
GENE.3834,chr12,646979,647860,+,882,0,0,0,0,0,0,45,0,0
GENE.3835,chr12;chr12;chr12;chr12;chr12,648889;649105;649660;649969;650388,648933;649563;649791;650271;650552,+;+;+;+;+,1104,2063,2063,2063,2105,2124,2047,2057,2047,2124
GENE.3836,chr12,651398,651856,-,459,82,82,82,82,83,82,82,82,83
GENE.3837,chr12,653670,656435,+,2766,0,0,0,0,1,0,43,0,1
GENE.3838,chr12,657339,658004,-,666,0,0,0,0,1,0,0,0,1
GENE.3839,chr12,659738,660286,-,549,286,286,286,286,288,286,286,286,288
GENE.384,chr2;chr2,509525;516327,516077;521746,+;+,11973,4718,4718,4718,4732,4739,4703,4714,4703,4739
GENE.3840,chr12,663061,666282,+,3222,0,0,0,0,1,0,61,0,1
GENE.3841,chr12,666884,666955,+,72,0,0,0,0,0,0,0,0,0
GENE.3842,chr12,670447,673266,+,2820,740,740,740,746,744,736,963,736,744
GENE.3843,chr12,674349,674777,-,429,0,0,0,0,0,0,0,0,0
GENE.3844,chr12;chr12;chr12;chr12;chr12;chr12;chr12;chr12,675456;675766;675941;676176;676428;676646;676972;677228,675558;675825;676073;676226;676514;676814;677003;677576,-;-;-;-;-;-;-;-,984,322,322,322,333,324,304,317,304,324
GENE.3845,chr12;chr12;chr12;chr12;chr12;chr12;chr12,675456;675941;676176;676428;676646;676972;677228,675558;676073;676226;676514;676814;677003;677576,-;-;-;-;-;-;-,924,319,319,319,330,321,301,314,301,321
GENE.3846,chr12,678602,681961,+,3360,0,0,1,0,5,0,10,0,5
GENE.3847,chr12,682837,685722,+,2886,288,312,332,434,392,489,292,489,392
GENE.3848,chr12,686307,688871,-,2565,990,982,990,998,991,987,1064,987,991
GENE.3849,chr12,693067,693711,+,645,292,292,292,292,294,291,291,291,294
GENE.385,chr2;chr2,522931;523471,523154;523999,+;+,753,0,0,0,0,2,0,0,0,2
GENE.3850,chr12,695559,696455,+,897,366,366,366,366,368,339,366,339,368
GENE.3851,chr12,696895,698457,-,1563,7044,7044,7041,7090,7099,6977,6417,6977,7099
GENE.3852,chr12,698771,699013,-,243,0,0,0,0,2,0,0,0,2
GENE.3853,chr12;chr12;chr12,700531;700722;700905,700583;700813;702211,+;+;+,1452,108,108,108,108,108,108,120,108,108
GENE.3854,chr12,703895,704953,+,1059,0,0,0,0,1,0,0,0,1
GENE.3855,chr12;chr12;chr12;chr12;chr12,706227;707282;707635;707976;708142,707148;707464;707790;708051;708196,+;+;+;+;+,1392,1251,1251,1251,1251,1265,1232,1248,1232,1265
GENE.3856,chr12;chr12;chr12,708936;709182;709397,708983;709269;715665,-;-;-,6405,24217,24218,24217,24251,24265,24027,24018,24027,24265
GENE.3857,chr12,717955,719820,+,1866,3994,3994,3994,4004,3998,3984,4012,3984,3998
GENE.3858,chr12;chr12;chr12;chr12;chr12;chr12;chr12;chr12;chr12;chr12,720886;721098;721339;721587;721723;721990;722175;722304;722555;722762,720978;721168;721449;721628;721856;722051;722212;722429;722627;723448,-;-;-;-;-;-;-;-;-;-,1437,2165,2165,2165,2189,2172,2154,2168,2154,2172
GENE.3859,chr12;chr12;chr12;chr12;chr12,725841;726037;726219;726527;729189,725863;726112;726370;728812;729837,-;-;-;-;-,3186,6113,6109,6113,6136,6121,6074,6083,6074,6121
GENE.386,chr2,524700,526043,-,1344,4290,4291,4290,4298,4350,4277,4286,4277,4350
GENE.3860,chr12;chr12;chr12;chr12;chr12;chr12;chr12,732174;732321;732579;732840;733086;733330;734830,732218;732447;732681;732929;733205;734487;734959,-;-;-;-;-;-;-,1773,14285,14285,14285,14396,14297,14241,14269,14241,14297
GENE.3861,chr12,736335,737825,-,1491,1034,1034,1034,1036,1035,1028,1076,1028,1035
GENE.3862,chr12;chr12;chr12;chr12;chr12;chr12;chr12;chr12,738357;738886;739048;739214;739468;739604;739742;740084,738730;738954;739107;739262;739524;739646;739967;740255,-;-;-;-;-;-;-;-,1050,1002,1003,1002,1048,1006,1026,1000,1026,1006
GENE.3863,chr12,740994,743147,-,2154,1498,1499,1500,1502,1499,1496,1492,1496,1499
GENE.3864,chr12,746002,754926,+,8925,0,0,1,0,16,1,185,1,16
GENE.3865,chr12,757649,763642,+,5994,0,0,0,0,4,0,161,0,4
GENE.3866,chr12,764448,765151,+,704,1372,1372,1372,1372,1374,1372,1372,1372,1374
GENE.3867,chr12;chr12,766654;768756,767982;774197,-;-,6771,13158,13158,13156,13172,13216,13022,13074,13020,13216
GENE.3868,chr12;chr12;chr12,776510;778065;778834,778062;778831;779933,-;-;-,3420,0,1,0,0,4,1,0,0,4
GENE.3869,chr12,784018,784830,+,813,334,334,334,334,348,329,334,329,348
GENE.387,chr2,528249,531923,+,3675,19330,19330,19329,19370,19464,19227,19271,19227,19464
GENE.3870,chr12;chr12;chr12;chr12,785571;785811;786023;790624,785663;785885;790472;790673,-;-;-;-,4668,0,0,1,0,7,0,0,0,7
GENE.3871,chr12,792877,793449,-,573,216,216,216,216,216,216,216,216,216
GENE.3872,chr12,795157,795318,+,162,0,0,0,0,4,0,0,0,4
GENE.3873,chr12,796500,797183,+,684,1564,1564,1564,1572,1568,1559,1562,1559,1568
GENE.3874,chr12,798304,799611,-,1308,7062,7062,7062,7074,7080,7040,7051,7040,7080
GENE.3875,chr12,802544,804400,+,1857,68,68,68,68,74,68,81,68,74
GENE.3876,chr12;chr12;chr12;chr12;chr12;chr12;chr12;chr12,804963;805081;805414;805492;805933;806425;806470;806584,805078;805412;805489;805930;806422;806467;806582;806698,-;-;-;-;-;-;-;-,1724,2306,2306,2307,2352,2315,2132,2298,2132,2315
GENE.3877,chr12;chr12;chr12;chr12;chr12,807560;808039;815431;815911;816166,807903;815317;815782;816014;816204,+;+;+;+;+,8118,31484,31484,31484,31608,31555,31359,31465,31359,31555
GENE.3878,chr12,816909,818468,+,1560,0,0,0,0,3,0,0,0,3
GENE.3879,chr12,818703,819659,-,957,536,536,536,538,538,534,534,534,538
GENE.388,chr2,533253,534350,+,1098,0,0,0,0,1,0,0,0,1
GENE.3880,chr12;chr12;chr12;chr12,820586;821074;821529;822013,820814;821425;821778;822198,+;+;+;+,1017,0,0,0,0,0,1,0,1,0
GENE.3881,chr12;chr12;chr12;chr12,822958;823586;823870;824145,823234;823681;823985;824204,-;-;-;-,549,365,365,365,372,365,367,382,367,365
GENE.3882,chr12,825697,827712,-,2016,0,0,3,0,1,0,0,0,1
GENE.3883,chr12,831252,832052,-,801,956,956,957,956,958,942,947,942,958
GENE.3884,chr12,836912,843901,-,6990,2850,2850,2850,2866,2857,2821,2892,2821,2857
GENE.3885,chr12;chr12;chr12;chr12;chr12;chr12;chr12;chr12;chr12;chr12,847437;847635;847891;848025;848183;848476;848679;848849;849008;849145,847539;847717;847927;848062;848367;848573;848746;848920;849067;849183,+;+;+;+;+;+;+;+;+;+,783,0,0,1,0,3,0,0,0,3
GENE.3886,chr12;chr12;chr12;chr12,849840;850073;850302;850577,849867;850188;850402;850652,+;+;+;+,321,0,0,0,0,2,0,0,0,2
GENE.3887,chr12;chr12;chr12;chr12;chr12;chr12;chr12;chr12;chr12,851012;851900;852122;852353;852740;853099;853971;854267;854518,851720;851970;852195;852486;852815;853774;854050;854360;854739,-;-;-;-;-;-;-;-;-,2136,1975,1975,1975,2001,1975,1988,1971,1988,1975
GENE.3888,chr12,857097,858671,+,1575,0,0,1,0,2,0,0,0,2
GENE.3889,chr12,860262,862790,+,2529,1570,1570,1573,1578,1576,1548,1681,1548,1576
GENE.389,chr2,535646,536146,+,501,452,452,452,452,474,443,451,443,474
GENE.3890,chr12,863810,865186,+,1377,0,0,1,0,1,0,155,0,0
GENE.3891,chr12;chr12,865726;868488,868373;868581,+;+,2742,2508,2508,2508,2516,2510,2494,2511,2494,2510
GENE.3892,chr12,869260,871368,+,2109,68,68,71,68,72,67,68,67,72
GENE.3893,chr12,872361,874940,-,2580,0,0,0,0,0,0,0,0,0
GENE.3894,chr12,876916,878625,-,1710,0,0,0,0,0,0,0,0,0
GENE.3895,chr12,879630,881186,-,1557,3962,3962,3962,3964,3979,3949,3952,3949,3979
GENE.3896,chr12,881970,882114,-,145,0,0,0,0,0,0,0,0,0
GENE.3897,chr12,883567,886032,-,2466,4582,4582,4582,4588,4616,4392,4571,4392,4616
GENE.3898,chr12,890581,898257,+,7677,45646,45646,45659,46166,45905,45021,45811,45021,45901
GENE.3899,chr12;chr12;chr12;chr12;chr12;chr12;chr12,899198;899552;899690;899862;900052;900279;900959,899442;899618;899741;899938;900137;900377;901076,-;-;-;-;-;-;-,744,1820,1820,1820,1865,1823,1836,1808,1836,1823
GENE.39,chrX,236,1662,-,1427,642,642,642,642,644,637,642,637,644
GENE.390,chr2;chr2;chr2,537789;538286;538849,537797;538691;539420,+;+;+,987,2319,2319,2319,2327,2328,2144,2311,2144,2328
GENE.3900,chr12,907203,914501,+,7299,0,0,5,0,9,1,1199,1,9
GENE.3901,chr12,918722,919336,+,615,1684,1684,1684,1686,1686,1676,1679,1676,1686
GENE.3902,chr12;chr12;chr12;chr12;chr12;chr12;chr12,920790;921058;921262;921598;921900;922147;922291,920927;921111;921375;921806;921984;922212;922416,-;-;-;-;-;-;-,792,0,0,0,0,0,0,0,0,0
GENE.3903,chr12;chr12,923527;925090,924923;925198,+;+,1506,1468,1469,1468,1478,1468,1457,1465,1457,1468
GENE.3904,chr12;chr12;chr12;chr12,925375;925513;925842;926127,925416;925709;925884;926249,-;-;-;-,405,654,654,654,666,655,655,653,655,655
GENE.3905,chr12;chr12;chr12,927825;929035;929972,928825;929339;929991,-;-;-,1326,0,0,0,0,5,0,85,0,5
GENE.3906,chr12,932917,934281,+,1365,0,0,0,0,1,0,0,0,1
GENE.3907,chr12,934971,938639,-,3669,17040,17040,17041,17074,17059,16991,16998,16991,17059
GENE.3908,chr12;chr12;chr12;chr12;chr12;chr12,941125;944949;945449;945926;946392;946620,944802;945251;945802;946233;946479;946745,+;+;+;+;+;+,4857,13662,13662,13662,13800,13752,13503,13650,13503,13752
GENE.3909,chr12;chr12;chr12;chr12,946864;947056;947400;947689,946905;947135;947514;960969,-;-;-;-,13518,0,0,1,0,22,0,40,0,22
GENE.391,chr2;chr2,540409;540877,540696;540969,-;-,381,9,9,9,11,9,9,8,9,9
GENE.3910,chr12;chr12,962631;966956,966777;967491,-;-,4683,19916,19916,19916,19970,19960,19860,19623,19860,19960
GENE.3911,chr12;chr12,968980;969954,969681;970073,+;+,822,0,0,0,0,0,0,0,0,0
GENE.3912,chr12,971268,972194,+,927,1004,1004,1004,1004,1004,1003,1012,1003,1004
GENE.3913,chr12,972710,973393,-,684,964,964,964,970,964,954,955,954,964
GENE.3914,chr12,974372,975541,+,1170,1364,1364,1364,1364,1365,1361,1375,1361,1365
GENE.3915,chr12;chr12;chr12;chr12,976820;977050;977372;977767,976926;977232;977537;977889,-;-;-;-,579,0,0,0,0,0,0,0,0,0
GENE.3916,chr12;chr12;chr12;chr12;chr12,981301;983673;984011;984259;984412,983370;983843;984118;984305;984475,+;+;+;+;+,2460,0,0,0,0,1,0,0,0,1
GENE.3917,chr12,988628,991255,+,2628,6128,6128,6128,6132,6143,6110,6119,6110,6143
GENE.3918,chr12;chr12,994255;995751,995354;996438,+;+,1788,1605,1605,1605,1617,1606,1601,1600,1601,1606
GENE.3919,chr12;chr12,998353;998712,998610;999275,+;+,822,0,0,0,0,0,0,0,0,0
GENE.392,chr2;chr2;chr2,541086;541224;541445,541131;541310;541548,-;-;-,237,0,0,0,0,2,0,0,0,2
GENE.3920,chr12;chr12;chr12;chr12;chr12,1000679;1000873;1001227;1001456;1001837,1000795;1000981;1001313;1001729;1001945,-;-;-;-;-,696,0,0,0,0,1,0,0,0,1
GENE.3921,chr12,1003201,1007586,-,4386,11914,11914,11917,11920,11974,11865,11478,11865,11974
GENE.3922,chr12,1009289,1010251,+,963,456,456,456,466,457,455,470,455,457
GENE.3923,chr12;chr12,1010832;1011287,1011096;1011342,-;-,321,0,0,0,0,1,0,0,0,1
GENE.3924,chr12;chr12;chr12,1012310;1012558;1014395,1012400;1014199;1017848,-;-;-,5187,0,0,0,0,8,0,0,0,8
GENE.3925,chr12;chr12;chr12;chr12,1018506;1018930;1020154;1023921,1018780;1019965;1023845;1024008,+;+;+;+,5091,0,0,1,0,6,1,7,1,6
GENE.3926,chr12,1024455,1028018,-,3564,5858,5858,5858,5866,5863,5827,5855,5827,5863
GENE.3927,chr12;chr12,1029862;1031178,1030691;1031388,+;+,1041,7200,7200,7200,7281,7203,7187,7190,7187,7203
GENE.3928,chr12,1031825,1032565,-,741,0,0,0,0,0,0,0,0,0
GENE.3929,chr12;chr12,1033551;1034866,1034635;1035112,+;+,1332,0,0,0,0,0,0,6,0,0
GENE.393,chr2;chr2;chr2;chr2,541811;542425;543101;543724,541919;542933;543430;543807,+;+;+;+,1032,12,12,12,12,13,12,12,12,13
GENE.3930,chr12;chr12;chr12;chr12;chr12,1035261;1035417;1035571;1035955;1036217,1035316;1035486;1035731;1036074;1038155,-;-;-;-;-,2346,2387,2389,2387,2417,2397,2380,2383,2380,2397
GENE.3931,chr12,1039410,1043915,-,4506,9022,9022,9024,9032,9035,8963,8895,8963,9035
GENE.3932,chr12;chr12;chr12,1045995;1046279;1049560,1046018;1049405;1049831,+;+;+,3423,10797,10797,10797,10817,10809,10774,10784,10774,10809
GENE.3933,chr12,1050280,1052400,-,2121,0,0,0,0,2,0,0,0,2
GENE.3934,chr12;chr12,1053296;1053844,1053583;1056282,-;-,2727,22828,22828,22828,22936,22869,22685,22789,22685,22869
GENE.3935,chr12,1058202,1059152,+,951,962,962,962,966,964,960,960,960,964
GENE.3936,chr12,1059718,1061469,-,1752,1432,1432,1432,1436,1437,1426,1429,1426,1437
GENE.3937,chr12,1065796,1066683,+,888,466,466,466,466,467,463,464,463,467
GENE.3938,chr12;chr12;chr12;chr12;chr12,1067470;1067662;1067850;1069526;1071070,1067508;1067707;1069048;1070572;1071309,-;-;-;-;-,2571,5538,5538,5538,5572,5574,5367,5522,5367,5574
GENE.3939,chr12,1072459,1076976,+,4518,0,0,0,0,4,0,85,0,4
GENE.394,chr2;chr2;chr2;chr2;chr2,543802;544050;544624;545563;545812,543891;544386;545409;545648;545895,-;-;-;-;-,1383,3675,3675,3675,3697,3701,3667,3670,3667,3701
GENE.3940,chr12;chr12,1077868;1078598,1078483;1078776,-;-,795,0,0,0,0,0,0,0,0,0
GENE.3941,chr12,1081198,1083108,+,1911,5896,5896,5896,5904,5966,5838,5905,5838,5966
GENE.3942,chr12;chr12;chr12;chr12;chr12,1085387;1085858;1086685;1086909;1087193,1085467;1086583;1086795;1087064;1087264,+;+;+;+;+,1146,0,0,0,0,3,0,0,0,3
GENE.3943,chr12,1088536,1090023,-,1488,3302,3302,3302,3306,3310,3275,3291,3275,3310
GENE.3944,chr12,1092160,1092651,-,492,0,0,0,0,0,0,0,0,0
GENE.3945,chr12,1093543,1095771,-,2229,9960,9960,9960,9972,9970,9950,9941,9950,9970
GENE.3946,chr12;chr12,1098129;1104197,1104002;1104223,+;+,5901,9498,9498,9498,9529,9520,9473,9652,9473,9520
GENE.3947,chr12,1105251,1108739,+,3489,11184,11184,11186,11244,11248,10914,11270,10912,11248
GENE.3948,chr12,1109151,1112669,-,3519,0,0,8,0,1,0,0,0,1
GENE.3949,chr12;chr12,1114025;1114925,1114767;1121093,-;-,6912,14350,14364,14382,14458,14507,14259,14106,14259,14507
GENE.395,chr2;chr2;chr2;chr2;chr2;chr2;chr2;chr2;chr2;chr2;chr2;chr2,546482;546928;547175;547426;547638;547846;548039;548369;548583;548861;549432;553897,546784;547043;547307;547548;547757;547890;548216;548431;548708;549258;553685;555294,-;-;-;-;-;-;-;-;-;-;-;-,7257,0,0,0,0,9,0,0,0,9
GENE.3950,chr12;chr12,1124788;1128124,1127918;1128340,+;+,3348,10151,10153,10260,11089,10506,10392,10413,10392,10506
GENE.3951,chr12;chr12;chr12,1128939;1129870;1131137,1129712;1130861;1131686,-;-;-,2316,0,0,0,0,1,0,0,0,1
GENE.3952,chr12,1134370,1137648,-,3279,0,0,0,0,1,0,0,0,1
GENE.3953,chr12,1138608,1140302,+,1695,8516,8516,8939,10726,10160,10001,8478,10001,10160
GENE.3954,chr12,1140943,1141386,+,444,316,316,316,316,316,316,316,316,316
GENE.3955,chr12;chr12;chr12,1141583;1142301;1142922,1142199;1142754;1143194,-;-;-,1344,3666,3666,3666,3724,3666,3665,3665,3665,3666
GENE.3956,chr12,1143660,1146116,+,2457,0,0,1,0,6,1,66,1,6
GENE.3957,chr12;chr12,1148111;1151233,1151055;1151461,+;+,3174,6402,6402,6404,6802,6473,6741,6457,5983,6415
GENE.3958,chr12,1153352,1157557,+,4206,11102,14286,16910,13192,13037,19237,11002,19237,13037
GENE.3959,chr12;chr12;chr12,1158554;1158709;1158953,1158582;1158799;1160062,+;+;+,1230,4333,4333,4333,4381,4365,4347,4331,4347,4365
GENE.396,chr2;chr2,557048;557523,557338;557696,+;+,465,622,621,622,626,623,620,620,620,623
GENE.3960,chr12,1160729,1162960,-,2232,10894,10578,10894,10906,10937,10863,10504,10863,10937
GENE.3961,chr12;chr12,1165508;1168931,1168697;1169148,+;+,3408,10181,10181,10181,10205,10320,9950,10150,9950,10320
GENE.3962,chr12,1169557,1179186,-,9630,0,0,1,0,11,0,52,0,11
GENE.3963,chr12;chr12;chr12;chr12;chr12;chr12;chr12;chr12;chr12;chr12;chr12;chr12;chr12;chr12;chr12;chr12;chr12;chr12;chr12;chr12;chr12,1180670;1180921;1181101;1181381;1181550;1181769;1181969;1182255;1182410;1182591;1182793;1183040;1183211;1183572;1183733;1184027;1184353;1184517;1184676;1184899;1185235,1180760;1180988;1181232;1181457;1181618;1181853;1182130;1182275;1182478;1182716;1182897;1183103;1183421;1183632;1183930;1184167;1184412;1184564;1184763;1185056;1185483,-;-;-;-;-;-;-;-;-;-;-;-;-;-;-;-;-;-;-;-;-,2283,1498,1498,1498,1532,1513,1500,1494,1500,1513
GENE.3964,chr12,1186415,1191919,+,5505,0,0,0,0,12,0,6,0,12
GENE.3965,chr12,1192888,1199214,-,6327,22044,22044,22047,22092,22132,21967,21924,21967,22132
GENE.3966,chr12,1203582,1204752,+,1171,3892,3892,3892,4002,3897,3877,3950,3877,3897
GENE.3967,chr12,1204991,1207963,+,2973,0,0,0,0,5,0,19,0,5
GENE.3968,chr12;chr12,1208912;1209271,1208990;1209542,+;+,351,21,21,21,21,21,20,21,20,21
GENE.3969,chr12;chr12,1211788;1212022,1211874;1213563,+;+,1629,5020,5020,5020,5028,5026,4996,5001,4996,5026
GENE.397,chr2,558585,560594,+,2010,0,0,0,0,4,0,0,0,4
GENE.3970,chr12;chr12,1214043;1214321,1214139;1217715,-;-,3492,0,0,0,0,1,0,53,0,1
GENE.3971,chr12;chr12;chr12,1218181;1218486;1218692,1218261;1218578;1218766,+;+;+,249,0,0,0,0,0,0,0,0,0
GENE.3972,chr12;chr12;chr12;chr12,1219136;1219363;1219634;1226219,1219222;1219432;1226054;1226465,-;-;-;-,6825,0,0,0,0,4,0,3,0,4
GENE.3973,chr12;chr12;chr12;chr12;chr12;chr12;chr12;chr12;chr12;chr12;chr12;chr12;chr12;chr12;chr12;chr12;chr12;chr12;chr12;chr12;chr12;chr12;chr12;chr12,1228063;1228466;1228776;1228936;1229193;1229345;1229499;1229650;1229792;1229989;1230237;1230511;1230672;1230901;1231110;1231269;1231550;1231694;1231853;1232057;1232200;1232457;1232723;1232970,1228377;1228549;1228853;1229079;1229249;1229402;1229545;1229677;1229832;1230085;1230325;1230569;1230744;1230999;1231180;1231392;1231618;1231750;1231917;1232105;1232323;1232560;1232827;1233005,-;-;-;-;-;-;-;-;-;-;-;-;-;-;-;-;-;-;-;-;-;-;-;-,2073,0,0,0,0,1,0,0,0,1
GENE.3974,chr12;chr12;chr12;chr12;chr12;chr12;chr12;chr12;chr12;chr12;chr12;chr12;chr12;chr12;chr12;chr12;chr12;chr12;chr12;chr12;chr12;chr12;chr12,1228063;1228466;1228776;1228936;1229345;1229499;1229650;1229792;1229989;1230237;1230511;1230672;1230901;1231110;1231269;1231550;1231694;1231853;1232057;1232200;1232457;1232723;1232970,1228377;1228549;1228853;1229079;1229402;1229545;1229677;1229832;1230085;1230325;1230569;1230744;1230999;1231180;1231392;1231618;1231750;1231917;1232105;1232323;1232560;1232827;1233005,-;-;-;-;-;-;-;-;-;-;-;-;-;-;-;-;-;-;-;-;-;-;-,2016,0,0,0,0,1,0,0,0,1
GENE.3975,chr12;chr12;chr12;chr12;chr12;chr12;chr12;chr12;chr12;chr12;chr12,1233696;1234050;1234391;1234715;1234905;1235195;1235565;1235767;1236114;1236376;1241189,1233934;1234227;1234529;1234790;1235014;1235360;1235649;1235957;1236241;1240970;1241287,+;+;+;+;+;+;+;+;+;+;+,6006,43186,43181,44052,47877,47317,47074,43130,47074,47317
GENE.3976,chr12,1242025,1243599,-,1575,3208,3208,3208,3208,3211,3200,3142,3200,3211
GENE.3977,chr12;chr12;chr12,1245535;1245921;1248520,1245634;1248517;1249170,+;+;+,3348,0,0,0,0,7,0,0,0,7
GENE.3978,chr12;chr12,1249768;1250037,1249923;1250657,-;-,777,1258,1258,1258,1262,1268,1212,1201,1212,1268
GENE.3979,chr12;chr12;chr12;chr12;chr12,1251914;1252354;1252591;1252818;1253005,1252224;1252480;1252629;1252901;1253067,-;-;-;-;-,624,190,190,190,196,193,190,190,190,193
GENE.398,chr2,561122,564622,-,3501,6152,6152,6153,6356,6156,6139,6141,6139,6156
GENE.3980,chr12,1253973,1255481,-,1509,0,0,0,0,16,0,0,0,16
GENE.3981,chr12;chr12,1256690;1257210,1256925;1258104,+;+,1131,0,0,0,0,0,0,0,0,0
GENE.3982,chr12,1259620,1262088,+,2469,2080,2080,2083,2082,2085,2077,2331,2077,2085
GENE.3983,chr12;chr12,1263661;1263929,1263750;1265593,+;+,1755,0,0,0,0,0,0,15,0,0
GENE.3984,chr12,1267368,1270181,+,2814,0,0,0,0,4,0,2,0,4
GENE.3985,chr12;chr12;chr12;chr12;chr12;chr12;chr12;chr12,1271140;1271254;1271444;1271651;1271809;1271959;1272176;1272655,1271154;1271313;1271566;1271712;1271858;1272065;1272488;1274855,+;+;+;+;+;+;+;+,2931,0,0,0,0,5,0,23,0,5
GENE.3986,chr12;chr12;chr12;chr12;chr12;chr12;chr12,1276257;1276437;1276750;1276973;1277287;1277491;1277688,1276305;1276575;1276833;1277174;1277355;1277542;1277734,+;+;+;+;+;+;+,642,391,391,391,399,391,391,391,391,391
GENE.3987,chr12,1278460,1279611,-,1152,0,0,0,0,1,0,0,0,1
GENE.3988,chr12,1286498,1289356,-,2859,2864,2864,2864,2874,2892,2854,2856,2854,2892
GENE.3989,chr12;chr12;chr12,1290685;1291107;1296898,1290882;1296571;1297069,-;-;-,5835,6039,6039,6040,6051,6068,6007,5989,6007,6068
GENE.399,chr2;chr2,566121;566269,566123;567894,+;+,1629,202,202,202,202,213,202,202,202,213
GENE.3990,chr12,1299608,1300027,+,420,136,136,136,138,140,136,136,136,140
GENE.3991,chr12,1301098,1304604,-,3507,0,0,0,0,5,0,0,0,5
GENE.3992,chr12;chr12,1306524;1306835,1306593;1306968,-;-,204,8,8,8,9,8,8,8,8,8
GENE.3993,chr12,1314696,1320170,+,5475,0,0,2,0,7,0,708,0,7
GENE.3994,chr12,1321980,1325240,+,3261,16416,16416,16416,16452,16523,16288,16375,16288,16523
GENE.3995,chr12;chr12,1325484;1325759,1325573;1327339,-;-,1671,312,312,312,312,313,311,311,311,313
GENE.3996,chr12;chr12,1328311;1330355,1329450;1331371,-;-,2157,0,0,0,0,1,0,0,0,1
GENE.3997,chr12;chr12,1333134;1333429,1333204;1334896,+;+,1539,10116,10116,10116,10132,10127,10070,10081,10070,10127
GENE.3998,chr12;chr12;chr12,1336272;1336605;1337124,1336425;1336834;1337213,+;+;+,474,37,37,37,40,40,37,46,37,40
GENE.3999,chr12,1337710,1338816,-,1107,1304,1304,1304,1310,1304,1300,1301,1300,1304
GENE.4,chrM,126,165,+,40,0,0,0,0,0,0,0,0,0
GENE.40,chrX,1709,1779,-,71,0,0,0,0,0,0,0,0,0
GENE.400,chr2;chr2;chr2;chr2,568529;568699;569171;569376,568565;569048;569259;573315,-;-;-;-,4416,6960,6960,6961,6996,7015,6752,6892,6752,7015
GENE.4000,chr12;chr12,1339845;1343038,1342783;1343314,-;-,3216,5728,5728,5729,5775,5755,5691,5709,5573,5751
GENE.4001,chr12,1344263,1345351,+,1089,1082,1082,1082,1086,1082,1081,1081,1081,1082
GENE.4002,chr12;chr12;chr12;chr12;chr12;chr12;chr12;chr12;chr12;chr12;chr12;chr12;chr12;chr12;chr12;chr12;chr12,1346052;1346400;1346650;1346885;1347057;1347231;1347394;1347596;1347831;1347981;1348170;1348523;1348683;1348852;1349017;1349227;1349409,1346303;1346498;1346753;1346940;1347104;1347286;1347447;1347688;1347885;1348052;1348254;1348610;1348764;1348935;1349121;1349291;1350512,+;+;+;+;+;+;+;+;+;+;+;+;+;+;+;+;+,2502,0,0,0,0,4,0,129,0,4
GENE.4003,chr12;chr12;chr12,1350645;1350797;1350987,1350683;1350889;1351283,-;-;-,429,384,384,384,384,384,374,374,374,384
GENE.4004,chr12;chr12;chr12;chr12;chr12;chr12;chr12;chr12;chr12,1351482;1351824;1352010;1352349;1352532;1352700;1352847;1353048;1353569,1351528;1351893;1352198;1352424;1352580;1352746;1352936;1353365;1354104,-;-;-;-;-;-;-;-;-,1422,2633,2633,2633,2693,2649,2634,2630,2634,2649
GENE.4005,chr12,1355317,1357728,-,2412,574,574,574,574,579,567,573,567,579
GENE.4006,chr12,1359169,1359576,+,408,0,0,0,0,0,0,0,0,0
GENE.4007,chr12;chr12,1360631;1363866,1363575;1370637,-;-,9717,43350,43114,43356,43759,43420,43028,42060,43028,43420
GENE.4008,chr12;chr12,1360631;1363887,1363575;1370637,-;-,9696,43350,43114,43356,43759,43420,43028,42060,43028,43420
GENE.4009,chr12,1375346,1379587,+,4242,0,0,0,0,4,0,0,0,4
GENE.401,chr2;chr2,575155;575966,575704;576054,-;-,639,0,0,1,0,0,0,0,0,0
GENE.4010,chr12;chr12;chr12;chr12,1380094;1380408;1380577;1381109,1380268;1380469;1380920;1382378,-;-;-;-,1851,0,0,0,0,1,0,0,0,1
GENE.4011,chr12;chr12;chr12,1385707;1401933;1402181,1401831;1402089;1402218,+;+;+,16320,49926,49926,50233,52684,51325,50638,50795,50630,51323
GENE.4012,chr12,1403139,1404884,+,1746,1690,1690,1690,1690,1691,1687,1690,1687,1691
GENE.4013,chr12;chr12;chr12,1405182;1405768;1405893,1405673;1405820;1405968,-;-;-,621,224,224,224,228,224,224,224,224,224
GENE.4014,chr12;chr12;chr12,1407674;1410751;1410995,1410589;1410879;1411030,+;+;+,3081,0,0,0,0,2,0,27,0,2
GENE.4015,chr12;chr12,1411607;1411989,1411756;1413104,-;-,1266,2142,2142,2142,2156,2145,2127,2135,2127,2145
GENE.4016,chr12,1414414,1426104,+,11691,0,0,3,0,11,0,641,0,11
GENE.4017,chr12;chr12;chr12,1427398;1430376;1431472,1430374;1431470;1433600,+;+;+,6201,3990,3990,3990,3990,4047,3945,4445,3945,4047
GENE.4018,chr12;chr12,1433820;1435028,1434726;1435995,-;-,1875,0,0,0,0,4,0,0,0,4
GENE.4019,chr12;chr12;chr12;chr12;chr12;chr12,1436790;1437005;1437254;1437454;1437577;1437915,1436897;1437102;1437360;1437501;1437751;1439349,-;-;-;-;-;-,1971,5416,5416,5416,5465,5430,5413,5408,5413,5430
GENE.402,chr2,578662,586164,+,7503,53282,54976,55490,62770,60380,60506,52753,52935,60306
GENE.4020,chr12,1439896,1441050,-,1155,2560,2560,2560,2560,2560,2560,2559,2560,2560
GENE.4021,chr12,1441736,1445128,-,3393,19602,19603,19789,20540,20252,20041,19557,20041,20252
GENE.4022,chr12;chr12,1446375;1450104,1449913;1450335,-;-,3771,0,0,1,0,1,0,0,0,1
GENE.4023,chr12;chr12;chr12;chr12;chr12,1452606;1456245;1456433;1456700;1457090,1456115;1456337;1456579;1456801;1457227,+;+;+;+;+,3990,0,0,0,0,7,0,0,0,7
GENE.4024,chr12;chr12;chr12,1458233;1458570;1459105,1458269;1458910;1459182,+;+;+,456,0,0,0,0,0,0,0,0,0
GENE.4025,chr12;chr12;chr12,1459834;1460419;1461240,1460299;1461061;1461486,+;+;+,1356,877,877,877,889,877,875,875,875,877
GENE.4026,chr12;chr12,1462209;1462491,1462312;1462602,-;-,216,0,0,0,0,0,0,0,0,0
GENE.4027,chr12;chr12,1464219;1464450,1464269;1467572,-;-,3174,0,0,0,0,6,0,0,0,6
GENE.4028,chr12,1470713,1475701,+,4989,11806,11806,11814,11936,11845,11458,12781,11458,11845
GENE.4029,chr12,1476529,1480014,-,3486,16540,16540,16927,18428,18247,17972,16186,17972,18247
GENE.403,chr2;chr2;chr2,586765;587119;587387,586839;587238;589051,-;-;-,1860,3616,3616,3616,3630,3653,3604,3610,3604,3653
GENE.4030,chr12,1481002,1482942,+,1941,3654,3654,3654,3656,3658,3647,3813,3647,3658
GENE.4031,chr12;chr12;chr12,1484306;1484427;1484688,1484308;1484528;1485911,+;+;+,1329,0,0,0,0,5,0,0,0,5
GENE.4032,chr12,1487084,1488691,+,1608,4686,4686,4686,4690,4699,4665,4671,4665,4699
GENE.4033,chr12;chr12;chr12;chr12;chr12;chr12;chr12;chr12;chr12;chr12;chr12;chr12;chr12;chr12,1489319;1489571;1489799;1490034;1490946;1493551;1493968;1494478;1494746;1494944;1495241;1495510;1495698;1496085,1489480;1489652;1489952;1490775;1493370;1493797;1494340;1494612;1494835;1495086;1495391;1495614;1495952;1497065,-;-;-;-;-;-;-;-;-;-;-;-;-;-,6045,0,0,1,0,8,1,0,1,8
GENE.4034,chr12;chr12;chr12;chr12;chr12,1497687;1498126;1498332;1498576;1498754,1497834;1498214;1498457;1498650;1501411,-;-;-;-;-,3096,0,1,0,0,2,1,7,1,2
GENE.4035,chr12,1502836,1504068,+,1233,726,726,727,726,727,724,728,724,727
GENE.4036,chr12,1506932,1508269,-,1338,0,0,0,0,7,0,0,0,7
GENE.4037,chr12,1512200,1516516,-,4317,0,0,3,0,23,0,0,0,23
GENE.4038,chr12,1520327,1521604,+,1278,0,0,0,0,1,0,0,0,1
GENE.4039,chr12;chr12;chr12,1522463;1522800;1524290,1522538;1524198;1524632,+;+;+,1818,6745,6744,6745,6780,6758,6718,6737,6718,6758
GENE.404,chr2,590501,591421,+,921,0,0,0,0,2,0,0,0,2
GENE.4040,chr12,1525407,1526216,-,810,1858,1858,1858,1860,1860,1858,1857,1858,1860
GENE.4041,chr12;chr12,1527455;1527953,1527831;1528034,-;-,459,352,352,352,352,354,351,352,351,354
GENE.4042,chr12,1529821,1531347,-,1527,3050,3050,3051,3064,3074,3031,3043,3031,3074
GENE.4043,chr12;chr12;chr12,1532248;1533780;1534053,1533595;1533936;1534077,+;+;+,1530,10569,10569,10568,10585,10613,10495,10530,10495,10613
GENE.4044,chr12;chr12;chr12,1534519;1534864;1535048,1534725;1534943;1535879,-;-;-,1119,507,507,507,511,508,506,506,506,508
GENE.4045,chr12;chr12,1538138;1540252,1540041;1540408,+;+,2061,6554,6554,6555,6590,6585,6499,6590,6499,6585
GENE.4046,chr12,1540766,1549144,-,8379,141712,139428,143195,152660,147268,145189,138988,144833,147268
GENE.4047,chr12,1550324,1556071,+,5748,9076,9082,9091,9608,9172,8968,9183,8968,9172
GENE.4048,chr12;chr12;chr12,1556299;1556542;1557021,1556389;1556777;1557617,-;-;-,924,235,235,235,241,235,235,235,235,235
GENE.4049,chr12;chr12;chr12,1558909;1559161;1559724,1558939;1559546;1560623,+;+;+,1317,0,0,0,0,2,0,0,0,2
GENE.405,chr2,594196,599340,+,5145,53298,53292,53308,53490,53443,52946,53244,52922,53441
GENE.4050,chr12,1561534,1566579,-,5046,18066,18066,18077,18108,18086,18011,17761,18011,18085
GENE.4051,chr12;chr12;chr12,1568605;1569016;1570450,1568834;1570174;1570569,+;+;+,1509,157,157,157,157,157,157,157,157,157
GENE.4052,chr12;chr12,1572371;1572971,1572416;1573557,+;+,633,860,860,860,876,860,857,858,857,860
GENE.4053,chr12;chr12,1575197;1575403,1575302;1575518,+;+,222,0,0,0,0,0,0,0,0,0
GENE.4054,chr12,1577181,1580747,+,3567,9412,9414,9459,9848,9629,9245,9378,9243,9629
GENE.4055,chr12;chr12;chr12,1581984;1582346;1582981,1582044;1582724;1582987,+;+;+,447,450,450,450,465,450,447,444,447,450
GENE.4056,chr12,1583909,1584595,-,687,0,0,1,0,4,1,0,1,4
GENE.4057,chr12;chr12,1586261;1587367,1587210;1587466,-;-,1050,0,0,1,0,2,0,0,0,2
GENE.4058,chr12,1589169,1592072,+,2904,0,0,0,0,2,0,9,0,2
GENE.4059,chr12;chr12;chr12;chr12;chr12,1592402;1592568;1592806;1593175;1593419,1592452;1592686;1592976;1593318;1593632,-;-;-;-;-,699,847,847,847,854,862,824,800,824,862
GENE.406,chr2;chr2;chr2;chr2;chr2;chr2;chr2;chr2;chr2,599829;599997;600187;600357;600562;600804;600961;601134;601487,599882;600049;600253;600452;600675;600867;601046;601279;601712,-;-;-;-;-;-;-;-;-,906,774,774,774,796,775,787,772,787,775
GENE.4060,chr12;chr12;chr12,1594826;1600209;1600418,1600084;1600279;1600526,+;+;+,5439,6164,6166,6297,6938,6645,6544,6148,6542,6645
GENE.4061,chr12,1601515,1602696,-,1182,4286,4286,4286,4286,4366,4008,4272,4008,4366
GENE.4062,chr12;chr12;chr12;chr12;chr12,1605107;1605348;1605850;1606070;1607274,1605125;1605446;1605888;1607164;1607539,+;+;+;+;+,1518,3574,3574,3574,3628,3597,3513,3564,3513,3597
GENE.4063,chr12,1610363,1612741,+,2379,0,0,0,0,1,0,90,0,1
GENE.4064,chr12,1615323,1616852,-,1530,5824,5824,5824,5828,5829,5810,5808,5810,5829
GENE.4065,chr12,1621237,1623705,-,2469,13548,13548,13548,13564,13943,13415,12909,13415,13943
GENE.4066,chr12;chr12,1626773;1627758,1627411;1627928,+;+,810,0,0,0,0,4,0,0,0,4
GENE.4067,chr12,1634695,1642428,+,7734,1448,1448,1448,1450,1456,1446,2003,1446,1456
GENE.4068,chr12,1645219,1645836,+,618,1326,1326,1326,1330,1327,1322,1322,1322,1327
GENE.4069,chr12,1646612,1647151,-,540,0,0,0,0,0,0,0,0,0
GENE.407,chr2;chr2,605045;605403,605237;609325,+;+,4116,40375,40375,41356,43653,43552,43075,40310,43075,43552
GENE.4070,chr12,1648667,1651687,+,3021,7146,7146,7146,7160,7150,7128,7130,7128,7150
GENE.4071,chr12,1652936,1653844,-,909,3198,3198,3198,3198,3205,3180,3184,3180,3205
GENE.4072,chr12,1655487,1658129,+,2643,326,326,326,326,335,326,361,326,335
GENE.4073,chr12,1660451,1677754,+,17304,0,0,2,0,20,0,607,0,20
GENE.4074,chr12,1678438,1681536,-,3099,11428,11428,11429,11454,11432,11402,11183,11402,11432
GENE.4075,chr12,1682835,1684460,+,1626,4528,4528,4529,4532,4534,4516,4522,4516,4534
GENE.4076,chr12,1685094,1685411,-,318,0,0,0,0,0,0,0,0,0
GENE.4077,chr12;chr12;chr12;chr12,1688606;1689178;1690040;1690347,1689175;1690038;1690345;1691162,-;-;-;-,2553,1266,1266,1266,1278,1291,1257,1228,1257,1291
GENE.4078,chr12;chr12,1694150;1701705,1700707;1703087,+;+,7941,0,4,4,8,16,5,2,5,16
GENE.4079,chr12;chr12,1704512;1711060,1709944;1712490,+;+,6864,9788,9873,9863,9978,9957,10221,9254,10221,9957
GENE.408,chr2;chr2;chr2;chr2;chr2;chr2;chr2;chr2;chr2;chr2;chr2;chr2;chr2;chr2;chr2,610625;610872;612764;613019;613250;613453;613649;613831;613980;614114;614326;614534;614697;614868;615181,610685;612646;612889;613126;613319;613493;613688;613872;614032;614191;614388;614575;614755;614970;615372,+;+;+;+;+;+;+;+;+;+;+;+;+;+;+,2853,0,0,1,0,12,0,0,0,12
GENE.4080,chr12,1715841,1715980,-,140,0,0,0,0,0,0,0,0,0
GENE.4081,chr12;chr12,1719574;1726116,1725312;1727456,+;+,7080,0,0,0,0,11,0,17,0,11
GENE.4082,chr12;chr12;chr12;chr12,1728774;1729015;1729573;1729957,1728821;1729570;1729955;1730007,+;+;+;+,1038,1140,1140,1140,1140,1140,1125,1139,1125,1140
GENE.4083,chr12,1731821,1731955,-,135,0,0,0,0,0,0,0,0,0
GENE.4084,chr12;chr12,1735543;1742005,1741002;1743408,+;+,6864,1651,2138,2136,2213,2163,2564,1568,2564,2163
GENE.4085,chr12,1745285,1745422,-,138,0,0,0,0,0,0,0,0,0
GENE.4086,chr12;chr12,1746444;1747909,1747765;1747993,-;-,1407,2057,2057,2058,2063,2060,2026,2001,2026,2060
GENE.4087,chr12;chr12;chr12,1748873;1755866;1756183,1755644;1755968;1756237,-;-;-,6930,0,0,0,0,7,0,22,0,7
GENE.4088,chr12,1757517,1759199,-,1683,7570,7570,7572,7598,7577,7519,7240,7519,7577
GENE.4089,chr12,1760416,1766391,-,5976,49684,49684,49686,49824,49801,49204,48130,49204,49801
GENE.409,chr2,616772,619429,-,2658,7912,7912,7913,7956,7941,7864,7890,7864,7941
GENE.4090,chr12,1771996,1773258,-,1263,244,244,244,244,244,242,254,242,244
GENE.4091,chr12;chr12;chr12;chr12;chr12;chr12;chr12,1774901;1775055;1775474;1775749;1776058;1776220;1776442,1774913;1775267;1775552;1775948;1776120;1776281;1776582,+;+;+;+;+;+;+,771,3219,3219,3219,3326,3228,3290,3262,3290,3228
GENE.4092,chr12;chr12,1778154;1778566,1778318;1779411,+;+,1011,168,168,168,168,170,168,168,168,170
GENE.4093,chr12,1780012,1782648,-,2637,9166,9166,9165,9178,9168,9145,8939,9145,9168
GENE.4094,chr12,1784380,1786410,+,2031,1582,1592,1623,1726,1691,1681,1582,1681,1691
GENE.4095,chr12,1787236,1788831,-,1596,0,0,0,0,3,1,0,1,3
GENE.4096,chr12,1790557,1790763,+,207,0,0,0,0,0,0,0,0,0
GENE.4097,chr12,1791156,1793075,+,1920,5256,5256,5256,5276,5280,5199,5466,5199,5280
GENE.4098,chr12;chr12;chr12;chr12;chr12;chr12;chr12,1793532;1793750;1793907;1794129;1794295;1794516;1794681,1793650;1793798;1794000;1794190;1794320;1794571;1794835,-;-;-;-;-;-;-,561,145,145,145,159,145,147,145,147,145
GENE.4099,chr12;chr12;chr12;chr12,1795845;1796155;1796868;1797374,1796009;1796493;1797229;1797860,+;+;+;+,1353,0,0,0,0,4,0,0,0,4
GENE.41,chrX,1809,1880,+,72,0,0,0,0,0,0,0,0,0
GENE.410,chr2;chr2;chr2;chr2;chr2;chr2;chr2,622524;622789;622939;623143;623715;624073;624250,622582;622840;623014;623529;623944;624108;624306,-;-;-;-;-;-;-,897,462,462,462,462,463,462,462,462,463
GENE.4100,chr12,1798643,1799788,+,1146,0,0,0,0,3,0,0,0,3
GENE.4101,chr12;chr12,1800562;1802221,1802037;1802310,+;+,1566,466,466,466,468,466,462,464,462,466
GENE.4102,chr12;chr12,1803653;1804073,1803655;1804483,+;+,414,230,230,230,230,238,189,228,189,238
GENE.4103,chr12;chr12;chr12;chr12,1805380;1806734;1807013;1807339,1806587;1806826;1807073;1807356,-;-;-;-,1380,2001,2001,2001,2004,2058,1969,1994,1969,2058
GENE.4104,chr12;chr12;chr12,1808878;1809283;1809566,1808935;1809455;1809622,-;-;-,288,6,6,6,8,7,6,5,6,7
GENE.4105,chr12,1811790,1812698,+,909,0,0,0,0,0,0,0,0,0
GENE.4106,chr12,1813507,1814235,-,729,3052,3052,3052,3058,3057,3036,3041,3036,3057
GENE.4107,chr12,1815311,1815562,+,252,0,0,0,0,0,0,0,0,0
GENE.4108,chr12;chr12,1816069;1816275,1816134;1816448,-;-,240,0,0,0,0,0,0,0,0,0
GENE.4109,chr12,1818738,1820069,+,1332,5370,5370,5370,5386,5373,5357,5359,5357,5373
GENE.411,chr2,626976,627710,+,735,588,588,588,590,588,586,587,586,588
GENE.4110,chr12;chr12;chr12;chr12;chr12;chr12;chr12;chr12,1820881;1821034;1821187;1821308;1821511;1821864;1822314;1822530,1820925;1821086;1821222;1821365;1821619;1822090;1822400;1822595,-;-;-;-;-;-;-;-,681,0,0,0,0,0,0,0,0,0
GENE.4111,chr12;chr12;chr12,1825959;1826413;1826738,1826058;1826513;1826884,+;+;+,348,10,10,10,11,10,10,10,10,10
GENE.4112,chr12,1829660,1831057,+,1398,1654,1654,1654,1708,1656,1651,1653,1651,1656
GENE.4113,chr12;chr12;chr12;chr12,1831484;1831640;1831824;1831998,1831521;1831690;1831895;1832949,-;-;-;-,1113,0,0,0,0,1,0,0,0,1
GENE.4114,chr12;chr12;chr12;chr12;chr12;chr12,1834064;1834593;1834887;1837000;1839282;1840353,1834335;1834661;1836648;1839159;1840175;1840736,-;-;-;-;-;-,5541,0,0,0,0,5,0,0,0,5
GENE.4115,chr12;chr12;chr12,1842399;1842697;1845461,1842561;1845261;1845651,-;-;-,2919,0,0,0,0,1,0,0,0,1
GENE.4116,chr12;chr12;chr12;chr12;chr12,1847677;1851162;1851453;1851793;1852112,1851055;1851272;1851638;1851962;1852156,+;+;+;+;+,3891,14068,14068,14069,14268,14154,13935,14062,13935,14154
GENE.4117,chr12,1852844,1855681,-,2838,5652,5652,5662,5666,5662,5581,5407,5555,5662
GENE.4118,chr12,1857849,1858090,+,242,0,0,0,0,0,0,0,0,0
GENE.4119,chr12;chr12,1859656;1863799,1863615;1863846,+;+,4008,4780,4780,4780,4792,4787,4763,4870,4763,4787
GENE.412,chr2,628642,631308,-,2667,1546,1546,1546,1546,1549,1535,1541,1535,1549
GENE.4120,chr12,1864229,1866661,-,2433,0,0,0,0,4,0,0,0,4
GENE.4121,chr12,1868533,1869531,-,999,0,0,0,0,4,0,0,0,4
GENE.4122,chr12;chr12;chr12,1871919;1872184;1872864,1871986;1872736;1872911,+;+;+,669,0,0,0,0,1,0,2,0,1
GENE.4123,chr12;chr12;chr12;chr12;chr12;chr12;chr12;chr12;chr12,1873194;1873366;1873532;1873801;1874088;1874290;1874505;1874933;1875178,1873217;1873418;1873665;1873973;1874164;1874359;1874746;1875057;1875287,-;-;-;-;-;-;-;-;-,1008,1171,1171,1171,1208,1171,1190,1168,1190,1171
GENE.4124,chr12;chr12;chr12;chr12;chr12;chr12,1877039;1879202;1879379;1879634;1879784;1879975,1879038;1879260;1879452;1879667;1879841;1880041,+;+;+;+;+;+,2292,2,2,2,2,3,2,19,2,3
GENE.4125,chr12,1880036,1881406,-,1371,1176,1176,1176,1178,1197,1168,1173,1168,1197
GENE.4126,chr12;chr12,1883469;1883752,1883519;1887681,+;+,3981,13521,13521,13523,13557,13570,13459,13651,13459,13570
GENE.4127,chr12,1888250,1892698,-,4449,0,0,0,0,5,0,2,0,5
GENE.4128,chr12;chr12;chr12;chr12,1893069;1893224;1893523;1893784,1893120;1893408;1893639;1893903,+;+;+;+,474,0,0,0,0,0,0,0,0,0
GENE.4129,chr12,1894942,1895967,+,1026,0,0,0,0,4,0,0,0,4
GENE.413,chr2,634589,637507,-,2919,5186,5115,5210,5444,5217,5147,5128,5147,5215
GENE.4130,chr12;chr12;chr12;chr12;chr12;chr12;chr12;chr12;chr12;chr12;chr12,1896891;1897220;1897521;1897695;1897890;1898076;1898226;1898427;1898632;1898805;1899070,1896939;1897263;1897595;1897793;1897938;1898134;1898265;1898503;1898685;1898873;1899837,+;+;+;+;+;+;+;+;+;+;+,1383,3284,3284,3285,3362,3288,3336,3276,3336,3288
GENE.4131,chr12,1900249,1905066,-,4818,882,882,883,884,890,871,872,863,888
GENE.4132,chr12,1907045,1907960,+,916,0,1,0,0,0,0,0,0,0
GENE.4133,chr12;chr12;chr12,1908149;1908405;1908718,1908207;1908594;1909764,+;+;+,1296,0,0,0,0,3,0,0,0,3
GENE.4134,chr12,1910963,1911898,+,936,826,826,826,826,830,824,824,824,830
GENE.4135,chr12;chr12;chr12;chr12,1912457;1913522;1914295;1914538,1913393;1913891;1914381;1914595,+;+;+;+,1452,40,40,40,40,40,39,39,39,40
GENE.4136,chr12;chr12,1915749;1917651,1917493;1917798,+;+,1893,3486,3486,3486,3498,3541,3454,3480,3454,3541
GENE.4137,chr12,1920784,1921914,+,1131,1098,1098,1098,1098,1099,1083,1085,1083,1099
GENE.4138,chr12;chr12;chr12;chr12;chr12;chr12;chr12;chr12;chr12;chr12,1925642;1926038;1926505;1926707;1926915;1927638;1928440;1928771;1928928;1929226,1925863;1926368;1926598;1926785;1927497;1928341;1928619;1928832;1929126;1929438,+;+;+;+;+;+;+;+;+;+,2667,0,0,0,0,3,0,0,0,3
GENE.4139,chr12,1931970,1932584,+,615,1394,1394,1394,1394,1396,1389,1389,1389,1396
GENE.414,chr2,640400,642694,+,2295,15776,15944,17271,17140,17151,23221,15738,23221,17151
GENE.4140,chr12,1933761,1935467,-,1707,0,0,0,0,1,0,0,0,1
GENE.4141,chr12,1936522,1937694,+,1173,656,656,655,664,659,647,654,647,659
GENE.4142,chr12,1938643,1939965,+,1323,110,110,110,110,111,110,111,110,111
GENE.4143,chr12;chr12;chr12;chr12,1941365;1941930;1942205;1942420,1941828;1942061;1942322;1942491,+;+;+;+,786,3193,3193,3193,3201,3198,3183,3186,3183,3198
GENE.4144,chr12;chr12,1943358;1944848,1944609;1945803,-;-,2208,1020,1020,1020,1028,1029,1016,1015,1016,1029
GENE.4145,chr12;chr12;chr12;chr12;chr12;chr12,1946914;1947222;1947447;1947685;1947983;1948667,1947116;1947344;1947584;1947752;1948487;1948733,+;+;+;+;+;+,1104,2005,2007,2005,2051,2021,1992,2000,1992,2021
GENE.4146,chr12;chr12;chr12;chr12;chr12;chr12,1946914;1947222;1947447;1947685;1947983;1948667,1947116;1947344;1947572;1947752;1948487;1948733,+;+;+;+;+;+,1092,2005,2007,2005,2051,2021,1992,2000,1992,2021
GENE.4147,chr12;chr12,1949594;1950185,1950028;1950493,+;+,744,764,764,764,772,766,763,764,763,766
GENE.4148,chr12,1950989,1951513,-,525,0,0,0,0,0,0,37,0,0
GENE.4149,chr12;chr12,1952568;1954469,1954007;1954624,+;+,1596,4386,4386,4386,4393,4426,4353,4363,4353,4426
GENE.415,chr2,643106,644317,-,1212,0,0,0,0,2,0,0,0,2
GENE.4150,chr12,1955124,1956038,-,915,0,0,0,0,0,0,0,0,0
GENE.4151,chr12,1959612,1962341,+,2730,0,0,0,0,0,0,0,0,0
GENE.4152,chr12,1962774,1964258,-,1485,0,0,0,0,0,0,0,0,0
GENE.4153,chr12,1964862,1966025,-,1164,2780,2781,2780,2786,2780,2775,2759,2775,2780
GENE.4154,chr12;chr12;chr12;chr12;chr12;chr12;chr12;chr12,1968163;1968465;1968714;1969074;1969244;1969527;1969842;1970101,1968243;1968573;1968882;1969129;1969297;1969731;1969966;1971074,+;+;+;+;+;+;+;+,1773,3745,3745,3745,3831,3759,3665,3735,3665,3759
GENE.4155,chr12,1972438,1973076,+,639,766,766,766,788,766,762,763,762,766
GENE.4156,chr12,1973584,1974246,+,663,502,502,502,510,510,458,501,458,510
GENE.4157,chr12,1975172,1976437,+,1266,0,0,2,0,9,0,31,0,9
GENE.4158,chr12,1977865,1978938,+,1074,2744,2744,2744,2744,2744,2743,2743,2743,2744
GENE.4159,chr12,1979786,1980199,-,414,0,0,0,0,0,0,0,0,0
GENE.416,chr2;chr2,645929;646115,645980;650085,+;+,4023,12020,12020,12020,12026,12036,11951,12247,11951,12036
GENE.4160,chr12,1981906,1982763,+,858,66,66,66,66,66,65,71,65,66
GENE.4161,chr12,1983480,1984349,-,870,3836,3836,3836,3838,3856,3819,3832,3819,3856
GENE.4162,chr12;chr12;chr12,1988237;1990413;1990700,1990315;1990528;1990745,+;+;+,2241,155,155,155,155,156,154,154,154,156
GENE.4163,chr12,1994775,2000744,+,5970,0,0,2,0,4,0,356,0,4
GENE.4164,chr12,2001987,2002271,+,285,0,0,0,0,0,0,0,0,0
GENE.4165,chr12,2002723,2004030,-,1308,0,0,3,0,1,0,0,0,1
GENE.4166,chr12,2005175,2007193,-,2019,1398,1398,1398,1398,1398,1395,1396,1395,1398
GENE.4167,chr12;chr12;chr12,2008194;2008482;2009628,2008259;2009513;2009708,+;+;+,1179,0,0,0,0,0,0,0,0,0
GENE.4168,chr12;chr12,2010428;2011017,2010885;2011101,+;+,543,338,338,338,338,358,337,338,337,358
GENE.4169,chr12,2012643,2015726,+,3084,1654,1654,1655,1656,1655,1651,2292,1651,1655
GENE.417,chr2,650663,653362,-,2700,0,0,0,0,3,0,0,0,3
GENE.4170,chr12,2016325,2016756,-,432,0,0,0,0,1,0,0,0,1
GENE.4171,chr12;chr12;chr12;chr12;chr12,2017364;2017625;2017817;2018019;2018257,2017405;2017657;2017915;2018111;2018469,-;-;-;-;-,480,761,760,761,779,762,764,757,764,762
GENE.4172,chr12;chr12;chr12,2018995;2019334;2021720,2019029;2021557;2022007,-;-;-,2547,0,0,0,0,0,0,2,0,0
GENE.4173,chr12,2023455,2026181,-,2727,0,0,1,0,5,0,143,0,5
GENE.4174,chr12;chr12;chr12;chr12,2030910;2031235;2031452;2031703,2031061;2031351;2031528;2039852,-;-;-;-,8496,30172,30172,30175,30764,30294,29856,29318,29856,30294
GENE.4175,chr12,2041293,2043212,-,1920,31760,30705,31770,31924,31794,32202,30039,29799,31788
GENE.4176,chr12,2044120,2044626,+,507,0,0,0,0,0,0,0,0,0
GENE.4177,chr12,2045070,2054429,-,9360,22614,22614,22613,22684,22763,22379,22529,22379,22763
GENE.4178,chr12;chr12;chr12;chr12;chr12;chr12,2059108;2061741;2062038;2062364;2062704;2062967,2061337;2061940;2062185;2062475;2062872;2063227,+;+;+;+;+;+,3120,6334,6334,6334,6379,6399,6297,6327,6297,6399
GENE.4179,chr12;chr12,2064987;2065150,2064989;2066040,+;+,894,2718,2718,2718,2722,2720,2708,2714,2708,2720
GENE.418,chr2;chr2;chr2;chr2;chr2;chr2;chr2;chr2;chr2;chr2,654918;655082;655282;655548;655658;655860;656056;656377;656634;656781,654966;655172;655369;655583;655750;655921;656190;656486;656692;656840,-;-;-;-;-;-;-;-;-;-,783,1873,1873,1873,1929,1895,1838,1860,1838,1895
GENE.4180,chr12,2067400,2069370,+,1971,5074,5074,5074,5076,5084,5063,5065,5063,5084
GENE.4181,chr12;chr12;chr12;chr12;chr12;chr12,2070094;2070245;2070477;2070684;2070835;2070979,2070162;2070372;2070552;2070755;2070868;2071073,+;+;+;+;+;+,474,528,528,528,546,534,544,528,544,534
GENE.4182,chr12,2071602,2073641,-,2040,1416,1416,1416,1416,1417,1410,1411,1410,1417
GENE.4183,chr12;chr12,2075792;2076122,2075929;2076517,+;+,534,0,0,0,0,0,0,0,0,0
GENE.4184,chr12;chr12,2077718;2078131,2077904;2082887,+;+,4944,14936,14936,14937,14946,15022,14714,14947,14714,15022
GENE.4185,chr12,2083353,2084318,-,966,0,0,0,0,0,0,0,0,0
GENE.4186,chr12;chr12;chr12;chr12;chr12;chr12;chr12;chr12,2085370;2085553;2085795;2085978;2086312;2086479;2086660;2086892,2085426;2085622;2085833;2086060;2086371;2086560;2086761;2086959,-;-;-;-;-;-;-;-,561,37,37,37,43,40,37,33,37,40
GENE.4187,chr12;chr12;chr12,2089484;2089872;2090077,2089697;2089918;2090220,+;+;+,405,0,0,0,0,0,0,0,0,0
GENE.4188,chr12;chr12;chr12,2092087;2092263;2092549,2092120;2092354;2094231,+;+;+,1809,7034,7034,7034,7046,7050,7021,7025,7021,7050
GENE.4189,chr12;chr12;chr12;chr12;chr12;chr12;chr12,2095062;2095234;2095467;2095710;2095964;2096205;2096456,2095139;2095343;2095575;2095800;2096072;2096287;2096508,-;-;-;-;-;-;-,633,1297,1297,1297,1329,1297,1301,1292,1301,1297
GENE.419,chr2,658636,664629,+,5994,23158,23166,24225,33036,26863,26777,23076,24413,26849
GENE.4190,chr12,2097436,2098845,-,1410,0,0,0,0,0,0,0,0,0
GENE.4191,chr12,2099852,2101969,+,2118,10916,10916,10916,10920,10921,10871,10880,10871,10921
GENE.4192,chr12,2103117,2105255,+,2139,1816,1816,1816,1818,1831,1801,1814,1801,1831
GENE.4193,chr12;chr12;chr12,2106216;2106404;2108096,2106242;2107858;2108293,-;-;-,1680,2751,2751,2751,2763,2777,2716,2727,2716,2777
GENE.4194,chr12,2108960,2110927,-,1968,0,0,0,0,3,0,0,0,3
GENE.4195,chr12,2112878,2112950,+,73,0,0,0,0,0,0,0,0,0
GENE.4196,chr12,2113730,2113801,-,72,0,0,0,0,0,0,0,0,0
GENE.4197,chr12;chr12;chr12;chr12;chr12;chr12;chr12;chr12,2114628;2119036;2120487;2120877;2121431;2121693;2121963;2122364,2118827;2120280;2120734;2121278;2121556;2121827;2122130;2122487,-;-;-;-;-;-;-;-,6648,0,0,0,0,8,0,0,0,8
GENE.4198,chr12,2125435,2126571,+,1137,1236,1236,1236,1242,1264,1163,1229,1163,1264
GENE.4199,chr12;chr12,2128400;2128568,2128438;2128786,-;-,258,0,0,0,0,0,0,0,0,0
GENE.42,chrX,1891,1969,-,79,0,0,0,0,0,0,0,0,0
GENE.420,chr2,664984,668532,-,3549,2438,2439,2438,2458,2441,2411,2345,2411,2441
GENE.4200,chr12;chr12;chr12;chr12,2136053;2136261;2137552;2138284,2136110;2137550;2138282;2144874,+;+;+;+,8670,0,0,1,0,11,0,3,0,11
GENE.4201,chr12;chr12,2145266;2146425,2146258;2146616,-;-,1185,0,0,0,0,0,0,0,0,0
GENE.4202,chr12,2150554,2151915,+,1362,1138,1138,1138,1138,1154,1125,1136,1125,1154
GENE.4203,chr12;chr12,2154618;2154964,2154809;2156124,+;+,1353,0,0,0,0,0,0,0,0,0
GENE.4204,chr12;chr12,2159573;2159864,2159701;2161615,+;+,1881,0,0,0,0,0,0,0,0,0
GENE.4205,chr12;chr12,2162707;2163080,2162982;2163145,-;-,342,4,4,4,4,4,4,4,4,4
GENE.4206,chr12;chr12,2168181;2168413,2168243;2169759,+;+,1410,10455,10455,10455,10461,10461,10433,10436,10433,10461
GENE.4207,chr12;chr12,2171342;2171621,2171479;2172349,+;+,867,0,0,0,0,0,0,0,0,0
GENE.4208,chr12;chr12,2173799;2174245,2174140;2174322,-;-,420,0,0,0,0,0,0,0,0,0
GENE.4209,chr12;chr12;chr12,2175329;2175552;2175751,2175412;2175748;2176087,+;+;+,618,202,234,242,314,250,240,240,240,250
GENE.421,chr2;chr2,668985;669221,669047;669841,-;-,684,374,374,374,378,378,371,353,371,378
GENE.4210,chr12,2180419,2182869,+,2451,0,0,0,0,1,0,0,0,1
GENE.4211,chr12;chr12,2183464;2184100,2184027;2184168,-;-,633,296,300,300,312,300,299,162,299,300
GENE.4212,chr12;chr12,2188760;2189378,2189375;2189613,+;+,852,0,0,0,0,6,0,0,0,6
GENE.4213,chr12;chr12,2190483;2191693,2191532;2191770,-;-,1128,0,0,0,0,1,0,0,0,1
GENE.4214,chr12;chr12,2196157;2196400,2196288;2197122,+;+,855,364,658,658,660,659,620,30,620,659
GENE.4215,chr12;chr12;chr12,2198926;2199150;2199556,2199057;2199554;2199846,+;+;+,828,2360,2726,2692,2874,2732,2577,1900,2577,2732
GENE.4216,chr12;chr12,2201495;2201703,2201551;2202686,+;+,1041,0,3,2,174,3,5,3,5,3
GENE.4217,chr12;chr12,2204724;2204896,2204792;2205714,+;+,888,414,414,414,414,414,415,414,414,414
GENE.4218,chr12;chr12,2207830;2208114,2207883;2209115,+;+,1056,0,54,60,64,65,113,2,113,65
GENE.4219,chr12;chr12,2211543;2211715,2211611;2212554,+;+,909,1825,2108,2053,2155,2792,2585,1378,2581,2792
GENE.422,chr2,670413,674558,+,4146,5470,5470,5470,5478,5482,5483,5534,5471,5481
GENE.4220,chr12;chr12,2214671;2214949,2214739;2216019,+;+,1140,0,0,0,0,0,0,0,0,0
GENE.4221,chr12;chr12,2218452;2218667,2218505;2219533,+;+,921,2036,2036,2036,2044,2042,2020,2021,2020,2042
GENE.4222,chr12;chr12,2221835;2222009,2221903;2222848,+;+,909,1156,1603,1554,1694,2207,2077,869,2076,2207
GENE.4223,chr12;chr12,2224997;2226148,2225923;2226201,-;-,981,1967,1967,1967,1971,1974,1949,1962,1949,1974
GENE.4224,chr12;chr12,2228632;2229687,2229531;2229740,-;-,954,0,0,0,0,1,0,0,0,1
GENE.4225,chr12,2232691,2232903,+,213,0,0,0,0,0,0,0,0,0
GENE.4226,chr12;chr12,2234600;2234827,2234671;2235792,+;+,1038,276,276,276,276,279,276,276,276,279
GENE.4227,chr12;chr12,2238210;2238419,2238263;2239417,+;+,1053,497,525,522,529,529,593,451,593,529
GENE.4228,chr12;chr12,2241271;2243488,2242602;2248962,-;-,6807,0,12,3,12,8,6,0,6,8
GENE.4229,chr13;chr13,21364;27474,26538;28787,+;+,6489,18132,21365,21334,21410,21388,21290,10620,21290,21388
GENE.423,chr2,675431,677599,+,2169,4398,4398,4398,4408,4406,4373,4385,4373,4406
GENE.4230,chr13;chr13,30605;31828,31597;31881,-;-,1047,757,761,759,762,759,753,740,753,759
GENE.4231,chr13;chr13,33959;35899,35155;44742,-;-,10041,73758,73752,73757,73830,74125,73060,73528,73060,74125
GENE.4232,chr13;chr13,47583;47792,47636;48769,+;+,1032,3098,3511,3444,3712,3559,3383,2856,3383,3559
GENE.4233,chr13;chr13,50662;50916,50715;51857,+;+,996,2817,2817,2817,2821,2830,2799,2812,2799,2830
GENE.4234,chr13;chr13,54067;55188,55032;55259,-;-,1038,0,0,0,0,0,0,0,0,0
GENE.4235,chr13;chr13,57109;58369,58164;58422,-;-,1110,0,0,0,0,2,0,0,0,2
GENE.4236,chr13;chr13;chr13,60097;60504;60754,60407;60634;61172,-;-;-,861,98,742,1844,1709,1603,1906,54,1906,1603
GENE.4237,chr13;chr13,62515;63479,63372;63547,-;-,927,836,838,838,840,839,837,835,837,839
GENE.4238,chr13;chr13,65548;66760,66600;66816,-;-,1110,849,1666,1665,2543,1686,1679,533,1679,1686
GENE.4239,chr13;chr13,68484;69280,69185;69411,-;-,834,1142,2124,2136,2618,2190,2205,18,2205,2190
GENE.424,chr2;chr2,678487;679042,678756;683703,+;+,4932,0,0,0,0,16,0,74,0,16
GENE.4240,chr13;chr13,73099;74225,74043;74413,-;-,1134,2207,2307,2422,4940,2917,2767,2196,2758,2917
GENE.4241,chr13;chr13;chr13,78614;79167;79441,79165;79328;79470,-;-;-,744,0,0,0,0,0,0,0,0,0
GENE.4242,chr13;chr13,82718;82948,82792;84018,+;+,1146,943,943,943,947,944,938,940,938,944
GENE.4243,chr13;chr13,85563;86436,86300;86624,-;-,927,1776,1776,1776,1778,1778,1775,1775,1775,1778
GENE.4244,chr13;chr13;chr13;chr13,89319;89525;89737;89956,89392;89607;89815;93352,-;-;-;-,3633,1048,1048,1048,1048,1052,1039,1046,1039,1052
GENE.4245,chr13;chr13,99548;99853,99616;100521,+;+,738,880,880,880,884,880,878,878,878,880
GENE.4246,chr13;chr13,102842;106985,106849;109471,+;+,6495,0,0,0,0,11,1,1,1,11
GENE.4247,chr13;chr13,109695;110185,109976;110268,-;-,366,81,81,81,86,84,81,81,81,84
GENE.4248,chr13;chr13,112792;113609,113523;113815,-;-,939,0,0,0,0,2,0,0,0,2
GENE.4249,chr13,121636,122289,-,654,0,0,0,0,0,0,0,0,0
GENE.425,chr2,686485,688545,+,2061,752,752,752,752,761,744,916,744,761
GENE.4250,chr13,123726,124415,-,690,876,876,876,876,885,870,870,870,885
GENE.4251,chr13;chr13,126611;127036,126873;127141,-;-,369,3,3,3,3,3,3,1,3,3
GENE.4252,chr13;chr13;chr13;chr13;chr13;chr13;chr13;chr13;chr13,129717;129854;130030;130228;130414;130556;130689;130887;131011,129758;129899;130106;130290;130473;130584;130782;130891;131086,-;-;-;-;-;-;-;-;-,492,234,234,234,238,240,238,234,238,240
GENE.4253,chr13;chr13;chr13;chr13,131849;135444;136039;138618,135332;135924;138328;140594,-;-;-;-,8232,39841,39841,39841,39903,39933,39614,39457,39614,39933
GENE.4254,chr13,142860,144095,-,1236,708,708,709,710,709,708,655,708,709
GENE.4255,chr13;chr13;chr13,145174;149499;150069,149318;149924;150198,+;+;+,4701,0,0,0,0,10,0,124,0,10
GENE.4256,chr13;chr13,150783;151217,150948;151635,-;-,585,75,75,75,78,79,74,75,74,79
GENE.4257,chr13,154992,157394,+,2403,0,0,4,0,1,0,0,0,1
GENE.4258,chr13;chr13;chr13,158144;158370;158596,158205;158478;158778,+;+;+,354,34,34,34,34,34,34,34,34,34
GENE.4259,chr13;chr13,159024;159414,159190;159915,+;+,669,118,118,118,118,118,108,118,108,118
GENE.426,chr2;chr2;chr2;chr2;chr2;chr2;chr2,690311;690474;690716;690961;691295;691682;692805,690346;690513;690837;691020;691489;692401;695783,+;+;+;+;+;+;+,4152,1515,1515,1515,1525,1533,1506,1514,1506,1533
GENE.4260,chr13;chr13;chr13;chr13;chr13,160488;160905;161149;161357;161630,160775;160989;161256;161471;161660,-;-;-;-;-,627,948,948,948,974,949,946,946,946,949
GENE.4261,chr13;chr13;chr13;chr13,160488;160905;161357;161630,160775;160989;161471;161660,-;-;-;-,519,938,938,935,963,936,935,936,935,936
GENE.4262,chr13,162917,163879,+,963,0,0,0,0,0,0,0,0,0
GENE.4263,chr13,165013,168081,-,3069,2926,2926,2926,2956,2928,2915,2878,2915,2928
GENE.4264,chr13;chr13,169874;170183,170029;175789,-;-,5763,52698,52695,52700,52794,52883,52374,51993,52374,52883
GENE.4265,chr13;chr13,178783;179237,179049;179353,+;+,384,0,0,0,0,1,0,0,0,1
GENE.4266,chr13;chr13;chr13;chr13;chr13;chr13,180549;180727;180990;181249;181422;181711,180582;180833;181026;181314;181508;184517,+;+;+;+;+;+,3138,7795,7795,7796,7812,7810,7754,7787,7754,7810
GENE.4267,chr13,184845,212660,-,27816,75712,75712,75724,76482,75980,74990,74525,74986,75980
GENE.4268,chr13;chr13;chr13;chr13;chr13,215291;215493;215671;215983;216240,215383;215588;215858;216125;216331,+;+;+;+;+,612,0,0,0,0,0,0,0,0,0
GENE.4269,chr13;chr13;chr13;chr13,216652;216868;217061;217204,216758;216955;217114;220029,-;-;-;-,3075,0,0,0,0,10,0,1,0,10
GENE.427,chr2;chr2;chr2;chr2;chr2;chr2;chr2,690311;690474;690716;690961;691295;691682;692805,690346;690513;690837;691020;691471;692401;695783,+;+;+;+;+;+;+,4134,1515,1515,1515,1525,1533,1506,1514,1506,1533
GENE.4270,chr13;chr13,221816;224524,224357;224720,-;-,2739,0,0,0,0,2,0,0,0,2
GENE.4271,chr13;chr13,226669;227021,226805;228290,-;-,1407,7749,7749,7750,8037,7769,7628,7738,7628,7769
GENE.4272,chr13;chr13;chr13,226669;227021;228846,226805;228262;228873,-;-;-,1407,7748,7748,7749,8036,7768,7627,7738,7627,7768
GENE.4273,chr13,231083,231724,+,642,1416,1416,1418,1648,1418,1414,1416,1414,1418
GENE.4274,chr13;chr13,232493;232813,232699;234447,-;-,1842,5988,5988,5988,6008,5995,5925,5941,5925,5995
GENE.4275,chr13,235800,236435,-,636,1330,1330,1330,1330,1368,1297,1328,1297,1368
GENE.4276,chr13,237361,241233,+,3873,5624,5624,5627,5632,5631,5607,5798,5607,5631
GENE.4277,chr13;chr13;chr13;chr13;chr13;chr13,241657;242002;242257;242631;242870;243149,241872;242181;242459;242727;242954;243192,+;+;+;+;+;+,825,559,559,559,575,560,560,559,560,560
GENE.4278,chr13,243655,243772,-,118,0,0,0,0,0,0,0,0,0
GENE.4279,chr13;chr13;chr13;chr13,245199;245526;245777;246125,245269;245612;245948;246175,+;+;+;+,381,52,51,52,53,52,52,51,52,52
GENE.428,chr2,696193,699561,-,3369,0,0,0,0,6,0,0,0,6
GENE.4280,chr13,247312,251751,+,4440,17392,17392,17392,17416,17416,17344,17438,17344,17416
GENE.4281,chr13,252526,253788,-,1263,934,934,934,934,934,934,934,934,934
GENE.4282,chr13,255130,256116,+,987,0,0,0,0,0,0,0,0,0
GENE.4283,chr13;chr13,256430;256773,256597;267182,-;-,10578,85017,85017,85017,85119,85235,84684,84812,84684,85235
GENE.4284,chr13;chr13,268785;269183,269059;270737,-;-,1830,10190,10190,10190,10198,10212,10166,10186,10166,10212
GENE.4285,chr13,271411,273726,+,2316,0,0,0,0,4,0,17,0,4
GENE.4286,chr13;chr13,274073;274416,274280;275200,-;-,993,425,425,425,425,437,424,425,424,437
GENE.4287,chr13,277139,277729,+,591,4,4,4,4,5,4,4,4,5
GENE.4288,chr13,278294,279133,+,840,1164,1164,1164,1182,1164,1158,1159,1158,1164
GENE.4289,chr13;chr13,279990;281113,280828;281701,-;-,1428,2036,2036,2037,2040,2042,2026,2027,2026,2042
GENE.429,chr2,701245,702894,+,1650,2898,2898,2900,2910,2898,2882,2884,2880,2898
GENE.4290,chr13,283475,287500,+,4026,0,0,1,0,20,0,54,0,20
GENE.4291,chr13,288163,288561,+,399,0,0,0,0,0,0,0,0,0
GENE.4292,chr13,289564,291000,-,1437,244,244,244,244,245,244,244,244,245
GENE.4293,chr13;chr13;chr13;chr13;chr13;chr13;chr13,293442;293750;295484;295859;296036;296335;296530,293651;295393;295697;295920;296139;296425;296607,+;+;+;+;+;+;+,2403,0,0,0,0,1,0,0,0,1
GENE.4294,chr13,297178,298359,-,1182,4950,4950,4950,4952,4954,4938,4944,4914,4952
GENE.4295,chr13,300988,313929,+,12942,0,0,0,0,30,0,30,0,30
GENE.4296,chr13;chr13;chr13,315042;315634;316722,315453;316526;316784,-;-;-,1368,1542,1542,1542,1546,1543,1538,1539,1538,1543
GENE.4297,chr13;chr13;chr13;chr13,318332;318462;318655;318830,318386;318524;318710;319735,-;-;-;-,1080,0,0,1,0,0,0,0,0,0
GENE.4298,chr13,320815,322017,-,1203,280,280,280,282,282,280,280,280,282
GENE.4299,chr13;chr13,323472;324974,324762;325032,+;+,1350,326,326,326,326,327,320,331,320,327
GENE.43,chrX,1977,2048,-,72,0,0,0,0,0,0,0,0,0
GENE.430,chr2;chr2;chr2;chr2,703090;703291;704045;705195,703202;703795;704964;706587,-;-;-;-,2931,108,109,108,114,116,107,132,107,116
GENE.4300,chr13;chr13;chr13,325215;325509;325770,325265;325593;326371,-;-;-,738,704,704,704,707,708,698,704,698,708
GENE.4301,chr13,327893,330928,+,3036,16252,16252,16655,18406,18225,17917,16191,17917,18225
GENE.4302,chr13,331558,332526,-,969,4440,4440,4440,4468,4463,4401,4431,4401,4463
GENE.4303,chr13,333597,335489,+,1893,4510,4510,4510,4512,4544,4465,4503,4465,4544
GENE.4304,chr13;chr13,335852;336687,336438;337263,-;-,1164,178,178,178,178,179,177,177,177,179
GENE.4305,chr13,338189,338455,-,267,0,0,0,0,0,0,0,0,0
GENE.4306,chr13;chr13,339927;341780,341677;341888,-;-,1860,6454,6454,6454,6458,6456,6442,6448,6442,6456
GENE.4307,chr13,344525,348232,+,3708,1430,1430,1430,1440,1433,1424,1482,1424,1433
GENE.4308,chr13;chr13;chr13,348743;348959;349399,348818;349178;350788,-;-;-,1686,0,0,1,0,0,0,0,0,0
GENE.4309,chr13;chr13,351840;354667,354348;354818,-;-,2661,12278,12278,12278,12342,12284,12258,11989,12258,12284
GENE.431,chr2,707738,709393,+,1656,11158,11158,11158,11158,11204,11038,11138,11038,11204
GENE.4310,chr13,356709,359201,+,2493,0,0,0,0,4,0,0,0,4
GENE.4311,chr13,360169,360627,+,459,0,0,0,0,0,0,0,0,0
GENE.4312,chr13;chr13,361166;368468,368265;368495,-;-,7128,0,0,0,0,18,0,0,0,18
GENE.4313,chr13;chr13,372260;372565,372426;372646,+;+,249,0,0,0,0,0,0,0,0,0
GENE.4314,chr13;chr13,373487;380976,380833;392072,-;-,18444,0,0,0,0,14,0,124,0,14
GENE.4315,chr13,393857,394936,-,1080,704,704,704,704,710,692,703,692,710
GENE.4316,chr13,396734,400951,-,4218,16718,16718,16718,16780,16739,16648,16225,16648,16739
GENE.4317,chr13,401577,403400,+,1824,2914,2982,3179,5932,3830,3743,2913,3743,3830
GENE.4318,chr13;chr13;chr13;chr13;chr13;chr13;chr13;chr13;chr13;chr13;chr13;chr13;chr13,403788;404067;404214;404373;404527;404707;404990;405243;405492;405683;405843;405991;406184,403886;404127;404273;404409;404621;404857;405050;405356;405552;405741;405906;406081;406703,-;-;-;-;-;-;-;-;-;-;-;-;-,1473,2246,2246,2246,2320,2254,2266,2238,2266,2254
GENE.4319,chr13,408580,412101,-,3522,0,0,1,0,9,0,1,0,9
GENE.432,chr2,709799,715252,-,5454,15828,15832,15936,16664,16557,15930,14561,15930,16557
GENE.4320,chr13,415916,416998,-,1083,204,204,204,204,209,203,204,203,209
GENE.4321,chr13;chr13;chr13,418820;419275;419963,418999;419424;420121,+;+;+,489,149,149,149,149,149,149,149,149,149
GENE.4322,chr13,419513,419819,+,307,12,12,12,14,12,12,12,12,12
GENE.4323,chr13;chr13;chr13,424232;426753;427010,426632;426808;427036,+;+;+,2484,3420,3420,3420,3436,3425,3411,3636,3411,3425
GENE.4324,chr13,427457,429643,-,2187,0,0,0,0,4,0,0,0,4
GENE.4325,chr13,431892,435875,+,3984,19522,19522,19524,19600,19674,19575,19552,19090,19662
GENE.4326,chr13,436676,437305,-,630,1662,1662,1662,1668,1667,1655,1658,1655,1667
GENE.4327,chr13,438510,439376,+,867,0,0,0,0,0,0,0,0,0
GENE.4328,chr13,440265,445283,+,5019,4892,4892,4895,4898,4921,4772,5056,4772,4921
GENE.4329,chr13;chr13,445611;446577,446446;446658,-;-,918,0,0,0,0,2,0,28,0,2
GENE.433,chr2;chr2;chr2,715798;716160;716494,716033;716293;716549,-;-;-,426,177,177,177,187,178,176,175,176,178
GENE.4330,chr13,447424,448101,+,678,290,290,290,290,290,290,290,290,290
GENE.4331,chr13,448907,449668,+,762,28,28,28,28,34,28,28,28,34
GENE.4332,chr13,450398,453415,+,3018,0,0,0,0,4,0,0,0,4
GENE.4333,chr13;chr13,454061;454311,454169;454636,+;+,435,110,110,110,112,110,110,113,110,110
GENE.4334,chr13,455792,456535,-,744,2746,2746,2748,2754,2781,2735,2745,2735,2781
GENE.4335,chr13,458961,462368,+,3408,6820,6820,6820,6824,6883,6553,6866,6549,6883
GENE.4336,chr13,463385,464002,-,618,0,0,0,0,0,0,0,0,0
GENE.4337,chr13;chr13;chr13;chr13;chr13;chr13,465091;465340;465511;465716;466047;466312,465143;465376;465567;465839;466158;466552,-;-;-;-;-;-,624,2178,2178,2178,2222,2179,2182,2175,2182,2179
GENE.4338,chr13,468232,468663,-,432,0,0,0,0,1,0,0,0,1
GENE.4339,chr13;chr13;chr13,470595;470830;471076,470706;470948;475002,-;-;-,4158,12703,12703,13033,17079,14795,14564,12644,14532,14795
GENE.434,chr2;chr2,717692;717928,717784;718281,+;+,447,341,341,341,343,341,341,341,341,341
GENE.4340,chr13,476223,477134,+,912,1604,1604,1604,1604,1624,1591,1600,1591,1624
GENE.4341,chr13;chr13,477424;477748,477582;477852,-;-,264,16,16,16,18,16,16,16,16,16
GENE.4342,chr13,479353,480840,+,1488,976,976,976,976,979,975,975,975,979
GENE.4343,chr13,481499,483082,-,1584,8564,8564,8564,8566,8590,8078,8163,8078,8590
GENE.4344,chr13;chr13;chr13,484205;485167;485410,484996;485256;485463,+;+;+,936,794,794,794,797,798,789,791,789,798
GENE.4345,chr13,487511,488824,+,1314,2050,2050,2050,2052,2068,2019,2044,2019,2068
GENE.4346,chr13;chr13,489927;491541,491120;491609,-;-,1263,4110,4110,4110,4112,4197,4081,4104,4069,4196
GENE.4347,chr13,494453,496294,+,1842,11550,11550,11550,11720,11574,11432,11437,11170,11570
GENE.4348,chr13,497534,498013,-,480,178,178,178,178,179,178,178,178,179
GENE.4349,chr13,501790,505047,+,3258,8170,8170,8170,8172,8187,8025,8144,8025,8187
GENE.435,chr2;chr2;chr2;chr2;chr2,720437;721895;722144;722395;722602,721654;721994;722262;722472;722661,+;+;+;+;+,1575,0,0,0,0,2,0,0,0,2
GENE.4350,chr13,507900,509735,+,1836,6212,6212,6212,6214,6223,6199,6203,6199,6223
GENE.4351,chr13,511396,512607,+,1212,0,0,0,0,1,0,0,0,1
GENE.4352,chr13;chr13,513068;517057,516799;517326,-;-,4002,2928,2928,2929,2930,2934,2911,2911,2911,2934
GENE.4353,chr13;chr13;chr13,518107;519014;519290,518828;519095;519367,+;+;+,882,721,721,721,721,721,715,717,715,721
GENE.4354,chr13,519599,520441,-,843,76,76,76,76,77,76,76,76,77
GENE.4355,chr13,521050,524436,+,3387,3516,3516,3520,3516,3521,3490,3545,3490,3521
GENE.4356,chr13,526863,527060,-,198,0,0,0,0,0,0,0,0,0
GENE.4357,chr13,529976,531265,+,1290,0,0,0,0,0,0,0,0,0
GENE.4358,chr13,532270,533958,-,1689,0,0,0,0,5,0,0,0,5
GENE.4359,chr13;chr13,536702;544459,543722;544523,-;-,7086,0,2,0,0,3,0,0,0,3
GENE.436,chr2;chr2;chr2;chr2;chr2;chr2;chr2,723747;724873;728594;728930;729149;729359;729744,724604;728449;728721;728995;729259;729562;729932,-;-;-;-;-;-;-,5133,2781,2781,2781,2811,2799,2758,2746,2758,2799
GENE.4360,chr13;chr13;chr13,548586;548884;549193,548645;548942;552841,+;+;+,3768,12368,12368,12368,12411,12374,12302,12650,12302,12374
GENE.4361,chr13;chr13,553752;554113,553843;554251,-;-,231,7,7,7,7,7,6,7,6,7
GENE.4362,chr13;chr13,556285;565194,564983;565251,+;+,8757,18578,18578,18581,18642,18681,18638,18772,18507,18680
GENE.4363,chr13,566236,568233,+,1998,0,0,0,0,0,0,0,0,0
GENE.4364,chr13;chr13;chr13,568664;569050;569413,568908;569323;569535,+;+;+,642,381,381,381,395,382,380,381,380,382
GENE.4365,chr13,569840,572332,-,2493,0,0,0,0,3,0,1,0,3
GENE.4366,chr13;chr13,573169;577363,577265;578479,-;-,5214,0,0,0,0,4,0,0,0,4
GENE.4367,chr13,579526,585615,-,6090,0,0,0,0,2,0,13,0,2
GENE.4368,chr13,587015,587809,-,795,2456,2456,2456,2456,2470,2446,2454,2446,2470
GENE.4369,chr13;chr13,588800;598688,598524;599198,-;-,10236,0,0,1,0,3,0,24,0,3
GENE.437,chr2;chr2;chr2;chr2,731120;731548;731754;732171,731387;731623;731972;732312,-;-;-;-,705,32,32,32,32,32,32,32,32,32
GENE.4370,chr13,600666,601868,-,1203,2380,2380,2379,2386,2382,2377,2378,2377,2382
GENE.4371,chr13,602983,606600,+,3618,5014,5014,5014,5018,5071,4960,5034,4960,5071
GENE.4372,chr13,607794,610052,+,2259,524,524,524,524,531,520,553,520,531
GENE.4373,chr13,611332,618888,+,7557,0,0,1,0,8,0,66,0,8
GENE.4374,chr13,619131,620525,-,1395,3204,3204,3204,3204,3214,3149,3200,3149,3214
GENE.4375,chr13;chr13,621387;621720,621598;621876,-;-,369,2,2,2,2,2,2,2,2,2
GENE.4376,chr13;chr13;chr13;chr13,622691;623008;623355;623570,622876;623178;623472;623715,-;-;-;-,621,279,279,279,283,279,279,279,279,279
GENE.4377,chr13,624785,626011,+,1227,4966,4966,4966,4970,5076,4915,4978,4915,5076
GENE.4378,chr13;chr13;chr13;chr13,626481;628143;628308;628552,627926;628175;628369;628675,-;-;-;-,1665,3977,3979,3979,4022,3986,3998,3956,3802,3978
GENE.4379,chr13;chr13,629766;630130,629984;630444,-;-,534,567,567,568,570,567,555,563,555,567
GENE.438,chr2,734272,734595,+,324,0,0,0,0,0,0,0,0,0
GENE.4380,chr13;chr13;chr13;chr13;chr13,632336;632575;633034;633402;633647,632365;632659;633169;633492;634510,+;+;+;+;+,1206,0,0,0,0,2,0,0,0,2
GENE.4381,chr13;chr13,636812;637326,637169;637612,+;+,645,320,320,320,320,320,319,319,319,320
GENE.4382,chr13,638286,639389,+,1104,44,44,44,44,45,43,44,43,45
GENE.4383,chr13,639681,642890,-,3210,2276,2276,2276,2288,2282,2236,2270,2236,2282
GENE.4384,chr13;chr13,644714;645034,644788;646392,+;+,1434,0,0,0,0,2,0,0,0,2
GENE.4385,chr13;chr13;chr13;chr13;chr13,647986;648241;650040;650225;650457,648026;649262;650067;650338;650511,-;-;-;-;-,1260,3701,3701,3701,3719,3701,3706,3697,3706,3701
GENE.4386,chr13;chr13;chr13;chr13,652794;653067;653351;653662,652975;653157;653452;653838,-;-;-;-,552,0,0,0,0,0,0,0,0,0
GENE.4387,chr13;chr13;chr13;chr13;chr13;chr13;chr13;chr13;chr13,655207;655483;655609;656067;656293;656465;656679;656865;657211,655275;655529;655704;656146;656347;656523;656718;656999;657259,-;-;-;-;-;-;-;-;-,630,670,669,670,701,677,684,657,684,677
GENE.4388,chr13,658595,659545,+,951,0,0,0,0,0,0,0,0,0
GENE.4389,chr13,660018,661262,-,1245,2298,2298,2298,2304,2306,2286,2293,2286,2306
GENE.439,chr2,735438,736997,-,1560,674,674,674,674,676,668,673,668,676
GENE.4390,chr13;chr13;chr13;chr13,663741;667311;667567;667870,667127;667400;667728;667929,+;+;+;+,3699,0,0,0,0,6,0,24,0,6
GENE.4391,chr13;chr13;chr13;chr13;chr13;chr13;chr13;chr13;chr13;chr13;chr13;chr13;chr13,668360;668600;668749;668918;669096;669259;669422;669518;669717;669858;670016;670271;670603,668429;668641;668831;668960;669155;669328;669440;669618;669762;669933;670057;670462;670745,-;-;-;-;-;-;-;-;-;-;-;-;-,987,0,0,0,0,0,0,0,0,0
GENE.4392,chr13,673717,678522,+,4806,0,0,0,0,8,0,0,0,8
GENE.4393,chr13;chr13,680039;680355,680212;680855,+;+,675,0,0,0,0,0,0,0,0,0
GENE.4394,chr13;chr13;chr13;chr13;chr13,681363;681503;681739;681880;682066,681410;681571;681800;681931;682149,-;-;-;-;-,315,0,0,0,0,0,0,0,0,0
GENE.4395,chr13;chr13;chr13;chr13;chr13;chr13;chr13,683084;683289;683504;683686;683937;684089;684375,683159;683410;683580;683802;683994;684223;684476,+;+;+;+;+;+;+,687,134,134,134,136,135,134,134,134,135
GENE.4396,chr13,685951,688671,+,2721,0,0,1,0,4,0,0,0,4
GENE.4397,chr13;chr13;chr13,691014;691367;691550,691049;691445;694125,+;+;+,2691,2328,2328,2345,2508,2390,2338,2318,2278,2390
GENE.4398,chr13;chr13;chr13,695732;696165;696878,695896;696763;697985,+;+;+,1872,0,0,0,0,1,0,0,0,1
GENE.4399,chr13;chr13;chr13;chr13;chr13;chr13;chr13,698218;698477;698745;698880;699151;699345;699758,698370;698582;698799;699046;699240;699481;699922,-;-;-;-;-;-;-,873,1612,1612,1612,1630,1612,1607,1608,1607,1612
GENE.44,chrX,2050,2121,-,72,0,0,0,0,0,0,0,0,0
GENE.440,chr2,738860,739852,+,993,616,616,616,620,621,614,614,614,621
GENE.4400,chr13,701047,703923,-,2877,33716,33716,33715,33886,34072,33217,33593,33217,34072
GENE.4401,chr13,708346,710268,+,1923,14238,14238,14239,14282,14366,14103,14222,14103,14366
GENE.4402,chr13,711944,714961,+,3018,4984,4984,4984,5010,5051,4930,4970,4930,5051
GENE.4403,chr13,721961,729979,+,8019,3012,3012,3022,3060,3049,2996,3252,2996,3048
GENE.4404,chr13;chr13;chr13;chr13;chr13,730859;731693;731862;732064;732279,731544;731765;731927;732114;732293,-;-;-;-;-,891,3005,3005,3005,3021,3041,2978,2997,2978,3041
GENE.4405,chr13,733245,733862,+,618,544,544,544,550,545,543,543,543,545
GENE.4406,chr13,734604,734873,-,270,0,0,0,0,0,0,0,0,0
GENE.4407,chr13;chr13;chr13;chr13;chr13;chr13;chr13,735538;737034;737259;737449;737608;737827;737985,736883;737165;737300;737524;737728;737888;738068,+;+;+;+;+;+;+,1863,0,0,1,0,0,0,0,0,0
GENE.4408,chr13,738480,738953,-,474,382,382,382,386,382,375,381,375,382
GENE.4409,chr13;chr13,740527;741020,740529;741454,+;+,438,268,268,268,272,268,266,267,266,268
GENE.441,chr2;chr2;chr2;chr2,741014;741954;742153;742341,741831;742018;742218;742459,+;+;+;+,1068,1406,1406,1406,1414,1407,1409,1404,1409,1407
GENE.4410,chr13,741926,744850,-,2925,6182,6182,6182,6240,6237,6168,6157,6168,6237
GENE.4411,chr13,745947,746525,-,579,318,318,318,320,322,308,317,308,322
GENE.4412,chr13,748387,748971,-,585,208,208,208,208,210,208,208,208,210
GENE.4413,chr13,750316,751518,+,1203,372,372,372,374,374,366,371,366,374
GENE.4414,chr13,753910,759432,+,5523,0,0,3,0,17,0,34,0,17
GENE.4415,chr13;chr13,760326;760879,760721;764139,-;-,3657,0,0,0,0,4,0,0,0,4
GENE.4416,chr13;chr13;chr13;chr13;chr13;chr13;chr13;chr13,766140;766334;766508;766734;766974;767211;767385;767723,766181;766399;766654;766847;767071;767275;767491;767770,+;+;+;+;+;+;+;+,687,1035,1035,1035,1092,1050,1050,1032,1050,1050
GENE.4417,chr13,768049,769650,+,1602,446,446,446,448,447,441,444,441,447
GENE.4418,chr13,770646,772895,-,2250,1000,1000,1000,1004,1030,983,995,983,1030
GENE.4419,chr13,774790,776745,-,1956,0,0,0,0,0,0,0,0,0
GENE.442,chr2,743289,745712,-,2424,13212,13212,13212,13300,13218,13180,11996,13180,13218
GENE.4420,chr13,779934,781679,+,1746,6266,6266,6266,6278,6275,6221,6254,6221,6275
GENE.4421,chr13,784110,786992,+,2883,0,0,40,0,0,0,4,0,0
GENE.4422,chr13,789437,791848,+,2412,0,0,0,0,1,0,720,0,1
GENE.4423,chr13,792381,794987,-,2607,0,0,0,0,1,0,0,0,1
GENE.4424,chr13,795939,798353,-,2415,8496,8496,8497,8502,8498,8475,8469,8475,8498
GENE.4425,chr13;chr13;chr13;chr13;chr13;chr13;chr13;chr13;chr13;chr13,801712;803993;804222;804462;804749;804996;805190;805386;805529;805784,803863;804063;804368;804587;804914;805076;805275;805441;805610;806029,+;+;+;+;+;+;+;+;+;+,3213,17344,17344,17344,17502,17374,17340,17324,17340,17374
GENE.4426,chr13,807219,807443,+,225,0,0,0,0,0,0,0,0,0
GENE.4427,chr13,810187,815088,+,4902,0,0,0,0,2,0,306,0,2
GENE.4428,chr13,815822,818398,-,2577,2578,2578,2579,2584,2585,2576,2490,2576,2585
GENE.4429,chr13,820741,821178,+,438,0,0,0,0,0,0,0,0,0
GENE.443,chr2;chr2;chr2;chr2,747566;747980;748306;749042,747816;748031;748743;749365,-;-;-;-,1065,739,739,739,751,753,736,739,736,753
GENE.4430,chr13,822078,826547,-,4470,878,878,885,878,888,873,874,873,888
GENE.4431,chr13,829534,833310,+,3777,6228,6228,6234,6234,6232,6195,6202,6195,6232
GENE.4432,chr13;chr13;chr13;chr13;chr13,834180;834353;834587;834839;835135,834250;834498;834706;834906;835308,-;-;-;-;-,579,231,231,231,241,231,232,231,232,231
GENE.4433,chr13,836563,838446,+,1884,5618,5618,5618,5624,5620,5602,5607,5602,5620
GENE.4434,chr13,838848,840965,-,2118,0,0,0,0,1,0,0,0,1
GENE.4435,chr13,841671,842750,-,1080,2602,2602,2602,2640,2619,2519,2584,2519,2619
GENE.4436,chr13;chr13;chr13;chr13;chr13;chr13,843639;843965;844330;844674;844850;845025,843686;844079;844596;844729;844912;845111,+;+;+;+;+;+,636,0,0,0,0,0,0,0,0,0
GENE.4437,chr13;chr13;chr13;chr13;chr13,847090;847303;847490;848088;848330,847129;847351;847914;848170;848383,+;+;+;+;+,651,0,0,0,0,1,0,0,0,1
GENE.4438,chr13,849662,853990,+,4329,0,0,0,0,9,0,0,0,9
GENE.4439,chr13;chr13;chr13,854932;855104;855334,854961;855209;856463,+;+;+,1266,9409,9408,9409,9473,9416,9388,9393,9388,9416
GENE.444,chr2,750049,751737,-,1689,0,0,0,0,0,0,0,0,0
GENE.4440,chr13;chr13;chr13;chr13,857147;857302;857495;857809,857173;857369;857641;857944,-;-;-;-,378,22,22,22,24,22,22,21,22,22
GENE.4441,chr13,859299,861347,+,2049,9866,9867,9866,9886,9916,9838,9854,9838,9916
GENE.4442,chr13;chr13;chr13;chr13,861442;861673;862258;871174,861513;862146;870896;872332,-;-;-;-,10344,18507,18663,19036,20853,19816,19445,18167,18457,19808
GENE.4443,chr13;chr13;chr13,875265;875455;875731,875288;875550;875847,+;+;+,237,7,7,7,11,7,7,7,7,7
GENE.4444,chr13,876221,886264,-,10044,30704,30704,30706,30752,30811,30415,30576,30415,30811
GENE.4445,chr13;chr13;chr13;chr13;chr13;chr13;chr13;chr13;chr13;chr13;chr13;chr13,887271;887475;887830;888053;888188;888348;888531;888776;889047;889293;889431;889637,887322;887595;887943;888099;888241;888435;888639;888849;889189;889341;889458;889699,+;+;+;+;+;+;+;+;+;+;+;+,942,1394,1394,1394,1416,1397,1407,1392,1407,1397
GENE.4446,chr13;chr13;chr13;chr13;chr13;chr13;chr13;chr13;chr13,890106;890387;890896;891327;891955;892253;892618;892874;893104,890295;890790;891159;891737;892116;892357;892717;892978;894782,-;-;-;-;-;-;-;-;-,3420,0,0,0,0,4,0,0,0,4
GENE.4447,chr13;chr13;chr13;chr13;chr13;chr13;chr13;chr13;chr13,890106;890387;890896;891327;891955;892253;892614;892874;893104,890295;890790;891159;891737;892116;892353;892717;892978;894782,-;-;-;-;-;-;-;-;-,3420,0,0,0,0,4,0,0,0,4
GENE.4448,chr13;chr13;chr13;chr13;chr13;chr13;chr13;chr13;chr13,897716;898091;898358;898689;898926;899207;899510;899859;900220,897977;898239;898539;898793;899127;899344;899740;900074;901044,+;+;+;+;+;+;+;+;+,2310,0,0,0,0,3,0,0,0,3
GENE.4449,chr13;chr13,902383;904780,904590;905166,+;+,2595,3369,3369,3369,3369,3386,3324,3366,3324,3386
GENE.445,chr2;chr2,752966;753269,753100;753439,+;+,306,0,0,0,0,0,0,0,0,0
GENE.4450,chr13;chr13;chr13;chr13,908503;909166;909381;909545,909044;909244;909444;909639,+;+;+;+,780,0,0,0,0,2,0,0,0,2
GENE.4451,chr13,911667,912545,-,879,0,0,0,0,1,0,0,0,1
GENE.4452,chr13;chr13;chr13;chr13,916360;917898;918231;918478,917706;918055;918306;918594,+;+;+;+,1698,4598,4598,4598,4629,4666,4568,4612,4568,4666
GENE.4453,chr13;chr13;chr13;chr13;chr13,920971;927550;928092;928764;929075,927336;927902;928563;928844;929449,+;+;+;+;+,7647,0,0,3,0,6,0,157,0,6
GENE.4454,chr13;chr13;chr13;chr13;chr13;chr13;chr13;chr13;chr13;chr13,931314;936519;936936;937188;937526;937755;938602;938770;939377;943809,936313;936799;937032;937376;937626;937796;938691;939083;943562;943825,+;+;+;+;+;+;+;+;+;+,10317,0,0,2,0,8,0,85,0,8
GENE.4455,chr13;chr13;chr13;chr13,944275;944941;948857;949132,944733;948732;948951;949285,-;-;-;-,4500,0,0,2,0,9,0,5,0,9
GENE.4456,chr13;chr13;chr13,951155;951357;951611,951233;951521;952479,+;+;+,1113,254,254,254,256,255,254,254,254,255
GENE.4457,chr13;chr13;chr13;chr13;chr13;chr13,953154;953383;953618;954179;954451;954701,953286;953451;954054;954367;954564;955789,+;+;+;+;+;+,2031,1730,1730,1730,1764,1734,1715,1727,1715,1734
GENE.4458,chr13,955957,957495,-,1539,0,0,0,0,3,0,0,0,3
GENE.4459,chr13,958219,959175,-,957,512,512,512,514,521,500,510,500,521
GENE.446,chr2,755418,762560,+,7143,0,1,1,0,2,0,106,0,2
GENE.4460,chr13;chr13,960166;960491,960357;960646,+;+,348,0,0,0,0,0,0,0,0,0
GENE.4461,chr13;chr13;chr13;chr13;chr13;chr13;chr13;chr13;chr13;chr13;chr13;chr13;chr13,961213;961465;961669;961772;961949;962087;962337;962564;962706;962852;963150;963308;963533,961315;961506;961690;961798;961988;962149;962486;962576;962746;963007;963218;963344;963561,+;+;+;+;+;+;+;+;+;+;+;+;+,792,0,0,0,0,0,0,0,0,0
GENE.4462,chr13;chr13,963661;964135,963797;964690,-;-,693,330,330,330,340,331,329,329,329,331
GENE.4463,chr13;chr13,965486;966235,966012;966280,-;-,573,175,175,175,180,176,175,173,175,176
GENE.4464,chr13;chr13;chr13,968110;968461;968708,968289;968561;968798,-;-;-,372,4,4,4,6,4,4,3,4,4
GENE.4465,chr13,970278,971336,+,1059,898,898,898,900,914,892,897,892,914
GENE.4466,chr13;chr13;chr13;chr13,971847;972104;972598;973012,971931;972349;972814;973036,-;-;-;-,573,794,794,794,796,794,791,791,791,794
GENE.4467,chr13,975403,977175,+,1773,4192,4192,4192,4198,4196,4173,4178,4173,4196
GENE.4468,chr13,978965,980221,+,1257,0,0,0,0,2,0,0,0,2
GENE.4469,chr13;chr13;chr13,982611;983050;983266,982924;983111;983801,+;+;+,912,1615,1615,1615,1630,1615,1609,1610,1609,1615
GENE.447,chr2;chr2,763491;765175,764922;765191,-;-,1449,2414,2414,2414,2422,2442,2365,2401,2365,2442
GENE.4470,chr13,984596,988657,-,4062,16900,16924,18250,25214,23991,24803,16622,24803,23991
GENE.4471,chr13,989468,990598,+,1131,3476,3476,3476,3492,3512,3418,3468,3418,3512
GENE.4472,chr13,990899,995278,-,4380,12352,12700,13302,16872,15659,15440,12185,15440,15659
GENE.4473,chr13,997721,999262,+,1542,2066,2066,2066,2072,2066,2061,2064,2061,2066
GENE.4474,chr13;chr13;chr13,1000100;1001346;1001757,1001202;1001595;1001882,-;-;-,1479,0,0,0,0,0,0,0,0,0
GENE.4475,chr13;chr13;chr13,1002748;1003499;1003770,1003336;1003623;1019303,-;-;-,16248,10564,10564,10605,11054,10772,10587,10450,10587,10772
GENE.4476,chr13;chr13;chr13;chr13;chr13,1021509;1021698;1021934;1022210;1022418,1021562;1021842;1022089;1022286;1022537,+;+;+;+;+,552,0,0,0,0,0,0,0,0,0
GENE.4477,chr13;chr13;chr13;chr13;chr13;chr13;chr13;chr13,1023260;1023797;1026047;1026484;1026669;1027179;1027339;1027687,1023666;1025882;1026184;1026536;1026896;1027240;1027607;1027743,-;-;-;-;-;-;-;-,3300,6605,6605,6605,6663,6633,6586,6594,6586,6633
GENE.4478,chr13;chr13,1028492;1028766,1028613;1033629,+;+,4986,0,0,0,0,4,0,119,0,4
GENE.4479,chr13;chr13,1034900;1035598,1035525;1035637,+;+,666,1100,1100,1100,1100,1104,1099,1100,1099,1104
GENE.448,chr2,766390,767015,-,626,810,810,810,840,817,802,790,802,817
GENE.4480,chr13;chr13;chr13;chr13,1036543;1036713;1036981;1037329,1036586;1036835;1037179;1038531,-;-;-;-,1569,2050,2050,2050,2076,2056,2019,2043,2019,2056
GENE.4481,chr13,1041157,1042107,+,951,1536,1536,1536,1540,1571,1530,1532,1530,1571
GENE.4482,chr13,1042855,1043088,-,234,0,0,0,0,0,0,0,0,0
GENE.4483,chr13,1044552,1045865,-,1314,0,0,0,0,3,0,0,0,3
GENE.4484,chr13;chr13;chr13,1047848;1048636;1049239,1048339;1049027;1049359,-;-;-,1005,1076,1076,1076,1082,1077,1074,1073,1074,1077
GENE.4485,chr13,1050915,1051319,+,405,10,10,10,10,10,10,135,10,10
GENE.4486,chr13,1052751,1063310,+,10560,41850,41851,42140,46938,42822,42465,42039,42417,42822
GENE.4487,chr13;chr13;chr13;chr13;chr13,1063944;1065677;1065816;1066067;1066345,1065558;1065719;1065961;1066199;1066411,+;+;+;+;+,2004,0,0,1,0,1,0,0,0,1
GENE.4488,chr13;chr13,1067097;1067320,1067156;1067685,+;+,426,54,54,54,56,54,54,54,54,54
GENE.4489,chr13;chr13;chr13,1068050;1068407;1068585,1068199;1068445;1068635,-;-;-,240,0,0,0,0,1,0,0,0,1
GENE.449,chr2,767584,767743,-,160,0,0,0,0,0,0,0,0,0
GENE.4490,chr13,1071146,1075747,+,4602,0,0,0,0,3,1,23,1,3
GENE.4491,chr13;chr13,1076161;1076356,1076199;1084587,-;-,8271,0,0,0,0,11,0,7,0,11
GENE.4492,chr13;chr13;chr13;chr13,1085786;1085948;1086117;1086799,1085807;1086027;1086443;1086861,-;-;-;-,492,426,426,426,447,426,430,419,430,426
GENE.4493,chr13;chr13;chr13;chr13,1087584;1087754;1088761;1089056,1087624;1088559;1088880;1089099,+;+;+;+,1011,0,0,0,0,0,0,0,0,0
GENE.4494,chr13;chr13;chr13,1090329;1090521;1090767,1090402;1090683;1091327,-;-;-,798,36,36,36,38,37,30,36,30,37
GENE.4495,chr13;chr13,1092394;1094105,1093894;1094187,-;-,1584,2284,2284,2296,2290,2286,2172,2159,2172,2286
GENE.4496,chr13;chr13;chr13;chr13;chr13;chr13;chr13;chr13;chr13;chr13,1095553;1095872;1096112;1096344;1096656;1096860;1097061;1097243;1097820;1098078,1095639;1096005;1096181;1096424;1096754;1096978;1097112;1097574;1097880;1098464,-;-;-;-;-;-;-;-;-;-,1422,0,0,0,0,4,0,0,0,4
GENE.4497,chr13,1099489,1105836,-,6348,0,0,0,0,10,0,25,0,10
GENE.4498,chr13;chr13,1107875;1122200,1121876;1122540,+;+,14343,68539,68334,68541,68937,68779,68090,68531,68046,68779
GENE.4499,chr13,1125280,1126908,+,1629,2156,2156,2158,2160,2169,2025,2152,2025,2169
GENE.45,chrX,2142,2213,+,72,0,0,0,0,0,0,0,0,0
GENE.450,chr2,767977,768058,-,82,0,0,0,0,0,0,0,0,0
GENE.4500,chr13,1127436,1128761,-,1326,582,582,582,584,593,580,572,580,593
GENE.4501,chr13,1129363,1133046,-,3684,0,0,0,0,3,0,3,0,3
GENE.4502,chr13;chr13;chr13,1134070;1134299;1134693,1134171;1134493;1138040,-;-;-,3645,5777,7359,8102,5159,5191,11604,5757,11604,5191
GENE.4503,chr13;chr13;chr13;chr13;chr13;chr13;chr13;chr13;chr13;chr13;chr13;chr13;chr13;chr13;chr13;chr13,1138558;1138846;1138958;1139092;1139313;1139442;1139597;1139760;1139955;1140098;1140326;1140498;1140668;1140880;1141140;1141324,1138589;1138871;1138998;1139155;1139329;1139476;1139662;1139807;1139976;1140203;1140391;1140540;1140721;1140988;1141207;1141561,-;-;-;-;-;-;-;-;-;-;-;-;-;-;-;-,1035,0,0,0,0,9,0,0,0,9
GENE.4504,chr13,1143157,1143915,+,759,232,232,232,240,240,232,232,232,240
GENE.4505,chr13,1145719,1151106,+,5388,12818,12818,12819,12960,12918,12725,12916,12291,12904
GENE.4506,chr13,1152603,1153511,-,909,676,676,676,678,677,674,674,674,677
GENE.4507,chr13;chr13;chr13,1155022;1155682;1156662,1155585;1156459;1157905,+;+;+,2586,0,0,0,0,4,1,57,1,4
GENE.4508,chr13,1159366,1159980,+,615,0,0,0,0,0,0,0,0,0
GENE.4509,chr13,1160461,1161276,-,816,0,0,0,0,2,0,0,0,2
GENE.451,chr2,769761,771041,+,1281,612,612,612,614,621,605,611,605,621
GENE.4510,chr13,1162620,1164302,+,1683,0,0,0,0,4,0,0,0,4
GENE.4511,chr13;chr13;chr13;chr13;chr13,1165307;1165647;1165874;1166197;1166433,1165408;1165747;1165890;1166267;1166558,+;+;+;+;+,417,1600,1596,1600,1638,1600,1551,1534,1551,1600
GENE.4512,chr13,1174191,1180832,-,6642,3176,3176,3183,3180,3206,3165,3233,3165,3206
GENE.4513,chr13,1184208,1185020,+,813,908,908,908,912,916,907,907,907,916
GENE.4514,chr13;chr13;chr13;chr13,1186619;1193365;1194230;1194917,1193203;1194024;1194706;1195201,+;+;+;+,8007,15497,15497,15506,15535,15575,15367,16012,15301,15575
GENE.4515,chr13;chr13;chr13,1196229;1196807;1197080,1196663;1196940;1197509,-;-;-,999,423,423,423,426,423,424,422,424,423
GENE.4516,chr13,1200840,1202342,-,1503,4460,4460,4460,4488,4465,4439,4454,4439,4465
GENE.4517,chr13,1204186,1207200,-,3015,0,0,1,0,7,0,8,0,7
GENE.4518,chr13;chr13;chr13;chr13;chr13;chr13;chr13;chr13;chr13,1209744;1210085;1210227;1210477;1210737;1210918;1211233;1211430;1211725,1209953;1210135;1210360;1210566;1210826;1211118;1211308;1211621;1211772,-;-;-;-;-;-;-;-;-,1092,0,0,0,0,2,0,0,0,2
GENE.4519,chr13,1213394,1213615,+,222,0,0,0,0,0,0,0,0,0
GENE.452,chr2;chr2,772316;772518,772319;772690,+;+,177,0,0,0,0,0,0,0,0,0
GENE.4520,chr13,1214907,1215728,+,822,524,524,524,528,529,522,523,522,529
GENE.4521,chr13,1215925,1217118,-,1194,2650,2650,2654,2656,2652,2641,2642,2641,2652
GENE.4522,chr13;chr13;chr13;chr13;chr13,1217917;1218104;1218458;1218697;1220084,1217983;1218316;1218579;1219913;1225535,-;-;-;-;-,7071,3690,3692,3713,3790,3778,3708,3579,3708,3778
GENE.4523,chr13;chr13;chr13;chr13,1227372;1227664;1234147;1234359,1227470;1233872;1234261;1234418,-;-;-;-,6483,62492,62492,62495,62684,63469,61801,62072,61801,63469
GENE.4524,chr13;chr13,1237200;1238156,1237738;1238429,-;-,813,0,0,0,0,0,0,0,0,0
GENE.4525,chr13,1239486,1241234,-,1749,2414,2414,2414,2424,2421,2364,2411,2364,2421
GENE.4526,chr13;chr13;chr13;chr13;chr13;chr13;chr13;chr13,1243172;1243516;1244003;1245240;1245569;1245864;1246030;1246278,1243399;1243765;1245068;1245418;1245687;1245925;1246140;1246344,+;+;+;+;+;+;+;+,2082,0,0,0,0,3,0,0,0,3
GENE.4527,chr13;chr13;chr13,1252059;1256218;1256539,1256088;1256287;1257973,+;+;+,5535,25117,25118,25118,25179,25153,24980,25622,24980,25153
GENE.4528,chr13,1258956,1259861,-,906,2686,2686,2709,2970,2820,2742,2575,2742,2820
GENE.4529,chr13,1261345,1262943,-,1599,1850,1850,1850,1860,1852,1849,1832,1849,1852
GENE.453,chr2,773335,773754,-,420,4,4,4,4,4,4,4,4,4
GENE.4530,chr13,1265137,1268763,+,3627,6468,6468,6469,6484,6470,6410,6524,6240,6470
GENE.4531,chr13,1269311,1271434,+,2124,0,0,1,0,0,0,0,0,0
GENE.4532,chr13;chr13;chr13;chr13;chr13;chr13;chr13;chr13,1272213;1272451;1272668;1272874;1273120;1273415;1273608;1273776,1272329;1272537;1272700;1272965;1273195;1273499;1273654;1273859,+;+;+;+;+;+;+;+,621,347,347,347,357,348,363,347,363,348
GENE.4533,chr13;chr13;chr13;chr13;chr13;chr13;chr13,1272213;1272451;1272874;1273120;1273415;1273608;1273776,1272329;1272537;1272965;1273195;1273499;1273654;1273859,+;+;+;+;+;+;+,588,343,343,343,353,344,359,343,359,344
GENE.4534,chr13,1274448,1275008,+,561,0,0,0,0,0,0,0,0,0
GENE.4535,chr13;chr13,1275104;1275762,1275646;1275899,+;+,681,933,933,933,943,936,931,932,931,936
GENE.4536,chr13;chr13;chr13;chr13;chr13;chr13,1276089;1276771;1277065;1277279;1277622;1278264,1276348;1276902;1277100;1277336;1278021;1278373,-;-;-;-;-;-,996,0,0,0,0,0,0,0,0,0
GENE.4537,chr13;chr13;chr13;chr13;chr13,1279800;1280046;1280229;1280405;1280755,1279937;1280105;1280282;1280476;1281285,-;-;-;-;-,855,954,954,954,996,979,956,953,956,979
GENE.4538,chr13;chr13;chr13;chr13,1280063;1280229;1280405;1280755,1280080;1280282;1280476;1281285,-;-;-;-,675,909,909,909,951,934,911,908,911,934
GENE.4539,chr13,1284988,1287165,+,2178,0,0,0,0,3,0,36,0,3
GENE.454,chr2;chr2;chr2,774815;775639;775990,774916;775795;776036,+;+;+,306,1,1,1,1,3,1,1,1,3
GENE.4540,chr13,1287891,1289408,-,1518,3690,3690,3690,3690,3695,3682,3684,3682,3695
GENE.4541,chr13;chr13;chr13;chr13;chr13;chr13;chr13;chr13,1290118;1291515;1291703;1291840;1292035;1292180;1292538;1292809,1291365;1291601;1291744;1291920;1292088;1292236;1292658;1292954,+;+;+;+;+;+;+;+,1836,1400,1400,1400,1406,1403,1397,1395,1397,1403
GENE.4542,chr13;chr13,1294615;1295246,1294684;1296966,+;+,1791,1488,1488,1488,1492,1494,1468,1540,1468,1494
GENE.4543,chr13,1294943,1295022,+,80,1,1,1,1,2,1,1,1,2
GENE.4544,chr13,1297600,1299273,-,1674,0,0,0,0,0,0,27,0,0
GENE.4545,chr13;chr13;chr13;chr13;chr13;chr13;chr13;chr13;chr13;chr13,1299906;1300116;1300407;1300720;1301067;1303138;1304417;1304752;1305016;1305230,1299975;1300214;1300520;1300942;1302876;1304218;1304546;1304812;1305097;1305294,-;-;-;-;-;-;-;-;-;-,3735,7942,7942,7943,7982,7957,7840,7903,7840,7957
GENE.4546,chr13;chr13,1306654;1306785,1306662;1307999,+;+,1224,982,982,983,990,982,976,1007,976,982
GENE.4547,chr13;chr13,1309177;1309603,1309327;1310006,+;+,555,0,0,0,0,0,0,0,0,0
GENE.4548,chr13,1310771,1312216,+,1446,0,0,0,0,2,0,0,0,2
GENE.4549,chr13,1313924,1315786,+,1863,9096,9096,9097,9142,9105,9064,9068,9064,9105
GENE.455,chr2;chr2,775639;775990,775795;776036,+;+,204,1,1,1,1,2,1,1,1,2
GENE.4550,chr13;chr13;chr13;chr13,1316496;1316773;1317210;1317611,1316562;1316983;1317422;1317806,-;-;-;-,687,475,475,475,483,475,475,474,475,475
GENE.4551,chr13,1319089,1321845,-,2757,0,0,0,0,7,0,0,0,7
GENE.4552,chr13;chr13,1324012;1324509,1324137;1324802,+;+,420,80,80,80,83,81,80,80,80,81
GENE.4553,chr13,1324253,1324342,+,90,0,0,0,0,0,0,0,0,0
GENE.4554,chr13;chr13;chr13;chr13;chr13,1325913;1326093;1326485;1326830;1327355,1325963;1326354;1326597;1327071;1327532,-;-;-;-;-,846,0,0,0,0,1,0,0,0,1
GENE.4555,chr13,1329491,1331059,+,1569,3028,3028,3028,3034,3032,3020,3022,3020,3032
GENE.4556,chr13;chr13;chr13,1332299;1334111;1335432,1333970;1335283;1335592,+;+;+,3006,1990,1990,1990,1996,1998,1961,1980,1961,1998
GENE.4557,chr13,1336401,1336892,+,492,68,68,68,68,68,68,68,68,68
GENE.4558,chr13,1337117,1339693,-,2577,8656,8656,8656,8660,8731,8587,8640,8587,8731
GENE.4559,chr13,1340786,1341442,+,657,0,0,0,0,2,0,0,0,2
GENE.456,chr2;chr2,776828;777591,777369;778065,-;-,1017,1124,1124,1124,1136,1130,1096,1123,1096,1130
GENE.4560,chr13,1342012,1343805,-,1794,2214,2214,2214,2222,2216,2210,2199,2210,2216
GENE.4561,chr13,1344806,1346278,-,1473,0,0,0,0,7,0,0,0,7
GENE.4562,chr13,1348779,1349522,+,744,602,602,602,602,606,600,602,600,606
GENE.4563,chr13,1350042,1353860,-,3819,0,0,0,0,21,0,1,0,21
GENE.4564,chr13;chr13;chr13;chr13;chr13;chr13,1355285;1355507;1355754;1355965;1356476;1356817,1355368;1355567;1355872;1356032;1356542;1357194,+;+;+;+;+;+,777,21,21,21,21,23,21,21,21,23
GENE.4565,chr13,1357704,1360319,-,2616,2480,2480,2481,2562,2492,2450,2478,2450,2492
GENE.4566,chr13,1362093,1367609,+,5517,2304,2304,2304,2308,2317,2292,2354,2292,2317
GENE.4567,chr13,1368081,1368716,-,636,430,430,430,432,430,430,430,430,430
GENE.4568,chr13,1370083,1370799,+,717,0,0,0,0,0,0,0,0,0
GENE.4569,chr13,1371671,1373056,+,1386,162,162,162,164,165,162,167,162,165
GENE.457,chr2,779418,782132,-,2715,8764,8764,8764,8770,8772,8746,8751,8746,8772
GENE.4570,chr13,1373390,1377397,-,4008,0,0,1,0,3,0,56,0,3
GENE.4571,chr13,1379109,1379621,-,513,0,0,0,0,0,0,0,0,0
GENE.4572,chr13,1382631,1383335,+,705,244,244,244,244,247,244,244,244,247
GENE.4573,chr13;chr13,1385058;1387627,1387527;1389143,+;+,3987,0,0,3,0,10,0,75,0,10
GENE.4574,chr13,1390016,1391353,-,1338,0,0,0,0,0,0,0,0,0
GENE.4575,chr13,1392614,1395565,-,2952,2700,2700,2706,2706,2722,2674,2620,2674,2722
GENE.4576,chr13,1398271,1399845,+,1575,72,72,72,72,84,72,82,72,84
GENE.4577,chr13,1400897,1402276,-,1380,134,134,134,142,139,134,134,134,139
GENE.4578,chr13,1403522,1404451,-,930,8,8,8,8,8,8,11,8,8
GENE.4579,chr13;chr13,1405731;1407910,1407570;1407929,-;-,1860,5304,5304,5304,5342,5351,5276,5278,5276,5351
GENE.458,chr2;chr2,783723;784688,784469;784828,-;-,888,0,0,0,0,0,0,0,0,0
GENE.4580,chr13,1409049,1409945,-,897,0,0,0,0,1,0,0,0,1
GENE.4581,chr13,1411100,1411708,-,609,0,0,0,0,2,0,0,0,2
GENE.4582,chr13,1413102,1413947,-,846,4,4,4,4,6,4,4,4,6
GENE.4583,chr13,1414878,1415018,-,141,0,0,0,0,0,0,0,0,0
GENE.4584,chr13,1416316,1417458,-,1143,0,0,0,0,0,0,0,0,0
GENE.4585,chr13,1419086,1420141,-,1056,128,128,128,128,130,122,127,122,130
GENE.4586,chr13;chr13;chr13;chr13;chr13;chr13;chr13;chr13;chr13;chr13;chr13;chr13;chr13;chr13,1422322;1422455;1422575;1422818;1422908;1422962;1423043;1423859;1424177;1424777;1424957;1425062;1425281;1425404,1422453;1422572;1422816;1422905;1422959;1423040;1423856;1424175;1424774;1424955;1425059;1425279;1425402;1425596,-;-;-;-;-;-;-;-;-;-;-;-;-;-,3255,0,0,0,0,16,0,0,0,16
GENE.4587,chr13;chr13,1428874;1438795,1438580;1438852,-;-,9765,72480,99154,100055,101556,100674,99227,16003,99226,100674
GENE.4588,chr13;chr13,1440779;1441051,1440836;1450385,+;+,9393,33462,91211,91467,95394,92929,91806,6981,90713,92929
GENE.4589,chr13;chr13;chr13,1451489;1452570;1453187,1452415;1452867;1453443,+;+;+,1482,2871,2871,2871,2891,2888,2859,2868,2859,2888
GENE.459,chr2;chr2,786870;787848,787736;787940,-;-,960,1725,1725,1725,1733,1725,1718,1719,1718,1725
GENE.4590,chr13;chr13,1454507;1454824,1454690;1455875,+;+,1236,1614,1614,1614,1624,1622,1612,1694,1612,1622
GENE.4591,chr13;chr13;chr13,1456110;1456473;1457099,1456281;1456902;1461326,-;-;-,4830,0,0,0,0,14,0,2,0,14
GENE.4592,chr13,1462180,1463991,+,1812,0,0,0,0,1,0,5,0,1
GENE.4593,chr13,1464895,1466619,-,1725,296,296,296,296,301,295,296,295,301
GENE.4594,chr13;chr13;chr13,1469844;1470348;1471337,1470201;1471072;1471453,+;+;+,1200,0,0,0,0,4,0,0,0,4
GENE.4595,chr13;chr13;chr13,1472183;1472434;1472926,1472225;1472669;1473114,+;+;+,468,63,63,63,65,64,63,63,63,64
GENE.4596,chr13;chr13;chr13;chr13;chr13,1474274;1474974;1475215;1475399;1475623,1474884;1475054;1475262;1475513;1475661,+;+;+;+;+,894,652,652,652,666,655,660,652,660,655
GENE.4597,chr13,1476333,1477307,+,975,3664,3664,3664,3676,3670,3646,3651,3646,3670
GENE.4598,chr13;chr13;chr13;chr13;chr13;chr13;chr13;chr13;chr13,1477961;1478267;1478452;1478639;1478892;1479045;1479271;1479670;1479978,1478167;1478328;1478551;1478698;1478954;1479113;1479377;1479803;1480024,-;-;-;-;-;-;-;-;-,849,0,0,0,0,2,0,0,0,2
GENE.4599,chr13,1479501,1479598,-,98,0,0,0,0,0,0,0,0,0
GENE.46,chrX,2219,2292,+,74,0,0,0,0,0,0,0,0,0
GENE.460,chr2;chr2,791464;791899,791673;792381,+;+,693,0,0,0,0,1,0,0,0,1
GENE.4600,chr13;chr13;chr13;chr13,1480954;1481099;1481282;1481665,1480966;1481164;1481440;1481702,+;+;+;+,276,8,8,8,8,8,8,8,8,8
GENE.4601,chr13,1482361,1482837,-,477,0,0,0,0,5,0,4,0,5
GENE.4602,chr13,1486456,1487616,+,1161,0,0,0,0,1,1,0,1,1
GENE.4603,chr13;chr13,1488061;1490149,1489845;1490262,-;-,1899,12480,12480,12480,12533,12520,12382,12434,12382,12520
GENE.4604,chr13;chr13,1491265;1491579,1491432;1494308,-;-,2898,1540,1540,1540,1566,1559,1523,1619,1523,1559
GENE.4605,chr13;chr13;chr13;chr13;chr13;chr13;chr13;chr13,1495259;1495464;1495760;1495955;1496433;1496612;1496890;1497182,1495319;1495613;1495839;1496301;1496466;1496698;1496989;1497240,+;+;+;+;+;+;+;+,918,749,749,749,778,751,765,749,765,751
GENE.4606,chr13,1497877,1501494,+,3618,2910,2910,2910,2918,2914,2904,2928,2904,2914
GENE.4607,chr13;chr13,1503015;1505156,1504859;1506022,+;+,2712,0,0,0,0,1,0,0,0,1
GENE.4608,chr13;chr13;chr13,1506965;1508291;1508598,1508141;1508488;1508977,+;+;+,1755,0,0,0,0,2,0,0,0,2
GENE.4609,chr13,1509589,1519593,-,10005,2834,2978,3290,4556,3360,4024,2841,4024,3360
GENE.461,chr2;chr2,796752;797108,796949;801586,+;+,4677,868,872,952,1146,1122,1103,866,1101,1122
GENE.4610,chr13,1524111,1524192,-,82,0,0,0,0,0,0,0,0,0
GENE.4611,chr13;chr13;chr13;chr13,1525562;1526125;1526519;1526778,1525927;1526430;1526660;1527814,+;+;+;+,1851,2907,2907,2907,2951,2910,2891,2895,2891,2910
GENE.4612,chr13,1528502,1530208,-,1707,0,0,5,0,10,0,0,0,10
GENE.4613,chr13,1534507,1535166,+,660,960,960,960,1068,960,946,956,946,960
GENE.4614,chr13;chr13;chr13;chr13;chr13;chr13;chr13;chr13;chr13;chr13;chr13;chr13;chr13;chr13;chr13;chr13;chr13;chr13;chr13;chr13,1536463;1536680;1536938;1537087;1537239;1537416;1537588;1537790;1538005;1538264;1538489;1538711;1538933;1539141;1539365;1539518;1539706;1539984;1540124;1540285,1536504;1536832;1536995;1537158;1537309;1537490;1537639;1537863;1538121;1538337;1538581;1538786;1539031;1539281;1539430;1539565;1539799;1540034;1540191;1540353,+;+;+;+;+;+;+;+;+;+;+;+;+;+;+;+;+;+;+;+,1593,3822,3822,3822,3976,3870,3805,3809,3805,3870
GENE.4615,chr13;chr13,1542080;1543634,1543243;1543981,+;+,1512,311,311,311,317,317,294,302,294,317
GENE.4616,chr13,1545070,1545735,-,666,0,0,0,0,0,0,0,0,0
GENE.4617,chr13;chr13,1548692;1549170,1548700;1550396,+;+,1236,0,0,0,0,0,0,0,0,0
GENE.4618,chr13;chr13;chr13;chr13;chr13;chr13;chr13;chr13,1550949;1551329;1551644;1551866;1552058;1552221;1552415;1552647,1551190;1551484;1551725;1551979;1552135;1552289;1552548;1553103,-;-;-;-;-;-;-;-,1332,5276,5272,5276,5361,5283,5322,4911,5322,5283
GENE.4619,chr13,1554199,1556364,+,2166,0,0,1,0,3,0,2,0,3
GENE.462,chr2;chr2,804520;804943,804714;807741,+;+,2994,70,70,70,70,74,69,70,69,74
GENE.4620,chr13;chr13;chr13,1556659;1559322;1559610,1559197;1559501;1559734,-;-;-,2844,12356,12356,12357,12440,12432,12294,12336,12294,12432
GENE.4621,chr13,1561255,1563123,-,1869,5192,5192,5192,5202,5269,5111,5175,5111,5269
GENE.4622,chr13;chr13;chr13;chr13;chr13;chr13;chr13;chr13;chr13;chr13;chr13,1564932;1565103;1565304;1565626;1565892;1566466;1566644;1566761;1567066;1567245;1567399,1564966;1565163;1565518;1565777;1566397;1566564;1566664;1566895;1567155;1567321;1567660,-;-;-;-;-;-;-;-;-;-;-,1653,2697,2697,2697,2740,2701,2690,2686,2690,2701
GENE.4623,chr13,1568374,1571169,-,2796,3680,3680,3680,3700,3734,3663,3589,3663,3734
GENE.4624,chr13;chr13;chr13;chr13,1572631;1573059;1573389;1573622,1572924;1573189;1573443;1573723,-;-;-;-,582,0,0,0,0,1,0,0,0,1
GENE.4625,chr13,1575356,1575427,+,72,0,0,0,0,0,0,0,0,0
GENE.4626,chr13,1576926,1576997,-,72,0,0,0,0,0,0,0,0,0
GENE.4627,chr13,1583226,1584053,+,828,0,0,0,0,0,0,0,0,0
GENE.4628,chr13;chr13,1585806;1586096,1585948;1586399,-;-,447,0,0,0,0,1,0,0,0,1
GENE.4629,chr13;chr13;chr13;chr13,1587028;1587207;1587500;1587751,1587051;1587305;1587588;1587874,-;-;-;-,336,32,32,32,34,34,32,29,32,34
GENE.463,chr2;chr2,809511;810230,809984;810298,-;-,543,0,0,0,0,0,0,0,0,0
GENE.4630,chr13;chr13,1588404;1590238,1590129;1590290,+;+,1779,0,1,0,0,1,3,56,3,1
GENE.4631,chr13,1590510,1596320,-,5811,56912,56912,56918,57570,57064,56086,56813,55542,57042
GENE.4632,chr13,1597400,1597618,-,219,0,0,0,0,0,0,0,0,0
GENE.4633,chr13,1598401,1601178,+,2778,5702,5702,5708,5716,5761,5671,5843,5671,5761
GENE.4634,chr13,1601698,1603554,-,1857,1058,1058,1068,1066,1093,1040,1029,1040,1093
GENE.4635,chr13,1604376,1605212,-,837,1856,1856,1857,1858,1865,1853,1853,1853,1865
GENE.4636,chr13,1605800,1605976,-,177,0,0,0,0,8,0,0,0,8
GENE.4637,chr13,1607323,1610190,+,2868,0,0,1,0,4,0,354,0,4
GENE.4638,chr13;chr13,1610715;1611864,1611746;1611989,-;-,1158,406,406,407,406,407,406,384,406,407
GENE.4639,chr13,1613197,1616805,-,3609,14492,14351,14500,14526,14557,14406,14070,14406,14557
GENE.464,chr2;chr2,813827;814580,814390;814654,-;-,639,2986,2986,2986,2996,2986,2976,2977,2976,2986
GENE.4640,chr13,1618001,1619728,-,1728,0,0,0,0,13,0,0,0,13
GENE.4641,chr13;chr13;chr13;chr13;chr13,1621292;1621688;1622108;1622353;1622658,1621573;1621909;1622166;1622418;1622718,-;-;-;-;-,690,0,0,0,0,1,0,0,0,1
GENE.4642,chr13;chr13,1624054;1624267,1624150;1624490,+;+,321,0,0,0,0,1,0,0,0,1
GENE.4643,chr13;chr13,1627311;1629407,1629300;1629480,+;+,2064,748,748,748,748,755,746,747,746,755
GENE.4644,chr13,1631333,1631406,+,74,0,0,0,0,0,0,0,0,0
GENE.4645,chr13,1632602,1632709,-,108,0,0,0,0,0,0,0,0,0
GENE.4646,chr13;chr13,1633860;1634495,1634378;1634530,-;-,555,380,380,380,380,381,380,380,380,381
GENE.4647,chr13;chr13;chr13,1636556;1636904;1637529,1636558;1637159;1637833,+;+;+,564,148,148,148,154,149,147,148,147,149
GENE.4648,chr13,1637268,1637347,+,80,9,9,9,9,9,9,9,9,9
GENE.4649,chr13,1639617,1641143,+,1527,798,798,800,798,802,753,1347,753,802
GENE.465,chr2;chr2;chr2,820429;820569;821129,820467;821126;822541,+;+;+,2010,1338,1338,1338,1354,1342,1326,1338,1326,1342
GENE.4650,chr13,1642119,1644479,+,2361,1564,1564,1565,1566,1586,1551,1795,1551,1586
GENE.4651,chr13;chr13;chr13,1645066;1645266;1645545,1645142;1645384;1645666,+;+;+,318,0,0,0,0,1,0,0,0,1
GENE.4652,chr13,1646330,1647718,-,1389,0,0,0,0,1,0,0,0,1
GENE.4653,chr13;chr13;chr13;chr13;chr13;chr13;chr13,1649113;1649300;1649532;1649732;1649906;1650329;1650609,1649180;1649370;1649611;1649797;1650205;1650446;1650649,-;-;-;-;-;-;-,744,0,0,0,0,0,0,0,0,0
GENE.4654,chr13,1653211,1654131,-,921,2106,2106,2106,2112,2110,2097,2100,2097,2110
GENE.4655,chr13,1657442,1660171,+,2730,5918,5918,5918,5920,5922,5893,5909,5893,5922
GENE.4656,chr13,1660812,1663730,-,2919,1458,1458,1463,1462,1475,1448,1423,1448,1475
GENE.4657,chr13,1664854,1665645,+,792,756,756,756,756,756,747,751,747,756
GENE.4658,chr13;chr13,1666832;1667680,1667515;1668153,-;-,1158,0,0,0,0,7,0,0,0,7
GENE.4659,chr13;chr13;chr13;chr13;chr13,1669694;1670232;1670466;1670687;1670884,1670070;1670305;1670596;1670769;1670956,-;-;-;-;-,738,1040,1040,1040,1044,1040,1036,1037,1036,1040
GENE.466,chr2;chr2,823825;824796,824571;824864,-;-,816,0,4,6,12,6,48,0,47,5
GENE.4660,chr13;chr13;chr13,1673699;1673952;1674317,1673794;1674089;1676539,+;+;+,2457,0,0,0,0,4,0,0,0,4
GENE.4661,chr13;chr13;chr13,1677540;1677676;1677857,1677562;1677768;1677917,-;-;-,177,0,0,0,0,0,0,0,0,0
GENE.4662,chr13,1679693,1681444,+,1752,634,634,634,636,634,632,634,632,634
GENE.4663,chr13,1682393,1693969,-,11577,40124,40124,40611,44040,42749,41689,39617,41395,42748
GENE.4664,chr13;chr13;chr13;chr13,1696894;1697106;1697308;1697494,1696960;1697136;1697390;1698113,+;+;+;+,801,2317,2317,2317,2337,2318,2315,2311,2315,2318
GENE.4665,chr13,1699683,1700630,-,948,0,0,0,0,3,1,0,1,3
GENE.4666,chr13,1704570,1706123,+,1554,0,0,0,0,1,1,1,1,1
GENE.4667,chr13,1707731,1710679,-,2949,14070,14070,14072,14100,14127,13993,13867,13993,14125
GENE.4668,chr13;chr13;chr13,1714443;1714993;1716110,1714653;1715994;1719255,+;+;+,4359,15891,15891,15891,15909,15918,15845,15858,15845,15918
GENE.4669,chr13;chr13;chr13;chr13,1720319;1721165;1721379;1721550,1721011;1721242;1721408;1721672,+;+;+;+,924,275,275,275,285,277,276,274,276,277
GENE.467,chr2;chr2,831189;831424,831284;832005,+;+,678,0,0,0,0,0,0,0,0,0
GENE.4670,chr13,1721904,1723685,-,1782,4776,4776,4776,4784,4779,4741,4766,4741,4779
GENE.4671,chr13,1724817,1726997,-,2181,3510,3510,3510,3512,3551,3491,3503,3491,3551
GENE.4672,chr13,1730702,1753486,-,22785,92292,92292,92296,92350,92676,91692,91527,91692,92676
GENE.4673,chr13,1756212,1758158,+,1947,4940,4940,4940,4940,4946,4898,4929,4898,4946
GENE.4674,chr13,1759466,1761991,+,2526,2336,2336,2336,2358,2337,2303,2326,2303,2337
GENE.4675,chr13,1764190,1766607,+,2418,106,106,106,106,109,106,106,106,109
GENE.4676,chr13,1769129,1771927,+,2799,4364,4364,4364,4376,4374,4340,4344,4340,4374
GENE.4677,chr13;chr13;chr13,1774275;1778561;1779041,1778347;1778766;1779042,-;-;-,4281,0,0,2,0,7,0,9,0,7
GENE.4678,chr13,1785333,1786805,-,1473,1048,1048,1048,1048,1048,1015,1043,1015,1048
GENE.4679,chr13;chr13;chr13,1787820;1788350;1788827,1788279;1788671;1788869,-;-;-,825,0,0,0,0,0,0,2,0,0
GENE.468,chr2;chr2,833805;834122,833996;834688,+;+,759,562,562,562,564,562,562,562,562,562
GENE.4680,chr13,1789425,1790672,+,1248,0,0,0,0,5,0,0,0,5
GENE.4681,chr13,1791032,1794766,-,3735,5016,5016,5017,5018,5059,4951,4903,4951,5059
GENE.4682,chr13;chr13;chr13,1796274;1796884;1797569,1796762;1797381;1797709,+;+;+,1128,1123,1123,1123,1129,1126,1058,1115,1058,1126
GENE.4683,chr13,1801271,1805737,+,4467,4286,4286,4289,4294,4313,4166,4695,4166,4313
GENE.4684,chr13;chr13;chr13;chr13;chr13;chr13;chr13;chr13;chr13;chr13;chr13,1807159;1807309;1807596;1807749;1807948;1808218;1808365;1808598;1808874;1809060;1809450,1807184;1807460;1807644;1807791;1808124;1808248;1808462;1808738;1808940;1809118;1809617,+;+;+;+;+;+;+;+;+;+;+,1011,2242,2242,2242,2272,2265,2244,2235,2244,2265
GENE.4685,chr13;chr13;chr13;chr13,1809736;1810038;1810164;1810330,1809933;1810071;1810213;1810521,-;-;-;-,474,44,44,44,48,44,44,44,44,44
GENE.4686,chr13,1812220,1813929,-,1710,3814,3814,3815,3818,3826,3683,3599,3683,3826
GENE.4687,chr13;chr13;chr13,1815075;1815198;1815411,1815095;1815293;1815548,-;-;-,255,0,0,0,0,0,0,0,0,0
GENE.4688,chr13;chr13;chr13;chr13,1816344;1816889;1817554;1817828,1816693;1817331;1817712;1821300,-;-;-;-,4425,5080,5080,5080,5101,5090,5041,5067,5041,5090
GENE.4689,chr13,1823190,1824026,+,837,0,0,0,0,0,0,0,0,0
GENE.469,chr2;chr2;chr2;chr2;chr2;chr2;chr2;chr2;chr2,838843;839924;840606;840757;840965;841202;841500;841746;842647,839764;840493;840659;840819;841096;841387;841658;842512;844116,+;+;+;+;+;+;+;+;+,4323,0,0,0,0,9,0,0,0,9
GENE.4690,chr13;chr13,1826411;1827143,1827016;1827649,+;+,1113,6298,6298,6298,6334,6300,6288,6292,6288,6300
GENE.4691,chr13,1828283,1829689,-,1407,0,0,0,0,2,0,0,0,2
GENE.4692,chr13;chr13,1831842;1833931,1833765;1834991,+;+,2985,0,0,2,0,8,0,0,0,8
GENE.4693,chr13;chr13;chr13;chr13;chr13;chr13;chr13,1835511;1835726;1835899;1836102;1836273;1836464;1836679,1835629;1835821;1836000;1836198;1836322;1836529;1836799,-;-;-;-;-;-;-,651,978,978,978,1002,980,982,969,982,980
GENE.4694,chr13;chr13,1837752;1838170,1837903;1840105,-;-,2088,2313,2313,2313,2317,2316,2305,2305,2305,2316
GENE.4695,chr13;chr13,1843376;1843483,1843379;1844897,+;+,1419,360,360,360,360,361,358,359,358,361
GENE.4696,chr13,1845878,1846384,-,507,674,674,674,674,676,673,673,673,676
GENE.4697,chr13;chr13;chr13,1849528;1849974;1850417,1849769;1850266;1850517,+;+;+,636,229,229,229,231,229,229,230,229,229
GENE.4698,chr13,1852898,1870864,+,17967,0,0,1,0,22,0,396,0,18
GENE.4699,chr13,1871922,1873709,+,1788,952,952,952,954,954,948,951,948,954
GENE.47,chrX,2335,5029,+,2695,0,0,0,0,0,0,0,0,0
GENE.470,chr2;chr2;chr2,845600;846020;846298,846018;846131;846375,-;-;-,609,2789,2789,2789,2841,2795,2770,2775,2770,2795
GENE.4700,chr13,1874060,1874725,-,666,106,106,106,108,106,106,106,106,106
GENE.4701,chr13,1876016,1877362,-,1347,0,0,0,0,2,0,0,0,2
GENE.4702,chr13,1878875,1880194,-,1320,0,0,0,0,1,0,0,0,1
GENE.4703,chr13,1881902,1882657,+,756,876,876,876,878,886,862,875,862,886
GENE.4704,chr13;chr13;chr13;chr13;chr13;chr13;chr13,1882964;1883395;1883555;1883883;1884170;1884360;1884691,1883191;1883465;1883717;1884007;1884233;1884544;1884946,-;-;-;-;-;-;-,1092,1564,1564,1564,1636,1588,1496,1564,1496,1588
GENE.4705,chr13,1886344,1888476,+,2133,4202,4020,4202,4222,4225,4142,4196,4142,4225
GENE.4706,chr13,1889853,1891121,-,1269,212,212,212,212,212,212,212,212,212
GENE.4707,chr13;chr13;chr13;chr13;chr13;chr13,1893613;1893807;1893943;1894229;1894479;1894883,1893681;1893857;1894122;1894291;1894637;1895023,-;-;-;-;-;-,663,422,422,422,438,422,428,421,428,422
GENE.4708,chr13,1895983,1896402,+,420,300,300,300,302,368,299,300,299,368
GENE.4709,chr13;chr13,1897983;1898826,1898564;1899362,-;-,1119,0,0,0,0,1,0,0,0,1
GENE.471,chr2;chr2,848092;848277,848157;849119,+;+,909,186,186,186,192,186,183,185,183,186
GENE.4710,chr13;chr13;chr13;chr13;chr13;chr13;chr13;chr13;chr13;chr13;chr13;chr13;chr13;chr13,1902723;1903060;1903325;1903509;1903848;1904008;1904169;1904329;1904514;1904659;1904823;1904980;1905163;1905294,1902777;1903157;1903363;1903665;1903885;1904038;1904212;1904396;1904550;1904719;1904867;1905044;1905196;1905355,+;+;+;+;+;+;+;+;+;+;+;+;+;+,834,0,0,0,0,2,0,3,0,2
GENE.4711,chr13;chr13;chr13,1908960;1910658;1910828,1910549;1910731;1910885,+;+;+,1722,0,0,1,0,0,0,23,0,0
GENE.4712,chr13;chr13;chr13;chr13;chr13;chr13,1911507;1911807;1911951;1912166;1912470;1912685,1911678;1911855;1912057;1912365;1912564;1912832,+;+;+;+;+;+,771,156,156,156,158,156,156,155,156,156
GENE.4713,chr13;chr13;chr13,1912948;1913174;1913533,1913019;1913273;1918904,-;-;-,5544,0,0,1,0,7,0,56,0,7
GENE.4714,chr13;chr13;chr13;chr13,1919834;1923570;1923843;1923988,1923364;1923731;1923875;1923999,-;-;-;-,3738,814,814,816,814,816,811,812,811,816
GENE.4715,chr13;chr13;chr13;chr13;chr13;chr13;chr13;chr13;chr13,1925049;1925312;1925581;1925812;1926015;1926249;1926429;1926588;1926754,1925164;1925421;1925682;1925915;1926054;1926297;1926489;1926653;1926780,+;+;+;+;+;+;+;+;+,675,194,194,194,196,194,192,192,192,194
GENE.4716,chr13;chr13,1927449;1927710,1927512;1928260,+;+,615,122,122,122,126,126,122,122,122,126
GENE.4717,chr13;chr13;chr13,1929091;1929409;1930132,1929153;1929940;1933721,-;-;-,4185,1687,1687,1687,1709,1782,1681,1673,1681,1712
GENE.4718,chr13;chr13;chr13,1935596;1935802;1936117,1935682;1936018;1947380,-;-;-,11568,30276,30278,30377,31086,30458,30304,29916,30089,30458
GENE.4719,chr13;chr13,1950400;1950916,1950511;1951847,+;+,1044,3282,3282,3282,3284,3285,3278,3278,3278,3285
GENE.472,chr2;chr2;chr2,851052;851291;851647,851164;851644;851962,+;+;+,783,0,0,0,0,11,0,0,0,11
GENE.4720,chr13;chr13;chr13;chr13,1953304;1953548;1953730;1953908,1953359;1953609;1953782;1954852,+;+;+;+,1116,0,0,0,0,0,0,0,0,0
GENE.4721,chr13;chr13;chr13;chr13;chr13;chr13;chr13;chr13,1955254;1955462;1955623;1955757;1956182;1957127;1957389;1957713,1955300;1955542;1955682;1956024;1956957;1957246;1957538;1958358,-;-;-;-;-;-;-;-,2148,3208,3208,3209,3301,3221,3141,3193,3141,3221
GENE.4722,chr13;chr13;chr13;chr13;chr13,1959657;1960427;1963034;1965499;1965656,1960239;1962884;1965409;1965564;1965677,+;+;+;+;+,5505,0,1,0,0,1,0,32,0,1
GENE.4723,chr13,1965963,1966322,-,360,0,0,0,0,0,0,0,0,0
GENE.4724,chr13;chr13;chr13;chr13;chr13;chr13;chr13;chr13;chr13;chr13;chr13,1966890;1967239;1967427;1967705;1967873;1968038;1968257;1968465;1968772;1969008;1969280,1967088;1967330;1967573;1967780;1967925;1968130;1968388;1968643;1968909;1969178;1969427,-;-;-;-;-;-;-;-;-;-;-,1428,1021,1021,1021,1031,1026,1015,1013,1015,1026
GENE.4725,chr13;chr13;chr13,1969769;1970039;1970363,1969848;1970159;1970752,-;-;-,591,0,0,0,0,0,0,0,0,0
GENE.4726,chr13,1971890,1974481,-,2592,0,0,0,0,0,0,0,0,0
GENE.4727,chr13,1977269,1982692,+,5424,1908,1908,1910,1970,1925,1891,1963,1891,1925
GENE.4728,chr13;chr13;chr13;chr13;chr13,1983823;1984006;1984559;1984772;1984977,1983879;1984438;1984634;1984869;1985011,+;+;+;+;+,699,334,334,334,334,349,294,332,294,349
GENE.4729,chr13;chr13,1985337;1985527,1985394;1995614,-;-,10146,6260,6268,6295,7352,6401,6218,6298,6218,6401
GENE.473,chr2;chr2,854966;855187,855034;855738,+;+,621,148,148,148,152,148,148,148,148,148
GENE.4730,chr13;chr13,1997023;1997787,1997450;1998282,+;+,924,1294,1294,1294,1294,1295,1291,1291,1291,1295
GENE.4731,chr13;chr13,1998815;1999206,1999016;1999771,+;+,768,474,474,474,482,474,472,473,472,474
GENE.4732,chr13,2000681,2002000,+,1320,1574,1574,1574,1574,1574,1568,1573,1568,1574
GENE.4733,chr13,2002429,2002989,-,561,596,596,596,600,596,595,595,595,596
GENE.4734,chr13;chr13;chr13;chr13;chr13;chr13;chr13;chr13,2003332;2003588;2003868;2004188;2004331;2004571;2004725;2004969,2003466;2003668;2003997;2004261;2004410;2004635;2004797;2005134,-;-;-;-;-;-;-;-,804,0,0,0,0,1,0,0,0,1
GENE.4735,chr13;chr13,2005962;2007748,2007510;2007950,-;-,1752,3126,3126,3126,3126,3129,3126,3124,3126,3129
GENE.4736,chr13;chr13;chr13;chr13,2009477;2009655;2009878;2010234,2009495;2009779;2009967;2010281,-;-;-;-,282,0,0,0,0,3,0,0,0,3
GENE.4737,chr13,2011168,2012085,+,918,2314,2314,2316,2326,2315,2308,2494,2308,2315
GENE.4738,chr13,2012799,2014919,+,2121,8994,8994,8996,9014,9025,8973,9087,8973,9025
GENE.4739,chr13,2015367,2018801,-,3435,4186,4186,4186,4198,4191,4162,4141,4162,4191
GENE.474,chr2;chr2;chr2;chr2,857567;857785;858090;858430,857782;858088;858427;858675,-;-;-;-,1104,0,0,0,0,0,0,0,0,0
GENE.4740,chr13;chr13,2021350;2022192,2022019;2022307,+;+,786,717,717,717,721,718,713,717,713,718
GENE.4741,chr13,2023259,2024944,+,1686,254,254,259,352,274,266,252,266,274
GENE.4742,chr13,2025366,2026106,-,741,0,0,0,0,0,0,0,0,0
GENE.4743,chr13,2027073,2028638,-,1566,0,0,2,0,0,0,0,0,0
GENE.4744,chr13;chr13;chr13;chr13,2033838;2039374;2039691;2039867,2039219;2039492;2039756;2039882,+;+;+;+,5583,19132,19134,19132,19170,19140,18985,19401,18985,19140
GENE.4745,chr13;chr13;chr13;chr13;chr13;chr13,2040405;2040627;2040882;2041090;2041279;2041468,2040455;2040738;2040955;2041153;2041360;2041555,-;-;-;-;-;-,471,568,568,568,580,568,571,565,571,568
GENE.4746,chr13,2043106,2047758,+,4653,594,594,598,596,607,589,758,589,607
GENE.4747,chr13;chr13,2048381;2049209,2049021;2049656,-;-,1089,2647,2647,2647,2687,2649,2641,2645,2641,2649
GENE.4748,chr13;chr13;chr13,2052108;2052333;2053082,2052147;2052601;2053384,+;+;+,612,150,150,150,150,151,150,150,150,151
GENE.4749,chr13,2052741,2052885,+,145,7,7,7,7,7,7,7,7,7
GENE.475,chr2;chr2,860466;860650,860534;861504,+;+,924,2174,2174,2174,2178,2175,2162,2170,2162,2175
GENE.4750,chr13,2055216,2056721,+,1506,2054,2054,2054,2056,2070,2036,2094,2036,2070
GENE.4751,chr13;chr13;chr13,2059616;2059838;2060076,2059663;2059897;2063924,+;+;+,3957,0,0,2,0,1,1,288,1,1
GENE.4752,chr13;chr13,2065373;2065793,2065448;2066409,+;+,693,197,199,197,199,199,197,221,197,199
GENE.4753,chr13;chr13,2065373;2065778,2065448;2066409,+;+,708,197,199,197,199,199,197,221,197,199
GENE.4754,chr13,2067529,2068767,-,1239,0,0,0,0,0,0,3,0,0
GENE.4755,chr13,2069317,2075337,+,6021,3828,3828,3829,3854,3850,3818,4363,3818,3850
GENE.4756,chr13,2076078,2079227,-,3150,0,0,0,0,0,6,0,6,0
GENE.4757,chr13;chr13;chr13;chr13;chr13;chr13;chr13;chr13,2080764;2081126;2081867;2082067;2082247;2082550;2082882;2083078,2080931;2081776;2081952;2082157;2082338;2082713;2082949;2083152,+;+;+;+;+;+;+;+,1395,3573,3573,3573,3633,3576,3576,3550,3576,3576
GENE.4758,chr13,2083689,2085530,-,1842,2092,2092,2092,2098,2106,2091,2073,2085,2106
GENE.4759,chr13,2087393,2092177,+,4785,14014,14014,14014,14042,14035,13893,14613,13893,14035
GENE.476,chr2;chr2;chr2,863079;863389;863774,863387;863688;863842,-;-;-,678,50,48,50,50,50,48,49,48,50
GENE.4760,chr13;chr13,2093365;2094202,2093855;2094337,-;-,627,0,0,0,0,1,0,0,0,1
GENE.4761,chr13;chr13;chr13;chr13;chr13;chr13;chr13;chr13;chr13;chr13;chr13;chr13;chr13;chr13;chr13,2096326;2096486;2096723;2096908;2097061;2097255;2097426;2097625;2097813;2097994;2098309;2098506;2098703;2098870;2099063,2096363;2096569;2096812;2096965;2097164;2097340;2097484;2097658;2097875;2098072;2098356;2098603;2098749;2098943;2099369,-;-;-;-;-;-;-;-;-;-;-;-;-;-;-,1269,2431,2431,2431,2485,2435,2475,2427,2475,2435
GENE.4762,chr13,2101485,2109086,+,7602,0,0,2,0,14,1,86,1,14
GENE.4763,chr13;chr13;chr13,2110352;2112630;2112952,2112480;2112750;2113356,+;+;+,2655,24580,24580,24580,24642,24587,24530,24536,24530,24587
GENE.4764,chr13;chr13;chr13,2114157;2115963;2116170,2115807;2116018;2116211,-;-;-,1749,3156,3156,3156,3158,3197,3095,3130,3095,3197
GENE.4765,chr13;chr13,2118361;2120734,2120586;2120913,-;-,2406,208,208,208,208,209,208,210,208,209
GENE.4766,chr13;chr13,2124272;2125073,2124931;2125270,-;-,858,122,122,122,122,123,122,122,122,123
GENE.4767,chr13;chr13,2130531;2130934,2130812;2131065,+;+,414,0,0,0,0,0,0,0,0,0
GENE.4768,chr13;chr13,2132068;2138465,2138155;2138583,-;-,6207,9062,9062,9072,9192,9116,8954,9007,8942,9116
GENE.4769,chr13,2139728,2143222,+,3495,18002,18010,18044,18494,18366,18052,17969,18048,18364
GENE.477,chr2;chr2,865916;866405,866402;866538,-;-,621,1770,1770,1770,1784,1776,1538,1767,1538,1776
GENE.4770,chr13,2144125,2145105,+,981,916,916,916,918,916,908,911,908,916
GENE.4771,chr13;chr13;chr13,2146181;2146704;2147008,2146527;2146882;2147147,-;-;-,666,548,548,548,552,548,547,548,547,548
GENE.4772,chr13,2150068,2150574,+,507,0,0,0,0,0,0,0,0,0
GENE.4773,chr13;chr13,2151402;2151843,2151611;2152373,-;-,741,608,608,608,614,608,605,605,605,608
GENE.4774,chr13;chr13;chr13;chr13,2154162;2154581;2154988;2155167,2154419;2154907;2155077;2155217,+;+;+;+,726,0,0,0,0,1,0,0,0,1
GENE.4775,chr13,2155755,2157542,-,1788,450,450,450,466,452,439,449,439,452
GENE.4776,chr13,2158129,2159199,-,1071,1234,1234,1235,1234,1235,1233,1178,1233,1235
GENE.4777,chr13,2160318,2162729,-,2412,3812,3812,3813,3812,3819,3777,3804,3777,3819
GENE.4778,chr13;chr13,2164239;2164575,2164456;2167416,-;-,3060,4366,4366,4366,4392,4366,4355,4317,4355,4366
GENE.4779,chr13;chr13;chr13;chr13;chr13,2169314;2169475;2169727;2170044;2170313,2169369;2169578;2169907;2170144;2170416,-;-;-;-;-,546,292,292,292,316,292,279,276,279,292
GENE.478,chr2;chr2,869508;871086,870950;871124,-;-,1482,1310,1310,1317,1354,1356,1370,1307,1368,1354
GENE.4780,chr13;chr13,2174346;2175550,2175426;2175797,+;+,1329,232,232,232,236,234,230,232,230,234
GENE.4781,chr13;chr13;chr13,2176308;2176830;2177123,2176724;2177021;2177272,-;-;-,759,992,992,992,1014,994,992,992,992,994
GENE.4782,chr13,2178639,2179862,-,1224,4480,4480,4480,4504,4481,4461,4465,4461,4481
GENE.4783,chr13,2180958,2182799,-,1842,0,0,0,0,1,0,0,0,1
GENE.4784,chr13,2184037,2185950,+,1914,5218,5218,5219,5246,5249,5133,5213,5133,5243
GENE.4785,chr13,2187435,2190224,+,2790,0,0,0,0,4,0,55,0,4
GENE.4786,chr13,2191058,2194111,-,3054,0,0,0,0,1,0,0,0,1
GENE.4787,chr13,2195449,2196978,+,1530,0,0,0,0,1,0,0,0,1
GENE.4788,chr13,2197906,2197978,-,73,0,0,0,0,0,0,0,0,0
GENE.4789,chr13,2199594,2201570,+,1977,0,0,0,0,0,0,0,0,0
GENE.479,chr2,873131,873319,+,189,0,0,0,0,0,0,0,0,0
GENE.4790,chr13;chr13,2202611;2203576,2203393;2204481,-;-,1689,0,0,0,0,1,0,0,0,1
GENE.4791,chr13,2206592,2210458,-,3867,0,0,0,0,0,0,11,0,0
GENE.4792,chr13;chr13;chr13;chr13,2214445;2214666;2214861;2215041,2214536;2214725;2214924;2215085,+;+;+;+,261,0,0,0,0,0,0,0,0,0
GENE.4793,chr13,2216346,2217563,+,1218,1224,1224,1224,1224,1231,1221,1224,1221,1231
GENE.4794,chr13,2218743,2222939,+,4197,2638,2638,2638,2642,2641,2604,2638,2604,2641
GENE.4795,chr13,2224146,2227040,-,2895,10424,10424,10425,10464,10494,10370,10331,10370,10494
GENE.4796,chr13;chr13,2228520;2229126,2228857;2229291,-;-,504,259,259,259,261,262,259,259,259,262
GENE.4797,chr13;chr13;chr13;chr13;chr13;chr13;chr13,2231883;2232081;2232402;2232650;2232838;2233017;2233183,2231930;2232254;2232552;2232719;2232892;2233061;2233248,+;+;+;+;+;+;+,609,0,0,0,0,1,0,0,0,1
GENE.4798,chr13,2235089,2238109,+,3021,2242,2242,2242,2246,2249,2229,2293,2229,2249
GENE.4799,chr13;chr13,2239261;2239655,2239498;2240004,+;+,588,521,521,521,521,523,519,520,519,523
GENE.48,chrX,5044,5116,+,73,0,0,0,0,0,0,0,0,0
GENE.480,chr2;chr2;chr2;chr2;chr2,873917;874119;874328;874545;874849,874117;874325;874543;874847;875178,-;-;-;-;-,1257,406,650,1115,1358,823,1205,318,1205,823
GENE.4800,chr13,2240970,2242412,-,1443,1966,1966,1966,1968,1984,1938,1959,1938,1984
GENE.4801,chr13;chr13;chr13;chr13;chr13;chr13;chr13,2245189;2245311;2245650;2245891;2246131;2246317;2246488,2245210;2245466;2245807;2246036;2246180;2246356;2246512,+;+;+;+;+;+;+,597,1116,1116,1116,1142,1116,1122,1116,1122,1116
GENE.4802,chr13,2249587,2261721,+,12135,19954,19954,19976,20090,20101,19914,20072,19914,20100
GENE.4803,chr13;chr13;chr13;chr13;chr13,2263199;2263474;2263959;2264255;2264617,2263318;2263777;2264118;2264398;2264755,-;-;-;-;-,867,125,125,125,129,125,124,124,124,125
GENE.4804,chr13,2265817,2267148,-,1332,0,1152,1152,1172,1162,1151,10,1151,1162
GENE.4805,chr13,2268901,2270232,+,1332,1540,1540,1540,1540,1541,1539,390,1539,1541
GENE.4806,chr13;chr13;chr13;chr13;chr13;chr13;chr13,2271537;2272151;2272370;2272613;2273030;2273265;2273450,2271955;2272237;2272454;2272914;2273155;2273336;2274083,+;+;+;+;+;+;+,1725,2153,2153,2153,2173,2163,2156,2151,2156,2163
GENE.4807,chr13,2274713,2275078,+,366,0,0,0,0,0,0,0,0,0
GENE.4808,chr13,2276521,2280060,+,3540,8586,8586,8586,8598,8598,8551,8625,8551,8598
GENE.4809,chr13,2281492,2284212,+,2721,162,162,162,162,163,162,162,162,163
GENE.481,chr2,876984,877832,+,849,6170,8478,7830,8808,8412,7751,54,7751,8412
GENE.4810,chr13;chr13;chr13;chr13,2284813;2285168;2285424;2285642,2284991;2285221;2285488;2285703,+;+;+;+,360,19,19,19,24,19,19,19,19,19
GENE.4811,chr13;chr13;chr13;chr13,2286220;2286503;2286708;2286880,2286378;2286592;2286784;2290210,-;-;-;-,3657,0,0,0,0,2,0,0,0,2
GENE.4812,chr13;chr13;chr13,2291897;2292372;2292692,2291912;2292502;2294134,+;+;+,1590,4233,4233,4233,4245,4294,4206,4226,4206,4294
GENE.4813,chr13;chr13;chr13;chr13;chr13;chr13,2295637;2295823;2296051;2296276;2296514;2297101,2295655;2295962;2296125;2296341;2296946;2297156,+;+;+;+;+;+,789,82,82,82,92,82,81,82,81,82
GENE.4814,chr13;chr13,2297900;2303981,2303724;2304194,-;-,6039,0,0,1,0,7,0,0,0,7
GENE.4815,chr13,2305436,2307640,-,2205,556,556,556,558,557,553,556,553,557
GENE.4816,chr13;chr13,2309035;2313860,2313559;2314125,+;+,4791,8138,8139,8141,8196,8198,8072,8270,8072,8198
GENE.4817,chr13,2314457,2315479,-,1023,62,62,62,62,64,62,62,62,64
GENE.4818,chr13;chr13;chr13,2317002;2317350;2317650,2317114;2317461;2317844,+;+;+,420,611,602,611,640,614,605,609,605,614
GENE.4819,chr13,2318686,2320527,+,1842,10254,10254,10254,10260,10281,10198,10223,10198,10281
GENE.482,chr2;chr2,878468;879183,879088;879251,-;-,690,172,252,252,318,257,239,128,239,257
GENE.4820,chr13,2322060,2325077,+,3018,4528,4528,4528,4530,4541,4470,4515,4470,4541
GENE.4821,chr13,2326394,2326855,-,462,40,40,40,40,40,40,40,40,40
GENE.4822,chr13,2331074,2331529,+,456,78,78,78,78,78,77,77,77,78
GENE.4823,chr13;chr13;chr13;chr13;chr13;chr13;chr13;chr13;chr13;chr13;chr13;chr13;chr13;chr13;chr13,2332196;2332355;2332554;2332730;2332980;2333175;2333385;2333531;2333666;2333872;2334086;2334352;2334567;2334708;2334901,2332245;2332430;2332594;2332884;2333092;2333255;2333447;2333576;2333751;2333963;2334213;2334411;2334607;2334764;2334915,-;-;-;-;-;-;-;-;-;-;-;-;-;-;-,1104,5226,5226,5226,5549,5235,5441,5213,5441,5235
GENE.4824,chr13,2336005,2345850,-,9846,17026,17026,17027,17052,17109,16904,16637,16904,17109
GENE.4825,chr13,2347863,2349986,-,2124,1014,1014,1014,1016,1024,1012,1002,1012,1024
GENE.4826,chr13;chr13;chr13;chr13;chr13;chr13;chr13;chr13;chr13;chr13;chr13,2350437;2350817;2351127;2351267;2351532;2351672;2351899;2352136;2352295;2352489;2352813,2350609;2350882;2351171;2351354;2351570;2351747;2351933;2352195;2352363;2352588;2352820,-;-;-;-;-;-;-;-;-;-;-,759,952,952,952,1002,953,978,949,978,953
GENE.4827,chr13,2353681,2356902,+,3222,1786,1786,1786,1786,1787,1782,1801,1782,1787
GENE.4828,chr13;chr13,2359251;2360106,2359687;2361198,-;-,1530,769,769,769,773,771,768,769,768,771
GENE.4829,chr13,2364426,2365235,+,810,736,736,736,746,738,731,733,731,738
GENE.483,chr2;chr2,881469;882199,882092;882267,-;-,693,28,2888,2820,3070,2897,2765,8,2765,2897
GENE.4830,chr13,2371882,2377959,+,6078,10634,10634,10635,10660,10668,10660,11959,10580,10668
GENE.4831,chr13,2381165,2392261,+,11097,43274,43274,43387,44458,43910,43427,43403,43427,43909
GENE.4832,chr13;chr13;chr13,2393370;2393775;2394002,2393517;2393884;2394355,+;+;+,612,2871,2871,2871,2915,2872,2853,2857,2853,2872
GENE.4833,chr13,2395974,2402354,+,6381,0,0,0,0,6,0,107,0,6
GENE.4834,chr13,2403511,2404044,-,534,72,72,72,72,73,72,72,72,73
GENE.4835,chr13;chr13;chr13;chr13,2405249;2405380;2405782;2406140,2405289;2405641;2405943;2406217,-;-;-;-,543,0,0,0,0,0,0,0,0,0
GENE.4836,chr13;chr13;chr13;chr13;chr13;chr13;chr13,2406838;2407130;2407286;2407462;2407646;2407878;2408237,2406894;2407203;2407351;2407526;2407745;2408140;2408385,-;-;-;-;-;-;-,774,0,0,0,0,0,0,0,0,0
GENE.4837,chr13,2409348,2410466,-,1119,1334,1334,1334,1334,1339,1312,1333,1312,1339
GENE.4838,chr13,2411357,2412298,+,942,932,932,932,944,932,932,1001,932,932
GENE.4839,chr13;chr13;chr13;chr13;chr13;chr13;chr13;chr13;chr13;chr13;chr13;chr13;chr13;chr13,2413324;2413551;2413817;2414253;2414539;2414825;2415317;2415659;2416039;2417269;2417688;2418046;2418690;2425102,2413350;2413679;2414080;2414427;2414691;2415166;2415554;2415915;2417114;2417567;2417907;2418449;2424485;2425261,+;+;+;+;+;+;+;+;+;+;+;+;+;+,9540,0,1,0,0,19,0,0,0,19
GENE.484,chr2,883452,884312,+,861,210,3099,3137,4004,3130,2938,73,2938,3130
GENE.4840,chr13;chr13;chr13;chr13;chr13,2426133;2429116;2429391;2430672;2431146,2427883;2429262;2430482;2431036;2431183,-;-;-;-;-,3393,0,0,1,0,4,0,3,0,4
GENE.4841,chr13,2435343,2438924,+,3582,10812,10812,10812,10832,10823,10784,10791,10784,10823
GENE.4842,chr13;chr13;chr13;chr13;chr13;chr13;chr13;chr13;chr13,2440438;2440938;2441129;2441440;2441702;2441983;2442220;2442614;2442901,2440704;2440980;2441313;2441550;2441863;2442060;2442441;2442706;2442909,-;-;-;-;-;-;-;-;-,1170,0,0,0,0,1,0,0,0,1
GENE.4843,chr13,2445090,2447264,-,2175,2968,2968,2968,2984,2968,2953,2954,2953,2968
GENE.4844,chr13;chr13;chr13;chr13;chr13,2450461;2453052;2453248;2453509;2453693,2452934;2453137;2453368;2453582;2453760,+;+;+;+;+,2823,9834,9834,9834,10136,9895,9757,9817,9599,9891
GENE.4845,chr13;chr13;chr13;chr13;chr13;chr13,2455261;2459826;2460018;2460199;2460472;2460878,2459745;2459879;2460107;2460297;2460575;2461424,+;+;+;+;+;+,5379,88223,88224,88143,88711,88602,87590,88957,87590,88602
GENE.4846,chr13;chr13;chr13;chr13;chr13;chr13;chr13;chr13;chr13;chr13,2462069;2462337;2462494;2462646;2462773;2462918;2463110;2463301;2463530;2463762,2462194;2462400;2462559;2462687;2462811;2462962;2463194;2463406;2463650;2463784,+;+;+;+;+;+;+;+;+;+,717,915,915,915,954,916,941,915,941,916
GENE.4847,chr13;chr13,2464135;2464502,2464349;2464718,-;-,432,871,871,871,887,871,867,867,867,871
GENE.4848,chr13;chr13;chr13;chr13;chr13;chr13;chr13;chr13;chr13;chr13;chr13;chr13,2465491;2465733;2465924;2466084;2466348;2466521;2466787;2467087;2467291;2467433;2467728;2467926,2465579;2465781;2465973;2466211;2466409;2466641;2466962;2467181;2467339;2467597;2467787;2467982,-;-;-;-;-;-;-;-;-;-;-;-,1101,1748,1748,1748,1836,1758,1793,1739,1793,1758
GENE.4849,chr13;chr13;chr13;chr13,2467128;2467433;2467728;2467926,2467181;2467597;2467787;2467982,-;-;-;-,336,684,682,684,697,687,693,681,693,687
GENE.485,chr2;chr2,886625;886795,886696;887802,+;+,1080,0,170,174,386,179,183,4,183,178
GENE.4850,chr13,2469127,2469540,-,414,376,376,376,376,376,375,375,375,376
GENE.4851,chr13;chr13,2470972;2471739,2471603;2471793,+;+,687,1030,1030,1030,1050,1037,1026,1029,1026,1037
GENE.4852,chr13;chr13,2473530;2473825,2473545;2481626,+;+,7818,9896,9896,9896,9896,9951,9808,9878,9808,9951
GENE.4853,chr13,2482472,2483296,-,825,922,922,922,926,924,922,922,922,924
GENE.4854,chr13,2486754,2487353,+,600,306,306,306,308,307,302,304,302,307
GENE.4855,chr13;chr13;chr13;chr13;chr13;chr13;chr13,2487857;2488053;2488273;2488523;2488888;2489230;2489382,2487948;2488126;2488366;2488715;2489091;2489300;2489475,-;-;-;-;-;-;-,822,0,0,0,0,1,1,0,1,1
GENE.4856,chr13,2490386,2491837,-,1452,2786,2786,2786,2788,2796,2778,2780,2778,2796
GENE.4857,chr13,2493143,2493712,+,570,0,0,0,0,0,0,0,0,0
GENE.4858,chr13,2495924,2502070,+,6147,6004,5774,6113,6650,6349,6180,6079,6180,6349
GENE.4859,chr13;chr13,2503185;2504266,2504133;2505458,+;+,2142,1382,1382,1382,1388,1382,1379,1380,1379,1382
GENE.486,chr2;chr2,889660;889864,889728;890745,+;+,951,0,0,0,0,1,0,0,0,1
GENE.4860,chr13;chr13;chr13,2506148;2506709;2506952,2506580;2506816;2507214,+;+;+,804,1584,1584,1584,1612,1584,1583,1584,1583,1584
GENE.4861,chr13,2510355,2516474,+,6120,2972,2866,2995,3358,3064,2970,3020,2966,3064
GENE.4862,chr13;chr13,2518487;2521054,2520598;2525493,+;+,6552,0,0,0,0,17,0,0,0,17
GENE.4863,chr13;chr13,2526360;2530265,2530051;2531483,+;+,4911,0,0,0,0,2,1,105,1,2
GENE.4864,chr13,2532201,2535722,+,3522,6364,6364,6366,6444,6401,6346,6354,6346,6401
GENE.4865,chr13;chr13,2536315;2539506,2539252;2539642,+;+,3075,0,0,0,0,4,0,12,0,4
GENE.4866,chr13;chr13,2539948;2541487,2541282;2541540,-;-,1389,4946,4946,4946,4960,4952,4913,4918,4913,4952
GENE.4867,chr13;chr13,2542284;2543096,2542981;2543150,+;+,753,1590,1590,1590,1598,1592,1589,1590,1589,1592
GENE.4868,chr13;chr13,2543644;2546477,2546354;2546483,-;-,2718,0,0,0,0,4,0,0,0,4
GENE.4869,chr13;chr13;chr13,2547764;2550260;2550415,2550145;2550325;2550477,+;+;+,2511,13144,13144,13145,13190,13279,13031,13160,13031,13279
GENE.487,chr2;chr2,892856;893154,892909;894206,+;+,1107,1284,1284,1284,1286,1293,1281,1281,1281,1293
GENE.4870,chr13,2551243,2551926,-,684,0,0,0,0,4,0,0,0,4
GENE.4871,chr13,2552554,2554926,+,2373,20066,20066,20068,20112,20278,19929,20063,19929,20278
GENE.4872,chr13;chr13;chr13;chr13;chr13;chr13;chr13;chr13;chr13;chr13;chr13;chr13,2556025;2557067;2557286;2557465;2557810;2558044;2558224;2558568;2558845;2559033;2559259;2559416,2556951;2557179;2557377;2557575;2557931;2558090;2558372;2558648;2558923;2559157;2559326;2559547,+;+;+;+;+;+;+;+;+;+;+;+,2046,4156,4156,4156,4205,4200,3967,4138,3967,4200
GENE.4873,chr13,2562118,2562968,+,851,1718,1718,1718,1790,1719,1712,1713,1712,1719
GENE.4874,chr13,2564625,2567108,+,2484,4296,4296,4297,4308,4298,4287,4366,4287,4298
GENE.4875,chr13,2568556,2570946,+,2391,0,0,0,0,3,0,0,0,3
GENE.4876,chr13,2571845,2577286,-,5442,10014,10014,10014,10034,10034,9937,9954,9937,10034
GENE.4877,chr13,2579159,2582614,-,3456,0,1,0,0,3,0,0,0,3
GENE.4878,chr13,2585032,2594829,+,9798,64878,64874,64873,65400,65074,64411,64218,64401,65074
GENE.4879,chr13,2596389,2597822,+,1434,0,0,0,0,0,0,0,0,0
GENE.488,chr2;chr2,896226;896443,896294;897420,+;+,1047,0,0,0,0,0,0,1,0,0
GENE.4880,chr13,2598757,2601399,+,2643,6686,6686,6686,6698,6740,6674,6730,6674,6740
GENE.4881,chr13;chr13;chr13;chr13;chr13;chr13;chr13,2601801;2602046;2602304;2602541;2602884;2602976;2603043,2602044;2602302;2602539;2602881;2602974;2603040;2603107,+;+;+;+;+;+;+,1299,0,0,0,0,2,1,36,1,2
GENE.4882,chr13;chr13;chr13;chr13;chr13;chr13;chr13,2603463;2603755;2603962;2604158;2604321;2604592;2604830,2603528;2603829;2604045;2604217;2604402;2604699;2604972,-;-;-;-;-;-;-,618,1628,1628,1628,1674,1633,1670,1625,1670,1633
GENE.4883,chr13;chr13;chr13;chr13,2606397;2607274;2607670;2607900,2607105;2607379;2607756;2608050,-;-;-;-,1053,1891,1891,1891,1919,1903,1810,1914,1810,1903
GENE.4884,chr13,2608698,2609744,+,1047,1086,1086,1086,1094,1088,1083,1084,1083,1088
GENE.4885,chr13;chr13;chr13,2609933;2610253;2610503,2610113;2610340;2610581,-;-;-,348,12,12,12,16,12,13,12,13,12
GENE.4886,chr13,2611483,2611638,+,156,0,0,0,0,0,0,0,0,0
GENE.4887,chr13,2612422,2614644,-,2223,9184,9184,9191,9718,9249,9038,9139,9038,9249
GENE.4888,chr13,2616148,2617902,-,1755,3772,3772,3772,3774,3773,3764,3776,3764,3773
GENE.4889,chr13;chr13,2619028;2619422,2619102;2620567,+;+,1221,0,0,0,0,0,0,0,0,0
GENE.489,chr2;chr2,899430;899600,899498;900445,+;+,915,118,118,118,118,118,119,119,119,118
GENE.4890,chr13;chr13;chr13;chr13;chr13;chr13;chr13;chr13,2621261;2622346;2622515;2622658;2622787;2622981;2623205;2623823,2622204;2622394;2622583;2622717;2622846;2623085;2623425;2624000,+;+;+;+;+;+;+;+,1686,0,0,0,0,1,0,0,0,1
GENE.4891,chr13;chr13;chr13,2624553;2624881;2625087,2624710;2624937;2626098,-;-;-,1227,6428,6428,6428,6460,6541,6357,6398,6357,6541
GENE.4892,chr13;chr13;chr13;chr13,2629861;2629988;2630878;2631119,2629881;2630554;2630955;2631442,+;+;+;+,990,3715,3715,3715,3741,3714,3732,3711,3732,3714
GENE.4893,chr13;chr13,2632534;2633054,2632713;2633260,-;-,387,0,0,0,0,0,0,0,0,0
GENE.4894,chr13,2635213,2635488,+,276,0,0,0,0,0,0,0,0,0
GENE.4895,chr13;chr13,2636732;2636965,2636839;2637240,+;+,384,2,2,2,2,2,2,2,2,2
GENE.4896,chr13,2638091,2638543,+,453,396,396,396,396,400,396,398,396,400
GENE.4897,chr13;chr13;chr13;chr13,2638955;2649492;2650603;2651850,2649365;2649559;2651686;2652697,-;-;-;-,12411,7407,7407,7409,7447,7477,7282,7276,7282,7477
GENE.4898,chr13,2655277,2659065,-,3789,2006,2006,2006,2032,2012,1981,1936,1981,2012
GENE.4899,chr13,2661573,2662022,+,450,1046,1046,1046,1046,1046,1042,1043,1042,1046
GENE.49,chrX,5142,6554,+,1413,0,0,0,0,1,0,0,0,1
GENE.490,chr2;chr2;chr2,901494;901877;902206,901874;902203;902853,+;+;+,1356,3482,3788,4110,4524,3977,3911,2624,3911,3977
GENE.4900,chr13,2663422,2665152,-,1731,6932,6932,6932,6944,6998,6906,6604,6906,6998
GENE.4901,chr13,2666666,2667781,+,1116,0,0,0,0,1,0,1,0,1
GENE.4902,chr13;chr13;chr13;chr13;chr13;chr13;chr13;chr13;chr13,2668398;2668643;2668899;2669062;2669482;2669745;2669959;2670229;2670523,2668472;2668766;2668938;2669380;2669646;2669852;2670106;2670321;2670524,-;-;-;-;-;-;-;-;-,1074,82,82,82,82,83,82,81,82,83
GENE.4903,chr13;chr13;chr13,2675590;2675797;2676093,2675626;2675943;2677966,+;+;+,2058,0,0,2,0,1,0,144,0,1
GENE.4904,chr13;chr13;chr13;chr13;chr13,2679415;2679592;2679862;2680082;2680323,2679450;2679732;2679927;2680224;2680425,-;-;-;-;-,489,56,56,56,56,56,56,56,56,56
GENE.4905,chr13,2681321,2682592,+,1272,0,0,0,0,2,0,0,0,2
GENE.4906,chr13;chr13;chr13,2683581;2684493;2684869,2684343;2684734;2684967,+;+;+,1104,0,0,0,0,0,0,0,0,0
GENE.4907,chr13;chr13;chr13;chr13,2685059;2685285;2685466;2685735,2685195;2685375;2685648;2686331,-;-;-;-,1008,252,253,252,252,253,252,252,252,253
GENE.4908,chr13,2687561,2690701,+,3141,6582,6582,6583,6590,6591,6552,6698,6552,6591
GENE.4909,chr13;chr13,2692076;2693011,2692892;2693282,+;+,1089,2284,2284,2284,2284,2309,2258,2281,2258,2309
GENE.491,chr2;chr2,904551;904837,904604;905775,+;+,993,0,4,2,4,4,4,3,4,4
GENE.4910,chr13;chr13;chr13,2693921;2694449;2694657,2694295;2694539;2694859,-;-;-,669,509,509,509,519,510,506,507,506,510
GENE.4911,chr13,2695655,2699881,+,4227,13940,13940,13940,13946,13948,13910,13972,13910,13948
GENE.4912,chr13,2701228,2704776,+,3549,4406,4406,4408,4644,4419,4379,4385,4379,4417
GENE.4913,chr13,2706499,2708442,+,1944,4980,4980,4980,4990,4989,4967,4987,4967,4989
GENE.4914,chr13;chr13;chr13;chr13,2708813;2709032;2709220;2709506,2708925;2709058;2709402;2709566,-;-;-;-,384,25,25,25,25,25,25,22,25,25
GENE.4915,chr13;chr13;chr13,2710406;2710578;2711575,2710434;2711340;2711718,-;-;-,936,0,0,0,0,1,1,2,1,1
GENE.4916,chr13;chr13,2713463;2713603,2713488;2715436,-;-,1860,0,0,0,0,2,0,0,0,2
GENE.4917,chr13;chr13;chr13;chr13;chr13;chr13,2717853;2718043;2718237;2718740;2718933;2719276,2717906;2718150;2718519;2718813;2719004;2719377,+;+;+;+;+;+,693,0,0,0,0,1,0,0,0,1
GENE.4918,chr13;chr13;chr13;chr13;chr13;chr13,2719490;2719743;2719882;2720185;2720745;2721008,2719625;2719802;2719980;2720333;2720850;2721420,-;-;-;-;-;-,963,0,0,0,0,0,0,10,0,0
GENE.4919,chr13,2722690,2725182,+,2493,19134,19134,19134,19150,19143,19081,19088,19081,19143
GENE.492,chr2;chr2,907678;907893,907746;908861,+;+,1038,341,341,341,341,350,326,341,326,350
GENE.4920,chr13,2725669,2725947,-,279,0,0,0,0,0,0,0,0,0
GENE.4921,chr13,2727425,2729155,-,1731,0,0,0,0,0,0,309,0,0
GENE.4922,chr13,2731041,2736143,-,5103,11696,11696,11696,11828,11756,11572,11492,11405,11750
GENE.4923,chr13;chr13;chr13,2739350;2739495;2739765,2739383;2739579;2740998,+;+;+,1353,2987,2987,2988,2993,3157,2956,2978,2956,3157
GENE.4924,chr13;chr13;chr13;chr13;chr13,2742585;2742828;2743920;2745178;2745527,2742655;2743601;2744958;2745345;2745862,+;+;+;+;+,2388,12898,12898,12898,12964,12927,12865,12903,12865,12927
GENE.4925,chr13,2746659,2748224,-,1566,0,0,0,0,0,0,0,0,0
GENE.4926,chr13,2749595,2756107,+,6513,7626,7626,7626,7634,7673,7578,7631,7578,7673
GENE.4927,chr13;chr13,2756529;2756875,2756668;2757997,-;-,1263,2416,2416,2416,2446,2417,2407,2405,2407,2417
GENE.4928,chr13;chr13,2759756;2759968,2759851;2768478,+;+,8607,0,0,1,0,4,0,21,0,4
GENE.4929,chr13;chr13,2769916;2773062,2772817;2773480,+;+,3321,5843,5843,5843,5859,5848,5824,6001,5824,5848
GENE.493,chr2;chr2,909350;909831,909421;911054,+;+,1296,0,2079,2038,2459,2112,2053,14,2053,2112
GENE.4930,chr13,2774191,2776884,-,2694,0,0,0,0,5,0,0,0,5
GENE.4931,chr13;chr13;chr13;chr13;chr13,2778005;2778152;2778379;2778644;2778993,2778024;2778282;2778461;2778858;2779071,-;-;-;-;-,528,0,0,0,0,0,0,0,0,0
GENE.4932,chr13,2780354,2780427,+,74,0,0,0,0,0,0,0,0,0
GENE.4933,chr13,2781080,2781151,-,72,0,0,0,0,0,0,0,0,0
GENE.4934,chr13,2781622,2781695,+,74,0,0,0,0,0,0,0,0,0
GENE.4935,chr13,2783150,2783221,-,72,0,0,0,0,0,0,0,0,0
GENE.4936,chr13,2783766,2783836,+,71,0,0,0,0,0,0,0,0,0
GENE.4937,chr13;chr13,2787972;2788554,2788361;2788913,+;+,750,2722,2722,2722,2727,2735,2703,2718,2703,2735
GENE.4938,chr13,2794237,2794851,+,615,1534,1534,1534,1538,1534,1533,1238,1533,1534
GENE.4939,chr13,2796119,2797144,+,1026,760,436,748,780,774,673,749,644,770
GENE.494,chr2;chr2,913244;913528,913297;914457,+;+,984,0,7,11,16,13,15,2,15,13
GENE.4940,chr13,2797507,2798103,+,597,472,472,469,474,472,469,472,469,472
GENE.4941,chr13,2800004,2802154,+,2151,2396,2876,2816,3220,2884,2835,256,2835,2884
GENE.4942,chr13,2802527,2802686,+,160,0,0,0,0,2,0,0,0,2
GENE.4943,chr13,2802945,2807159,+,4215,10276,10386,10054,10684,10572,10295,1433,10295,10572
GENE.4944,chr13;chr13,2808563;2809154,2809000;2809222,-;-,507,0,0,0,0,0,0,0,0,0
GENE.4945,chr13;chr13;chr13;chr13;chr13,2811706;2812266;2819764;2820015;2820227,2812263;2819334;2819851;2820088;2820270,+;+;+;+;+,7833,0,0,0,0,3,0,0,0,3
GENE.4946,chr13;chr13;chr13,2821078;2821278;2823212,2821173;2822786;2823292,+;+;+,1686,4285,4285,4285,4293,4289,4277,4273,4277,4289
GENE.4947,chr13;chr13,2824302;2825781,2825552;2825852,-;-,1323,0,0,0,0,0,0,0,0,0
GENE.4948,chr13;chr13,2829856;2830109,2829927;2830669,+;+,633,286,286,286,286,286,286,286,286,286
GENE.4949,chr13;chr13,2832952;2833204,2833086;2834322,+;+,1254,0,0,0,0,0,0,0,0,0
GENE.495,chr2;chr2,916352;918345,917581;923648,-;-,6534,0,30,27,118,35,30,3,30,35
GENE.4950,chr13;chr13,2837053;2837313,2837136;2839058,+;+,1830,0,0,0,0,0,0,0,0,0
GENE.4951,chr13;chr13,2840727;2841635,2841485;2841703,-;-,828,0,0,0,0,0,0,0,0,0
GENE.4952,chr13;chr13,2845767;2846002,2845850;2846538,+;+,621,222,254,256,328,258,266,160,266,258
GENE.4953,chr13,2850891,2853482,+,2592,0,0,0,0,2,0,0,0,2
GENE.4954,chr13;chr13;chr13,2854544;2855003;2855521,2855000;2855403;2855568,-;-;-,906,0,4,4,68,9,4,2,4,9
GENE.4955,chr13;chr13,2856586;2857255,2856632;2858026,+;+,819,0,0,0,0,2,0,0,0,2
GENE.4956,chr13;chr13,2860163;2860449,2860216;2861441,+;+,1047,0,2,4,3,6,5,0,5,6
GENE.4957,chr13;chr13,2863866;2864030,2863928;2864869,+;+,903,1150,1150,1156,1162,1151,1162,1157,1162,1151
GENE.4958,chr13;chr13,2865893;2866197,2866194;2867226,+;+,1332,0,1628,2278,3132,1807,2345,23,2345,1807
GENE.4959,chr13;chr13,2868923;2869209,2868976;2870165,+;+,1011,2818,2824,2826,2832,2838,2823,2807,2823,2838
GENE.496,chr3;chr3,36965;43172,42283;44482,+;+,6630,0,6,4,18,34,11,2,11,34
GENE.4960,chr13;chr13,2871860;2873035,2872831;2873088,-;-,1026,0,2,0,0,1,0,0,0,1
GENE.4961,chr13,2875991,2876203,+,213,0,0,0,0,0,0,0,0,0
GENE.4962,chr13;chr13,2877908;2878146,2877976;2879141,+;+,1065,0,2,2,8,2,2,6,2,2
GENE.4963,chr13;chr13,2881591;2881877,2881644;2882956,+;+,1134,2064,2069,2066,2070,2069,2065,2058,2065,2069
GENE.4964,chr13;chr13,2884786;2886998,2886114;2892340,-;-,6672,2152,2172,2162,2352,2178,2152,2136,2152,2178
GENE.4965,chr14;chr14,1393;4039,3021;5343,+;+,2934,10068,10114,10092,10170,10114,10077,9536,10077,10114
GENE.4966,chr14;chr14,7208;8485,8248;8538,-;-,1095,20,21,20,20,20,20,21,20,20
GENE.4967,chr14;chr14,10974;12049,11933;12117,-;-,1029,334,334,334,336,339,330,334,330,339
GENE.4968,chr14;chr14,14126;15310,15085;15363,-;-,1014,2069,2068,2069,2071,2071,2066,2064,2066,2071
GENE.4969,chr14;chr14,17469;18737,18416;18808,-;-,1020,3978,3978,3978,3982,4086,3953,3978,3953,4086
GENE.497,chr3;chr3,46369;47526,47295;47579,-;-,981,0,72,68,94,78,75,0,75,78
GENE.4970,chr14;chr14,20897;22179,21946;22232,-;-,1104,5551,5571,5567,5600,5621,5477,5419,5477,5621
GENE.4971,chr14;chr14,24337;25252,25149;25320,-;-,882,784,784,784,784,785,770,782,770,785
GENE.4972,chr14;chr14,27321;28360,28202;28428,-;-,951,0,0,0,0,0,0,0,0,0
GENE.4973,chr14;chr14,30083;30877,30784;31008,-;-,834,764,1954,1960,2474,2004,1987,286,1987,2004
GENE.4974,chr14;chr14,34693;35585,35427;35773,-;-,924,0,0,0,0,0,0,0,0,0
GENE.4975,chr14;chr14,41289;42956,42629;43093,-;-,1479,0,0,0,0,1,0,0,0,1
GENE.4976,chr14;chr14,46833;47019,46901;47744,+;+,795,0,0,0,0,0,0,0,0,0
GENE.4977,chr14;chr14,48912;50218,50135;50415,-;-,1422,0,0,0,0,2,0,0,0,2
GENE.4978,chr14,53411,53734,-,324,0,0,0,0,0,0,0,0,0
GENE.4979,chr14,57172,58293,-,1122,1134,1134,1134,1134,1134,1131,1131,1131,1134
GENE.498,chr3;chr3;chr3,49772;50413;50899,50410;50896;51152,-;-;-,1377,0,1114,3144,2626,2395,3393,70,3393,2395
GENE.4980,chr14;chr14,61364;62800,62611;62988,-;-,1437,620,620,620,624,620,618,618,618,620
GENE.4981,chr14,66269,67081,-,813,1108,1108,1108,1110,1113,1106,1107,1106,1113
GENE.4982,chr14,71368,72690,+,1323,4528,4528,4528,4528,4548,4481,4526,4481,4548
GENE.4983,chr14;chr14;chr14;chr14;chr14;chr14;chr14;chr14;chr14;chr14,74188;74387;74549;74681;74986;75181;75508;75866;76325;76640,74247;74464;74594;74831;75064;75330;75647;76190;76422;76793,-;-;-;-;-;-;-;-;-;-,1281,2622,2622,2623,2729,2652,2572,2611,2572,2652
GENE.4984,chr14;chr14;chr14;chr14;chr14;chr14;chr14;chr14;chr14;chr14;chr14;chr14;chr14;chr14;chr14,77258;77415;77615;77780;77977;78193;78429;78698;78909;79120;79343;79503;79665;79930;80297,77323;77521;77668;77846;78054;78261;78543;78746;78990;79246;79413;79583;79817;80180;80423,-;-;-;-;-;-;-;-;-;-;-;-;-;-;-,1497,7984,7984,7989,8123,8012,8032,7974,8032,8012
GENE.4985,chr14,81121,83760,+,2640,4396,4396,4396,4426,4401,4384,4498,4384,4401
GENE.4986,chr14,84735,85301,+,567,136,136,136,136,136,135,136,135,136
GENE.4987,chr14,85883,87883,-,2001,5368,5368,5369,5372,5424,5211,5083,5211,5424
GENE.4988,chr14,89565,91037,-,1473,110,110,110,110,112,109,106,109,112
GENE.4989,chr14;chr14;chr14,92264;93183;93435,92524;93268;93537,-;-;-,450,520,521,520,530,520,523,519,523,520
GENE.499,chr3;chr3,52280;53205,53101;53273,-;-,891,260,262,260,260,260,263,260,263,260
GENE.4990,chr14,92792,92874,-,83,18,18,18,20,18,18,18,18,18
GENE.4991,chr14;chr14;chr14;chr14;chr14;chr14;chr14;chr14;chr14,94980;95717;95917;96148;97056;97528;97813;98055;98342,95594;95831;95994;96767;97249;97627;97901;98142;98404,-;-;-;-;-;-;-;-;-,1962,0,0,0,0,0,0,0,0,0
GENE.4992,chr14;chr14;chr14,100847;105253;105544,105158;105395;105624,+;+;+,4536,570,570,571,572,574,566,701,566,574
GENE.4993,chr14,106370,109234,+,2865,0,0,0,0,2,1,13,1,2
GENE.4994,chr14;chr14;chr14;chr14;chr14;chr14;chr14;chr14;chr14;chr14,110114;110273;110472;110618;111538;111704;111982;112265;112413;112587,110154;110330;110544;111308;111598;111829;112140;112318;112452;112645,+;+;+;+;+;+;+;+;+;+,1362,0,0,0,0,2,0,0,0,2
GENE.4995,chr14,113144,119011,-,5868,4004,4005,4006,4008,4030,3932,3858,3932,4030
GENE.4996,chr14;chr14,120069;120723,120532;121134,-;-,876,363,363,363,388,367,353,360,353,367
GENE.4997,chr14,121855,125340,-,3486,15040,15040,15040,15108,15069,14930,15014,14930,15069
GENE.4998,chr14;chr14;chr14;chr14;chr14;chr14;chr14;chr14;chr14;chr14;chr14;chr14;chr14;chr14;chr14,125986;126187;126582;126936;127122;127290;127517;127773;128117;128407;128695;128924;129109;129395;129740,126055;126422;126819;126998;127174;127337;127639;127972;128252;128539;128804;129023;129275;129502;129877,+;+;+;+;+;+;+;+;+;+;+;+;+;+;+,1923,0,0,0,0,1,0,1,0,1
GENE.4999,chr14;chr14;chr14;chr14;chr14;chr14;chr14;chr14;chr14,130022;130189;130465;130656;130972;131113;131383;131719;132080,130096;130237;130544;130776;131029;131239;131506;131876;132100,-;-;-;-;-;-;-;-;-,813,840,840,840,854,857,803,837,803,857
GENE.5,chrM,204,226,-,23,0,0,0,0,0,0,0,0,0
GENE.50,chrX,6561,6716,+,156,0,0,0,0,0,0,0,0,0
GENE.500,chr3;chr3,55390;56516,56400;56584,-;-,1080,983,983,983,983,987,963,975,963,987
GENE.5000,chr14;chr14;chr14,132554;132949;133117,132727;132996;133245,+;+;+,351,5,3,5,10,7,5,3,5,7
GENE.5001,chr14;chr14;chr14,133737;133950;134144,133822;134013;135073,-;-;-,1080,0,0,0,0,0,0,12,0,0
GENE.5002,chr14;chr14,136530;141394,141131;141420,-;-,4629,4108,4108,4108,4114,4124,4069,4044,4069,4124
GENE.5003,chr14,142242,143138,-,897,1386,1386,1386,1388,1398,1376,1386,1376,1398
GENE.5004,chr14;chr14,143984;144589,144408;144661,+;+,498,64,64,64,64,64,64,64,64,64
GENE.5005,chr14;chr14,145134;145547,145378;145649,-;-,348,4,4,4,4,4,4,4,4,4
GENE.5006,chr14;chr14,147961;148317,148197;148415,+;+,336,8,7,8,18,8,8,8,8,8
GENE.5007,chr14,150000,150608,+,609,0,0,0,0,0,0,0,0,0
GENE.5008,chr14,151765,152310,+,546,512,512,512,516,515,512,512,512,515
GENE.5009,chr14,153139,154545,+,1407,11832,11832,11832,11854,11834,11814,11829,11814,11834
GENE.501,chr3,58307,58519,-,213,0,0,0,0,0,0,0,0,0
GENE.5010,chr14;chr14;chr14;chr14;chr14;chr14;chr14;chr14;chr14;chr14;chr14;chr14;chr14;chr14;chr14;chr14;chr14;chr14;chr14;chr14;chr14;chr14,154855;155236;155408;155565;155777;156202;156572;156876;157180;157376;157592;157819;158023;158280;158464;158623;158826;158965;159268;159592;159772;160075,155118;155307;155473;155651;156031;156459;156723;156952;157266;157467;157716;157906;158163;158337;158522;158721;158864;159115;159467;159642;159831;160191,-;-;-;-;-;-;-;-;-;-;-;-;-;-;-;-;-;-;-;-;-;-,2598,14844,14843,14844,15476,14918,14540,14527,14540,14918
GENE.5011,chr14;chr14;chr14;chr14;chr14;chr14;chr14;chr14;chr14;chr14;chr14;chr14;chr14;chr14;chr14;chr14;chr14,154855;155236;155408;155565;155777;156202;156572;156876;157180;157376;157592;157819;158023;158280;158464;158623;158826,155118;155307;155473;155651;156031;156459;156723;156952;157266;157467;157716;157906;158163;158337;158522;158721;158855,-;-;-;-;-;-;-;-;-;-;-;-;-;-;-;-;-,2010,13500,13491,13491,14097,13565,13186,13178,13186,13565
GENE.5012,chr14;chr14;chr14;chr14;chr14;chr14;chr14;chr14;chr14;chr14;chr14;chr14;chr14;chr14;chr14;chr14;chr14;chr14;chr14;chr14,154855;155236;155408;155565;155777;156202;156572;156876;157180;157376;157592;157819;158023;158280;158464;158623;158826;158965;159268;159535,155118;155307;155473;155651;156031;156459;156723;156952;157266;157467;157716;157906;158163;158337;158522;158721;158864;159115;159448;159595,-;-;-;-;-;-;-;-;-;-;-;-;-;-;-;-;-;-;-;-,2412,14836,14836,14836,15468,14910,14532,14519,14532,14910
GENE.5013,chr14,161227,162099,-,873,0,1,0,0,0,0,0,0,0
GENE.5014,chr14,163990,166854,-,2865,0,0,0,0,2,0,0,0,2
GENE.5015,chr14,170000,170893,+,894,2286,2286,2286,2296,2286,2282,2283,2282,2286
GENE.5016,chr14;chr14;chr14;chr14;chr14,172237;172502;172796;174372;174738,172378;172602;174207;174603;174911,+;+;+;+;+,2061,0,0,0,0,2,0,0,0,2
GENE.5017,chr14;chr14;chr14;chr14;chr14;chr14;chr14,175503;175625;175850;176097;176265;176553;176791,175528;175721;175954;176166;176437;176640;179705,-;-;-;-;-;-;-,3474,8130,8130,8418,9960,9399,8858,8100,8830,9399
GENE.5018,chr14;chr14;chr14,180897;181376;181575,181287;181488;181649,+;+;+,579,310,310,310,310,311,310,310,310,311
GENE.5019,chr14,181955,185032,+,3078,0,0,2,0,5,0,9,0,5
GENE.502,chr3;chr3,61445;61662,61498;62714,+;+,1107,1476,1476,1476,1478,1506,1447,1474,1443,1504
GENE.5020,chr14;chr14;chr14;chr14,185437;186652;187001;187651,186500;186900;187517;190368,-;-;-;-,4548,0,0,0,0,6,0,0,0,6
GENE.5021,chr14,190997,192724,+,1728,1176,1176,1176,1182,1185,1153,1306,1153,1185
GENE.5022,chr14,193216,194265,-,1050,1318,1318,1318,1318,1318,1316,1316,1316,1318
GENE.5023,chr14,196327,198486,-,2160,12938,12938,12943,12972,13169,12514,12182,12514,13169
GENE.5024,chr14;chr14;chr14;chr14;chr14,200493;201096;201446;201776;203570,200919;201282;201512;203421;204143,-;-;-;-;-,2901,14575,14573,14575,14774,14610,14605,14513,14605,14610
GENE.5025,chr14;chr14,205559;208953,208837;209003,+;+,3330,19598,19598,19599,19696,19725,19809,19680,18365,19693
GENE.5026,chr14;chr14;chr14,210300;210541;210884,210354;210732;210960,+;+;+,324,0,0,0,0,1,0,0,0,1
GENE.5027,chr14,211566,215651,-,4086,0,0,3,0,2,0,0,0,2
GENE.5028,chr14,217845,226307,+,8463,0,0,4,0,10,0,726,0,10
GENE.5029,chr14,228410,229837,+,1428,0,0,0,0,0,0,0,0,0
GENE.503,chr3;chr3,64572;64872,64625;65783,+;+,966,0,2,2,22,4,4,4,2,3
GENE.5030,chr14,230864,232690,+,1827,252,252,252,252,253,252,306,252,253
GENE.5031,chr14;chr14,233001;233995,233834;237744,-;-,4584,9596,9596,9597,9602,9628,9567,9566,9567,9628
GENE.5032,chr14,239747,243772,+,4026,7442,7442,7444,7460,7456,7410,7495,7410,7456
GENE.5033,chr14,244908,245492,+,585,326,326,326,328,332,324,326,324,332
GENE.5034,chr14;chr14;chr14,246380;246787;247405,246609;247094;247721,-;-;-,855,3114,3113,3114,3141,3116,3111,3112,3111,3116
GENE.5035,chr14;chr14;chr14;chr14;chr14,251059;252176;252348;252628;252765,251935;252237;252385;252677;252826,+;+;+;+;+,1089,5663,5663,5663,5697,5688,5690,5656,5690,5688
GENE.5036,chr14,253542,257360,+,3819,7664,7664,7665,7674,7673,7636,7644,7636,7673
GENE.5037,chr14;chr14,258746;259039,258752;259988,+;+,957,730,730,730,732,734,728,729,728,734
GENE.5038,chr14;chr14,261061;261595,261425;262099,-;-,870,0,0,0,0,2,0,0,0,2
GENE.5039,chr14;chr14;chr14;chr14;chr14,264403;265278;265545;265837;266111,265152;265364;265674;265978;267074,+;+;+;+;+,2073,0,0,0,0,2,0,0,0,2
GENE.504,chr3;chr3,67928;68101,67996;68682,+;+,651,1518,1518,1518,1528,1540,1447,1516,1447,1540
GENE.5040,chr14,268108,268692,-,585,0,0,0,0,0,0,0,0,0
GENE.5041,chr14;chr14;chr14;chr14;chr14,269881;270092;270435;270634;270893,269912;270251;270521;270697;270927,+;+;+;+;+,378,4,4,4,4,5,4,4,4,5
GENE.5042,chr14,271014,277115,-,6102,43100,43100,43102,43182,43220,42800,42757,42794,43220
GENE.5043,chr14;chr14,279176;280609,280331;280673,+;+,1221,3668,3668,3668,3687,3689,3652,3687,3652,3689
GENE.5044,chr14,283086,284435,+,1350,0,0,0,0,14,0,0,0,14
GENE.5045,chr14,288297,289655,+,1359,13026,13026,13025,13036,13052,12960,13004,12830,13048
GENE.5046,chr14,293471,294832,+,1362,348,348,348,348,352,423,348,346,349
GENE.5047,chr14,297468,298823,+,1356,4570,4570,4570,4570,4574,4562,4562,4541,4572
GENE.5048,chr14,300725,305833,-,5109,0,1,2,0,3,0,40,0,3
GENE.5049,chr14,312569,312868,+,300,0,0,0,0,2,0,0,0,2
GENE.505,chr3,69460,71919,-,2460,0,0,0,0,0,0,0,0,0
GENE.5050,chr14,313975,317457,-,3483,0,0,0,0,5,0,0,0,5
GENE.5051,chr14,320274,320861,+,588,0,0,2,0,0,0,0,0,0
GENE.5052,chr14;chr14,323317;323851,323651;324172,+;+,657,160,160,160,164,160,160,160,160,160
GENE.5053,chr14;chr14,324754;325114,324947;346468,-;-,21549,78894,78894,78925,79066,79120,78356,77500,78356,79112
GENE.5054,chr14;chr14,349359;350356,350192;350415,+;+,894,1254,1254,1254,1256,1259,1222,1250,1222,1259
GENE.5055,chr14,351025,352047,-,1023,1428,1428,1428,1430,1428,1411,1427,1411,1428
GENE.5056,chr14;chr14,353263;353497,353318;355141,-;-,1701,11033,11033,11033,11069,11043,10996,11059,10996,11043
GENE.5057,chr14,356550,360188,+,3639,7624,7625,7623,7656,7633,7583,7615,7583,7633
GENE.5058,chr14;chr14;chr14,360656;360954;361494,360797;361362;361539,-;-;-,597,0,0,0,0,0,1,48,1,0
GENE.5059,chr14;chr14;chr14,360656;360954;361530,360797;361362;361539,-;-;-,561,0,0,0,0,0,1,48,1,0
GENE.506,chr3;chr3,76494;76773,76562;77474,+;+,771,0,0,0,0,0,0,0,0,0
GENE.5060,chr14,363092,364240,+,1149,282,282,282,282,284,282,282,282,284
GENE.5061,chr14;chr14;chr14;chr14,365509;366182;366488;367018,365912;366318;366725;367027,-;-;-;-,789,284,284,284,295,284,282,282,282,284
GENE.5062,chr14;chr14;chr14,370146;370336;370468,370199;370370;373006,+;+;+,2628,2978,2978,2978,2998,2995,2955,3006,2955,2995
GENE.5063,chr14,374800,377106,+,2307,7270,7270,7270,7288,7283,7248,7294,7248,7283
GENE.5064,chr14;chr14,377285;377709,377357;380182,-;-,2547,1252,1252,1252,1254,1259,1251,1251,1251,1259
GENE.5065,chr14,383188,384732,+,1545,0,0,2,0,62,20,125,0,2
GENE.5066,chr14,389592,391595,+,2004,12444,12444,12450,12462,12677,11720,12417,11680,12557
GENE.5067,chr14,392972,393850,-,879,290,290,290,290,290,287,287,287,290
GENE.5068,chr14;chr14;chr14;chr14;chr14;chr14;chr14,396010;396425;396751;396967;397192;397496;397760,396334;396580;396841;397051;397260;397611;397967,+;+;+;+;+;+;+,1050,51,51,51,55,54,51,51,51,54
GENE.5069,chr14,400418,402994,+,2577,24724,24724,24724,24752,24732,24668,24683,24668,24732
GENE.507,chr3;chr3;chr3,78195;78503;80196,78275;80056;80393,-;-;-,1833,518,518,518,520,518,515,517,515,518
GENE.5070,chr14;chr14,403652;404085,403891;417062,-;-,13218,11350,11358,11463,12100,11833,11424,11297,11416,11831
GENE.5071,chr14,420442,422790,+,2349,0,0,0,0,0,0,0,0,0
GENE.5072,chr14;chr14,423751;423921,423822;424250,-;-,402,186,186,186,190,186,185,184,185,186
GENE.5073,chr14,427191,428588,+,1398,5566,5566,5566,5568,5619,5545,5559,5545,5619
GENE.5074,chr14;chr14,429690;430056,429888;430861,-;-,1005,1422,1422,1422,1434,1426,1417,1419,1417,1426
GENE.5075,chr14;chr14;chr14;chr14;chr14;chr14;chr14,433951;434085;434286;434618;434876;435079;435247,433996;434154;434436;434729;434913;435108;435318,+;+;+;+;+;+;+,519,0,0,0,0,0,0,0,0,0
GENE.5076,chr14;chr14;chr14;chr14,437224;437448;437678;437959,437353;437594;437809;439466,+;+;+;+,1917,1066,1066,1066,1084,1069,1053,1064,1053,1069
GENE.5077,chr14;chr14;chr14;chr14;chr14;chr14;chr14;chr14;chr14;chr14,440541;444721;445420;446436;446640;446942;447085;447260;447420;447706,444567;445328;446307;446504;446834;446992;447168;447320;447533;447773,+;+;+;+;+;+;+;+;+;+,6165,24186,24192,24187,24526,24209,24065,24189,24065,24209
GENE.5078,chr14;chr14;chr14;chr14;chr14;chr14;chr14;chr14;chr14,440541;444721;445420;446640;446942;447085;447260;447420;447706,444567;445328;446307;446834;446992;447168;447320;447533;447773,+;+;+;+;+;+;+;+;+,6096,24183,24188,24184,24523,24206,24062,24186,24062,24206
GENE.5079,chr14;chr14;chr14;chr14;chr14;chr14;chr14;chr14,447923;448158;448448;448689;448911;449293;449558;449808,448052;448298;448563;448804;449090;449434;449693;449968,-;-;-;-;-;-;-;-,1122,545,545,546,555,546,543,544,543,546
GENE.508,chr3;chr3,82011;83420,83228;83515,-;-,1314,924,924,924,924,925,921,921,921,925
GENE.5080,chr14;chr14;chr14;chr14;chr14;chr14;chr14;chr14,447990;448158;448448;448689;448911;449293;449558;449808,448014;448298;448563;448804;449090;449434;449693;449968,-;-;-;-;-;-;-;-,1017,545,545,546,555,546,543,544,543,546
GENE.5081,chr14;chr14;chr14;chr14,452175;452481;452960;453265,452329;452726;453160;454879,-;-;-;-,2217,16519,16519,16519,16634,16536,16416,16492,16416,16536
GENE.5082,chr14;chr14,458796;460900,460439;460962,+;+,1707,583,583,583,583,586,581,583,581,586
GENE.5083,chr14,461401,467451,-,6051,2962,2962,2963,2970,2973,2956,2926,2956,2972
GENE.5084,chr14;chr14,468976;469195,468997;472016,+;+,2844,464,464,464,472,498,459,473,459,498
GENE.5085,chr14,472850,474826,+,1977,0,0,0,0,10,0,0,0,10
GENE.5086,chr14,475249,477297,+,2049,0,0,0,0,1,0,49,0,1
GENE.5087,chr14,477469,478887,-,1419,656,656,656,660,657,648,651,648,657
GENE.5088,chr14,480431,481414,+,984,40,40,40,40,40,40,40,40,40
GENE.5089,chr14,482437,483399,+,963,0,0,0,0,11,0,0,0,11
GENE.509,chr3;chr3,85305;86042,85946;86131,-;-,732,68,68,68,68,69,66,68,66,69
GENE.5090,chr14,484438,487308,+,2871,12274,12274,12274,12288,12424,12060,12504,12060,12424
GENE.5091,chr14;chr14;chr14,487776;488213;490239,488073;490055;490380,-;-;-,2283,3476,3476,3476,3500,3480,3461,3498,3461,3480
GENE.5092,chr14;chr14;chr14,491494;491688;492142,491528;491950;492221,-;-;-,378,13,13,13,13,13,13,12,13,13
GENE.5093,chr14;chr14;chr14;chr14;chr14,493971;501131;503219;503897;504234,500970;503010;503697;504082;504345,-;-;-;-;-,9657,0,1,0,0,12,0,0,0,8
GENE.5094,chr14;chr14,507360;508186,507807;508868,+;+,1131,425,425,425,433,431,423,425,423,431
GENE.5095,chr14,509686,511176,-,1491,0,0,2,0,1,0,0,0,1
GENE.5096,chr14,512363,516022,+,3660,30954,30954,30959,31004,31170,30725,30938,30679,31170
GENE.5097,chr14;chr14;chr14;chr14,516574;517765;517939;518179,517620;517812;518061;518193,-;-;-;-,1233,0,0,0,0,1,0,0,0,1
GENE.5098,chr14;chr14;chr14;chr14;chr14;chr14;chr14,521209;521485;521636;521807;522032;522189;522642,521256;521534;521705;521860;522081;522559;522898,+;+;+;+;+;+;+,900,7,7,7,7,13,7,8,7,13
GENE.5099,chr14;chr14;chr14;chr14;chr14,521209;521485;521636;521807;522189,521256;521534;521705;521860;522242,+;+;+;+;+,276,3,3,3,3,8,3,4,3,8
GENE.51,chrX,6725,7030,+,306,0,0,0,0,0,0,0,0,0
GENE.510,chr3;chr3,88250;89097,88969;89231,-;-,855,1730,1730,1730,1732,1730,1726,1727,1726,1730
GENE.5100,chr14,523890,525305,-,1416,2310,2310,2310,2324,2317,2298,2288,2298,2317
GENE.5101,chr14;chr14;chr14;chr14,527132;527351;527512;527710,527169;527415;527605;529234,+;+;+;+,1722,0,0,0,0,1,0,0,0,1
GENE.5102,chr14;chr14;chr14;chr14,530135;531317;531503;531696,531185;531410;531570;531739,-;-;-;-,1257,2560,2560,2562,2582,2569,2559,2559,2559,2569
GENE.5103,chr14;chr14;chr14,532818;532984;533180,532838;533059;533289,-;-;-,207,0,0,0,0,0,0,0,0,0
GENE.5104,chr14,534057,535988,-,1932,0,0,0,0,1,0,0,0,1
GENE.5105,chr14,536796,537839,-,1044,338,338,338,338,339,338,338,338,339
GENE.5106,chr14;chr14,538869;539939,539806;540572,+;+,1572,624,624,624,624,628,623,657,623,628
GENE.5107,chr14;chr14;chr14;chr14;chr14;chr14;chr14;chr14;chr14;chr14;chr14;chr14,540677;540831;541027;541218;541673;544427;544758;545102;545268;545530;545807;545997,540759;540873;541079;541490;544258;544487;544949;545160;545342;545604;545898;546046,-;-;-;-;-;-;-;-;-;-;-;-,3642,0,0,0,0,5,0,0,0,5
GENE.5108,chr14,547954,549417,+,1464,734,734,734,740,737,726,732,726,737
GENE.5109,chr14;chr14;chr14,551862;552758;553143,552654;553017;553235,+;+;+,1146,972,972,972,982,981,965,970,965,981
GENE.511,chr3;chr3,91115;93263,93112;93463,-;-,2199,3756,3756,3756,3758,3777,3739,3739,3739,3777
GENE.5110,chr14;chr14;chr14;chr14;chr14;chr14;chr14;chr14;chr14;chr14;chr14,553639;553829;553973;554269;554486;554738;554867;555068;555326;555546;555761,553697;553861;554103;554350;554590;554786;554916;555158;555382;555638;555772,-;-;-;-;-;-;-;-;-;-;-,762,0,0,0,0,1,0,0,0,1
GENE.5111,chr14,560093,562324,+,2232,0,0,0,0,4,0,588,0,4
GENE.5112,chr14,564024,565247,-,1224,450,450,452,450,452,622,448,446,451
GENE.5113,chr14,570802,571461,+,660,0,0,0,0,1,0,0,0,1
GENE.5114,chr14;chr14;chr14;chr14;chr14,575496;575866;576398;576745;577017,575760;576189;576549;576879;577055,+;+;+;+;+,915,0,0,0,0,0,0,0,0,0
GENE.5115,chr14;chr14;chr14;chr14;chr14;chr14,578369;578622;582259;586893;587215;587494,578467;582052;586674;587036;587365;587529,-;-;-;-;-;-,8277,25145,25143,25145,25273,25249,25057,24825,25051,25246
GENE.5116,chr14,590626,592188,+,1563,2402,2402,2402,2406,2404,2397,2407,2397,2404
GENE.5117,chr14,592992,597146,-,4155,0,0,0,0,2,0,0,0,2
GENE.5118,chr14;chr14,599763;600510,600197;600680,-;-,606,0,0,0,0,4,0,0,0,4
GENE.5119,chr14,601981,605559,-,3579,180,180,180,180,183,183,179,180,183
GENE.512,chr3;chr3,96568;97725,97338;97907,-;-,954,2038,2038,2038,2038,2042,2037,1985,2037,2042
GENE.5120,chr14,606380,607348,-,969,4362,4362,4362,4374,4391,4317,4347,4317,4391
GENE.5121,chr14;chr14;chr14,609205;610859;611165,610748;610964;611287,+;+;+,1773,0,0,0,0,8,1,0,1,8
GENE.5122,chr14;chr14;chr14,611865;612337;612636,611946;612444;612736,+;+;+,291,14,14,14,15,14,14,14,14,14
GENE.5123,chr14,615167,616180,+,1014,0,0,0,0,1,0,0,0,1
GENE.5124,chr14,618897,623321,+,4425,44846,44846,44997,48340,45533,45126,44783,45054,45533
GENE.5125,chr14;chr14;chr14,624486;624790;624993,624590;624873;628250,-;-;-,3447,11734,11734,11735,11770,11856,11660,11686,11660,11856
GENE.5126,chr14,629419,632895,-,3477,0,0,1,0,17,1,0,1,17
GENE.5127,chr14,634815,636533,-,1719,0,0,0,0,2,0,0,0,2
GENE.5128,chr14,640374,641519,+,1146,512,512,512,512,513,512,512,512,513
GENE.5129,chr14;chr14,642071;642512,642287;642735,-;-,441,711,711,711,715,715,688,710,688,715
GENE.513,chr3;chr3,104325;104708,104524;105281,+;+,774,857,857,857,867,869,856,856,856,869
GENE.5130,chr14;chr14;chr14;chr14,643914;644340;644624;644918,644157;644493;644816;644989,+;+;+;+,663,0,0,0,0,0,0,0,0,0
GENE.5131,chr14,645641,648454,-,2814,0,0,1,0,0,0,0,0,0
GENE.5132,chr14,650503,657345,-,6843,51770,51770,51770,51908,51955,51399,50906,50540,51897
GENE.5133,chr14;chr14,659539;660721,660609;660903,+;+,1254,338,338,338,338,338,337,337,337,338
GENE.5134,chr14;chr14;chr14;chr14;chr14;chr14;chr14;chr14;chr14;chr14;chr14;chr14;chr14;chr14;chr14,661098;661367;661611;661832;662200;662512;662810;662964;663176;663427;663649;663863;664342;664703;665008,661208;661489;661718;662002;662336;662567;662886;663075;663292;663563;663737;664116;664585;664816;665098,-;-;-;-;-;-;-;-;-;-;-;-;-;-;-,1941,0,1,0,0,1,0,0,0,1
GENE.5135,chr14,667412,668824,+,1413,0,0,0,0,8,0,0,0,7
GENE.5136,chr14,669692,678772,-,9081,9604,9604,9604,9612,9705,9522,9517,9522,9705
GENE.5137,chr14;chr14;chr14;chr14;chr14,681055;681181;681369;681618;681967,681085;681269;681441;681766;682023,-;-;-;-;-,399,0,0,0,0,0,0,0,0,0
GENE.5138,chr14,682778,684802,+,2025,334,334,334,334,334,332,357,332,334
GENE.5139,chr14;chr14;chr14;chr14,685437;685662;685961;686229,685542;685735;686084;686368,-;-;-;-,444,298,298,298,302,298,298,298,298,298
GENE.514,chr3,105913,107109,-,1197,0,0,0,0,0,0,0,0,0
GENE.5140,chr14,688592,689740,+,1149,0,0,0,0,1,0,59,0,1
GENE.5141,chr14,690451,691272,+,822,76,76,76,76,80,76,76,76,80
GENE.5142,chr14;chr14,694585;708084,707891;708177,+;+,13401,5190,5190,5213,5192,5219,5163,6762,5163,5219
GENE.5143,chr14;chr14;chr14,709670;713042;713266,712900;713141;713309,+;+;+,3375,0,0,0,0,1,2,147,2,1
GENE.5144,chr14;chr14;chr14,714708;716898;723310,716312;723307;725998,+;+;+,10704,27848,27846,27849,27900,27947,27641,27995,27597,27947
GENE.5145,chr14,726979,728379,-,1401,1306,1306,1306,1306,1312,1206,1304,1206,1312
GENE.5146,chr14,730694,744682,-,13989,1300,1300,1307,1308,1335,1288,1310,1286,1335
GENE.5147,chr14;chr14;chr14;chr14;chr14;chr14,750330;750523;750937;751237;751444;751659,750376;750808;751081;751354;751517;751684,+;+;+;+;+;+,696,955,955,955,975,965,954,954,954,965
GENE.5148,chr14;chr14,753389;753531,753394;756440,+;+,2916,3165,3166,3165,3167,3172,3156,3168,3156,3172
GENE.5149,chr14;chr14;chr14;chr14,757195;757978;758220;758440,757374;758062;758273;758555,-;-;-;-,435,396,395,396,403,393,428,394,428,393
GENE.515,chr3;chr3,107961;108156,108038;109880,-;-,1803,6490,6490,6490,6502,6499,6480,6478,6480,6499
GENE.5150,chr14;chr14;chr14;chr14;chr14;chr14;chr14;chr14;chr14;chr14,759360;759548;759913;760048;760262;760458;760723;760894;761144;761420,759443;759676;759953;760129;760355;760588;760791;760979;761273;761422,-;-;-;-;-;-;-;-;-;-,849,2391,2391,2391,2427,2431,2380,2387,2380,2431
GENE.5151,chr14,762614,773407,-,10794,31494,31494,31493,31536,31593,31286,30767,31286,31593
GENE.5152,chr14;chr14;chr14,775460;775937;776267,775820;776031;776311,+;+;+,501,0,0,0,0,3,0,0,0,3
GENE.5153,chr14,776672,777082,+,411,0,0,0,0,0,0,0,0,0
GENE.5154,chr14,778092,778163,+,72,0,0,0,0,0,0,0,0,0
GENE.5155,chr14,779377,779495,+,119,0,0,0,0,0,0,0,0,0
GENE.5156,chr14,780006,780124,+,119,0,0,0,0,0,0,0,0,0
GENE.5157,chr14,780916,781034,+,119,0,0,0,0,0,0,0,0,0
GENE.5158,chr14,782049,782361,-,313,0,0,0,0,0,0,0,0,0
GENE.5159,chr14;chr14,783078;783233,783121;785819,-;-,2631,0,0,0,0,2,0,28,0,2
GENE.516,chr3,114070,118086,+,4017,0,0,0,0,11,0,0,0,11
GENE.5160,chr14,786958,790458,-,3501,894,894,894,898,900,889,879,889,900
GENE.5161,chr14,793752,796877,+,3126,3764,3764,3763,3772,3873,3700,3782,3700,3873
GENE.5162,chr14;chr14;chr14,797709;799796;800067,799581;799869;800135,-;-;-,2016,5989,5988,5990,6013,5992,5982,5977,5982,5992
GENE.5163,chr14;chr14,802717;802884,802754;803481,+;+,636,338,338,338,342,338,337,337,337,338
GENE.5164,chr14;chr14;chr14;chr14,804425;804569;804896;805127,804479;804811;804960;811369,-;-;-;-,6606,21900,21900,21906,21944,22053,21444,21492,21442,22053
GENE.5165,chr14,813778,814413,-,636,160,160,160,160,160,159,159,159,160
GENE.5166,chr14;chr14;chr14;chr14;chr14;chr14;chr14;chr14;chr14;chr14;chr14;chr14,815324;815817;816007;816165;816323;816523;816778;816982;817146;817754;817945;818230,815654;815891;816062;816236;816385;816662;816811;817026;817542;817855;817993;818245,-;-;-;-;-;-;-;-;-;-;-;-,1380,0,0,0,0,4,0,0,0,4
GENE.5167,chr14,820068,821597,+,1530,918,918,918,922,918,915,1048,915,918
GENE.5168,chr14;chr14;chr14,822423;823941;824135,823778;824019;824202,-;-;-,1503,5061,5061,5061,5175,5103,4849,5050,4849,5103
GENE.5169,chr14;chr14;chr14,822423;823941;824135,823778;824019;824340,-;-;-,1641,5119,5119,5119,5235,5164,4908,5133,4908,5164
GENE.517,chr3;chr3;chr3;chr3;chr3;chr3;chr3;chr3;chr3,119458;120411;121098;121261;121462;121702;121986;122290;123263,120319;120986;121151;121323;121572;121887;122144;123056;124735,+;+;+;+;+;+;+;+;+,4251,2274,3553,3518,4150,4971,5034,1672,5034,4970
GENE.5170,chr14,825612,827330,-,1719,0,0,0,0,1,0,0,0,1
GENE.5171,chr14;chr14;chr14,828904;830359;830701,830174;830469;830773,-;-;-,1455,9270,9270,9271,9346,9519,10208,9168,7514,9449
GENE.5172,chr14,832335,836684,-,4350,7328,7328,7328,7336,7399,7180,7283,7180,7399
GENE.5173,chr14,838927,842664,-,3738,6700,6700,6701,6738,6713,6646,6670,6646,6713
GENE.5174,chr14,843711,844619,+,909,1410,1410,1412,1412,1415,1409,1491,1409,1415
GENE.5175,chr14,846508,849177,+,2670,11380,11380,11381,11384,11395,11281,11499,11281,11395
GENE.5176,chr14,849819,853349,-,3531,1378,1378,1380,1490,1400,1375,1588,1375,1400
GENE.5177,chr14;chr14;chr14,854094;854376;854729,854183;854610;855963,-;-;-,1560,0,0,0,0,3,0,25,0,3
GENE.5178,chr14;chr14,860011;860284,860123;863080,+;+,2910,0,0,0,0,8,1,8,1,8
GENE.5179,chr14;chr14;chr14;chr14,863623;863879;864221;864404,863712;864053;864312;864820,-;-;-;-,774,0,0,0,0,2,0,0,0,2
GENE.518,chr3,125992,130235,-,4244,0,0,0,0,1,0,0,0,1
GENE.5180,chr14;chr14,865346;866407,866173;866805,-;-,1227,0,0,0,0,0,0,0,0,0
GENE.5181,chr14;chr14;chr14;chr14,867802;867973;868455;868769,867845;868216;868548;868920,-;-;-;-,534,791,791,791,819,793,811,786,811,793
GENE.5182,chr14,871000,874761,+,3762,8784,8784,8801,9538,9226,8997,9035,8997,9226
GENE.5183,chr14,875173,875321,-,149,0,0,0,0,0,0,0,0,0
GENE.5184,chr14;chr14;chr14,875687;876080;876385,875929;876153;876385,-;-;-,318,0,0,0,0,0,0,0,0,0
GENE.5185,chr14;chr14;chr14;chr14;chr14;chr14,877441;879411;880484;880738;881152;881368,879281;880340;880572;880788;881208;881450,-;-;-;-;-;-,3051,966,966,967,1003,971,950,956,950,971
GENE.5186,chr14;chr14;chr14;chr14;chr14;chr14,881957;882107;882629;882780;883023;883627,881965;882499;882694;882836;883318;883672,-;-;-;-;-;-,867,542,542,542,562,544,552,542,552,544
GENE.5187,chr14;chr14;chr14,884398;884655;884869,884463;884724;885074,+;+;+,342,7,7,7,7,7,7,7,7,7
GENE.5188,chr14;chr14;chr14;chr14,885211;886355;887596;887837,886023;887501;887656;887870,+;+;+;+,2055,3195,3195,3195,3210,3202,3164,3565,3162,3202
GENE.5189,chr14,887932,888120,-,189,0,0,0,0,0,0,0,0,0
GENE.519,chr3,132332,133502,-,1171,2790,2790,2790,2818,2793,2778,2782,2778,2793
GENE.5190,chr14,888838,889953,-,1116,1186,1186,1186,1188,1186,1186,1185,1186,1186
GENE.5191,chr14,891140,891622,-,483,466,466,466,466,481,452,464,452,481
GENE.5192,chr14;chr14;chr14,891991;892537;892917,892071;892604;893049,-;-;-,282,0,0,0,0,1,0,0,0,1
GENE.5193,chr14,893720,894862,-,1143,0,0,0,0,1,0,21,0,1
GENE.5194,chr14,896004,896939,-,936,2286,2286,2286,2304,2288,2277,2279,2277,2288
GENE.5195,chr14,897980,899044,-,1065,7660,7660,7660,7686,7660,7646,7651,7646,7660
GENE.5196,chr14,900386,905278,+,4893,0,0,0,0,23,1,387,0,23
GENE.5197,chr14;chr14;chr14;chr14,906620;906940;907304;908629,906754;907203;908173;908892,+;+;+;+,1533,1746,1746,1746,1749,1762,1736,1740,1736,1762
GENE.5198,chr14,910227,912152,+,1926,0,0,0,0,1,0,0,0,1
GENE.5199,chr14,913819,917391,+,3573,462,462,462,462,463,461,463,461,463
GENE.52,chrX,7031,10105,+,3075,0,0,0,0,0,0,14,0,0
GENE.520,chr3;chr3;chr3;chr3;chr3;chr3;chr3;chr3;chr3,135418;136370;137062;137187;137394;137634;137900;138206;139179,136273;136945;137115;137249;137504;137819;138058;138972;140660,+;+;+;+;+;+;+;+;+,4254,4740,5368,5318,5672,6810,6851,3726,6851,6808
GENE.5200,chr14,918429,919997,-,1569,0,0,0,0,0,0,0,0,0
GENE.5201,chr14,922931,924208,+,1278,214,214,215,216,218,209,213,209,218
GENE.5202,chr14,924964,926427,-,1464,4144,4144,4144,4154,4154,4135,4137,4135,4154
GENE.5203,chr14,929503,931281,+,1779,3832,3832,3832,3836,3836,3827,3828,3827,3836
GENE.5204,chr14;chr14;chr14;chr14;chr14;chr14;chr14;chr14,933059;933420;934317;934547;934722;934930;935047;935325,933278;934222;934382;934601;934795;934959;935106;935357,+;+;+;+;+;+;+;+,1341,838,839,838,854,843,847,835,847,843
GENE.5205,chr14;chr14;chr14;chr14;chr14;chr14;chr14;chr14;chr14;chr14;chr14;chr14;chr14;chr14;chr14;chr14,936168;936500;936789;937053;937260;937580;937805;938061;938332;938961;939409;939909;940571;940824;941058;941515,936405;936638;936915;937148;937385;937659;937965;938141;938849;939118;939713;940265;940674;940928;941218;941638,+;+;+;+;+;+;+;+;+;+;+;+;+;+;+;+,2880,9262,9262,9262,9377,9286,9247,9263,9247,9286
GENE.5206,chr14;chr14;chr14;chr14,942192;942410;942565;942764,942239;942452;942644;946990,+;+;+;+,4398,0,0,0,0,4,0,159,0,4
GENE.5207,chr14;chr14,947387;947575,947478;952348,-;-,4866,26644,26645,26691,29458,27091,28913,25420,25432,26925
GENE.5208,chr14;chr14;chr14;chr14;chr14;chr14;chr14;chr14;chr14,955865;956251;956672;956855;957067;957269;957536;957816;958029,955965;956539;956728;956926;957131;957374;957598;957879;958066,+;+;+;+;+;+;+;+;+,855,0,0,0,0,0,0,0,0,0
GENE.5209,chr14,959074,963750,-,4677,0,0,1,0,9,0,18,0,9
GENE.521,chr3,141556,145653,+,4098,0,0,1,0,0,0,4,0,0
GENE.5210,chr14;chr14;chr14,967563;970934;972209,970723;972076;972311,+;+;+,4407,49850,49850,49851,50440,49982,49568,50331,49568,49982
GENE.5211,chr14,972775,972860,-,86,0,0,0,0,0,0,0,0,0
GENE.5212,chr14,973147,973225,-,79,0,0,0,0,1,0,0,0,1
GENE.5213,chr14;chr14;chr14,973853;974292;975471,973882;975073;975543,-;-;-,885,781,781,781,792,782,776,776,776,782
GENE.5214,chr14,974006,974074,-,69,5,5,5,5,5,5,5,5,5
GENE.5215,chr14,975241,975336,-,96,25,25,25,31,25,25,25,25,25
GENE.5216,chr14;chr14;chr14,977908;978199;978630,977910;978510;979166,+;+;+,852,2186,2186,2186,2192,2193,2180,2180,2180,2193
GENE.5217,chr14,979464,979605,+,142,0,0,0,0,0,0,0,0,0
GENE.5218,chr14,979767,979836,+,70,0,0,0,0,0,0,0,0,0
GENE.5219,chr14,981588,981671,+,84,0,0,0,0,0,0,0,0,0
GENE.522,chr3;chr3;chr3,146372;146770;146988,146659;146871;147056,-;-;-,459,0,0,0,0,0,0,0,0,0
GENE.5220,chr14,981881,981998,+,118,0,0,0,0,0,0,0,0,0
GENE.5221,chr14,982154,982228,+,75,0,0,0,0,0,0,0,0,0
GENE.5222,chr14,982349,982520,+,172,0,0,0,0,1,0,0,0,1
GENE.5223,chr14,982892,983018,+,127,0,0,0,0,0,0,0,0,0
GENE.5224,chr14,983341,984561,-,1221,0,0,0,0,0,0,0,0,0
GENE.5225,chr14;chr14;chr14;chr14;chr14;chr14;chr14,985365;985584;985769;986117;986351;986597;987716,985439;985669;985973;986191;986446;986943;987755,-;-;-;-;-;-;-,924,0,0,0,0,0,0,0,0,0
GENE.5226,chr14,989220,992930,+,3711,11888,11888,11888,11918,11907,11824,11876,11824,11907
GENE.5227,chr14;chr14,993652;993993,993871;994300,+;+,528,0,0,0,0,0,0,64,0,0
GENE.5228,chr14,995161,1000506,-,5346,12066,12066,12069,12350,12146,11938,11754,11938,12146
GENE.5229,chr14;chr14;chr14;chr14,1006643;1007359;1007597;1007818,1007237;1007500;1007687;1008069,+;+;+;+,1080,0,1,3,0,0,0,0,0,0
GENE.523,chr3,148046,149305,-,1260,2038,2038,2038,2042,2045,2029,1868,2029,2045
GENE.5230,chr14,1009010,1011910,+,2901,26758,26758,26831,30590,27095,26843,27154,26843,27095
GENE.5231,chr14;chr14;chr14;chr14,1012696;1012895;1013072;1013983,1012765;1012969;1013750;1014265,-;-;-;-,1107,0,0,0,0,3,0,0,0,3
GENE.5232,chr14,1016133,1016618,-,486,84,84,84,84,85,84,84,84,85
GENE.5233,chr14,1018745,1019260,-,516,154,154,154,154,154,153,154,153,154
GENE.5234,chr14,1021652,1022857,-,1206,3068,3068,3069,3068,3088,3036,3065,3036,3088
GENE.5235,chr14,1023948,1025765,-,1818,0,0,0,0,1,0,0,0,1
GENE.5236,chr14;chr14;chr14,1026262;1026585;1027036,1026380;1026803;1027144,-;-;-,447,26,26,26,28,26,26,26,26,26
GENE.5237,chr14,1027966,1029948,-,1983,0,0,0,0,4,0,0,0,4
GENE.5238,chr14,1031065,1035360,-,4296,7474,7446,7476,7480,7526,7387,7267,7387,7526
GENE.5239,chr14,1036137,1039583,-,3447,6974,6974,6974,6980,6993,6955,7005,6955,6993
GENE.524,chr3;chr3;chr3,152168;152362;152553,152245;152454;156146,-;-;-,3765,0,0,0,0,0,0,2,0,0
GENE.5240,chr14;chr14,1043057;1043904,1043618;1049590,+;+,6249,6044,6044,6050,6064,6095,5987,6778,5987,6095
GENE.5241,chr14,1050050,1050316,-,267,0,0,0,0,0,0,0,0,0
GENE.5242,chr14,1051085,1054594,+,3510,13046,13046,13046,13080,13101,12942,13017,12942,13101
GENE.5243,chr14,1056162,1060124,+,3963,0,6,12,0,1,0,654,0,1
GENE.5244,chr14;chr14,1061805;1062365,1062181;1062392,+;+,405,0,0,0,0,3,0,0,0,3
GENE.5245,chr14;chr14;chr14;chr14;chr14;chr14;chr14,1064142;1067993;1068300;1068514;1068812;1069077;1069330,1067878;1068209;1068364;1068649;1068927;1069182;1069386,+;+;+;+;+;+;+,4434,3453,3453,3454,3461,3484,3424,3530,3424,3484
GENE.5246,chr14;chr14;chr14;chr14;chr14;chr14,1077357;1077603;1078728;1079010;1079255;1079553,1077484;1078536;1078830;1079148;1079362;1079721,-;-;-;-;-;-,1581,7781,7781,7782,7839,7800,7712,7750,7712,7800
GENE.5247,chr14;chr14;chr14;chr14;chr14;chr14,1077357;1077603;1078728;1079010;1079255;1079559,1077484;1078536;1078830;1079148;1079362;1079721,-;-;-;-;-;-,1575,7781,7781,7782,7839,7800,7712,7750,7712,7800
GENE.5248,chr14,1081773,1084208,+,2436,5180,5180,5180,5180,5189,5172,5178,5172,5189
GENE.5249,chr14,1085603,1087039,+,1437,930,930,930,930,937,927,927,927,937
GENE.525,chr3,159353,161704,-,2352,14944,14944,14944,14960,14970,14804,14873,14804,14970
GENE.5250,chr14,1087436,1087627,-,192,0,0,0,0,0,0,0,0,0
GENE.5251,chr14,1088362,1089102,-,741,1020,1020,1020,1024,1023,1014,1016,1014,1023
GENE.5252,chr14,1092936,1093781,+,846,0,0,0,0,0,0,0,0,0
GENE.5253,chr14;chr14;chr14;chr14;chr14;chr14;chr14,1095686;1096386;1096873;1097091;1097294;1097479;1097660,1096195;1096730;1097000;1097140;1097368;1097543;1097731,+;+;+;+;+;+;+,1245,3450,3450,3450,3474,3457,3431,3430,3431,3457
GENE.5254,chr14,1098038,1099951,-,1914,0,0,0,0,2,1,0,1,2
GENE.5255,chr14,1101958,1104387,+,2430,6932,6932,6932,6962,6939,6885,7004,6885,6939
GENE.5256,chr14;chr14,1105200;1106403,1106221;1106514,-;-,1134,607,607,607,613,609,599,606,599,609
GENE.5257,chr14;chr14;chr14;chr14;chr14;chr14;chr14;chr14;chr14,1108430;1108689;1108870;1109149;1114222;1114491;1114678;1114968;1115323,1108585;1108741;1108985;1114076;1114389;1114552;1114769;1115217;1115470,-;-;-;-;-;-;-;-;-,5973,32966,32966,33000,35669,35093,34703,31571,34703,35093
GENE.5258,chr14;chr14;chr14;chr14;chr14,1118591;1118770;1119082;1125718;1125996,1118666;1118896;1125508;1125852;1126292,+;+;+;+;+,7062,27710,27710,27715,27798,27767,27518,28049,27518,27767
GENE.5259,chr14;chr14;chr14;chr14;chr14;chr14;chr14;chr14,1127042;1127391;1127722;1127888;1128135;1128415;1128613;1128891,1127122;1127573;1127772;1128034;1128272;1128479;1128721;1129031,+;+;+;+;+;+;+;+,915,177,177,177,185,178,178,176,178,178
GENE.526,chr3,162778,167103,-,4326,3116,3116,3116,3116,3162,3098,3081,3098,3162
GENE.5260,chr14,1129470,1130771,-,1302,790,791,792,792,797,790,774,790,797
GENE.5261,chr14;chr14;chr14,1133067;1134014;1134209,1133891;1134100;1134400,+;+;+,1104,1294,1294,1294,1404,1298,1288,1290,1288,1298
GENE.5262,chr14;chr14;chr14,1133067;1134014;1134206,1133891;1134100;1134400,+;+;+,1107,1294,1294,1294,1404,1298,1288,1290,1288,1298
GENE.5263,chr14,1134854,1139191,-,4338,4836,4836,4836,4850,4849,4826,4568,4826,4849
GENE.5264,chr14,1140579,1141292,-,714,764,764,764,766,766,761,762,761,766
GENE.5265,chr14,1142154,1143791,+,1638,2178,2178,2178,2202,2191,2158,2171,2158,2191
GENE.5266,chr14,1144518,1148078,-,3561,0,1,0,0,3,0,2,0,3
GENE.5267,chr14;chr14;chr14;chr14;chr14;chr14;chr14;chr14;chr14;chr14;chr14;chr14;chr14;chr14;chr14;chr14,1150475;1150667;1150839;1151053;1151275;1151428;1151647;1151867;1152036;1152161;1152359;1152523;1152741;1152997;1153144;1153333,1150548;1150720;1150941;1151114;1151340;1151536;1151715;1151952;1152051;1152199;1152450;1152623;1152873;1153013;1153183;1153387,-;-;-;-;-;-;-;-;-;-;-;-;-;-;-;-,1116,0,0,11,0,2,0,0,0,1
GENE.5268,chr14,1155355,1163694,+,8340,56186,56194,56212,56512,58130,55548,56335,55091,57962
GENE.5269,chr14,1164332,1166566,+,2235,0,0,0,0,3,0,82,0,3
GENE.527,chr3;chr3;chr3;chr3;chr3,169571;169789;173131;173417;174223,169572;173017;173231;173495;174300,+;+;+;+;+,3489,12370,12370,12370,12413,12375,12271,12355,12271,12375
GENE.5270,chr14,1167144,1167803,+,660,0,0,0,0,0,0,0,0,0
GENE.5271,chr14,1168236,1169336,-,1101,588,588,588,588,596,581,587,581,596
GENE.5272,chr14;chr14;chr14,1170829;1174753;1175228,1174559;1175068;1175293,+;+;+,4113,435,435,435,435,440,434,615,434,440
GENE.5273,chr14,1176770,1181092,+,4323,370,370,370,372,379,366,518,366,379
GENE.5274,chr14;chr14;chr14,1181664;1181819;1182284,1181720;1182052;1182982,-;-;-,990,1983,1983,1984,2009,1993,1981,1951,1981,1993
GENE.5275,chr14;chr14;chr14;chr14;chr14,1184910;1186181;1186486;1186712;1186940,1185475;1186331;1186560;1186776;1187042,+;+;+;+;+,960,4683,4683,4684,4741,4717,4626,4681,4626,4717
GENE.5276,chr14;chr14;chr14;chr14;chr14;chr14;chr14;chr14,1188349;1188726;1189344;1189539;1189886;1190748;1191018;1191386,1188591;1189157;1189417;1189659;1190569;1190810;1191203;1191466,+;+;+;+;+;+;+;+,1884,2527,2527,2527,2557,2547,2518,2522,2518,2547
GENE.5277,chr14,1191946,1199919,-,7974,0,0,1,6,7,0,6,0,7
GENE.5278,chr14,1201748,1204339,+,2592,4884,4884,4884,4896,4889,4867,4874,4867,4887
GENE.5279,chr14,1205088,1206416,+,1329,4956,4956,4956,4958,4974,4880,4948,4880,4974
GENE.528,chr3;chr3,175022;175799,175482;175799,-;-,462,102,102,102,102,103,100,100,100,103
GENE.5280,chr14,1207398,1210028,+,2631,2778,2778,2778,2788,2788,2767,2781,2767,2788
GENE.5281,chr14;chr14;chr14,1211012;1211247;1211386,1211105;1211294;1212776,+;+;+,1533,2182,2182,2182,2196,2184,2174,2175,2174,2182
GENE.5282,chr14,1214935,1215732,+,798,866,866,866,866,869,861,862,861,869
GENE.5283,chr14,1216653,1217171,-,519,8,8,8,8,8,8,8,8,8
GENE.5284,chr14;chr14,1218105;1218421,1218299;1218999,-;-,774,0,0,0,0,0,0,0,0,0
GENE.5285,chr14,1221775,1222818,+,1044,1444,1444,1444,1444,1444,1442,1442,1442,1444
GENE.5286,chr14,1224340,1228017,-,3678,2430,2430,2433,2452,2443,2400,2385,2400,2443
GENE.5287,chr14;chr14,1231036;1233737,1233432;1233841,+;+,2502,0,0,0,0,1,0,480,0,1
GENE.5288,chr14;chr14,1233977;1234408,1234231;1237125,-;-,2973,704,704,705,706,708,702,713,702,708
GENE.5289,chr14,1238851,1241595,-,2745,24154,24154,24155,24210,24257,24760,24131,22435,24199
GENE.529,chr3;chr3;chr3;chr3;chr3;chr3;chr3;chr3,178420;179819;180035;180216;180436;180698;180898;181089,179727;179892;180075;180331;180563;180778;180961;181127,+;+;+;+;+;+;+;+,1851,1070,1070,1070,1074,1077,1065,1069,1065,1077
GENE.5290,chr14,1244018,1245406,+,1389,2084,2084,2084,2084,2112,2077,2080,2077,2112
GENE.5291,chr14;chr14;chr14,1247030;1247355;1247641,1247152;1247419;1247950,+;+;+,498,5,5,5,5,5,4,4,4,5
GENE.5292,chr14;chr14;chr14,1249328;1251780;1252041,1251674;1251930;1252167,+;+;+,2625,0,0,2,0,0,0,0,0,0
GENE.5293,chr14;chr14;chr14;chr14;chr14;chr14;chr14;chr14;chr14;chr14,1253540;1255061;1255241;1255426;1255612;1255895;1256112;1256315;1256521;1256675,1254847;1255152;1255314;1255491;1255767;1255956;1256204;1256383;1256595;1256878,+;+;+;+;+;+;+;+;+;+,2199,7012,7012,7012,7038,7037,6987,7016,6987,7037
GENE.5294,chr14,1257643,1258971,-,1329,7558,7558,7560,7858,7661,7292,7417,7292,7661
GENE.5295,chr14;chr14;chr14;chr14;chr14;chr14;chr14,1260908;1261176;1261361;1261654;1262105;1262335;1262758,1260944;1261246;1261495;1261849;1262207;1262593;1262826,+;+;+;+;+;+;+,870,2239,2239,2239,2305,2240,2256,2236,2256,2240
GENE.5296,chr14;chr14,1263826;1266852,1266678;1269011,+;+,5013,4519,4519,4519,4535,4574,4452,4526,4452,4574
GENE.5297,chr14;chr14;chr14,1269368;1269740;1272100,1269534;1271924;1274667,-;-;-,4920,14311,14311,14312,14323,14331,14280,14106,14280,14331
GENE.5298,chr14;chr14;chr14;chr14;chr14;chr14;chr14;chr14;chr14;chr14;chr14;chr14;chr14;chr14;chr14;chr14;chr14;chr14,1275899;1276085;1276281;1276944;1277280;1277491;1278457;1280003;1280235;1280441;1280685;1280916;1281121;1281543;1281707;1281874;1282220;1282623,1275961;1276126;1276674;1277179;1277372;1278347;1279877;1280137;1280297;1280575;1280804;1280986;1281348;1281610;1281786;1282123;1282455;1282645,-;-;-;-;-;-;-;-;-;-;-;-;-;-;-;-;-;-,4515,8738,8738,8738,8818,8742,8745,8725,8745,8742
GENE.5299,chr14;chr14,1283570;1284829,1284669;1285063,+;+,1335,3790,3790,3790,3798,3800,3781,3782,3781,3800
GENE.53,chrX,10108,11835,+,1728,5102,5102,5102,5112,5104,5068,5093,5068,5104
GENE.530,chr3,182731,189411,+,6681,0,0,0,0,2,0,6,0,2
GENE.5300,chr14,1285667,1289254,-,3588,1450,1450,1450,1458,1468,1436,1446,1436,1468
GENE.5301,chr14;chr14;chr14,1290468;1291062;1291361,1290889;1291215;1291459,-;-;-,675,0,0,0,0,0,0,0,0,0
GENE.5302,chr14,1292885,1295086,-,2202,660,660,660,680,662,657,706,657,662
GENE.5303,chr14;chr14,1296173;1296468,1296238;1297211,-;-,810,789,789,789,793,791,789,789,789,791
GENE.5304,chr14;chr14,1298639;1298921,1298749;1298977,-;-,168,0,0,0,0,0,0,0,0,0
GENE.5305,chr14;chr14;chr14;chr14,1299894;1300280;1303237;1303496,1300131;1303087;1303331;1303726,+;+;+;+,3372,11086,11086,11086,11134,11151,11054,11076,11054,11151
GENE.5306,chr14,1304028,1307831,-,3804,9382,9382,9383,9424,9479,9193,9163,9193,9479
GENE.5307,chr14;chr14;chr14;chr14,1310041;1310456;1310660;1311730,1310237;1310537;1311562;1311834,+;+;+;+,1287,176,176,176,176,178,174,175,174,178
GENE.5308,chr14,1312304,1329577,-,17274,0,1,19,2,26,1,459,0,26
GENE.5309,chr14;chr14;chr14;chr14,1332363;1332533;1332729;1333116,1332404;1332604;1332847;1337301,-;-;-;-,4419,0,0,1,0,6,1,2,1,6
GENE.531,chr3,190180,190719,+,540,788,788,788,788,790,778,786,778,790
GENE.5310,chr14;chr14;chr14,1341689;1341897;1342200,1341757;1342043;1342289,+;+;+,306,2,2,2,2,2,2,2,2,2
GENE.5311,chr14;chr14,1342484;1343017,1342724;1348994,-;-,6219,0,0,1,0,11,0,0,0,11
GENE.5312,chr14,1350313,1358379,-,8067,29780,29780,29783,29916,29915,29550,29404,29518,29915
GENE.5313,chr14,1360002,1364558,+,4557,15132,15132,15133,15194,15173,14983,15194,14983,15173
GENE.5314,chr14;chr14;chr14;chr14;chr14;chr14,1364749;1364900;1365087;1365346;1365714;1365937,1364774;1364988;1365233;1365580;1365813;1366113,-;-;-;-;-;-,774,0,0,0,0,0,0,0,0,0
GENE.5315,chr14,1366979,1368202,+,1224,0,0,0,0,0,0,0,0,0
GENE.5316,chr14;chr14,1368815;1369718,1369185;1369796,-;-,450,458,458,458,465,458,458,457,458,458
GENE.5317,chr14,1372903,1374597,+,1695,546,546,546,548,558,546,546,546,558
GENE.5318,chr14;chr14;chr14;chr14,1375624;1376358;1376612;1376788,1376222;1376528;1376656;1376830,-;-;-;-,858,5520,5520,5520,5572,5692,5487,5025,5487,5692
GENE.5319,chr14,1378348,1402665,-,24318,144650,144480,144675,144928,145063,143178,141325,143172,145063
GENE.532,chr3,191245,192591,-,1347,2890,2890,2890,2890,2896,2871,2873,2871,2896
GENE.5320,chr14,1404312,1406198,+,1887,0,0,1,0,5,0,100,0,5
GENE.5321,chr14,1407258,1407746,-,489,0,0,0,0,0,0,0,0,0
GENE.5322,chr14,1410139,1410897,+,759,0,0,0,0,0,0,0,0,0
GENE.5323,chr14;chr14;chr14;chr14,1411737;1412426;1412693;1413019,1412276;1412555;1412928;1413096,+;+;+;+,984,841,841,841,843,851,833,840,833,851
GENE.5324,chr14,1414023,1415315,+,1293,1658,1658,1658,1658,1701,1638,1655,1638,1701
GENE.5325,chr14,1415941,1417020,-,1080,0,0,0,0,5,0,0,0,5
GENE.5326,chr14;chr14;chr14;chr14,1419383;1419617;1419865;1420203,1419472;1419692;1420046;1420934,+;+;+;+,1080,1411,1411,1411,1423,1414,1409,1415,1409,1414
GENE.5327,chr14,1421901,1431221,-,9321,25436,25436,25438,25444,25547,25303,25360,25301,25547
GENE.5328,chr14,1433738,1434310,-,573,742,742,742,742,747,739,741,739,747
GENE.5329,chr14,1436280,1437044,+,765,0,0,0,0,7,0,0,0,7
GENE.533,chr3,194430,196211,+,1782,1366,1366,1366,1380,1367,1364,1365,1364,1367
GENE.5330,chr14,1437511,1442877,-,5367,0,0,1,0,10,0,20,0,10
GENE.5331,chr14;chr14;chr14;chr14;chr14;chr14;chr14;chr14;chr14;chr14,1445085;1446158;1446425;1446584;1446770;1447057;1447255;1447973;1448321;1448615,1446050;1446268;1446484;1446684;1446940;1447089;1447361;1448148;1448445;1449491,-;-;-;-;-;-;-;-;-;-,2727,355,355,355,373,366,352,377,352,366
GENE.5332,chr14;chr14;chr14;chr14;chr14;chr14;chr14;chr14;chr14,1445085;1446158;1446584;1446770;1447057;1447255;1447973;1448321;1448615,1446050;1446268;1446684;1446940;1447089;1447361;1448148;1448445;1449491,-;-;-;-;-;-;-;-;-,2667,355,355,355,373,366,352,377,352,366
GENE.5333,chr14,1452604,1454118,+,1515,4796,4796,4796,4802,4821,4748,4789,4748,4821
GENE.5334,chr14,1454555,1455496,-,942,2458,2458,2458,2462,2464,2455,2455,2455,2464
GENE.5335,chr14,1458131,1459870,+,1740,5370,5370,5370,5372,5374,5342,5359,5342,5374
GENE.5336,chr14;chr14;chr14,1461388;1467208;1467558,1467087;1467324;1467590,+;+;+,5850,45259,45259,45270,47001,45410,45093,45224,45067,45410
GENE.5337,chr14,1467629,1474438,-,6810,17330,17331,17338,17386,17412,17265,17334,17265,17412
GENE.5338,chr14,1479777,1482758,+,2982,8390,8390,8390,8398,8432,8301,8376,8301,8432
GENE.5339,chr14;chr14,1484166;1488075,1487905;1488129,+;+,3795,0,0,0,0,1,0,370,0,1
GENE.534,chr3;chr3;chr3,196570;196826;197351,196715;197185;197438,-;-;-,594,0,0,0,0,0,0,0,0,0
GENE.5340,chr14,1488706,1490001,+,1296,1330,1330,1331,1336,1332,1326,1348,1326,1332
GENE.5341,chr14;chr14;chr14;chr14;chr14,1490654;1492775;1493375;1493754;1494186,1492510;1493205;1493549;1493823;1494214,-;-;-;-;-,2562,405,405,405,409,415,403,405,403,415
GENE.5342,chr14;chr14,1495799;1496059,1495918;1498533,-;-,2595,9077,9077,9077,9100,9121,8962,9011,8962,9121
GENE.5343,chr14,1498758,1499492,-,735,8,8,8,8,8,8,8,8,8
GENE.5344,chr14;chr14,1500128;1500445,1500209;1500965,-;-,603,1063,1062,1063,1067,1097,1057,1062,1057,1097
GENE.5345,chr14;chr14;chr14,1502648;1502896;1504827,1502705;1504437;1504861,+;+;+,1635,2170,2170,2170,2170,2172,2155,2216,2155,2171
GENE.5346,chr14;chr14;chr14,1505906;1506263;1506557,1506170;1506411;1506619,+;+;+,477,222,222,222,238,222,221,221,221,222
GENE.5347,chr14;chr14,1507359;1507855,1507667;1510089,-;-,2544,0,0,0,0,7,0,0,0,7
GENE.5348,chr14;chr14;chr14;chr14,1513938;1514359;1514529;1514938,1514276;1514440;1514722;1514961,-;-;-;-,639,1840,1840,1840,1854,1840,1839,1834,1839,1840
GENE.5349,chr14,1517070,1519370,+,2301,5980,5980,5980,5996,5991,5939,5945,5939,5991
GENE.535,chr3;chr3;chr3;chr3;chr3,198542;199825;200780;201103;201387,199725;200663;200994;201252;201584,-;-;-;-;-,2586,7064,7064,7086,7222,7192,7048,7017,7048,7192
GENE.5350,chr14,1521105,1521920,+,816,636,636,636,636,637,635,635,635,637
GENE.5351,chr14,1523286,1525046,+,1761,6408,6408,6408,6410,6415,6376,6395,6376,6415
GENE.5352,chr14,1525564,1528485,-,2922,0,0,0,0,6,0,3,0,6
GENE.5353,chr14,1530276,1530830,-,555,434,434,434,440,440,433,433,433,440
GENE.5354,chr14;chr14,1533329;1533739,1533394;1534947,+;+,1275,3095,3095,3095,3097,3104,3083,3145,3083,3104
GENE.5355,chr14,1536484,1538469,-,1986,1584,1584,1584,1590,1596,1577,1581,1577,1596
GENE.5356,chr14;chr14;chr14,1541359;1541639;1542855,1541463;1542649;1542872,-;-;-,1134,36,36,36,36,37,36,36,36,37
GENE.5357,chr14,1545135,1545239,-,105,0,0,0,0,0,0,0,0,0
GENE.5358,chr14,1546224,1546297,+,74,0,0,0,0,0,0,0,0,0
GENE.5359,chr14;chr14;chr14;chr14;chr14;chr14;chr14,1548918;1550162;1555569;1556121;1556299;1556498;1556674,1549065;1555381;1556016;1556202;1556378;1556534;1556721,+;+;+;+;+;+;+,6063,1704,1704,1705,1804,1719,1687,1964,1687,1719
GENE.536,chr3,204542,206119,+,1578,3762,3766,3762,3766,3776,3748,3756,3748,3776
GENE.5360,chr14,1557527,1560157,-,2631,3044,3044,3044,3044,3055,3023,3028,3023,3055
GENE.5361,chr14,1562232,1563065,+,834,1150,1150,1150,1150,1152,1143,1143,1143,1152
GENE.5362,chr14;chr14;chr14;chr14;chr14;chr14;chr14;chr14;chr14;chr14;chr14;chr14;chr14;chr14;chr14;chr14,1564575;1564780;1565026;1565321;1565567;1565751;1566027;1566260;1566419;1566655;1566858;1567101;1567252;1567394;1567558;1567796,1564644;1564830;1565141;1565458;1565649;1565859;1566101;1566321;1566528;1566755;1566994;1567153;1567320;1567435;1567656;1567839,+;+;+;+;+;+;+;+;+;+;+;+;+;+;+;+,1359,7189,7188,7189,7403,7195,7271,7179,7271,7195
GENE.5363,chr14;chr14;chr14;chr14,1571039;1572674;1573154;1573565,1572044;1572994;1573329;1574161,+;+;+;+,2100,0,0,0,0,6,0,0,0,6
GENE.5364,chr14,1575984,1576571,+,588,78,78,78,78,78,78,78,78,78
GENE.5365,chr14;chr14,1578193;1578804,1578528;1579175,+;+,708,198,198,198,198,198,198,198,198,198
GENE.5366,chr14;chr14;chr14;chr14;chr14,1580750;1585135;1588321;1588581;1588831,1584935;1588165;1588416;1588659;1588857,+;+;+;+;+,7419,13071,13071,13072,13113,13166,12896,13195,12896,13166
GENE.5367,chr14;chr14;chr14;chr14;chr14,1588952;1590201;1590800;1592772;1592971,1590050;1590653;1592649;1592889;1593131,+;+;+;+;+,3681,5163,5163,5163,5187,5175,5143,5172,5143,5175
GENE.5368,chr14;chr14,1594505;1594771,1594625;1600061,+;+,5412,29042,29042,29042,29164,29260,28514,28950,28514,29260
GENE.5369,chr14,1600933,1602000,-,1068,1626,1626,1626,1626,1638,1622,1622,1622,1638
GENE.537,chr3,207342,208919,-,1578,2930,2930,2930,2932,2981,2922,2926,2922,2981
GENE.5370,chr14,1608519,1611743,+,3225,2792,2792,2792,2812,2816,2774,2872,2774,2816
GENE.5371,chr14,1612521,1613063,-,543,108,109,108,108,109,106,108,106,109
GENE.5372,chr14;chr14;chr14;chr14;chr14;chr14,1613853;1614376;1614883;1615047;1615270;1615475,1614194;1614732;1614945;1615111;1615358;1615542,-;-;-;-;-;-,984,0,0,0,0,1,0,0,0,1
GENE.5373,chr14;chr14,1618819;1619568,1619317;1619794,+;+,726,26,26,26,26,26,26,26,26,26
GENE.5374,chr14;chr14,1622576;1622978,1622687;1623612,+;+,747,1322,1322,1322,1336,1322,1320,1320,1320,1322
GENE.5375,chr14;chr14;chr14;chr14;chr14,1624187;1624439;1624650;1624877;1625173,1624328;1624500;1624724;1625017;1631367,-;-;-;-;-,6615,0,0,0,0,5,0,2,0,5
GENE.5376,chr14,1633211,1636255,-,3045,0,0,0,0,2,0,0,0,2
GENE.5377,chr14;chr14;chr14;chr14;chr14;chr14,1639477;1639681;1640079;1640487;1641008;1641408,1639593;1639728;1640309;1640828;1641272;1641760,+;+;+;+;+;+,1356,49,49,49,49,50,50,48,50,50
GENE.5378,chr14;chr14;chr14;chr14;chr14;chr14,1639477;1639681;1642154;1642628;1643163;1645878,1639593;1639728;1642455;1643017;1645698;1647167,+;+;+;+;+;+,4683,1500,1500,1500,1504,1503,1497,1493,1497,1503
GENE.5379,chr14;chr14,1647673;1648101,1647921;1651694,-;-,3843,7184,7184,7185,7204,7204,7165,7195,7165,7204
GENE.538,chr3,212283,216572,+,4290,4692,4692,4695,4698,4694,4676,4830,4676,4694
GENE.5380,chr14,1654047,1655708,+,1662,10350,10350,10350,10366,10360,10276,10292,10276,10360
GENE.5381,chr14;chr14;chr14;chr14;chr14;chr14;chr14;chr14;chr14;chr14;chr14;chr14;chr14;chr14;chr14;chr14;chr14,1656434;1656649;1656897;1657043;1657265;1657446;1657679;1657888;1658173;1658394;1658596;1658767;1658949;1659179;1659308;1659475;1659706,1656493;1656765;1656962;1657144;1657359;1657500;1657767;1658083;1658274;1658483;1658651;1658860;1659044;1659211;1659372;1659515;1659740,+;+;+;+;+;+;+;+;+;+;+;+;+;+;+;+;+,1392,0,0,0,0,1,0,0,0,1
GENE.5382,chr14,1660095,1662296,-,2202,5806,5806,5806,5814,5812,5798,5779,5798,5812
GENE.5383,chr14;chr14;chr14,1665463;1666892;1667167,1666726;1666999;1667543,+;+;+,1749,430,430,431,432,432,428,428,428,432
GENE.5384,chr14;chr14;chr14;chr14;chr14;chr14,1668591;1668906;1669195;1669436;1669630;1669880,1668773;1669026;1669319;1669516;1669740;1669963,+;+;+;+;+;+,705,0,0,0,0,0,0,0,0,0
GENE.5385,chr14,1669980,1671650,-,1671,0,0,0,0,1,0,0,0,1
GENE.5386,chr14,1673386,1674069,-,684,128,128,128,128,128,128,126,128,128
GENE.5387,chr14;chr14,1678662;1678838,1678666;1679486,+;+,654,0,0,0,0,1,0,0,0,1
GENE.5388,chr14;chr14;chr14;chr14;chr14,1681791;1682020;1682228;1682565;1683047,1681910;1682080;1682470;1682773;1689157,+;+;+;+;+,6744,0,0,14,0,1,1,13,1,1
GENE.5389,chr14,1690993,1692513,+,1521,7364,7364,7364,7366,7430,7331,7349,7331,7430
GENE.539,chr3;chr3,217941;218388,218153;218489,+;+,315,0,0,0,0,0,0,0,0,0
GENE.5390,chr14;chr14;chr14;chr14,1693137;1693320;1693632;1695099,1693209;1693453;1694788;1695192,-;-;-;-,1458,137,137,137,139,137,137,137,137,137
GENE.5391,chr14,1696304,1698013,-,1710,0,0,0,0,5,0,0,0,5
GENE.5392,chr14,1700674,1702050,+,1377,0,0,0,0,0,0,463,0,0
GENE.5393,chr14;chr14;chr14,1702609;1703560;1703805,1703249;1703603;1703809,-;-;-,690,956,956,956,970,962,952,956,952,962
GENE.5394,chr14,1704594,1704797,+,204,0,0,0,0,0,0,0,0,0
GENE.5395,chr14;chr14,1705126;1705364,1705257;1705783,-;-,552,710,710,710,718,713,709,710,709,713
GENE.5396,chr14;chr14;chr14;chr14;chr14,1706520;1706812;1707030;1707270;1707493,1706584;1706872;1707106;1707376;1707512,-;-;-;-;-,330,35,35,35,38,35,35,35,35,35
GENE.5397,chr14,1708528,1711530,-,3003,0,0,0,0,3,0,0,0,3
GENE.5398,chr14;chr14,1712626;1713937,1713705;1714065,-;-,1209,7918,7918,7918,7946,7926,7895,7902,7895,7926
GENE.5399,chr14,1717171,1723512,+,6342,3926,3926,3927,3934,3955,3898,3970,3898,3955
GENE.54,chrX;chrX,11844;13417,13411;14725,+;+,2877,20660,20660,20660,20682,20666,20532,20613,20532,20666
GENE.540,chr3;chr3;chr3,219117;219431;219660,219320;219529;219872,-;-;-,516,254,254,254,266,256,252,254,252,256
GENE.5400,chr14;chr14;chr14;chr14;chr14;chr14;chr14;chr14,1724402;1724632;1724820;1725079;1725314;1725472;1725696;1727164,1724525;1724712;1724942;1725199;1725351;1725594;1727010;1727413,-;-;-;-;-;-;-;-,2175,0,0,0,0,5,0,0,0,5
GENE.5401,chr14;chr14,1730087;1730364,1730165;1740916,+;+,10632,0,0,0,0,12,0,3,0,12
GENE.5402,chr14;chr14,1742113;1742311,1742168;1749790,+;+,7536,0,0,2,0,4,0,28,0,4
GENE.5403,chr14,1750209,1751417,-,1209,1082,1082,1082,1088,1086,1081,1081,1081,1086
GENE.5404,chr14,1753510,1763664,+,10155,22770,22770,22770,22800,22897,22559,22764,22559,22897
GENE.5405,chr14,1764316,1768122,-,3807,0,0,0,0,16,0,1,0,16
GENE.5406,chr14,1769626,1771350,-,1725,0,0,0,0,1,0,0,0,1
GENE.5407,chr14;chr14,1773276;1773780,1773648;1775197,+;+,1791,6188,6188,6188,6196,6197,6169,6172,6169,6197
GENE.5408,chr14;chr14;chr14,1776010;1776274;1776498,1776070;1776353;1776662,+;+;+,306,13,13,13,13,13,13,13,13,13
GENE.5409,chr14;chr14,1776958;1779483,1779293;1779606,-;-,2460,2850,2850,2853,2852,2876,2844,2842,2844,2876
GENE.541,chr3,221323,222516,-,1194,2554,2554,2931,4942,4008,4240,2533,4240,4008
GENE.5410,chr14,1780992,1783580,-,2589,20206,20206,20206,20242,20211,20172,20162,20172,20211
GENE.5411,chr14,1784933,1790629,-,5697,0,0,1,0,6,0,0,0,6
GENE.5412,chr14;chr14,1791911;1792310,1792040;1793004,-;-,825,568,568,568,576,575,563,566,563,575
GENE.5413,chr14,1794708,1795934,-,1227,6940,6940,6940,6952,6942,6915,6917,6915,6942
GENE.5414,chr14,1797288,1800071,+,2784,12112,12112,12112,12114,12119,12077,12084,12077,12119
GENE.5415,chr14;chr14;chr14;chr14,1800831;1801039;1801396;1801651,1800931;1801236;1801543;1801887,+;+;+;+,684,0,0,0,0,0,0,0,0,0
GENE.5416,chr14;chr14;chr14;chr14;chr14;chr14;chr14;chr14;chr14;chr14;chr14;chr14;chr14;chr14,1801961;1802146;1802322;1802549;1803470;1819226;1821742;1823639;1823932;1824132;1824450;1824716;1824878;1825067,1802022;1802245;1802444;1803316;1819083;1821548;1823520;1823827;1824000;1824359;1824509;1824745;1824968;1825326,-;-;-;-;-;-;-;-;-;-;-;-;-;-,21696,57762,57762,57766,58198,57938,57061,57372,57061,57938
GENE.5417,chr14;chr14;chr14,1826127;1826674;1827130,1826369;1827020;1827163,+;+;+,624,0,0,0,0,2,0,0,0,2
GENE.5418,chr14;chr14;chr14,1828579;1829113;1829912,1828792;1829726;1829962,+;+;+,879,0,0,0,0,1,0,0,0,1
GENE.5419,chr14;chr14;chr14,1831009;1832537;1832759,1832404;1832607;1832803,+;+;+,1512,2565,2565,2565,2575,2567,2561,2559,2561,2567
GENE.542,chr3;chr3;chr3,224160;225588;225733,225460;225644;225793,-;-;-,1419,3470,3470,3470,3503,3477,3424,3454,3424,3477
GENE.5420,chr14;chr14,1833782;1838495,1838354;1838598,-;-,4677,0,0,0,0,7,1,0,1,7
GENE.5421,chr14;chr14,1841029;1841261,1841062;1841592,+;+,366,0,0,0,0,0,0,0,0,0
GENE.5422,chr14;chr14;chr14;chr14,1841960;1842449;1842655;1842888,1842344;1842542;1842717;1842906,+;+;+;+,561,453,453,453,477,453,451,452,451,453
GENE.5423,chr14;chr14,1844041;1845615,1845147;1845617,-;-,1110,0,0,0,0,0,0,0,0,0
GENE.5424,chr14,1848315,1848833,+,519,158,158,158,158,158,152,204,152,158
GENE.5425,chr14,1849172,1850392,-,1221,0,0,0,0,1,0,0,0,1
GENE.5426,chr14,1851656,1855054,-,3399,2828,2828,2828,2832,2835,2805,2816,2805,2835
GENE.5427,chr14;chr14;chr14,1856700;1856900;1858917,1856761;1858836;1859308,+;+;+,2391,0,0,0,0,3,0,0,0,3
GENE.5428,chr14;chr14,1860148;1862049,1861915;1862095,+;+,1815,1341,1341,1341,1349,1345,1331,1339,1331,1345
GENE.5429,chr14,1862775,1865420,-,2646,6146,6146,6146,6158,6180,6122,6117,6122,6180
GENE.543,chr3,227057,231397,+,4341,932,932,932,938,940,924,929,924,940
GENE.5430,chr14,1867616,1868065,+,450,108,108,108,108,108,107,112,107,108
GENE.5431,chr14;chr14;chr14;chr14;chr14,1871778;1872458;1872812;1872989;1874059,1872066;1872630;1872880;1873925;1874381,+;+;+;+;+,1791,0,0,0,0,0,0,8,0,0
GENE.5432,chr14;chr14;chr14,1875421;1876065;1876712,1875960;1876417;1876874,-;-;-,1056,1536,1536,1536,1550,1539,1522,1524,1522,1539
GENE.5433,chr14;chr14;chr14,1878658;1878976;1879578,1878785;1879471;1882577,-;-;-,3624,5346,5346,5346,5554,5394,5247,5332,5247,5394
GENE.5434,chr14;chr14,1885443;1887763,1886465;1888323,+;+,1584,0,0,0,0,2,0,3,0,2
GENE.5435,chr14,1889413,1889529,+,117,0,0,0,0,0,0,0,0,0
GENE.5436,chr14;chr14,1889978;1890825,1890706;1892108,-;-,2013,7746,7746,7746,7812,7761,7683,7710,7683,7761
GENE.5437,chr14,1893200,1895017,-,1818,14752,14752,14752,14754,14825,14576,14712,14576,14825
GENE.5438,chr14,1898351,1901926,+,3576,5076,5076,5076,5094,5085,5036,5056,5036,5085
GENE.5439,chr14,1902916,1904163,-,1248,5200,5200,5201,5202,5202,5184,5185,5184,5202
GENE.544,chr3,231793,232305,-,513,136,136,136,136,137,136,136,136,137
GENE.5440,chr14,1907197,1916202,+,9006,0,0,0,0,8,0,322,0,8
GENE.5441,chr14;chr14;chr14,1917232;1917567;1917887,1917459;1917721;1918010,-;-;-,507,0,0,0,0,1,0,0,0,1
GENE.5442,chr14;chr14;chr14;chr14;chr14;chr14;chr14;chr14,1919583;1919718;1919972;1920246;1920457;1920609;1920974;1921198,1919612;1919873;1920065;1920361;1920507;1920720;1921040;1921645,-;-;-;-;-;-;-;-,1074,788,788,788,804,805,797,787,797,805
GENE.5443,chr14;chr14;chr14,1922959;1923291;1923585,1923175;1923493;1923782,+;+;+,618,0,0,0,0,0,0,0,0,0
GENE.5444,chr14;chr14;chr14,1924425;1924782;1926574,1924628;1925652;1926650,-;-;-,1152,574,574,574,576,576,574,573,574,576
GENE.5445,chr14;chr14;chr14;chr14,1929931;1930287;1930507;1931233,1929937;1930365;1931092;1931379,+;+;+;+,819,354,354,354,356,354,354,354,354,354
GENE.5446,chr14;chr14;chr14,1932421;1932671;1932942,1932514;1932752;1933200,-;-;-,435,41,41,41,43,41,41,41,41,41
GENE.5447,chr14;chr14,1933985;1934354,1934152;1935775,+;+,1590,0,0,0,0,11,0,2,0,11
GENE.5448,chr14;chr14,1936888;1937222,1937073;1937374,+;+,339,0,0,0,0,0,0,0,0,0
GENE.5449,chr14;chr14;chr14;chr14;chr14;chr14,1937706;1938016;1938292;1938489;1938686;1938872,1937845;1938163;1938352;1938586;1938754;1939117,-;-;-;-;-;-,762,0,0,0,0,1,0,0,0,1
GENE.545,chr3;chr3,234058;234297,234192;235334,-;-,1173,0,0,0,0,1,0,0,0,1
GENE.5450,chr14;chr14,1941056;1941310,1941113;1941686,+;+,435,526,526,526,530,526,526,526,526,526
GENE.5451,chr14;chr14;chr14;chr14,1942151;1942314;1942635;1942837,1942220;1942389;1942727;1942963,-;-;-;-,366,0,0,0,0,0,0,0,0,0
GENE.5452,chr14,1943936,1944964,-,1029,0,0,0,0,1,0,0,0,1
GENE.5453,chr14,1947246,1953206,+,5961,12754,12754,12755,12772,12878,12578,12913,12578,12878
GENE.5454,chr14,1954601,1957675,-,3075,15396,15396,15396,15448,15500,15301,15363,15301,15500
GENE.5455,chr14;chr14,1960033;1963860,1963757;1963962,-;-,3828,0,0,0,0,1,0,0,0,1
GENE.5456,chr14,1965175,1965762,+,588,470,470,470,472,470,468,468,468,470
GENE.5457,chr14;chr14;chr14;chr14;chr14;chr14;chr14;chr14;chr14;chr14;chr14;chr14;chr14;chr14,1966245;1966853;1968971;1969162;1969371;1969710;1969934;1970180;1970382;1970578;1970822;1971094;1971320;1971553,1966719;1968831;1969049;1969205;1969433;1969773;1970064;1970257;1970451;1970717;1970976;1971229;1971460;1971618,-;-;-;-;-;-;-;-;-;-;-;-;-;-,3621,0,0,0,0,2,0,0,0,2
GENE.5458,chr14,1972498,1977423,-,4926,11536,11536,11535,11600,11601,11344,10737,11344,11601
GENE.5459,chr14;chr14,1980319;1982899,1982665;1983107,-;-,2556,2600,2600,2600,2608,2614,2568,2592,2568,2614
GENE.546,chr3,236334,248270,-,11937,7150,7150,7151,7184,7194,7071,7095,7071,7191
GENE.5460,chr14;chr14;chr14,1984189;1984476;1984692,1984314;1984581;1995574,-;-;-,11115,6526,6526,6534,6788,6623,6523,6447,6523,6623
GENE.5461,chr14,1997542,1998303,-,762,0,0,0,0,1,0,0,0,1
GENE.5462,chr14,1999648,2000649,+,1002,0,0,0,0,3,0,0,0,3
GENE.5463,chr14;chr14,2001083;2001797,2001591;2002106,-;-,819,438,438,438,446,449,434,437,434,449
GENE.5464,chr14;chr14;chr14,2002921;2003120;2003322,2003011;2003204;2003373,-;-;-,228,0,0,0,0,0,0,0,0,0
GENE.5465,chr14;chr14;chr14,2004406;2005062;2005351,2004897;2005210;2005456,-;-;-,747,936,937,935,945,941,851,921,851,941
GENE.5466,chr14;chr14;chr14;chr14;chr14;chr14;chr14,2008431;2008824;2009206;2011796;2012018;2012260;2012423,2008485;2009110;2011637;2011913;2012082;2012320;2012494,+;+;+;+;+;+;+,3090,0,0,1,0,2,0,162,0,2
GENE.5467,chr14;chr14,2014670;2014950,2014821;2015055,+;+,258,0,0,0,0,0,0,24,0,0
GENE.5468,chr14;chr14,2017311;2017509,2017313;2019560,+;+,2055,4189,4189,4189,4199,4205,4085,4440,4085,4205
GENE.5469,chr14;chr14,2020209;2020376,2020262;2024137,-;-,3816,0,0,0,0,4,0,5,0,4
GENE.547,chr3,251242,254661,+,3420,2068,2068,2068,2100,2068,2061,2127,2061,2068
GENE.5470,chr14;chr14,2031087;2031296,2031132;2033397,+;+,2148,1648,1648,1649,1654,1678,1643,1748,1643,1676
GENE.5471,chr14,2035116,2036630,-,1515,594,594,594,594,594,594,585,594,594
GENE.5472,chr14,2038132,2041542,-,3411,0,0,0,0,3,1,0,1,3
GENE.5473,chr14,2043009,2043542,+,534,132,132,132,132,132,130,131,130,132
GENE.5474,chr14,2044007,2045029,-,1023,486,486,486,488,488,486,461,486,488
GENE.5475,chr14;chr14;chr14;chr14;chr14;chr14;chr14;chr14;chr14,2047793;2048010;2048252;2048493;2048788;2049284;2049522;2049721;2049936,2047829;2048121;2048312;2048625;2049131;2049402;2049612;2049806;2050083,+;+;+;+;+;+;+;+;+,1131,2241,2239,2241,2271,2242,2236,2237,2236,2242
GENE.5476,chr14,2051621,2053123,-,1503,0,0,0,0,4,0,0,0,4
GENE.5477,chr14;chr14,2055791;2056088,2055821;2056437,+;+,381,0,0,0,0,0,0,0,0,0
GENE.5478,chr14,2056641,2059238,+,2598,2036,2036,2039,2038,2038,2025,2062,2025,2038
GENE.5479,chr14;chr14,2059936;2063581,2063280;2065770,-;-,5535,9630,9630,9632,9648,9643,9563,9396,9563,9643
GENE.548,chr3;chr3;chr3,255276;255663;255928,255513;255806;258416,-;-;-,2871,0,0,0,0,4,0,2,0,4
GENE.5480,chr14;chr14;chr14;chr14;chr14;chr14,2067739;2067987;2068225;2068450;2073042;2073473,2067783;2068044;2068286;2072836;2073267;2073656,-;-;-;-;-;-,4962,0,0,2,0,1,0,0,0,1
GENE.5481,chr14,2075586,2077349,-,1764,2440,2440,2440,2446,2441,2436,2437,2436,2441
GENE.5482,chr14,2078488,2080350,+,1863,12124,12119,12124,12488,12130,12098,12121,12098,12130
GENE.5483,chr14,2080898,2082247,-,1350,7610,7610,7610,7622,7614,7547,7546,7547,7614
GENE.5484,chr14;chr14;chr14,2083231;2083454;2083704,2083333;2083585;2084665,+;+;+,1197,0,0,1,0,0,0,0,0,0
GENE.5485,chr14,2085105,2087519,-,2415,29064,29064,29064,29238,29271,28343,28766,28343,29271
GENE.5486,chr14,2090902,2093400,+,2499,3616,3616,3617,3616,3619,3613,3614,3613,3619
GENE.5487,chr14;chr14,2094340;2099610,2098727;2099736,-;-,4515,1431,1431,1431,1433,1447,1419,1426,1419,1447
GENE.5488,chr14;chr14;chr14;chr14;chr14;chr14;chr14;chr14;chr14;chr14;chr14,2104947;2105157;2105377;2105720;2105902;2106061;2106354;2106522;2106649;2106834;2107019,2104979;2105192;2105512;2105785;2105942;2106182;2106416;2106556;2106712;2106898;2107047,+;+;+;+;+;+;+;+;+;+;+,690,3045,3045,3045,3192,3049,3085,3042,3085,3049
GENE.5489,chr14,2108874,2112788,+,3915,4772,4767,4760,5000,4815,4701,5048,4655,4815
GENE.549,chr3;chr3;chr3,260332;260647;260889,260500;260718;261085,+;+;+,438,137,137,137,139,137,137,137,137,137
GENE.5490,chr14,2113561,2114004,-,444,198,198,198,198,198,198,198,198,198
GENE.5491,chr14;chr14,2115436;2118104,2117946;2118190,-;-,2598,6696,6696,6696,6710,6706,6688,6688,6688,6706
GENE.5492,chr14;chr14;chr14;chr14;chr14;chr14,2118947;2119088;2119289;2119633;2119924;2120276,2118994;2119168;2119434;2119717;2120092;2120280,-;-;-;-;-;-,534,966,966,966,976,970,969,963,969,970
GENE.5493,chr14;chr14;chr14;chr14,2123461;2125929;2126178;2126429,2125765;2126033;2126284;2126599,+;+;+;+,2688,9658,9658,9658,9690,9672,9635,9640,9635,9672
GENE.5494,chr14,2128168,2131257,-,3090,2210,2210,2210,2218,2223,2190,2192,2190,2223
GENE.5495,chr14,2134298,2140867,+,6570,0,1,0,0,15,0,198,0,15
GENE.5496,chr14,2141662,2142678,+,1017,2172,2172,2172,2182,2180,2072,2170,2072,2180
GENE.5497,chr14,2143302,2144876,+,1575,370,370,370,370,377,370,370,370,377
GENE.5498,chr14,2145166,2146230,-,1065,670,670,670,670,670,660,675,660,670
GENE.5499,chr14,2148421,2151123,+,2703,0,0,4,0,8,0,6,0,8
GENE.55,chrX,14738,15421,+,684,478,478,478,498,480,468,476,468,480
GENE.550,chr3,261485,273286,-,11802,107678,107678,107682,108324,108567,105430,103968,105430,108559
GENE.5500,chr14;chr14;chr14;chr14;chr14;chr14;chr14;chr14,2151823;2152006;2152196;2152413;2152638;2152852;2153228;2153577,2151899;2152059;2152233;2152519;2152679;2153056;2153302;2153614,-;-;-;-;-;-;-;-,636,720,720,720,754,720,724,718,724,720
GENE.5501,chr14;chr14;chr14;chr14;chr14;chr14;chr14,2155736;2165378;2165622;2165801;2166021;2166257;2166404,2165243;2165484;2165686;2165930;2166126;2166320;2166467,+;+;+;+;+;+;+,10044,5048,5048,5050,5068,5070,5043,5192,5043,5070
GENE.5502,chr14;chr14;chr14;chr14;chr14;chr14;chr14;chr14,2167219;2167622;2167853;2168221;2168438;2168685;2168825;2169070,2167234;2167698;2167923;2168315;2168546;2168748;2168932;2169540,+;+;+;+;+;+;+;+,1011,3405,3405,3405,3507,3425,3393,3400,3393,3425
GENE.5503,chr14;chr14;chr14;chr14,2170461;2170701;2171189;2171505,2170532;2171048;2171353;2171690,+;+;+;+,771,415,415,415,417,415,414,437,414,415
GENE.5504,chr14,2171869,2172555,-,687,28,28,28,28,28,28,28,28,28
GENE.5505,chr14,2173027,2175822,-,2796,614,614,618,614,614,613,613,613,614
GENE.5506,chr14,2176837,2178729,-,1893,0,0,0,0,0,0,0,0,0
GENE.5507,chr14;chr14;chr14;chr14;chr14;chr14;chr14;chr14;chr14;chr14;chr14;chr14;chr14;chr14;chr14;chr14;chr14;chr14,2179519;2179755;2179928;2180115;2180306;2180686;2180971;2181121;2181297;2181878;2182266;2182931;2183358;2184657;2185132;2185335;2185800;2186103,2179567;2179820;2180017;2180190;2180589;2180895;2181007;2181154;2181674;2182058;2182793;2183202;2184443;2184877;2185225;2185591;2185895;2186631,+;+;+;+;+;+;+;+;+;+;+;+;+;+;+;+;+;+,4488,0,0,0,0,1,2,11,2,1
GENE.5508,chr14,2187385,2187615,+,231,0,0,0,0,0,0,0,0,0
GENE.5509,chr14,2188178,2193949,+,5772,7414,7414,7414,7418,7462,7353,7742,7353,7462
GENE.551,chr3,275864,277717,-,1854,824,825,825,826,858,783,802,783,858
GENE.5510,chr14;chr14;chr14,2194694;2194867;2195109,2194740;2194978;2198480,-;-;-,3531,0,0,0,0,0,0,0,0,0
GENE.5511,chr14;chr14,2199371;2199694,2199533;2204708,-;-,5178,4912,4912,4912,4918,4938,4878,4885,4878,4938
GENE.5512,chr14;chr14,2207027;2207498,2207031;2208320,+;+,828,2195,2195,2195,2196,2199,2182,2185,1979,2193
GENE.5513,chr14,2209792,2212524,-,2733,3534,3534,3534,3540,3546,3517,3524,3517,3546
GENE.5514,chr14,2214910,2217795,+,2886,26512,26511,26514,26586,26654,26405,26563,26405,26654
GENE.5515,chr14,2219080,2220615,+,1536,270,270,270,270,284,268,269,268,284
GENE.5516,chr14;chr14;chr14,2221351;2221553;2221813,2221456;2221668;2221884,+;+;+,294,3,3,3,5,3,3,3,3,3
GENE.5517,chr14,2222490,2226704,-,4215,0,1,0,0,4,0,65,0,4
GENE.5518,chr14,2229284,2231581,+,2298,5552,5552,5553,5560,5608,5429,5543,5429,5608
GENE.5519,chr14,2234143,2236476,+,2334,160,160,160,160,160,160,160,160,160
GENE.552,chr3;chr3;chr3,278956;279288;279820,279105;279557;279828,-;-;-,429,0,0,0,0,2,0,0,0,2
GENE.5520,chr14,2238394,2238882,+,489,84,84,84,84,88,84,84,84,88
GENE.5521,chr14,2239538,2240227,-,690,930,930,930,964,930,918,925,918,930
GENE.5522,chr14,2241433,2242839,+,1407,7498,7498,7498,7518,7506,7478,7483,7478,7506
GENE.5523,chr14,2243873,2244367,+,495,88,88,88,88,90,88,88,88,90
GENE.5524,chr14,2245100,2245564,-,465,210,210,210,210,211,210,210,210,211
GENE.5525,chr14;chr14;chr14;chr14;chr14;chr14;chr14;chr14;chr14,2247245;2248076;2248346;2248576;2248736;2248908;2249105;2249323;2249643,2247913;2248245;2248411;2248605;2248804;2248963;2249125;2249366;2249750,-;-;-;-;-;-;-;-;-,1233,1236,1236,1236,1254,1238,1243,1233,1243,1238
GENE.5526,chr14;chr14;chr14,2251188;2251468;2251669,2251382;2251522;2251934,-;-;-,516,0,0,0,0,0,0,0,0,0
GENE.5527,chr14;chr14;chr14;chr14;chr14;chr14;chr14;chr14;chr14,2255062;2255207;2255358;2255559;2255822;2256140;2256282;2256502;2256677,2255070;2255244;2255470;2255672;2255910;2256201;2256345;2256565;2256741,+;+;+;+;+;+;+;+;+,618,271,271,271,322,271,275,261,275,271
GENE.5528,chr14;chr14;chr14;chr14;chr14;chr14;chr14;chr14;chr14,2255062;2255207;2255358;2255559;2255822;2256140;2256282;2256502;2256677,2255070;2255244;2255470;2255672;2255907;2256201;2256345;2256565;2256741,+;+;+;+;+;+;+;+;+,615,271,271,271,322,271,275,261,275,271
GENE.5529,chr14,2259465,2261297,+,1833,0,0,0,0,1,0,361,0,1
GENE.553,chr3,281916,285260,+,3345,8618,8618,8637,8826,8768,8638,8591,8638,8768
GENE.5530,chr14;chr14,2262739;2263048,2262833;2263801,-;-,849,0,0,0,0,0,0,0,0,0
GENE.5531,chr14;chr14;chr14;chr14,2267201;2270157;2270345;2270636,2269991;2270218;2270521;2270851,+;+;+;+,3246,0,0,3,0,7,0,51,0,7
GENE.5532,chr14,2271529,2277243,-,5715,0,0,0,0,6,1,38,1,6
GENE.5533,chr14;chr14,2278701;2281247,2281018;2282162,-;-,3234,4081,4081,4083,4095,4126,4019,4078,4019,4126
GENE.5534,chr14;chr14,2285113;2285765,2285503;2290227,+;+,4854,0,0,0,0,9,0,13,0,9
GENE.5535,chr14;chr14;chr14;chr14;chr14;chr14;chr14;chr14;chr14,2290887;2291016;2291156;2291345;2291553;2291684;2291895;2292225;2292407,2290920;2291067;2291199;2291474;2291592;2291789;2292027;2292258;2292691,-;-;-;-;-;-;-;-;-,858,144,144,144,148,145,143,143,143,145
GENE.5536,chr14;chr14,2296491;2300792,2300538;2300868,+;+,4125,4259,4266,4403,4859,4715,4534,4511,4425,4715
GENE.5537,chr14,2301456,2302844,-,1389,10840,10840,10840,10848,10962,10707,10815,10707,10962
GENE.5538,chr14,2303565,2306468,+,2904,0,0,0,0,2,0,0,0,2
GENE.5539,chr14,2306955,2308202,-,1248,482,482,482,482,483,476,482,476,483
GENE.554,chr3,285579,286112,-,534,8,8,8,8,9,8,8,8,9
GENE.5540,chr14;chr14,2309181;2312109,2311864;2312472,-;-,3048,19107,19107,19108,19155,19281,19015,19065,19007,19281
GENE.5541,chr14,2314380,2321555,+,7176,15456,15456,15456,15482,15512,15399,15475,15399,15512
GENE.5542,chr14,2321953,2322798,-,846,894,894,894,894,895,891,891,891,895
GENE.5543,chr14,2323772,2325826,-,2055,10228,10228,10228,10240,10365,10159,9717,10159,10365
GENE.5544,chr14,2329933,2332086,-,2154,0,0,0,0,1,0,0,0,1
GENE.5545,chr14;chr14;chr14;chr14;chr14;chr14,2334787;2335120;2335283;2335498;2335716;2335897,2334871;2335154;2335385;2335596;2335771;2335962,+;+;+;+;+;+,444,0,0,0,0,0,0,0,0,0
GENE.5546,chr14;chr14;chr14;chr14;chr14;chr14;chr14;chr14;chr14,2336649;2337294;2337484;2337667;2337924;2338321;2338536;2338783;2339060,2337158;2337359;2337534;2337797;2337999;2338429;2338624;2338895;2339153,-;-;-;-;-;-;-;-;-,1239,2733,2733,2733,2776,2744,2707,2709,2707,2744
GENE.5547,chr14,2340784,2343027,+,2244,4316,4316,4316,4318,4388,4211,4300,4211,4388
GENE.5548,chr14;chr14,2343640;2344191,2343926;2344218,-;-,315,13,13,13,20,13,13,13,13,13
GENE.5549,chr14,2346178,2348097,-,1920,3908,3908,3909,3912,3911,3885,3869,3885,3911
GENE.555,chr3,286906,287319,-,414,1102,1102,1102,1106,1106,1075,1101,1075,1106
GENE.5550,chr14,2350985,2360152,+,9168,0,0,1,0,2,0,185,0,2
GENE.5551,chr14,2360874,2362133,-,1260,7090,7090,7090,7100,7114,7041,7076,7041,7114
GENE.5552,chr14;chr14,2363578;2365241,2365109;2365370,+;+,1662,0,0,0,0,0,0,0,0,0
GENE.5553,chr14,2367287,2371723,+,4437,3838,3840,3839,3850,3844,3830,3962,3830,3844
GENE.5554,chr14,2372233,2373744,-,1512,4142,4142,4144,4158,4146,4133,4136,4133,4146
GENE.5555,chr14,2375579,2385946,+,10368,6696,6696,6696,6708,6738,6635,7104,6583,6738
GENE.5556,chr14,2387786,2389495,+,1710,4516,4516,4516,4520,4521,4473,4480,4473,4521
GENE.5557,chr14,2390726,2390902,+,177,0,0,0,0,0,0,0,0,0
GENE.5558,chr14;chr14,2391118;2391444,2391292;2391601,+;+,333,53,53,53,57,53,53,54,53,53
GENE.5559,chr14;chr14;chr14,2391783;2392178;2396577,2391894;2396397;2396831,-;-;-,4587,5765,5757,5765,5775,5797,5657,5787,5657,5797
GENE.556,chr3;chr3,288637;288948,288723;290747,-;-,1887,1307,1307,1307,1312,1309,1298,1245,1298,1309
GENE.5560,chr14,2397919,2398869,-,951,1308,1308,1308,1308,1308,1304,1305,1304,1308
GENE.5561,chr14;chr14;chr14;chr14,2400515;2404850;2405075;2405389,2404717;2404914;2405193;2405411,+;+;+;+,4410,0,0,1,0,8,0,371,0,8
GENE.5562,chr14,2406668,2410159,+,3492,10552,10552,10552,10576,10629,10491,10534,10491,10629
GENE.5563,chr14,2410954,2412015,-,1062,0,0,0,0,2,0,0,0,2
GENE.5564,chr14,2414870,2417467,-,2598,2792,2792,2793,2804,2815,2770,2680,2770,2815
GENE.5565,chr14;chr14;chr14,2418422;2418720;2418950,2418639;2418845;2419298,+;+;+,693,150,150,150,152,150,148,150,148,150
GENE.5566,chr14,2420764,2422989,+,2226,0,0,0,0,2,0,3,0,2
GENE.5567,chr14,2423907,2426300,+,2394,0,0,1,0,1,0,59,0,1
GENE.5568,chr14,2427224,2430091,-,2868,628,628,630,634,633,625,592,625,633
GENE.5569,chr14,2432177,2432746,+,570,964,964,964,964,964,961,963,961,964
GENE.557,chr3;chr3;chr3;chr3;chr3,292943;293090;293322;293597;293956,292980;293207;293468;293750;294548,+;+;+;+;+,1050,547,547,547,553,547,545,545,545,547
GENE.5570,chr14,2433361,2434383,-,1023,0,0,0,0,0,0,1,0,0
GENE.5571,chr14,2436695,2439616,+,2922,13718,13718,13718,13746,13831,13670,13703,13670,13831
GENE.5572,chr14;chr14,2441345;2443178,2443031;2443896,+;+,2406,0,0,1,0,1,0,24,0,1
GENE.5573,chr14;chr14;chr14;chr14;chr14;chr14;chr14;chr14,2444473;2444583;2444742;2444962;2445132;2445360;2445544;2445994,2444498;2444626;2444859;2445028;2445220;2445420;2445816;2446179,-;-;-;-;-;-;-;-,864,2380,2380,2380,2420,2382,2401,2374,2401,2382
GENE.5574,chr14;chr14;chr14;chr14,2446983;2447268;2447518;2447859,2447075;2447331;2447652;2448298,-;-;-;-,732,493,486,493,506,493,493,493,493,493
GENE.5575,chr14,2450207,2450788,-,582,0,0,0,0,0,0,0,0,0
GENE.5576,chr14,2452470,2453357,+,888,1928,1928,1928,1932,1929,1926,1926,1926,1929
GENE.5577,chr14,2454902,2455879,+,978,0,0,0,0,1,0,0,0,1
GENE.5578,chr14,2456879,2457802,-,924,2510,2510,2510,2514,2510,2498,2500,2498,2510
GENE.5579,chr14;chr14;chr14,2459214;2459521;2459929,2459315;2459586;2459964,-;-;-,204,13,13,13,15,13,13,13,13,13
GENE.558,chr3;chr3;chr3;chr3;chr3,295107;295381;295565;295769;296015,295169;295442;295631;295832;296094,-;-;-;-;-,336,38,38,38,40,38,40,37,40,38
GENE.5580,chr14;chr14;chr14;chr14;chr14;chr14;chr14;chr14;chr14,2461321;2461667;2461855;2462109;2462264;2462467;2462658;2462838;2463000,2461452;2461720;2461926;2462181;2462331;2462547;2462711;2462897;2463104,+;+;+;+;+;+;+;+;+,699,0,0,0,0,2,0,0,0,2
GENE.5581,chr14,2466091,2470989,+,4899,0,0,11,0,9,0,12,0,9
GENE.5582,chr14,2473758,2474204,+,447,0,0,0,0,0,0,0,0,0
GENE.5583,chr14;chr14;chr14;chr14,2475501;2475671;2475913;2476463,2475579;2475781;2476152;2476473,-;-;-;-,441,202,202,202,210,215,194,200,194,215
GENE.5584,chr14,2477828,2479735,-,1908,72,72,72,72,76,68,71,68,76
GENE.5585,chr14;chr14;chr14;chr14;chr14,2480440;2480731;2481045;2481284;2481841,2480595;2480927;2481166;2481539;2481916,+;+;+;+;+,807,67,67,67,71,70,65,66,65,70
GENE.5586,chr14;chr14;chr14;chr14;chr14,2480440;2480731;2481045;2481266;2481841,2480595;2480927;2481166;2481539;2481916,+;+;+;+;+,825,67,67,67,71,70,65,66,65,70
GENE.5587,chr14;chr14;chr14;chr14;chr14,2482775;2484139;2484351;2484563;2485023,2483998;2484224;2484397;2484629;2485086,+;+;+;+;+,1488,518,518,518,522,521,519,517,519,521
GENE.5588,chr14;chr14;chr14,2485864;2486042;2486343,2485918;2486186;2488620,+;+;+,2478,17958,17958,17959,18000,17973,17897,17923,17897,17973
GENE.5589,chr14,2489698,2490249,+,552,0,0,0,0,0,0,0,0,0
GENE.559,chr3,298517,300478,+,1962,0,0,0,0,3,4,0,4,3
GENE.5590,chr14,2492166,2492369,+,204,0,0,0,0,0,0,0,0,0
GENE.5591,chr14;chr14;chr14;chr14,2493400;2493542;2493856;2494598,2493447;2493678;2494474;2494762,-;-;-;-,969,0,0,0,0,0,0,0,0,0
GENE.5592,chr14;chr14;chr14;chr14;chr14;chr14;chr14,2496050;2496196;2496516;2496794;2496995;2497127;2497262,2496077;2496282;2496667;2496878;2497048;2497196;2497400,-;-;-;-;-;-;-,615,478,478,478,496,482,492,476,492,482
GENE.5593,chr14;chr14;chr14,2498047;2500018;2500295,2499863;2500144;2500384,-;-;-,2034,266,266,266,272,268,266,266,266,268
GENE.5594,chr14;chr14;chr14;chr14,2501578;2501827;2502195;2502408,2501714;2501857;2502299;2502515,-;-;-;-,381,20,20,20,25,20,20,19,20,20
GENE.5595,chr14;chr14,2504149;2512443,2512305;2512505,+;+,8220,0,0,0,0,17,0,23,0,17
GENE.5596,chr14,2514673,2517945,+,3273,2114,2114,2114,2120,2132,2108,2111,2108,2132
GENE.5597,chr14,2518392,2518757,-,366,0,0,0,0,0,0,0,0,0
GENE.5598,chr14,2519205,2523209,-,4005,0,0,0,0,8,0,0,0,8
GENE.5599,chr14,2523919,2524140,+,222,0,0,0,0,3,0,0,0,3
GENE.56,chrX,15422,15787,-,366,0,0,0,0,0,0,0,0,0
GENE.560,chr3,301007,301906,-,900,0,0,0,0,4,0,0,0,4
GENE.5600,chr14,2524921,2528994,-,4074,27718,27718,27718,27766,27903,27579,27671,27579,27903
GENE.5601,chr14,2531432,2541400,-,9969,3024,3024,3045,3242,3182,3110,2979,3110,3182
GENE.5602,chr14;chr14;chr14;chr14;chr14;chr14;chr14;chr14;chr14;chr14;chr14;chr14;chr14;chr14;chr14;chr14;chr14;chr14;chr14;chr14;chr14;chr14,2544824;2545112;2545332;2545556;2545715;2545991;2546159;2546334;2546530;2546707;2546893;2547258;2547537;2547710;2548026;2548232;2548454;2548815;2548988;2549272;2549517;2549779,2544943;2545165;2545441;2545613;2545900;2546069;2546235;2546431;2546600;2546777;2547108;2547361;2547608;2547919;2548084;2548281;2548627;2548893;2549129;2549404;2549635;2549785,-;-;-;-;-;-;-;-;-;-;-;-;-;-;-;-;-;-;-;-;-;-,2289,0,0,0,0,2,0,0,0,2
GENE.5603,chr14;chr14,2550692;2551958,2551788;2552432,+;+,1572,0,0,0,0,0,0,0,0,0
GENE.5604,chr14;chr14,2553714;2555030,2554823;2555104,-;-,1185,0,0,0,0,8,0,1,0,8
GENE.5605,chr14;chr14,2559098;2559418,2559181;2560347,+;+,1014,1518,1518,1518,1518,1519,1513,1515,1513,1519
GENE.5606,chr14,2561069,2563492,-,2424,1340,1340,1340,1342,1346,1335,1354,1335,1346
GENE.5607,chr14,2565357,2566283,-,927,46,46,46,46,47,43,45,43,47
GENE.5608,chr14;chr14;chr14;chr14;chr14;chr14;chr14;chr14,2568082;2568170;2568491;2568524;2568632;2568719;2569115;2569163,2568167;2568489;2568521;2568630;2568717;2569112;2569160;2569307,-;-;-;-;-;-;-;-,1215,814,815,814,846,818,733,773,733,818
GENE.5609,chr14;chr14,2570434;2570730,2570478;2571719,+;+,1035,238,238,238,238,240,235,236,235,240
GENE.561,chr3,302826,303083,+,258,0,0,0,0,0,0,0,0,0
GENE.5610,chr14,2572988,2574607,+,1620,3900,3900,3900,3906,3910,3884,3888,3884,3910
GENE.5611,chr14,2575326,2576336,+,1011,0,0,0,0,1,0,0,0,1
GENE.5612,chr14;chr14;chr14;chr14;chr14,2577974;2578481;2578687;2578944;2579281,2578237;2578550;2578796;2579177;2579379,+;+;+;+;+,777,1002,1002,1002,1023,1003,1004,1002,1004,1003
GENE.5613,chr14;chr14,2580115;2580391,2580252;2580486,-;-,234,0,0,0,0,0,0,0,0,0
GENE.5614,chr14,2581543,2582523,+,981,5426,5426,5426,5434,5426,5414,5416,5414,5426
GENE.5615,chr14,2583187,2583549,-,363,0,0,0,0,0,0,0,0,0
GENE.5616,chr14;chr14;chr14;chr14;chr14;chr14;chr14;chr14;chr14;chr14;chr14;chr14;chr14;chr14;chr14,2584575;2584812;2585282;2585480;2585737;2586032;2586191;2586520;2586760;2587045;2587263;2587554;2587897;2588127;2589750,2584595;2584952;2585365;2585599;2585946;2586100;2586400;2586636;2586888;2587138;2587430;2587736;2588003;2589656;2589782,-;-;-;-;-;-;-;-;-;-;-;-;-;-;-,3216,8634,8634,8634,8756,8646,8661,8613,8661,8646
GENE.5617,chr14,2592002,2594119,-,2118,5384,5384,5384,5450,5391,5365,5374,5365,5391
GENE.5618,chr14,2595869,2598571,+,2703,138,138,138,136,139,134,657,134,139
GENE.5619,chr14;chr14,2598842;2599903,2599803;2599954,-;-,1014,0,0,0,0,1,0,0,0,1
GENE.562,chr3;chr3;chr3;chr3,304317;304490;304668;304897,304395;304548;304777;304999,+;+;+;+,351,15,15,15,19,16,15,15,15,16
GENE.5620,chr14;chr14,2601441;2603867,2603758;2604305,+;+,2757,6758,6758,6758,6776,6769,6730,6818,6730,6769
GENE.5621,chr14;chr14;chr14;chr14;chr14,2604381;2604525;2604848;2605097;2605411,2604416;2604649;2604907;2605189;2605411,-;-;-;-;-,315,0,0,0,0,0,0,0,0,0
GENE.5622,chr14;chr14;chr14;chr14;chr14,2607292;2616721;2616917;2617162;2617454,2616600;2616816;2617024;2617236;2617621,+;+;+;+;+,9756,20187,20187,20187,20217,20268,20125,20830,20125,20268
GENE.5623,chr14;chr14,2619679;2623397,2623216;2624187,+;+,4329,28226,28226,28226,28266,28250,28149,28168,28149,28250
GENE.5624,chr14,2625452,2626600,-,1149,1558,1558,1558,1558,1567,1558,1558,1558,1567
GENE.5625,chr14;chr14;chr14;chr14;chr14;chr14,2628882;2629011;2629130;2629332;2629555;2629768,2628888;2629057;2629213;2629434;2629651;2629789,+;+;+;+;+;+,360,8,8,8,12,8,8,8,8,8
GENE.5626,chr14,2630558,2632678,-,2121,6128,6128,6128,6128,6135,6085,6093,6085,6135
GENE.5627,chr14,2635841,2636677,+,837,0,0,0,0,0,0,0,0,0
GENE.5628,chr14,2637566,2640169,+,2604,496,496,496,496,501,495,496,495,501
GENE.5629,chr14,2640872,2642002,-,1131,356,356,356,356,359,355,355,355,359
GENE.563,chr3;chr3,306108;307982,307706;307984,-;-,1602,2364,2365,2364,2366,2365,2359,2359,2359,2365
GENE.5630,chr14;chr14;chr14;chr14;chr14;chr14,2643004;2645057;2645457;2645704;2645873;2646037,2644901;2645309;2645592;2645778;2645931;2646192,+;+;+;+;+;+,2577,0,0,0,0,2,0,19,0,2
GENE.5631,chr14;chr14,2646603;2646978,2646819;2647033,-;-,273,0,0,0,0,0,0,0,0,0
GENE.5632,chr14,2650755,2655140,+,4386,0,0,8,0,2,0,99,0,2
GENE.5633,chr14;chr14;chr14;chr14;chr14;chr14;chr14;chr14;chr14;chr14,2655491;2655883;2656162;2656344;2656637;2656809;2656946;2657134;2657285;2657487,2655727;2656062;2656212;2656531;2656720;2656862;2657018;2657186;2657343;2657965,-;-;-;-;-;-;-;-;-;-,1458,0,0,0,0,4,0,0,0,4
GENE.5634,chr14;chr14;chr14;chr14;chr14;chr14;chr14;chr14;chr14;chr14;chr14;chr14;chr14,2658255;2658383;2658603;2658814;2659011;2659194;2659325;2659493;2659753;2659917;2660241;2660575;2660809,2658274;2658446;2658736;2658909;2659070;2659245;2659394;2659658;2659814;2660106;2660302;2660653;2660911,-;-;-;-;-;-;-;-;-;-;-;-;-,1158,0,0,0,0,0,0,0,0,0
GENE.5635,chr14;chr14;chr14;chr14;chr14;chr14,2662020;2663321;2664046;2666189;2681939;2682625,2662619;2663911;2666043;2681804;2682510;2682705,+;+;+;+;+;+,19458,109944,109945,109944,110024,110877,108878,109926,108878,110877
GENE.5636,chr14;chr14;chr14,2684141;2684673;2685003,2684152;2684794;2685534,+;+;+,666,541,541,541,545,554,538,539,538,554
GENE.5637,chr14;chr14;chr14;chr14;chr14;chr14;chr14;chr14;chr14;chr14;chr14;chr14,2686224;2686402;2686537;2686686;2686985;2687233;2687367;2687530;2687706;2687863;2688027;2688191,2686287;2686413;2686588;2686872;2687127;2687252;2687429;2687615;2687761;2687944;2688090;2688303,-;-;-;-;-;-;-;-;-;-;-;-,942,1340,1340,1340,1410,1342,1363,1336,1363,1342
GENE.5638,chr14;chr14,2690504;2693242,2693088;2693326,+;+,2670,0,0,0,0,4,0,0,0,4
GENE.5639,chr14,2694813,2704049,-,9237,874,874,879,910,931,874,869,857,929
GENE.564,chr3;chr3;chr3,310652;310865;311557,310661;311043;311805,+;+;+,438,0,0,0,0,0,0,0,0,0
GENE.5640,chr14;chr14;chr14,2709418;2712793;2713093,2712708;2712920;2713192,+;+;+,3519,94,94,94,94,98,94,171,94,98
GENE.5641,chr14,2714844,2717285,-,2442,18860,18860,18862,18908,18903,18566,18209,18566,18903
GENE.5642,chr14;chr14;chr14;chr14;chr14;chr14,2725225;2725458;2725739;2725895;2726046;2726220,2725334;2725522;2725798;2725905;2726115;2726281,+;+;+;+;+;+,378,0,0,0,0,1,0,0,0,1
GENE.5643,chr14,2726800,2727642,-,843,0,0,0,0,3,0,0,0,3
GENE.5644,chr14;chr14;chr14;chr14;chr14;chr14,2729370;2729617;2729803;2730049;2730335;2730770,2729425;2729703;2729848;2730204;2730487;2730811,+;+;+;+;+;+,540,380,380,380,394,381,378,378,378,381
GENE.5645,chr14,2731986,2734694,+,2709,1282,1282,1282,1282,1306,1273,1301,1273,1306
GENE.5646,chr14;chr14,2736908;2737271,2737103;2741325,+;+,4251,0,0,0,0,3,0,0,0,3
GENE.5647,chr14,2742387,2744969,+,2583,1056,1056,1056,1058,1058,1027,1098,1027,1058
GENE.5648,chr14,2745815,2747320,-,1506,688,688,689,688,708,681,688,681,708
GENE.5649,chr14,2748392,2750131,+,1740,468,468,468,468,469,467,480,467,469
GENE.565,chr3,311223,311382,+,160,0,0,0,0,0,0,0,0,0
GENE.5650,chr14,2750958,2752424,+,1467,3268,3268,3268,3268,3288,3251,3267,3251,3288
GENE.5651,chr14,2753136,2754020,-,885,0,0,0,0,2,0,0,0,2
GENE.5652,chr14;chr14;chr14,2755225;2756559;2756735,2756436;2756610;2756799,+;+;+,1329,786,786,786,792,786,787,785,787,786
GENE.5653,chr14;chr14,2757665;2759665,2759493;2764150,-;-,6315,7230,7236,7609,8070,7602,7222,7203,7184,7602
GENE.5654,chr14;chr14;chr14,2766108;2766257;2766530,2766156;2766369;2766616,+;+;+,249,2,2,2,2,3,2,2,2,3
GENE.5655,chr14;chr14;chr14,2767400;2767559;2767794,2767402;2767686;2767935,+;+;+,273,0,0,0,0,1,0,0,0,1
GENE.5656,chr14;chr14;chr14,2771101;2771344;2771586,2771250;2771441;2776308,+;+;+,4971,0,0,0,0,8,0,51,0,8
GENE.5657,chr14;chr14;chr14;chr14;chr14;chr14;chr14;chr14;chr14;chr14;chr14,2777632;2777914;2778029;2778796;2779164;2779310;2779529;2779764;2783098;2783330;2784209,2777663;2777956;2778497;2779003;2779234;2779428;2779650;2782943;2783209;2783968;2785114,+;+;+;+;+;+;+;+;+;+;+,5901,17987,17987,17986,18143,18027,17859,17832,17859,18027
GENE.5658,chr14;chr14,2786308;2794228,2793888;2794323,-;-,7677,0,0,0,0,5,0,23,0,5
GENE.5659,chr14,2802508,2803188,+,681,1390,1390,1390,1392,1391,1382,1388,1382,1391
GENE.566,chr3;chr3,312693;313262,313037;313342,-;-,426,0,0,0,0,0,0,0,0,0
GENE.5660,chr14;chr14;chr14,2803593;2803811;2804490,2803673;2804355;2804613,+;+;+,750,0,0,0,0,0,0,21,0,0
GENE.5661,chr14,2809478,2812066,+,2589,1252,1252,1252,1256,1268,1248,1261,1248,1268
GENE.5662,chr14;chr14;chr14;chr14;chr14;chr14,2812941;2813071;2813365;2813697;2813952;2814233,2812971;2813223;2813504;2813790;2814025;2814385,-;-;-;-;-;-,645,1114,1114,1114,1136,1114,1122,1114,1122,1114
GENE.5663,chr14;chr14,2816100;2817418,2817257;2822286,+;+,6027,25968,25968,25968,26064,26103,25787,26016,25787,26103
GENE.5664,chr14;chr14;chr14;chr14,2825370;2825819;2826631;2826901,2825696;2826537;2826763;2826918,+;+;+;+,1197,0,0,0,0,2,0,0,0,2
GENE.5665,chr14,2827942,2830443,-,2502,448,448,448,448,476,444,448,444,476
GENE.5666,chr14,2831928,2834369,-,2442,5260,5260,5260,5264,5273,5237,5251,5237,5273
GENE.5667,chr14,2835603,2836151,-,549,0,0,0,0,4,0,0,0,4
GENE.5668,chr14,2837319,2838101,+,783,0,0,0,0,0,0,38,0,0
GENE.5669,chr14,2838913,2839989,-,1077,3258,3258,3258,3260,3271,3235,3238,3235,3271
GENE.567,chr3;chr3;chr3,314976;315863;316231,315617;315988;316236,-;-;-,774,0,0,0,0,0,0,0,0,0
GENE.5670,chr14,2841122,2841910,-,789,280,280,280,280,281,279,279,279,281
GENE.5671,chr14,2845203,2846516,+,1314,3350,3350,3350,3354,3353,3343,3344,3343,3353
GENE.5672,chr14,2847235,2849298,-,2064,574,574,574,578,586,568,566,568,586
GENE.5673,chr14;chr14;chr14,2852150;2861938;2862316,2861782;2862155;2862568,+;+;+,10104,47758,47758,47855,48838,48197,47946,47716,47944,48197
GENE.5674,chr14,2863914,2864531,+,618,0,0,0,0,1,0,0,0,1
GENE.5675,chr14;chr14;chr14,2865024;2865674;2866156,2865506;2865748;2866245,-;-;-,648,757,756,757,759,757,753,752,753,757
GENE.5676,chr14;chr14;chr14,2866358;2866862;2867239,2866424;2867046;2868183,+;+;+,1197,1151,1151,1151,1155,1159,1134,1154,1134,1159
GENE.5677,chr14;chr14;chr14;chr14,2868291;2868476;2868703;2869269,2868347;2868538;2868833;2869356,-;-;-;-,339,97,97,97,101,98,97,97,97,98
GENE.5678,chr14;chr14,2870069;2877367,2877210;2877589,+;+,7365,1,1,1,1,9,2,17,2,9
GENE.5679,chr14;chr14;chr14,2877586;2878035;2878703,2877689;2878430;2878748,-;-;-,546,175,175,175,179,178,170,174,170,178
GENE.568,chr3,318804,320336,+,1533,0,0,1,0,1,0,5,0,1
GENE.5680,chr14,2879458,2879904,+,447,40,40,40,40,40,40,40,40,40
GENE.5681,chr14;chr14;chr14;chr14,2880157;2880393;2880647;2880913,2880248;2880467;2880769;2881012,-;-;-;-,390,25,25,25,26,25,25,23,25,25
GENE.5682,chr14;chr14;chr14;chr14;chr14;chr14,2882766;2883055;2883353;2883610;2884023;2885595,2882851;2883200;2883507;2883767;2885437;2886082,+;+;+;+;+;+,2448,27467,27467,27467,27592,27491,27373,27401,27373,27491
GENE.5683,chr14;chr14,2886888;2887264,2887093;2888659,-;-,1602,0,0,0,0,0,0,0,0,0
GENE.5684,chr14,2890054,2891796,+,1743,1524,1524,1524,1528,1525,1519,1521,1519,1525
GENE.5685,chr14;chr14,2892221;2892887,2892395;2895999,-;-,3288,0,0,0,0,1,0,0,0,1
GENE.5686,chr14;chr14,2897916;2898397,2898242;2898657,+;+,588,469,469,469,475,469,467,468,467,469
GENE.5687,chr14,2902134,2903537,+,1404,1088,1088,1088,1088,1089,1080,1087,1080,1089
GENE.5688,chr14;chr14;chr14,2905163;2905981;2906429,2905714;2906155;2906565,-;-;-,864,0,0,0,0,2,0,0,0,2
GENE.5689,chr14;chr14;chr14;chr14;chr14;chr14,2912386;2913339;2913911;2914463;2914740;2915259,2913141;2913573;2914368;2914585;2915066;2915354,+;+;+;+;+;+,1995,0,0,0,0,1,0,0,0,1
GENE.569,chr3,321050,322162,-,1113,844,844,844,844,844,843,836,843,844
GENE.5690,chr14;chr14;chr14;chr14;chr14,2915747;2915917;2916048;2916305;2916626,2915828;2915958;2916227;2916365;2918006,-;-;-;-;-,1746,753,753,753,759,761,751,750,751,761
GENE.5691,chr14;chr14,2919190;2920806,2920623;2920871,-;-,1500,2316,2316,2316,2318,2327,2289,2301,2289,2327
GENE.5692,chr14;chr14;chr14;chr14;chr14;chr14,2922351;2922887;2923422;2923752;2924166;2924408,2922746;2923171;2923619;2924006;2924213;2924557,-;-;-;-;-;-,1332,0,0,0,0,0,0,1,0,0
GENE.5693,chr14,2926134,2929673,+,3540,0,0,0,0,4,0,36,0,4
GENE.5694,chr14,2929823,2931547,+,1725,17674,17674,17674,17710,17686,17641,17646,17641,17686
GENE.5695,chr14,2932023,2932787,+,765,1608,1608,1608,1612,1609,1604,1604,1604,1609
GENE.5696,chr14;chr14,2933162;2937686,2937454;2939779,-;-,6387,2229,2219,2230,2249,2250,2217,2232,2217,2250
GENE.5697,chr14;chr14;chr14;chr14,2940478;2940789;2941070;2941332,2940614;2940933;2941121;2941603,+;+;+;+,606,964,964,964,978,967,948,959,948,967
GENE.5698,chr14;chr14;chr14;chr14;chr14;chr14,2941600;2941830;2942146;2942354;2942532;2942745,2941686;2941905;2942243;2942440;2942613;2943259,-;-;-;-;-;-,945,3,3,3,3,3,3,3,3,3
GENE.5699,chr14;chr14,2945662;2952509,2952374;2952551,+;+,6756,0,0,3,0,10,0,5,0,10
GENE.57,chrX,15763,15849,-,87,0,0,0,0,0,0,0,0,0
GENE.570,chr3;chr3;chr3;chr3;chr3,322933;323205;323406;323633;324804,323011;323259;323467;324573;324836,-;-;-;-;-,1170,521,521,521,529,543,503,519,503,543
GENE.5700,chr14;chr14;chr14;chr14;chr14;chr14;chr14;chr14;chr14,2954108;2954514;2955519;2955696;2955951;2956276;2956553;2956854;2957073,2954312;2955345;2955589;2955808;2956028;2956343;2956712;2956898;2957108,+;+;+;+;+;+;+;+;+,1608,8352,8352,8352,8551,8379,8301,8330,8301,8379
GENE.5701,chr14;chr14;chr14,2957474;2957709;2961334,2957547;2961195;2961618,+;+;+,3846,0,0,0,0,7,0,3,0,7
GENE.5702,chr14;chr14;chr14,2961722;2962017;2962339,2961909;2962178;2962645,-;-;-,657,524,524,524,542,525,523,524,523,525
GENE.5703,chr14;chr14;chr14;chr14,2962986;2963181;2963415;2963944,2963069;2963287;2963742;2965086,-;-;-;-,1662,0,0,0,0,1,0,0,0,1
GENE.5704,chr14,2966749,2969334,+,2586,4366,4366,4366,4520,4395,4340,4409,4340,4395
GENE.5705,chr14;chr14;chr14;chr14;chr14;chr14;chr14,2969912;2970185;2970404;2970608;2970735;2971218;2971481,2970061;2970282;2970459;2970663;2971085;2971286;2971792,-;-;-;-;-;-;-,1092,1479,1479,1479,1493,1481,1474,1412,1474,1481
GENE.5706,chr14,2972978,2974054,+,1077,790,790,790,790,794,779,789,779,794
GENE.5707,chr14,2975115,2975492,-,378,0,0,0,0,0,0,0,0,0
GENE.5708,chr14;chr14,2976211;2977085,2976956;2978117,-;-,1779,13034,13034,13034,13118,13049,12993,13002,12993,13049
GENE.5709,chr14,2981600,2982964,+,1365,0,0,0,0,1,0,0,0,1
GENE.571,chr3;chr3;chr3,325922;326129;326296,326030;326172;328383,+;+;+,2241,6877,6877,6877,7015,6881,6766,6867,6766,6881
GENE.5710,chr14;chr14;chr14;chr14;chr14;chr14;chr14,2984062;2985336;2985946;2986202;2986425;2987500;2987786,2985186;2985657;2986060;2986263;2987339;2987654;2987932,+;+;+;+;+;+;+,2841,761,761,761,765,761,761,764,761,761
GENE.5711,chr14,2989577,2992222,+,2646,5064,5062,5064,5068,5073,5053,5059,5053,5073
GENE.5712,chr14,2993252,2995279,-,2028,0,0,1,0,0,0,0,0,0
GENE.5713,chr14,2997600,2997944,-,345,0,0,0,0,3,0,0,0,3
GENE.5714,chr14,2998594,3002355,-,3762,3422,3472,3631,5232,4114,4241,3404,3736,4100
GENE.5715,chr14,3007601,3010159,+,2559,0,0,0,0,3,0,4,0,3
GENE.5716,chr14,3011585,3017899,-,6315,28656,28656,28656,28702,28830,28528,28599,28374,28828
GENE.5717,chr14;chr14,3023228;3023508,3023374;3023726,+;+,366,5,5,5,5,6,5,5,5,6
GENE.5718,chr14;chr14;chr14,3023852;3038411;3038793,3037909;3038610;3038832,-;-;-,14298,220574,220574,220574,221008,220934,219819,215107,219819,220934
GENE.5719,chr14;chr14,3040768;3041075,3040864;3043560,+;+,2583,64,64,64,64,68,62,137,62,68
GENE.572,chr3;chr3;chr3;chr3;chr3;chr3;chr3,328787;328992;329252;329512;329679;334959;335243,328832;329116;329350;329564;334741;335026;335269,-;-;-;-;-;-;-,5481,0,0,0,0,3,0,0,0,3
GENE.5720,chr14;chr14;chr14;chr14;chr14;chr14;chr14;chr14;chr14;chr14;chr14;chr14;chr14;chr14;chr14;chr14,3044129;3044524;3045061;3045221;3045558;3045868;3046064;3046330;3046845;3047204;3047438;3049982;3053806;3054265;3054898;3055143,3044381;3044894;3045113;3045458;3045761;3045954;3046152;3046671;3047041;3047316;3049852;3053493;3054094;3054771;3055055;3055248,+;+;+;+;+;+;+;+;+;+;+;+;+;+;+;+,8934,0,0,1,0,8,0,139,0,8
GENE.5721,chr14,3055715,3057820,-,2106,4042,4042,4043,4062,4063,4011,4034,4011,4063
GENE.5722,chr14;chr14;chr14;chr14;chr14,3060864;3061460;3061744;3062073;3062560,3061298;3061594;3061894;3062461;3062634,+;+;+;+;+,1185,480,480,480,480,481,476,477,476,481
GENE.5723,chr14;chr14;chr14,3063191;3063375;3063680,3063272;3063470;3065763,-;-;-,2262,0,0,0,0,1,0,0,0,1
GENE.5724,chr14;chr14;chr14,3067562;3067723;3068060,3067610;3067805;3068692,+;+;+,765,154,154,154,155,160,153,293,153,160
GENE.5725,chr14,3072261,3073247,+,987,3014,3014,3014,3024,3040,2996,3033,2996,3040
GENE.5726,chr14,3075788,3076186,+,399,0,0,0,0,0,0,0,0,0
GENE.5727,chr14,3076442,3081022,+,4581,7140,7140,7141,7160,7150,7106,7220,7106,7150
GENE.5728,chr14,3081750,3084635,+,2886,6326,6326,6326,6348,6329,6273,6306,6273,6329
GENE.5729,chr14,3085496,3086182,+,687,1536,1536,1536,1540,1536,1534,1534,1534,1536
GENE.573,chr3,337179,339278,+,2100,0,0,0,0,0,0,0,0,0
GENE.5730,chr14;chr14,3087061;3104725,3104434;3105071,-;-,17721,48512,48512,48515,48552,48646,48420,48018,48181,48642
GENE.5731,chr14,3106949,3111811,+,4863,0,0,0,0,9,0,0,0,9
GENE.5732,chr14,3112509,3114698,-,2190,13514,13514,13514,13554,13538,13399,13483,13399,13538
GENE.5733,chr14,3117392,3118951,+,1560,4448,4448,4448,4452,4450,4440,4440,4440,4450
GENE.5734,chr14;chr14,3120854;3121508,3121441;3121849,+;+,930,0,0,0,0,2,0,0,0,2
GENE.5735,chr14,3124337,3126709,+,2373,5824,5824,5824,5824,5851,5814,5818,5564,5851
GENE.5736,chr14;chr14,3127677;3127952,3127808;3128119,-;-,300,0,0,0,0,0,0,0,0,0
GENE.5737,chr14,3131104,3131637,+,534,2220,2220,2220,2222,2223,2217,2217,2217,2223
GENE.5738,chr14;chr14,3133951;3134350,3134187;3135651,+;+,1539,9252,9252,9255,9270,9486,9189,9285,9189,9486
GENE.5739,chr14;chr14,3139140;3139366,3139241;3140982,+;+,1719,1362,1362,1362,1370,1366,1355,1358,1355,1366
GENE.574,chr3;chr3;chr3,340028;346766;350734,346568;350480;351652,-;-;-,11175,0,1,0,0,8,0,5,0,8
GENE.5740,chr14;chr14;chr14,3142075;3142503;3144261,3142299;3144068;3144341,+;+;+,1872,7173,7173,7173,7209,7284,7141,7156,7141,7284
GENE.5741,chr14;chr14,3147490;3147703,3147585;3148584,+;+,978,570,570,570,573,574,569,569,569,574
GENE.5742,chr14;chr14,3151970;3152131,3152044;3154923,+;+,2868,19388,19388,19388,19396,19411,19339,19346,19331,19411
GENE.5743,chr14,3156976,3158037,+,1062,0,0,0,0,0,0,0,0,0
GENE.5744,chr14,3159487,3160602,+,1116,0,0,0,0,0,0,0,0,0
GENE.5745,chr14;chr14;chr14,3161742;3162510;3162676,3162507;3162512;3162743,-;-;-,837,470,470,470,474,472,462,464,462,472
GENE.5746,chr14;chr14,3168563;3168846,3168754;3171692,+;+,3039,766,766,757,766,769,896,575,896,769
GENE.5747,chr14;chr14,3172972;3173540,3173451;3173644,-;-,585,782,782,782,786,783,779,781,779,783
GENE.5748,chr14;chr14,3175541;3175829,3175609;3176458,+;+,699,55,55,55,59,55,55,55,55,55
GENE.5749,chr14;chr14,3179624;3179951,3179806;3180610,+;+,843,1548,1548,1548,1559,1548,1544,1544,1544,1548
GENE.575,chr3,353549,355045,+,1497,1538,1538,1539,1542,1543,1528,1533,1528,1543
GENE.5750,chr14;chr14,3183248;3183627,3183433;3184352,+;+,912,532,532,532,532,532,519,529,519,532
GENE.5751,chr14;chr14,3188888;3189244,3189085;3190548,+;+,1503,0,0,0,0,1,0,17,0,1
GENE.5752,chr14;chr14;chr14,3193285;3194332;3194736,3194152;3194582;3199478,+;+;+,5862,7956,12024,11843,13422,12102,11806,5988,11806,12102
GENE.5753,chr14;chr14,3202931;3203226,3203014;3204017,+;+,876,137,137,137,137,137,137,137,137,137
GENE.5754,chr14,3207627,3207899,+,273,0,0,0,0,0,0,0,0,0
GENE.5755,chr14;chr14,3209129;3209987,3209985;3211574,+;+,2445,21946,21946,21946,22134,21967,21822,21837,21822,21967
GENE.5756,chr14;chr14,3213581;3213907,3213718;3214617,+;+,849,1623,1622,1622,1628,1623,1611,1613,1611,1623
GENE.5757,chr14;chr14,3216399;3217228,3217073;3217296,-;-,744,138,136,139,138,138,138,136,138,138
GENE.5758,chr14;chr14;chr14,3219919;3220325;3220643,3220323;3220534;3220702,-;-;-,675,228,228,228,228,232,226,228,226,232
GENE.5759,chr14,3221001,3221576,+,576,188,188,188,188,188,188,188,188,188
GENE.576,chr3,356319,361454,+,5136,4874,4874,4873,4900,4899,4836,4982,4836,4899
GENE.5760,chr14;chr14;chr14,3223288;3223879;3224564,3223876;3224456;3224632,-;-;-,1236,0,0,0,0,1,0,0,0,1
GENE.5761,chr14;chr14;chr14,3228672;3228860;3229173,3228737;3229171;3229589,+;+;+,795,878,878,879,908,878,872,873,872,878
GENE.5762,chr14;chr14,3232639;3232948,3232842;3236535,+;+,3792,0,194,187,218,198,332,57,332,198
GENE.5763,chr14;chr14;chr14;chr14,3239145;3239820;3240165;3240399,3239716;3240163;3240295;3240473,-;-;-;-,1122,924,924,924,928,925,922,923,922,925
GENE.5764,chr14;chr14,3242909;3243573,3243448;3243629,-;-,597,0,1,0,0,0,0,0,0,0
GENE.5765,chr14,3247032,3251019,+,3988,0,0,0,0,2,0,118,0,2
GENE.5766,chr14,3254092,3256554,+,2463,0,0,0,0,13,0,0,0,13
GENE.5767,chr14;chr14,3257135;3257773,3257698;3257841,-;-,633,12,142,142,308,142,141,10,141,142
GENE.5768,chr14;chr14,3260745;3261005,3260876;3261727,+;+,855,324,660,660,660,660,656,30,656,660
GENE.5769,chr14;chr14,3263543;3263767,3263674;3264468,+;+,834,88,2152,2140,2618,2192,2201,32,2201,2192
GENE.577,chr3;chr3,362342;364219,363946;364233,-;-,1620,12626,12626,12626,12664,12668,11991,12576,11991,12668
GENE.5770,chr14;chr14,3266136;3266367,3266204;3267377,+;+,1080,1216,1216,1216,1216,1254,1202,1216,1202,1254
GENE.5771,chr14;chr14,3269494;3269666,3269562;3270496,+;+,900,0,4,0,0,2,0,0,0,2
GENE.5772,chr14;chr14,3272578;3272865,3272646;3273848,+;+,1053,6409,6409,6409,6427,6416,6413,6388,6339,6414
GENE.5773,chr14;chr14,3276230;3276509,3276283;3277501,+;+,1047,0,0,0,0,0,0,0,0,0
GENE.5774,chr14;chr14,3279500;3279697,3279568;3280662,+;+,1035,8458,8456,8458,8460,8475,8443,8434,8358,8474
GENE.5775,chr14;chr14,3282729;3282907,3282797;3283752,+;+,915,0,0,0,0,0,0,0,0,0
GENE.5776,chr14;chr14,3285900;3286035,3285953;3287003,+;+,1023,0,0,0,16,2,2,2,2,2
GENE.5777,chr14,3290953,3291501,+,549,0,0,0,0,1,0,0,0,1
GENE.578,chr3,365659,366672,-,1014,4488,4488,4488,4518,4494,4479,4481,4479,4494
GENE.579,chr3,368572,368690,+,119,0,0,0,0,0,0,0,0,0
GENE.58,chrX,15852,16091,-,240,0,0,0,0,0,0,0,0,0
GENE.580,chr3;chr3;chr3,369925;370270;370701,370035;370492;370789,+;+;+,423,0,0,0,0,0,0,0,0,0
GENE.581,chr3,372632,374230,+,1599,0,0,0,0,0,0,0,0,0
GENE.582,chr3;chr3,375806;377243,377089;377437,+;+,1479,2864,2864,2864,2868,2870,2856,2861,2856,2870
GENE.583,chr3;chr3,378045;378380,378233;378517,+;+,327,1,1,1,1,1,1,1,1,1
GENE.584,chr3,379130,383290,-,4161,0,1,0,0,5,1,1,1,5
GENE.585,chr3;chr3;chr3;chr3;chr3;chr3,384375;385926;386164;386323;386579;386832,385685;386044;386239;386418;386656;386879,+;+;+;+;+;+,1728,2476,2476,2476,2482,2480,2387,2462,2387,2480
GENE.586,chr3;chr3;chr3;chr3;chr3,387219;387455;387734;388079;388299,387283;387538;387866;388158;388473,-;-;-;-;-,537,610,610,610,614,612,610,607,610,612
GENE.587,chr3;chr3;chr3,389137;389340;389814,389214;389423;394604,-;-;-,4953,0,0,0,0,1,0,0,0,1
GENE.588,chr3,397649,400516,+,2868,474,474,485,586,477,497,474,481,477
GENE.589,chr3,401458,401576,-,119,0,0,0,0,0,0,0,0,0
GENE.59,chrX,16118,16189,-,72,0,0,0,0,0,0,0,0,0
GENE.590,chr3;chr3,402933;403688,403012;405440,+;+,1833,13038,13038,13038,13050,13086,12603,13012,12603,13086
GENE.591,chr3,407980,408318,+,339,0,0,0,0,0,0,0,0,0
GENE.592,chr3,409102,410928,-,1827,2970,2970,2971,2986,2983,2951,2768,2951,2983
GENE.593,chr3;chr3;chr3;chr3;chr3;chr3;chr3,412089;412270;412490;412715;412958;413241;413432,412143;412397;412566;412804;413042;413317;413762,+;+;+;+;+;+;+,843,1982,1982,1983,2020,1932,1735,1972,1735,1932
GENE.594,chr3;chr3;chr3,414234;419193;419650,418924;419499;419673,-;-;-,5022,5220,5220,5221,5252,5236,5155,5227,5155,5236
GENE.595,chr3;chr3;chr3,420697;421001;421357,420886;421245;421515,+;+;+,594,0,0,0,0,0,0,0,0,0
GENE.596,chr3;chr3;chr3;chr3;chr3,422379;423575;424242;424436;424636,423356;424066;424316;424534;424680,+;+;+;+;+,1689,6720,6720,6720,6788,6730,6670,6688,6670,6730
GENE.597,chr3,427290,440942,+,13653,9750,10204,10436,11190,10180,11547,10315,11537,10180
GENE.598,chr3;chr3,442720;446354,446113;446457,+;+,3498,0,0,0,0,5,0,151,0,5
GENE.599,chr3,447500,451384,+,3885,1024,1024,1025,1026,1026,1021,1092,1019,1026
GENE.6,chrM,283,389,-,107,0,0,0,0,0,0,0,0,0
GENE.60,chrX,16197,18497,-,2301,6646,6646,6646,6652,6646,6636,6470,6636,6646
GENE.600,chr3,452297,459106,-,6810,84686,84686,84688,84992,85572,82897,82693,82897,85572
GENE.601,chr3;chr3,461175;461949,461803;462027,-;-,708,570,570,571,574,582,564,567,564,582
GENE.602,chr3;chr3,461175;461949,461800;462027,-;-,705,570,570,571,574,582,564,567,564,582
GENE.603,chr3;chr3,463326;463888,463376;464274,+;+,438,148,148,148,150,151,145,147,145,151
GENE.604,chr3,464662,464991,+,330,0,0,0,0,1,0,0,0,1
GENE.605,chr3,466085,468445,+,2361,6334,6334,6337,6338,6341,6322,6935,6322,6341
GENE.606,chr3;chr3,469287;469752,469537;470118,+;+,618,90,90,90,90,90,89,91,89,90
GENE.607,chr3;chr3;chr3;chr3,470860;471132;472489;472912,470992;472326;472713;473161,-;-;-;-,1803,0,0,1,0,5,0,0,0,5
GENE.608,chr3;chr3,474788;475896,475700;479086,+;+,4104,24473,24473,24473,24539,24558,24310,24439,24310,24558
GENE.609,chr3;chr3;chr3;chr3,480122;481791;482159;482393,481579;482036;482255;483453,-;-;-;-,2862,0,0,0,0,6,1,0,1,6
GENE.61,chrX,18481,18870,-,390,31,31,31,31,31,31,31,31,31
GENE.610,chr3;chr3,488804;489386,489226;496510,+;+,7548,29470,29472,29475,29522,29557,29339,29560,29227,29547
GENE.611,chr3,497118,497363,-,246,0,0,0,0,0,0,0,0,0
GENE.612,chr3;chr3;chr3;chr3;chr3,499602;500067;501630;501850;502288,499904;501463;501733;502088;502353,+;+;+;+;+,2109,3052,3052,3052,3078,3075,3019,3051,3019,3075
GENE.613,chr3;chr3;chr3;chr3;chr3;chr3;chr3;chr3;chr3;chr3;chr3;chr3;chr3;chr3;chr3,502698;503291;503434;503592;503710;503923;504099;504269;504407;504629;504828;505036;505375;505495;505763,503095;503358;503465;503610;503749;503960;504161;504327;504459;504714;504931;505209;505393;505554;505848,+;+;+;+;+;+;+;+;+;+;+;+;+;+;+,1299,199,199,199,203,200,200,197,200,200
GENE.614,chr3;chr3;chr3,506655;506885;507262,506680;507103;508846,+;+;+,1830,3518,3518,3518,3524,3533,3510,3513,3510,3533
GENE.615,chr3,509291,511597,-,2307,0,0,0,0,11,0,0,0,11
GENE.616,chr3;chr3;chr3;chr3,512130;512263;512541;512824,512133;512404;512677;512951,+;+;+;+,411,148,148,148,152,148,148,148,148,148
GENE.617,chr3,513752,516262,+,2511,23710,23710,23711,23772,23735,23668,23679,23668,23735
GENE.618,chr3,516793,520503,-,3711,756,757,759,756,765,744,752,744,765
GENE.619,chr3,521969,522883,+,915,380,380,380,388,384,379,379,379,384
GENE.62,chrX,18896,18966,-,71,0,0,0,0,0,0,0,0,0
GENE.620,chr3;chr3;chr3;chr3;chr3;chr3;chr3,524154;524547;524717;524922;525122;525336;526421,524391;524593;524806;525010;525211;526085;526439,-;-;-;-;-;-;-,1323,0,0,0,0,1,0,0,0,1
GENE.621,chr3,529037,530776,+,1740,1246,1246,1246,1248,1251,1238,1265,1238,1251
GENE.622,chr3,531213,531289,+,77,0,0,0,0,0,0,0,0,0
GENE.623,chr3,531898,531973,-,76,0,0,0,0,0,0,0,0,0
GENE.624,chr3;chr3;chr3,534239;534665;534987,534254;534777;535238,+;+;+,381,52,52,52,60,52,52,52,52,52
GENE.625,chr3;chr3;chr3;chr3,536043;536200;536357;537112,536045;536247;536964;537274,+;+;+;+,822,985,985,985,991,986,988,984,988,986
GENE.626,chr3;chr3,537621;537823,537679;538804,-;-,1041,2638,2638,2639,2644,2642,2627,2630,2627,2642
GENE.627,chr3;chr3;chr3;chr3,539743;541655;542147;542636,541278;542030;542483;542810,+;+;+;+,2424,3133,3133,3133,3161,3148,3118,3172,3118,3148
GENE.628,chr3,543241,543942,-,702,0,0,0,0,0,0,0,0,0
GENE.629,chr3;chr3;chr3;chr3;chr3,544055;544342;544604;544766;544967,544144;544462;544657;544836;545194,-;-;-;-;-,564,402,402,402,413,402,404,402,404,402
GENE.63,chrX,18980,19049,-,70,0,0,0,0,0,0,0,0,0
GENE.630,chr3,545828,548182,-,2355,0,1,0,0,2,0,0,0,2
GENE.631,chr3,548718,551453,+,2736,0,0,0,0,3,0,0,0,3
GENE.632,chr3;chr3;chr3;chr3;chr3;chr3,552001;552861;553571;553816;554012;554428,552755;553320;553680;553879;554213;554621,-;-;-;-;-;-,1785,1034,1034,1034,1034,1036,1025,1056,999,1034
GENE.633,chr3;chr3;chr3;chr3;chr3;chr3;chr3;chr3;chr3;chr3;chr3;chr3;chr3;chr3;chr3;chr3;chr3,555035;555204;555443;555684;555881;556179;556384;556610;556759;556951;557361;557526;557734;557915;558158;558294;558501,555078;555238;555498;555783;556040;556220;556498;556649;556840;557188;557428;557609;557799;558037;558218;558355;558684,-;-;-;-;-;-;-;-;-;-;-;-;-;-;-;-;-,1560,1889,1889,1889,1942,1896,1893,1888,1893,1896
GENE.634,chr3;chr3;chr3;chr3;chr3;chr3;chr3;chr3;chr3;chr3;chr3,556480;556610;556759;556951;557361;557526;557734;557915;558158;558294;558501,556527;556649;556840;557188;557428;557609;557799;558037;558218;558355;558684,-;-;-;-;-;-;-;-;-;-;-,1056,1356,1356,1356,1385,1363,1360,1352,1360,1363
GENE.635,chr3;chr3;chr3;chr3;chr3;chr3;chr3,559334;559838;560209;560470;560708;562046;562195,559615;560035;560313;560545;561919;562099;562253,+;+;+;+;+;+;+,1986,0,0,0,0,8,0,0,0,8
GENE.636,chr3,562366,565656,-,3291,7948,7948,7949,8046,7999,7894,7804,7894,7999
GENE.637,chr3;chr3;chr3;chr3;chr3;chr3;chr3,567247;567580;567725;567936;568134;568381;568688,567380;567653;567824;568018;568270;568517;568850,+;+;+;+;+;+;+,828,0,0,0,0,1,0,0,0,1
GENE.638,chr3;chr3;chr3;chr3;chr3;chr3;chr3;chr3,569308;569625;569785;569941;570169;570465;570726;570961,569457;569686;569810;570011;570249;570527;570778;571051,-;-;-;-;-;-;-;-,597,10,10,10,10,10,10,10,10,10
GENE.639,chr3;chr3;chr3;chr3,570283;570465;570726;570961,570288;570527;570778;571051,-;-;-;-,213,10,10,10,10,10,10,10,10,10
GENE.64,chrX,19055,19126,-,72,0,0,0,0,0,0,0,0,0
GENE.640,chr3,572666,576823,-,4158,14694,14694,14694,14730,14789,14264,14398,14264,14789
GENE.641,chr3,577008,578366,-,1359,926,926,927,930,938,919,928,919,938
GENE.642,chr3,579539,580465,-,927,0,0,0,0,1,0,0,0,1
GENE.643,chr3;chr3,584226;584449,584255;585168,+;+,750,424,424,424,424,425,423,423,423,425
GENE.644,chr3,586555,587331,+,777,0,0,0,0,2,0,0,0,2
GENE.645,chr3,589002,592547,-,3546,0,0,1,0,3,0,0,0,3
GENE.646,chr3;chr3,604595;605895,605680;607931,+;+,3123,4738,4738,4738,4752,4745,4720,4755,4720,4745
GENE.647,chr3,608883,610718,+,1836,0,0,0,0,0,0,0,0,0
GENE.648,chr3;chr3,611334;611515,611403;612014,+;+,570,450,450,450,450,451,450,450,450,451
GENE.649,chr3,612739,613422,-,684,586,586,586,586,590,584,586,584,590
GENE.65,chrX,19149,19220,+,72,0,0,0,0,0,0,0,0,0
GENE.650,chr3,616472,622816,+,6345,0,0,0,0,11,0,0,0,11
GENE.651,chr3;chr3;chr3;chr3;chr3;chr3;chr3;chr3;chr3;chr3;chr3;chr3;chr3;chr3,623446;623758;623905;624102;624251;624451;624944;625224;625410;625586;625768;626066;629336;630304,623658;623825;623959;624154;624326;624844;625134;625269;625464;625659;625884;629157;630148;630360,+;+;+;+;+;+;+;+;+;+;+;+;+;+,5304,21728,21728,21729,21934,21796,21753,21702,21753,21796
GENE.652,chr3,630611,631381,-,771,494,494,494,500,495,494,515,494,495
GENE.653,chr3,632846,633544,-,699,78,78,78,82,79,78,78,78,79
GENE.654,chr3;chr3;chr3,635586;636373;636657,636060;636549;637462,+;+;+,1458,2112,2112,2112,2132,2117,2096,2106,2096,2117
GENE.655,chr3;chr3,638283;641224,641010;641306,+;+,2811,0,0,0,0,1,0,16,0,1
GENE.656,chr3,641482,642579,-,1098,0,0,0,0,1,0,0,0,1
GENE.657,chr3;chr3,644186;644753,644503;645268,+;+,834,0,0,0,0,1,0,0,0,1
GENE.658,chr3,645921,646844,-,924,0,0,0,0,1,0,3,0,1
GENE.659,chr3,648635,649531,+,897,206,206,206,206,209,206,206,206,209
GENE.66,chrX,19197,19433,-,237,0,0,0,0,0,0,0,0,0
GENE.660,chr3;chr3,649849;653101,652973;657247,-;-,7272,0,0,7,0,54,8,53,8,54
GENE.661,chr3;chr3;chr3,660020;660922;661227,660682;660984;661643,+;+;+,1143,0,0,0,0,2,0,0,0,2
GENE.662,chr3;chr3;chr3;chr3;chr3,658272;658553;659990;660922;661227,658317;658629;660682;660984;661643,+;+;+;+;+,1296,0,0,0,0,3,0,0,0,3
GENE.663,chr3,662126,665152,-,3027,6466,6466,6466,6486,6476,6290,6456,6290,6476
GENE.664,chr3,667006,668391,+,1386,590,590,590,590,594,586,587,586,594
GENE.665,chr3;chr3;chr3;chr3,669302;669485;669811;670681,669326;669591;670415;670873,-;-;-;-,930,2192,2189,2192,2214,2196,2179,2182,2179,2196
GENE.666,chr3;chr3,674458;675275,674761;675636,+;+,666,0,0,0,0,0,0,0,0,0
GENE.667,chr3;chr3,677842;678315,678074;678474,+;+,393,4,4,4,5,5,4,4,4,5
GENE.668,chr3;chr3,679234;681062,680820;681277,-;-,1803,5681,5681,5684,5721,5685,5638,5532,5638,5685
GENE.669,chr3;chr3,682795;683241,683108;683685,-;-,759,0,0,0,0,0,0,0,0,0
GENE.67,chrX,19444,20676,-,1233,160,160,160,160,160,156,160,156,160
GENE.670,chr3;chr3,686282;687725,687433;689482,+;+,2910,4075,4075,4076,4089,4090,4052,4154,4052,4090
GENE.671,chr3,690154,694815,-,4662,14100,14100,14100,14118,14150,13945,13937,13945,14150
GENE.672,chr3,699544,709728,-,10185,0,0,1,0,7,0,6,0,7
GENE.673,chr3;chr3,712253;712765,712491;714082,-;-,1557,514,514,514,516,522,509,503,509,522
GENE.674,chr3;chr3,716523;721571,721121;721831,-;-,4860,11635,11637,11724,12001,12031,12021,11531,11229,11959
GENE.675,chr3;chr3;chr3,725015;725487;726040,725038;725857;726130,+;+;+,486,3,3,3,3,4,3,3,3,4
GENE.676,chr3;chr3;chr3;chr3;chr3;chr3;chr3;chr3;chr3;chr3,728259;736219;736367;736589;736813;737043;737236;737377;737567;737995,736034;736290;736443;736655;736859;737114;737278;737450;737869;738076,+;+;+;+;+;+;+;+;+;+,8613,16348,16308,16381,16738,16694,16500,16562,16010,16510
GENE.677,chr3,738205,738882,-,678,0,0,0,0,0,0,0,0,0
GENE.678,chr3;chr3,739428;739727,739490;741733,+;+,2070,6945,6945,6945,6973,6951,6915,6924,6915,6951
GENE.679,chr3,742191,742799,+,609,4838,4838,4838,4844,4852,4834,4834,4834,4852
GENE.68,chrX,20722,21150,-,429,148,148,148,150,148,148,146,148,148
GENE.680,chr3,743929,745053,+,1125,0,0,0,0,1,0,0,0,1
GENE.681,chr3,748465,755838,+,7374,0,0,0,0,9,0,361,0,9
GENE.682,chr3;chr3;chr3,756491;759664;760202,759334;760088;760292,-;-;-,3360,2286,2286,2354,2792,2525,2482,2235,2482,2525
GENE.683,chr3;chr3;chr3;chr3;chr3;chr3;chr3;chr3;chr3;chr3;chr3;chr3;chr3;chr3;chr3;chr3;chr3,761693;761925;762096;762263;762553;762707;762972;763150;763301;763525;763729;763959;764106;764343;764516;764752;765083,761822;761995;762162;762344;762622;762847;763043;763223;763406;763604;763786;764009;764169;764385;764614;764962;765439,-;-;-;-;-;-;-;-;-;-;-;-;-;-;-;-;-,1776,767,767,767,781,775,768,769,768,775
GENE.684,chr3,767815,782760,+,14946,2830,2828,2832,2838,2849,2803,3677,2803,2849
GENE.685,chr3,783112,786165,-,3054,0,0,0,0,4,0,0,0,4
GENE.686,chr3,788453,788812,+,360,0,0,0,0,1,0,0,0,1
GENE.687,chr3;chr3;chr3;chr3,789858;790728;791016;791213,790619;790848;791110;791308,+;+;+;+,1074,805,805,805,816,805,805,805,805,805
GENE.688,chr3;chr3;chr3,791840;793125;793406,792999;793211;793481,-;-;-,1323,653,653,653,655,657,648,653,648,657
GENE.689,chr3,795577,801171,+,5595,6524,6524,6524,6530,6570,6498,6505,6498,6570
GENE.69,chrX,21166,21534,-,369,0,0,0,0,0,0,0,0,0
GENE.690,chr3,802260,802583,-,324,0,0,0,0,0,0,0,0,0
GENE.691,chr3,803592,806312,-,2721,0,0,0,0,1,0,93,0,1
GENE.692,chr3;chr3,807277;807803,807702;807859,+;+,483,0,0,0,0,0,0,0,0,0
GENE.693,chr3,810081,814172,+,4092,0,0,1,0,2,0,201,0,2
GENE.694,chr3;chr3;chr3;chr3,815569;815801;816035;816301,815689;815899;816189;816855,+;+;+;+,930,3083,3083,3083,3159,3085,3078,3101,3078,3085
GENE.695,chr3;chr3;chr3,817913;818196;818504,818040;818346;818695,+;+;+,471,287,287,287,297,287,286,312,286,287
GENE.696,chr3;chr3;chr3;chr3,820708;821156;821485;830690,820849;821258;830528;830802,+;+;+;+,9402,29861,29861,29861,29917,29974,29507,30552,29507,29974
GENE.697,chr3,831076,832509,-,1434,2888,2888,2888,2890,2890,2881,2883,2881,2890
GENE.698,chr3,833833,834777,-,945,0,0,0,0,0,0,0,0,0
GENE.699,chr3;chr3;chr3;chr3;chr3,837307;837524;837759;837944;838175,837335;837632;837821;838080;838271,+;+;+;+;+,435,228,228,228,233,228,230,228,230,228
GENE.7,chrM,390,505,-,116,0,0,0,0,0,0,0,0,0
GENE.70,chrX,21548,21946,-,399,0,0,0,0,0,0,13,0,0
GENE.700,chr3;chr3;chr3;chr3;chr3;chr3,840362;840715;841017;841206;841482;841645,840528;840821;841103;841352;841525;841758,+;+;+;+;+;+,666,31,31,31,31,31,31,31,31,31
GENE.701,chr3,842539,844290,+,1752,16202,16202,16202,16246,16210,16176,16186,16118,16210
GENE.702,chr3,845713,847320,+,1608,1024,1024,1024,1024,1037,949,1018,949,1037
GENE.703,chr3,848247,857504,-,9258,41422,41422,41424,41436,41464,41283,41345,41283,41464
GENE.704,chr3,860813,862102,+,1290,0,0,0,0,0,0,0,0,0
GENE.705,chr3;chr3;chr3;chr3;chr3,862741;863065;863391;863527;863761,862851;863133;863424;863639;863832,-;-;-;-;-,399,7,7,7,14,8,7,7,7,8
GENE.706,chr3;chr3;chr3;chr3;chr3;chr3;chr3;chr3,865014;865175;865403;865619;865772;865963;866153;866339,865050;865239;865484;865680;865858;866020;866219;866420,+;+;+;+;+;+;+;+,540,63,63,63,65,64,63,63,63,64
GENE.707,chr3;chr3,870817;871432,871207;872342,+;+,1302,1743,1743,1743,1753,1748,1741,1741,1741,1748
GENE.708,chr3;chr3;chr3,875213;875702;876165,875306;875953;876295,+;+;+,477,417,417,417,427,417,416,416,416,417
GENE.709,chr3;chr3,877735;879299,879000;879511,+;+,1479,14778,14780,14778,14844,14814,14313,14838,14313,14814
GENE.71,chrX,21943,22053,-,111,0,0,0,0,0,0,0,0,0
GENE.710,chr3,879959,885493,-,5535,0,0,0,0,13,0,0,0,13
GENE.711,chr3;chr3;chr3;chr3;chr3;chr3;chr3,886962;887592;887779;888071;888218;888403;888739,887441;887659;887943;888131;888268;888533;888976,-;-;-;-;-;-;-,1194,391,391,391,400,392,392,390,392,392
GENE.712,chr3,890014,892764,-,2751,4236,4236,4236,4280,4246,4229,3930,4229,4246
GENE.713,chr3;chr3;chr3;chr3,894761;895155;895789;896046,895065;895693;895837;896112,+;+;+;+,960,2808,2808,2808,2831,2815,2781,2806,2781,2815
GENE.714,chr3,896546,899770,-,3225,4754,4754,4754,4756,4773,4557,4671,4557,4773
GENE.715,chr3;chr3,900857;903017,902711;903369,+;+,2208,0,0,0,0,2,0,0,0,2
GENE.716,chr3;chr3;chr3;chr3;chr3,903764;904100;904280;904519;904869,903958;904199;904368;904725;910118,-;-;-;-;-,5841,5636,5636,5813,7270,6447,6357,5371,6357,6447
GENE.717,chr3,912916,921036,+,8121,26572,26572,26575,26622,26738,26268,27039,26268,26738
GENE.718,chr3;chr3;chr3;chr3;chr3;chr3;chr3;chr3;chr3,922974;923441;926394;926673;926859;927157;927424;927637;927847,923312;926299;926566;926709;926960;927272;927480;927709;927942,+;+;+;+;+;+;+;+;+,3852,1012,1012,1013,1023,1021,1008,1048,1008,1021
GENE.719,chr3,928644,929159,-,516,0,0,0,0,1,0,0,0,1
GENE.72,chrX,22019,22294,-,276,0,0,0,0,1,0,0,0,1
GENE.720,chr3,930640,932415,-,1776,6256,6256,6258,6266,6268,6181,6231,6181,6268
GENE.721,chr3;chr3;chr3;chr3;chr3;chr3;chr3;chr3;chr3;chr3;chr3;chr3;chr3;chr3,933188;933452;933608;933766;933937;934098;934404;934613;934775;934963;935193;935402;935519;936961,933321;933509;933662;933800;933983;934249;934466;934677;934856;935048;935282;935443;936825;937006,-;-;-;-;-;-;-;-;-;-;-;-;-;-,2262,0,0,0,0,0,0,0,0,0
GENE.722,chr3,938212,940173,-,1962,0,0,2,0,0,0,0,0,0
GENE.723,chr3;chr3,942545;945221,945067;945301,+;+,2604,10933,10933,11026,11529,11329,11123,10928,11119,11329
GENE.724,chr3,945537,946751,-,1215,0,0,0,0,0,0,0,0,0
GENE.725,chr3;chr3,948374;950703,950426;952693,+;+,4044,11346,11346,11346,11370,11368,11318,11340,11318,11368
GENE.726,chr3;chr3,952964;953204,953090;962367,-;-,9291,0,0,1,0,2,0,0,0,2
GENE.727,chr3;chr3;chr3;chr3;chr3,964101;964366;964785;965001;965142,964200;964554;964915;965064;965203,+;+;+;+;+,546,0,0,0,0,0,0,0,0,0
GENE.728,chr3;chr3,965553;966340,966178;966502,-;-,789,235,235,235,235,235,234,235,234,235
GENE.729,chr3;chr3;chr3,968675;968905;969185,968723;969002;969202,-;-;-,165,0,0,0,0,0,0,0,0,0
GENE.73,chrX,22302,23021,-,720,25,25,26,25,25,25,25,25,25
GENE.730,chr3,971166,975794,+,4629,22044,22044,22044,22084,22066,21977,22517,21977,22066
GENE.731,chr3,976870,978195,+,1326,2220,2220,2220,2230,2222,2170,2481,2170,2222
GENE.732,chr3,978970,980271,+,1302,2670,2670,2670,2676,2672,2665,2666,2665,2672
GENE.733,chr3,980706,983966,-,3261,1708,1708,1708,1716,1718,1698,1706,1698,1718
GENE.734,chr3;chr3;chr3;chr3,986265;986447;986757;987178,986300;986615;987066;987610,+;+;+;+,948,245,245,245,247,245,242,243,242,245
GENE.735,chr3;chr3;chr3,988631;990400;990754,990287;990626;990882,+;+;+,2013,11618,11618,11618,11680,11764,11406,11635,11406,11764
GENE.736,chr3,991544,993625,-,2082,0,0,0,0,1,0,0,0,1
GENE.737,chr3,998649,1001582,+,2934,0,0,1,0,4,1,100,1,4
GENE.738,chr3;chr3;chr3;chr3,1002872;1003392;1003517;1003821,1003389;1003515;1003819;1004267,-;-;-;-,1392,2162,2276,2278,2568,2323,2169,1755,2169,2323
GENE.739,chr3,1005952,1006800,+,849,0,8484,7826,8812,8388,7831,14,7831,8388
GENE.74,chrX,23018,23524,-,507,830,830,830,830,831,829,802,829,831
GENE.740,chr3;chr3,1007413;1008134,1008039;1008202,-;-,696,0,112,114,164,122,116,6,116,122
GENE.741,chr3;chr3,1010342;1011072,1010965;1011140,-;-,693,1450,2888,2820,3070,2898,2505,2,2505,2898
GENE.742,chr3;chr3,1012355;1012604,1012423;1013464,+;+,930,2553,4177,4231,4958,4199,4195,40,4195,4199
GENE.743,chr3;chr3,1015795;1015965,1015866;1016942,+;+,1050,0,6,6,28,7,8,0,8,7
GENE.744,chr3;chr3,1018874;1019089,1018942;1019973,+;+,954,411,413,411,414,419,392,411,392,419
GENE.745,chr3;chr3,1021998;1022172,1022066;1023008,+;+,906,590,1570,1550,1866,1592,1556,317,1556,1592
GENE.746,chr3;chr3,1024030;1024333,1024330;1025411,+;+,1380,3118,4036,4350,4476,4208,4382,1448,4382,4208
GENE.747,chr3;chr3,1027571;1027883,1027639;1028929,+;+,1116,0,0,0,0,1,0,0,0,1
GENE.748,chr3;chr3,1030822;1033029,1032105;1038254,-;-,6510,0,8,2,52,4,8,6,8,4
GENE.749,chr4;chr4,28706;36310,35278;37677,+;+,7941,0,11,73,96,78,120,4,46,78
GENE.75,chrX,23545,23931,-,387,0,0,0,0,0,0,0,0,0
GENE.750,chr4,38955,40154,+,1200,2168,2178,2170,2220,2291,2202,2132,2070,2291
GENE.751,chr4;chr4,42032;43321,43090;43374,-;-,1113,0,4,0,0,1,3,0,3,1
GENE.752,chr4;chr4,45555;47753,46850;56860,-;-,10404,7932,7932,7932,7940,8021,7803,7873,7803,8017
GENE.753,chr4;chr4,59636;59845,59689;60939,+;+,1149,912,912,912,916,912,909,910,909,912
GENE.754,chr4,61411,61489,+,79,0,0,0,0,0,0,0,0,0
GENE.755,chr4;chr4,63104;64423,64192;64476,-;-,1143,1949,1958,1954,1957,1972,1914,1946,1914,1972
GENE.756,chr4;chr4,66601;67505,67401;67573,-;-,870,1174,1176,1174,1176,1176,1167,1171,1167,1176
GENE.757,chr4;chr4,69961;71060,70896;71113,-;-,990,1230,1230,1230,1230,1231,1226,1229,1226,1231
GENE.758,chr4;chr4,73268;74272,74128;74340,-;-,930,3477,3477,3477,3477,3482,3416,3341,3416,3482
GENE.759,chr4,76033,76245,-,213,0,0,0,0,0,0,0,0,0
GENE.76,chrX,23945,24289,-,345,0,0,0,0,0,0,0,0,0
GENE.760,chr4;chr4,79193;79402,79246;80451,+;+,1104,850,852,850,858,850,848,850,845,850
GENE.761,chr4;chr4,82247;82502,82300;83575,+;+,1128,1561,1559,1561,1565,1561,1553,1557,1550,1561
GENE.762,chr4;chr4,85397;85673,85450;86608,+;+,990,4068,4068,4068,4083,4069,4063,4066,4063,4069
GENE.763,chr4;chr4,89153;89321,89221;90184,+;+,933,58,58,58,58,59,57,58,57,59
GENE.764,chr4;chr4,92576;93738,93547;93809,-;-,1044,1375,1375,1375,1391,1383,1362,1374,1362,1383
GENE.765,chr4;chr4,92576;93738,93544;93809,-;-,1041,1375,1375,1375,1391,1383,1362,1374,1362,1383
GENE.766,chr4;chr4,100684;100848,100752;102110,+;+,1332,1014,1014,1014,1014,1021,1012,1012,1012,1021
GENE.767,chr4;chr4,103742;105508,105328;105603,-;-,1683,0,0,0,0,1,0,0,0,1
GENE.768,chr4,108380,111295,-,2916,24866,24878,24869,24932,25804,25755,24816,22618,24920
GENE.769,chr4;chr4,114601;115909,115737;116058,-;-,1287,752,752,766,1182,1068,1157,751,626,796
GENE.77,chrX,24286,24510,-,225,0,0,0,0,0,0,0,0,0
GENE.770,chr4;chr4,123588;125381,125231;125464,-;-,1728,2042,2042,2042,2046,2049,2039,2040,2039,2049
GENE.771,chr4;chr4;chr4;chr4,127712;130523;131940;132099,130521;131937;132004;134468,-;-;-;-,6660,45620,45616,45619,45670,45892,45359,45418,45359,45892
GENE.772,chr4;chr4,137640;137793,137694;146653,+;+,8916,1964,1964,1968,1964,1976,1959,1962,1959,1976
GENE.773,chr4;chr4,147490;148273,148146;148380,-;-,765,1919,1919,1919,1941,1923,1912,1914,1912,1923
GENE.774,chr4;chr4,155877;156067,155948;156984,+;+,990,2514,2514,2514,2526,2516,2503,2509,2503,2516
GENE.775,chr4;chr4,159279;160267,160136;160314,-;-,906,0,0,0,0,1,0,0,0,1
GENE.776,chr4;chr4;chr4;chr4,162511;163019;163404;163656,163017;163402;163439;163724,-;-;-;-,996,0,0,0,0,23,0,1,0,23
GENE.777,chr4,166993,171954,+,4962,0,0,0,0,6,0,0,0,6
GENE.778,chr4;chr4,172506;172821,172711;172914,-;-,300,0,0,0,0,0,0,0,0,0
GENE.779,chr4,174829,174902,+,74,0,0,0,0,0,0,0,0,0
GENE.78,chrX,24524,24913,-,390,0,0,0,0,0,0,0,0,0
GENE.780,chr4,175372,177252,-,1881,710,710,710,710,710,707,708,707,710
GENE.781,chr4,178518,180200,+,1683,0,0,0,0,0,0,41,0,0
GENE.782,chr4;chr4;chr4;chr4;chr4,180430;180691;180949;181202;181383,180498;180774;181014;181272;181551,-;-;-;-;-,459,0,0,0,0,1,0,0,0,1
GENE.783,chr4;chr4;chr4,182870;188398;194206,188227;194010;194712,+;+;+,11478,37680,37493,37884,38792,38488,38067,37704,38067,38488
GENE.784,chr4,195543,196745,+,1203,1744,1744,1744,1746,1754,1718,1735,1718,1754
GENE.785,chr4;chr4,197846;200827,199770;201208,-;-,2307,1404,1404,1404,1410,1408,1396,1338,1396,1408
GENE.786,chr4;chr4;chr4;chr4;chr4;chr4,206228;206758;207194;207440;207805;209368,206626;207063;207292;207547;209208;209394,-;-;-;-;-;-,2343,13403,13403,13402,13553,13637,13157,13391,13157,13637
GENE.787,chr4,211650,213854,-,2205,3636,3636,3638,3636,3639,3623,3617,3623,3639
GENE.788,chr4;chr4,219087;219524,219332;222838,+;+,3561,2380,2380,2380,2392,2387,2356,2379,2356,2387
GENE.789,chr4;chr4,223711;224024,223902;224131,-;-,300,43,43,43,45,44,43,43,43,44
GENE.79,chrX,24940,25584,-,645,484,484,484,488,484,483,403,483,484
GENE.790,chr4;chr4,224779;225323,225183;231733,-;-,6816,0,2,1,0,5,0,0,0,5
GENE.791,chr4;chr4,232595;232839,232675;233249,-;-,492,0,0,0,0,0,0,0,0,0
GENE.792,chr4;chr4;chr4;chr4;chr4;chr4;chr4;chr4;chr4,234014;234244;234709;234973;235126;236401;236581;236842;237011,234120;234495;234877;235039;236284;236449;236614;236897;237013,-;-;-;-;-;-;-;-;-,1896,0,1,0,0,10,0,0,0,10
GENE.793,chr4,238360,239499,-,1140,830,830,830,836,831,826,828,826,831
GENE.794,chr4,240911,242347,-,1437,6670,6670,6672,6682,6678,6629,6632,6629,6678
GENE.795,chr4,247731,260147,+,12417,0,0,1,0,8,0,629,0,8
GENE.796,chr4;chr4,260454;263103,262957;263418,-;-,2820,4916,4916,4917,4974,4959,4864,4867,4864,4959
GENE.797,chr4;chr4,264305;264576,264413;266170,-;-,1704,10421,10421,10422,10445,10457,10359,10401,10359,10457
GENE.798,chr4,267244,268380,-,1137,0,0,0,0,1,0,0,0,1
GENE.799,chr4;chr4;chr4,268960;269394;269994,269218;269697;271134,-;-;-,1704,0,0,1,0,2,0,0,0,2
GENE.8,chrM,506,593,-,88,0,0,0,0,0,0,0,0,0
GENE.80,chrX,25594,25866,-,273,0,0,0,0,0,0,0,0,0
GENE.800,chr4;chr4;chr4;chr4;chr4,272255;272491;272684;272907;273429,272378;272572;272753;273287;276824,-;-;-;-;-,4053,0,0,0,0,3,0,27,0,3
GENE.801,chr4;chr4;chr4;chr4;chr4;chr4;chr4;chr4;chr4,279072;279300;279619;279907;280060;280467;280729;281212;281397,279201;279440;279805;279965;280223;280590;280988;281299;281983,+;+;+;+;+;+;+;+;+,1740,0,0,0,0,1,0,0,0,1
GENE.802,chr4,282403,288297,-,5895,0,0,0,0,6,0,0,0,6
GENE.803,chr4;chr4,291251;291617,291301;300976,+;+,9411,0,0,0,0,8,0,36,0,8
GENE.804,chr4;chr4;chr4,301259;301574;301983,301448;301773;302267,-;-;-,675,0,0,0,0,3,0,0,0,3
GENE.805,chr4;chr4;chr4;chr4;chr4;chr4;chr4;chr4;chr4,303329;303475;303978;304313;304551;304717;304929;305098;305299,303365;303794;304095;304454;304593;304844;304978;305162;305343,+;+;+;+;+;+;+;+;+,948,417,417,417,421,418,416,416,416,418
GENE.806,chr4,305746,312993,-,7248,916,916,917,916,918,913,882,913,918
GENE.807,chr4,315562,315870,+,309,0,0,0,0,0,0,0,0,0
GENE.808,chr4;chr4;chr4;chr4,316540;318210;318743;319026,318074;318629;318830;319178,-;-;-;-,2196,0,0,0,0,3,0,0,0,3
GENE.809,chr4,321019,322545,+,1527,2838,2838,2838,2844,2838,2831,2890,2831,2838
GENE.81,chrX,25887,26624,-,738,272,272,272,272,272,272,272,272,272
GENE.810,chr4;chr4,323267;325117,324642;325225,-;-,1485,0,0,0,0,0,0,0,0,0
GENE.811,chr4,329216,329689,+,474,948,948,948,948,956,885,947,885,956
GENE.812,chr4;chr4;chr4;chr4;chr4;chr4;chr4,332043;332328;332569;332697;332900;333177;333637,332048;332392;332614;332772;333013;333441;333856,+;+;+;+;+;+;+,792,436,436,436,445,439,436,436,436,439
GENE.813,chr4;chr4,334282;334604,334466;344054,-;-,9636,7690,7724,7928,9576,9252,9259,7624,8939,9222
GENE.814,chr4,346308,346727,+,420,0,0,0,0,0,0,0,0,0
GENE.815,chr4;chr4;chr4;chr4;chr4;chr4;chr4;chr4;chr4;chr4;chr4;chr4;chr4,347458;347606;347936;348230;348456;348815;349118;349297;350399;350829;350999;351210;351435,347521;347739;348047;348327;348728;349021;349204;350280;350677;350909;351037;351330;351499,+;+;+;+;+;+;+;+;+;+;+;+;+,2544,0,0,0,0,5,0,21,0,5
GENE.816,chr4;chr4;chr4;chr4;chr4,351527;351747;352026;352386;352650,351631;351836;352276;352466;352983,-;-;-;-;-,861,790,790,790,796,793,783,786,783,793
GENE.817,chr4;chr4;chr4;chr4;chr4;chr4;chr4;chr4,353655;353767;353971;354228;358995;359544;359662;359874,353680;353857;354084;358754;359426;359569;359696;359878,-;-;-;-;-;-;-;-,5256,8555,8555,8555,8617,8593,8530,8508,8530,8591
GENE.818,chr4,360547,361764,-,1218,0,0,0,0,1,1,0,1,1
GENE.819,chr4;chr4,362301;362468,362327;363442,+;+,1002,204,204,204,204,205,204,204,204,205
GENE.82,chrX,26621,26848,-,228,4,4,4,4,4,4,4,4,4
GENE.820,chr4;chr4;chr4;chr4;chr4,363599;363805;364063;364397;364720,363648;363856;364137;364575;364933,-;-;-;-;-,570,106,106,106,108,107,106,106,106,107
GENE.821,chr4,366379,367341,+,963,0,0,0,0,1,0,0,0,1
GENE.822,chr4,367845,368153,-,309,0,0,0,0,0,0,0,0,0
GENE.823,chr4;chr4;chr4,369885;370049;370387,369939;370252;371270,+;+;+,1143,448,448,448,460,455,423,444,423,455
GENE.824,chr4,373039,376677,+,3639,4392,4392,4393,4414,4482,4202,4526,4200,4462
GENE.825,chr4;chr4;chr4;chr4;chr4;chr4,377481;377647;377846;378191;378443;383027,377549;377747;377972;378332;382832;383087,-;-;-;-;-;-,4890,4482,4401,4486,4634,4516,4469,4464,4469,4516
GENE.826,chr4,384924,390806,+,5883,0,0,1,0,7,0,500,0,7
GENE.827,chr4,391347,393350,-,2004,4708,4708,4708,4732,4713,4656,4518,4656,4713
GENE.828,chr4,394065,394580,-,516,114,114,114,114,121,114,114,114,121
GENE.829,chr4,397328,400693,+,3366,4218,4218,4252,4366,4372,4302,4222,4302,4372
GENE.83,chrX,26852,27424,-,573,246,246,246,246,246,246,244,246,246
GENE.830,chr4,401466,403334,+,1869,84,84,84,84,84,83,84,83,84
GENE.831,chr4;chr4;chr4;chr4;chr4,403626;404363;404766;404999;405345,404254;404635;404836;405038;405366,-;-;-;-;-,1035,450,450,450,468,466,514,450,400,450
GENE.832,chr4;chr4;chr4,406233;406440;406789,406307;406659;407909,-;-;-,1416,4012,4012,4012,4015,4020,3941,3996,3941,4020
GENE.833,chr4,408679,410697,-,2019,1052,1052,1052,1058,1052,1046,1041,1046,1052
GENE.834,chr4,413403,416357,+,2955,614,614,614,614,615,613,614,613,615
GENE.835,chr4;chr4;chr4;chr4;chr4;chr4;chr4;chr4,417372;417851;418372;418934;419223;419611;420198;420527,417742;418247;418799;419124;419431;420050;420392;420824,-;-;-;-;-;-;-;-,2529,2721,2721,2721,2751,2776,2603,2707,2603,2776
GENE.836,chr4,422011,422958,-,948,0,0,0,0,1,0,0,0,1
GENE.837,chr4;chr4;chr4;chr4;chr4,424300;424921;426062;426829;427059,424750;425773;426609;426922;427194,+;+;+;+;+,2082,5817,5821,5817,6006,5936,5745,5794,5745,5936
GENE.838,chr4;chr4;chr4;chr4;chr4,424300;424921;426062;426829;427059,424750;425773;426603;426922;427194,+;+;+;+;+,2076,5817,5821,5817,6006,5936,5745,5794,5745,5936
GENE.839,chr4,427664,435367,-,7704,744,744,745,748,757,732,742,732,757
GENE.84,chrX,27451,27522,-,72,0,0,0,0,0,0,0,0,0
GENE.840,chr4;chr4,436217;437979,437818;437981,-;-,1605,272,272,272,272,280,272,269,272,280
GENE.841,chr4,438887,440335,+,1449,902,902,902,904,903,898,924,898,903
GENE.842,chr4;chr4;chr4,440968;441147;441369,441042;441230;444242,-;-;-,3033,9038,9038,9038,9070,9051,9003,9021,9003,9051
GENE.843,chr4,446000,448018,+,2019,0,0,0,0,2,0,0,0,2
GENE.844,chr4;chr4,449189;450414,450165;450633,-;-,1197,24,24,24,24,36,24,24,24,36
GENE.845,chr4,452134,455571,-,3438,8586,8586,8586,8600,8692,8494,8470,8494,8692
GENE.846,chr4;chr4;chr4;chr4,456922;457193;457625;457898,457011;457464;457724;458020,+;+;+;+,585,0,0,0,0,0,0,0,0,0
GENE.847,chr4,459710,461437,+,1728,2698,2698,2698,2698,2736,2646,2702,2646,2736
GENE.848,chr4;chr4;chr4;chr4;chr4;chr4;chr4,461991;462856;463156;463354;463571;463757;463908,462721;463027;463262;463447;463601;463822;463957,-;-;-;-;-;-;-,1251,3095,3095,3095,3133,3099,3094,3087,3094,3099
GENE.849,chr4;chr4,464732;467248,467141;467339,-;-,2502,2316,2316,2316,2324,2322,2320,2299,2145,2318
GENE.85,chrX,27535,27604,-,70,0,0,0,0,0,0,0,0,0
GENE.850,chr4,469218,469299,+,82,0,0,0,0,0,0,0,0,0
GENE.851,chr4,469858,469930,-,73,0,0,0,0,0,0,0,0,0
GENE.852,chr4;chr4,470528;470916,470567;473596,-;-,2721,0,0,0,0,5,1,20,1,5
GENE.853,chr4,474542,475558,+,1017,1882,1882,1882,1902,2146,1811,1879,1811,2146
GENE.854,chr4,475944,476585,-,642,14,14,14,14,14,14,14,14,14
GENE.855,chr4;chr4;chr4,479028;479288;480405,479079;480152;480468,+;+;+,981,899,899,899,905,901,899,899,899,901
GENE.856,chr4,481177,483891,-,2715,0,0,0,0,6,0,0,0,6
GENE.857,chr4,485832,489728,+,3897,0,0,1,0,4,0,184,0,4
GENE.858,chr4,490442,493375,-,2934,19410,19410,19413,19438,19501,18533,19321,18533,19501
GENE.859,chr4,499168,503880,+,4713,18572,18572,18574,18588,18662,18391,18571,18377,18658
GENE.86,chrX,27612,27684,-,73,0,0,0,0,0,0,0,0,0
GENE.860,chr4,504478,505095,-,618,4,4,4,4,6,3,4,3,6
GENE.861,chr4,505933,509670,-,3738,14382,14406,15270,19712,18942,18920,14353,18920,18942
GENE.862,chr4,510380,512548,+,2169,3652,3652,3652,3654,3665,3588,3644,3588,3665
GENE.863,chr4,513154,517068,-,3915,0,0,1,0,2,0,0,0,2
GENE.864,chr4,517722,517793,+,72,0,0,0,0,0,0,0,0,0
GENE.865,chr4,518154,518225,-,72,0,0,0,0,0,0,0,0,0
GENE.866,chr4,518685,519101,-,417,0,0,0,0,0,0,0,0,0
GENE.867,chr4,519832,525618,-,5787,0,0,0,0,8,1,0,1,8
GENE.868,chr4;chr4;chr4;chr4;chr4,528192;529800;533990;534201;534417,529617;533880;534061;534291;534485,-;-;-;-;-,5739,56846,56846,56847,57016,56900,56694,55298,56694,56900
GENE.869,chr4,536774,539110,+,2337,0,0,0,0,3,9,153,0,1
GENE.87,chrX,27695,27770,-,76,0,0,0,0,0,0,0,0,0
GENE.870,chr4,540188,541198,-,1011,0,0,0,0,0,1,1,1,0
GENE.871,chr4,541811,542809,-,999,866,866,866,866,867,864,865,864,867
GENE.872,chr4,543625,545247,+,1623,3918,3918,3918,3922,3986,3854,3901,3854,3986
GENE.873,chr4;chr4,545987;548519,547324;553810,-;-,6630,0,0,0,0,8,3,1,3,5
GENE.874,chr4,557457,557609,+,153,0,0,0,0,0,0,0,0,0
GENE.875,chr4;chr4;chr4;chr4,559387;559439;560275;560570,559437;560272;560343;560638,-;-;-;-,1023,804,802,786,806,814,780,663,780,814
GENE.876,chr4;chr4,561667;563844,563001;569342,-;-,6834,0,1610,1604,1792,3425,4681,5,4681,3421
GENE.877,chr4,573285,573423,+,139,0,0,0,0,0,0,0,0,0
GENE.878,chr4;chr4,576810;579152,578231;584668,-;-,6939,0,35806,35367,37522,57025,55891,153,55891,57016
GENE.879,chr4,588424,588562,+,139,0,0,0,0,0,0,0,0,0
GENE.88,chrX,27777,27868,-,92,0,0,0,0,0,0,0,0,0
GENE.880,chr4;chr4,591949;594291,593370;599849,-;-,6981,47851,47986,47346,48335,67786,67188,12265,67188,67776
GENE.881,chr4;chr4,603166;604388,604227;604456,-;-,1131,0,0,0,0,6,0,0,0,6
GENE.882,chr4;chr4,609155;609468,609229;610433,+;+,1041,2743,2743,2743,2743,2759,2727,2738,2727,2759
GENE.883,chr4;chr4;chr4;chr4,612798;613240;613712;613878,613238;613710;613876;614069,+;+;+;+,1269,514,514,514,536,514,498,513,498,514
GENE.884,chr4,615356,616243,+,888,0,0,0,0,0,0,0,0,0
GENE.885,chr4;chr4,616914;618261,618002;618350,-;-,1179,0,0,0,0,0,0,0,0,0
GENE.886,chr4,619786,620802,-,1017,132,132,132,132,132,132,132,132,132
GENE.887,chr4,622094,622936,+,843,4726,4726,4726,4744,4856,4674,4721,4674,4856
GENE.888,chr4;chr4;chr4;chr4,623168;623410;623680;626129,623261;623497;625961;626226,-;-;-;-,2562,8347,8347,8347,8357,8356,8297,8318,8297,8356
GENE.889,chr4;chr4;chr4;chr4;chr4;chr4;chr4;chr4;chr4;chr4;chr4;chr4;chr4;chr4;chr4;chr4;chr4;chr4;chr4;chr4;chr4,626891;627130;627343;627564;627833;628029;628226;628449;628621;628788;629070;629296;629481;629713;630383;630875;631125;631344;631615;631877;633039,626917;627238;627393;627693;627919;628119;628333;628522;628681;628908;629194;629343;629573;630234;630769;630996;631227;631466;631728;632874;633126,-;-;-;-;-;-;-;-;-;-;-;-;-;-;-;-;-;-;-;-;-,3582,0,0,0,0,2,0,0,0,2
GENE.89,chrX,27882,27965,-,84,0,0,0,0,0,0,0,0,0
GENE.890,chr4;chr4;chr4;chr4,634029;634439;634650;634874,634288;634538;634715;638905,-;-;-;-,4458,7572,7572,7572,7584,7581,7558,7562,7558,7581
GENE.891,chr4;chr4;chr4;chr4;chr4,647389;647506;647736;648091;648359,647404;647608;647906;648223;648388,-;-;-;-;-,453,0,0,0,0,0,0,0,0,0
GENE.892,chr4;chr4;chr4;chr4;chr4,647389;647506;647732;648091;648359,647404;647604;647906;648223;648388,-;-;-;-;-,453,0,0,0,0,0,0,0,0,0
GENE.893,chr4;chr4;chr4;chr4,649893;650144;650452;650657,649928;650328;650494;650731,-;-;-;-,339,5,4,4,5,4,4,4,4,4
GENE.894,chr4;chr4,652350;652629,652416;653554,+;+,993,3878,3878,3878,3890,3882,3873,3874,3873,3882
GENE.895,chr4;chr4;chr4;chr4;chr4;chr4;chr4;chr4,655025;655359;655559;655880;656147;656451;656667;657122,655238;655432;655700;656007;656281;656548;656774;657314,-;-;-;-;-;-;-;-,1092,2817,2816,2817,2898,2818,2817,2811,2817,2818
GENE.896,chr4;chr4,658620;659452,659240;659538,-;-,708,696,696,696,700,697,696,695,696,697
GENE.897,chr4,660624,662519,+,1896,1748,1748,1748,1814,1802,1739,1884,1739,1802
GENE.898,chr4,663416,664015,-,600,10,10,10,10,11,10,10,10,11
GENE.899,chr4;chr4;chr4;chr4;chr4;chr4;chr4;chr4;chr4;chr4;chr4,665973;666124;666338;666593;666819;666974;667129;667404;667582;667757;668088,666002;666199;666420;666692;666892;667028;667254;667470;667657;667837;668147,+;+;+;+;+;+;+;+;+;+;+,828,1670,1670,1670,1714,1671,1712,1668,1712,1671
GENE.9,chrM,594,624,-,31,0,0,0,0,0,0,0,0,0
GENE.90,chrX,27971,28058,-,88,0,0,0,0,0,0,0,0,0
GENE.900,chr4,668578,669717,-,1140,80,80,80,80,108,80,80,80,108
GENE.901,chr4,670883,672124,+,1242,0,0,1,0,2,0,15,0,2
GENE.902,chr4,672500,679138,-,6639,47882,47896,48526,51956,50556,52322,47249,45494,50546
GENE.903,chr4;chr4,681810;684962,684822;685968,+;+,4020,0,0,0,0,4,2,0,2,4
GENE.904,chr4,686414,687040,-,627,0,0,0,0,1,0,0,0,1
GENE.905,chr4;chr4,688192;688505,688347;689053,+;+,705,0,0,0,0,1,1,16,1,1
GENE.906,chr4,689640,690329,-,690,192,192,192,192,192,192,192,192,192
GENE.907,chr4,691131,692516,-,1386,2496,2496,2496,2504,2500,2483,2484,2483,2500
GENE.908,chr4,693906,696533,+,2628,0,0,0,0,3,0,0,0,3
GENE.909,chr4;chr4,697918;698677,698443;698768,-;-,618,0,0,0,0,1,0,0,0,1
GENE.91,chrX,28065,28113,-,49,0,0,0,0,0,0,0,0,0
GENE.910,chr4;chr4;chr4;chr4;chr4;chr4;chr4,701526;701687;701918;702148;702476;702696;702959,701581;701750;702007;702251;702568;702824;704162,-;-;-;-;-;-;-,1740,0,0,0,0,0,0,0,0,0
GENE.911,chr4,706529,709009,+,2481,0,0,0,0,3,0,0,0,3
GENE.912,chr4,709460,710083,-,624,0,0,0,0,1,0,0,0,1
GENE.913,chr4,711092,715489,-,4398,4324,4324,4324,4382,4337,4311,4316,4311,4337
GENE.914,chr4;chr4;chr4;chr4,718202;718603;722312;722618,718489;722004;722364;722654,+;+;+;+,3780,828,828,828,832,828,827,844,827,828
GENE.915,chr4,723073,724242,-,1170,544,544,544,544,547,543,544,543,547
GENE.916,chr4,726265,727128,+,864,7342,7342,7341,7362,7361,7332,7351,7332,7361
GENE.917,chr4,727710,727979,-,270,0,0,0,0,0,0,0,0,0
GENE.918,chr4;chr4;chr4,729962;730153;730724,729978;730214;731223,+;+;+,579,0,0,0,0,1,0,0,0,1
GENE.919,chr4;chr4,732452;732655,732502;739872,-;-,7269,8716,8716,8717,8722,8762,8608,8563,8608,8762
GENE.92,chrX,28248,28283,-,36,0,0,0,0,0,0,0,0,0
GENE.920,chr4;chr4,742149;742796,742680;743091,+;+,828,702,702,702,708,714,697,702,697,714
GENE.921,chr4;chr4;chr4;chr4,743611;743776;744047;744367,743651;743921;744133;745637,-;-;-;-,1545,0,0,0,0,2,0,0,0,2
GENE.922,chr4,748088,749914,+,1827,6252,6252,6253,6256,6344,6151,6238,6151,6344
GENE.923,chr4;chr4;chr4;chr4,750860;751127;751338;751515,750919;751221;751393;753712,-;-;-;-,2409,2055,2055,2055,2063,2073,2047,1984,2045,2073
GENE.924,chr4,756294,776603,+,20310,0,0,4,0,24,0,270,0,24
GENE.925,chr4;chr4;chr4;chr4;chr4;chr4;chr4;chr4;chr4;chr4;chr4;chr4,777200;777390;777550;777776;777944;778114;778337;778527;778758;778951;779163;779373,777268;777443;777620;777824;778004;778192;778407;778647;778870;779019;779244;779424,-;-;-;-;-;-;-;-;-;-;-;-,891,0,0,0,0,1,0,0,0,1
GENE.926,chr4;chr4;chr4;chr4,780250;782338;782968;783171,782008;782813;783080;783246,-;-;-;-,2424,0,0,0,0,4,0,0,0,4
GENE.927,chr4;chr4;chr4;chr4;chr4;chr4,784194;784427;784653;784811;785057;785255,784239;784521;784736;784916;785091;786430,+;+;+;+;+;+,1542,2316,2316,2316,2658,2366,2286,2308,2286,2366
GENE.928,chr4,787243,789342,-,2100,11884,11884,11887,11902,11899,11853,11717,11853,11899
GENE.929,chr4,790724,792985,+,2262,0,0,0,0,1,0,571,0,1
GENE.93,chrX,28289,28359,-,71,0,0,0,0,0,0,0,0,0
GENE.930,chr4;chr4;chr4;chr4;chr4;chr4;chr4;chr4;chr4;chr4,793827;795339;798063;798308;798722;799073;801445;804169;809805;809981,795141;797845;798175;798426;798918;801286;803969;809686;809882;810070,+;+;+;+;+;+;+;+;+;+,14676,0,0,1,0,21,1,611,1,21
GENE.931,chr4,810995,814642,-,3648,2418,2418,2420,2460,2433,2407,2327,2407,2433
GENE.932,chr4,817400,818689,+,1290,4760,4760,4760,4764,4794,4533,4751,4533,4794
GENE.933,chr4,819362,822340,-,2979,13316,13316,13316,13338,13333,13230,12996,13230,13333
GENE.934,chr4;chr4;chr4,829963;830255;830476,830043;830384;830594,+;+;+,330,23,23,23,27,23,23,23,23,23
GENE.935,chr4;chr4;chr4;chr4;chr4;chr4,830989;831223;831512;831924;832120;832369,831027;831306;831694;832023;832217;832428,-;-;-;-;-;-,564,672,672,672,701,676,684,668,684,676
GENE.936,chr4,834394,840429,+,6036,19888,19888,19889,19934,20022,19792,19836,19571,20020
GENE.937,chr4,841196,842905,+,1710,110,110,110,110,112,110,112,110,112
GENE.938,chr4;chr4;chr4;chr4;chr4;chr4;chr4;chr4;chr4,843562;843790;844094;844259;844499;844695;844803;844943;845138,843664;843987;844157;844422;844597;844714;844846;845004;845169,+;+;+;+;+;+;+;+;+,786,0,0,0,0,2,0,0,0,2
GENE.939,chr4;chr4;chr4;chr4;chr4,847231;848331;848553;848761;849050,848112;848447;848639;848855;849059,+;+;+;+;+,1191,264,264,264,274,264,261,266,261,264
GENE.94,chrX,28378,28449,-,72,0,0,0,0,0,0,0,0,0
GENE.940,chr4;chr4;chr4;chr4;chr4;chr4;chr4;chr4;chr4;chr4,849793;849993;850162;850643;851021;851234;851496;851710;851890;852101,849870;850070;850470;850903;851080;851325;851612;851815;851969;852242,+;+;+;+;+;+;+;+;+;+,1323,6593,6593,6593,6681,6609,6084,6554,6084,6609
GENE.941,chr4;chr4,852510;853094,852870;853566,+;+,834,94,94,94,94,96,92,94,92,96
GENE.942,chr4,854879,855289,+,411,42,42,42,42,42,41,42,41,42
GENE.943,chr4;chr4,855898;856991,856879;857049,-;-,1041,0,0,0,0,2,0,0,0,2
GENE.944,chr4;chr4;chr4;chr4,857998;864350;864905;865636,864228;864706;865413;865957,+;+;+;+,7419,0,0,1,0,14,0,133,0,14
GENE.945,chr4,866501,868111,-,1611,0,0,0,0,3,0,0,0,3
GENE.946,chr4;chr4,870737;871100,870805;871873,+;+,843,4733,4733,4733,4755,4735,4731,4731,4731,4735
GENE.947,chr4,873138,874115,+,978,52,52,53,52,52,52,52,52,52
GENE.948,chr4,874811,875521,-,711,516,516,516,520,526,512,516,512,526
GENE.949,chr4;chr4;chr4;chr4;chr4;chr4,878022;878164;878487;893228;893476;893734,878057;878285;893074;893351;893580;893866,+;+;+;+;+;+,15108,0,0,2,0,15,0,313,0,15
GENE.95,chrX,28465,29091,-,627,596,596,596,598,596,591,562,591,596
GENE.950,chr4,894612,904724,-,10113,38602,38602,38605,38648,38833,38356,37590,38234,38833
GENE.951,chr4,907056,908801,+,1746,2188,2188,2188,2196,2192,2182,2183,2182,2192
GENE.952,chr4,910187,911971,+,1785,4034,4034,4034,4042,4041,4020,4023,4020,4041
GENE.953,chr4,917990,928411,+,10422,0,0,1,0,8,0,448,0,8
GENE.954,chr4,929340,930140,+,801,0,0,0,0,3,0,0,0,3
GENE.955,chr4;chr4;chr4;chr4;chr4;chr4,930404;930565;930719;930967;931260;931422,930449;930622;930843;931088;931318;931608,-;-;-;-;-;-,597,11,11,11,11,11,10,11,10,11
GENE.956,chr4,932463,934244,+,1782,0,0,0,0,1,0,1,0,1
GENE.957,chr4;chr4,935031;936722,936335;941875,-;-,6459,12189,23523,23235,23567,32201,31489,7102,31227,32127
GENE.958,chr4,944951,945051,+,101,0,0,0,0,0,0,0,0,0
GENE.959,chr4;chr4,946169;948431,947431;953773,-;-,6606,27997,33073,32501,33109,49928,48555,956,48031,49783
GENE.96,chrX,29117,29189,-,73,0,0,0,0,0,0,0,0,0
GENE.960,chr4,956849,956949,+,101,0,0,0,0,0,0,0,0,0
GENE.961,chr4;chr4,958067;960329,959329;965611,-;-,6546,0,15769,15469,15861,24004,23822,47,23645,24004
GENE.962,chr4;chr4,967087;967302,967155;968273,+;+,1041,922,923,923,927,925,919,898,919,925
GENE.963,chr4;chr4,969031;971291,970311;976591,-;-,6582,0,226,160,304,275,348,31,345,275
GENE.964,chr4,979914,980051,+,138,0,0,0,0,0,0,0,0,0
GENE.965,chr4;chr4;chr4,981823;981875;982937,981873;982780;982990,-;-;-,1011,1628,1628,1628,1628,1629,1612,1621,1612,1629
GENE.966,chr4;chr4;chr4;chr4,986135;986336;986840;987049,986333;986835;987037;987447,+;+;+;+,1296,846,846,846,860,848,809,845,809,848
GENE.967,chr4;chr4;chr4;chr4;chr4;chr4,987842;988107;988395;988651;989012;989318,987965;988296;988477;988914;989118;994360,-;-;-;-;-;-,5811,11951,11951,11953,11979,12037,11795,11889,11795,12037
GENE.968,chr4,995998,996252,+,255,0,0,0,0,0,0,0,0,0
GENE.969,chr4,997240,997455,+,216,0,0,0,0,0,0,0,0,0
GENE.97,chrX,29204,29430,-,227,0,0,0,0,0,0,0,0,0
GENE.970,chr4;chr4;chr4;chr4;chr4,998647;998962;999410;999651;999877,998748;999294;999500;999781;1000185,+;+;+;+;+,966,0,0,0,0,3,0,0,0,3
GENE.971,chr4,1001613,1002770,+,1158,782,782,781,784,782,773,781,773,782
GENE.972,chr4,1004462,1017247,-,12786,6242,6230,6244,6266,6276,6198,6022,6198,6276
GENE.973,chr4;chr4;chr4,1022487;1022757;1022997,1022548;1022877;1024166,+;+;+,1353,0,0,0,0,28,0,0,0,28
GENE.974,chr4;chr4,1026648;1026890,1026650;1027399,+;+,513,174,174,176,174,177,173,173,173,177
GENE.975,chr4,1029329,1037953,+,8625,6458,6458,6462,6464,6513,6414,6589,6414,6513
GENE.976,chr4,1038697,1039119,-,423,66,66,66,66,68,66,66,66,68
GENE.977,chr4,1040470,1041642,+,1173,1112,1112,1112,1112,1116,1112,1112,1112,1116
GENE.978,chr4;chr4;chr4;chr4;chr4;chr4;chr4,1042564;1043456;1043972;1044141;1044389;1044570;1044823,1043257;1043863;1044013;1044225;1044448;1044619;1044896,+;+;+;+;+;+;+,1413,646,646,646,651,651,624,641,624,651
GENE.979,chr4;chr4;chr4;chr4,1045381;1045646;1046118;1046448,1045549;1045768;1046305;1046696,+;+;+;+,729,142,142,142,146,142,141,142,141,142
GENE.98,chr1;chr1,29510;35888,34762;37126,+;+,6492,6162,6162,6163,6166,6198,6119,6146,6119,6198
GENE.980,chr4,1047696,1048478,+,783,1394,1394,1393,1402,1396,1378,1439,1378,1396
GENE.981,chr4;chr4,1049270;1049713,1049528;1049894,-;-,441,0,0,0,0,0,0,0,0,0
GENE.982,chr4;chr4,1050407;1050625,1050467;1050974,+;+,411,0,0,0,0,0,0,21,0,0
GENE.983,chr4,1051576,1053006,-,1431,0,0,1,0,1,0,0,0,1
GENE.984,chr4,1055665,1056318,+,654,1182,1182,1182,1184,1183,1179,1092,1179,1183
GENE.985,chr4;chr4,1058997;1060118,1059681;1060551,+;+,1119,946,946,946,952,949,929,942,929,949
GENE.986,chr4,1061790,1066628,-,4839,8984,8984,9334,11352,10697,10443,8926,10443,10697
GENE.987,chr4,1071435,1071845,-,411,528,528,528,528,529,526,527,526,529
GENE.988,chr4;chr4,1076347;1077072,1076972;1077534,+;+,1089,0,0,0,0,0,0,0,0,0
GENE.989,chr4;chr4,1077926;1078300,1078159;1078488,-;-,423,103,103,103,103,103,100,95,100,103
GENE.99,chr1;chr1,38982;40154,39923;40207,-;-,996,0,5,1,2,1,5,0,5,1
GENE.990,chr4;chr4,1080959;1081230,1081042;1082189,+;+,1044,0,0,0,0,0,0,0,0,0
GENE.991,chr4;chr4,1082363;1084087,1083879;1084150,-;-,1581,0,0,0,0,0,0,0,0,0
GENE.992,chr4;chr4,1085979;1091223,1091074;1091277,-;-,5151,0,0,0,0,0,0,0,0,0
GENE.993,chr4;chr4;chr4;chr4;chr4;chr4,1093138;1093349;1094397;1097328;1097547;1097774,1093346;1094395;1097158;1097406;1097680;1097835,+;+;+;+;+;+,4293,0,0,0,0,0,0,0,0,0
GENE.994,chr4;chr4,1099811;1102261,1102102;1107111,+;+,7143,0,131,126,666,149,126,8,126,149
GENE.995,chr4;chr4;chr4,1110060;1110383;1112219,1110161;1112074;1112293,+;+;+,1869,9910,9910,9910,9938,9929,9837,9849,9837,9929
GENE.996,chr4;chr4,1113345;1114298,1114085;1114486,-;-,930,0,0,0,0,0,0,0,0,0
GENE.997,chr4;chr4;chr4,1118430;1118796;1122334,1118630;1122182;1122414,+;+;+,3669,17696,17800,18037,19298,18678,18550,17665,18502,18678
GENE.998,chr4;chr4,1123986;1124132,1124057;1125004,+;+,945,790,790,790,796,790,788,789,788,790
GENE.999,chr4;chr4,1127779;1128089,1127916;1128802,+;+,852,1847,1847,1847,1851,1883,1831,1844,1831,1883
