Study	RUN_ID	Run	RunStudy	RunSpecies	Rate	Dataset	Aligner	Species	Replicate	Version	Description	CPU	RAM	Time	IO_out	IO_in	COMMAND
Baruzzo	DRAGEN 4.0.3 default baruzzo_human_t1r2	DRAGEN 4.0.3 default	DRAGEN 4.0.3 default Baruzzo	DRAGEN 4.0.3 default human	T1	human T1 R2	DRAGEN	human	2	4.0.3	default	677	43.21323013	6.155166667	2.093414307	2.64680481	dragen -r dragen_4.0.3_GRCH37_baruzzo_default.idx --output-directory ./ --output-file-prefix DRAGEN__4.0.3__default__baruzzo_human_t1r2 --output-format BAM -1 baruzzo_human_t1r2.forward.trimmed.fastq -2 baruzzo_human_t1r2.reverse.trimmed.fastq --enable-rna true --RGID baruzzo__default --RGSM baruzzo_human_t1r2 --annotation-file simulator_config_geneinfo_hg19_GTF --enable-rna-gene-fusion true --num-threads 16
Baruzzo	DRAGEN 4.0.3 default baruzzo_human_t1r3	DRAGEN 4.0.3 default	DRAGEN 4.0.3 default Baruzzo	DRAGEN 4.0.3 default human	T1	human T1 R3	DRAGEN	human	3	4.0.3	default	701	43.17281342	5.902833333	2.094558716	5.015029907	dragen -r dragen_4.0.3_GRCH37_baruzzo_default.idx --output-directory ./ --output-file-prefix DRAGEN__4.0.3__default__baruzzo_human_t1r3 --output-format BAM -1 baruzzo_human_t1r3.forward.trimmed.fastq -2 baruzzo_human_t1r3.reverse.trimmed.fastq --enable-rna true --RGID baruzzo__default --RGSM baruzzo_human_t1r3 --annotation-file simulator_config_geneinfo_hg19_GTF --enable-rna-gene-fusion true --num-threads 16
Baruzzo	DRAGEN 4.0.3 default baruzzo_human_t2r2	DRAGEN 4.0.3 default	DRAGEN 4.0.3 default Baruzzo	DRAGEN 4.0.3 default human	T2	human T2 R2	DRAGEN	human	2	4.0.3	default	669	42.88814163	6.220833333	2.819534302	5.053977966	dragen -r dragen_4.0.3_GRCH37_baruzzo_default.idx --output-directory ./ --output-file-prefix DRAGEN__4.0.3__default__baruzzo_human_t2r2 --output-format BAM -1 baruzzo_human_t2r2.forward.trimmed.fastq -2 baruzzo_human_t2r2.reverse.trimmed.fastq --enable-rna true --RGID baruzzo__default --RGSM baruzzo_human_t2r2 --annotation-file simulator_config_geneinfo_hg19_GTF --enable-rna-gene-fusion true --num-threads 16
Baruzzo	DRAGEN 4.0.3 default baruzzo_human_t2r3	DRAGEN 4.0.3 default	DRAGEN 4.0.3 default Baruzzo	DRAGEN 4.0.3 default human	T2	human T2 R3	DRAGEN	human	3	4.0.3	default	712	42.90647888	5.7855	2.821418762	4.928619385	dragen -r dragen_4.0.3_GRCH37_baruzzo_default.idx --output-directory ./ --output-file-prefix DRAGEN__4.0.3__default__baruzzo_human_t2r3 --output-format BAM -1 baruzzo_human_t2r3.forward.trimmed.fastq -2 baruzzo_human_t2r3.reverse.trimmed.fastq --enable-rna true --RGID baruzzo__default --RGSM baruzzo_human_t2r3 --annotation-file simulator_config_geneinfo_hg19_GTF --enable-rna-gene-fusion true --num-threads 16
Baruzzo	DRAGEN 4.0.3 default baruzzo_human_t3r2	DRAGEN 4.0.3 default	DRAGEN 4.0.3 default Baruzzo	DRAGEN 4.0.3 default human	T3	human T3 R2	DRAGEN	human	2	4.0.3	default	697	38.73303986	6.02	8.880455017	5.091705322	dragen -r dragen_4.0.3_GRCH37_baruzzo_default.idx --output-directory ./ --output-file-prefix DRAGEN__4.0.3__default__baruzzo_human_t3r2 --output-format BAM -1 baruzzo_human_t3r2.forward.trimmed.fastq -2 baruzzo_human_t3r2.reverse.trimmed.fastq --enable-rna true --RGID baruzzo__default --RGSM baruzzo_human_t3r2 --annotation-file simulator_config_geneinfo_hg19_GTF --enable-rna-gene-fusion true --num-threads 16
Baruzzo	DRAGEN 4.0.3 default baruzzo_human_t3r3	DRAGEN 4.0.3 default	DRAGEN 4.0.3 default Baruzzo	DRAGEN 4.0.3 default human	T3	human T3 R3	DRAGEN	human	3	4.0.3	default	703	38.73497009	6.001666667	8.880104065	2.535453796	dragen -r dragen_4.0.3_GRCH37_baruzzo_default.idx --output-directory ./ --output-file-prefix DRAGEN__4.0.3__default__baruzzo_human_t3r3 --output-format BAM -1 baruzzo_human_t3r3.forward.trimmed.fastq -2 baruzzo_human_t3r3.reverse.trimmed.fastq --enable-rna true --RGID baruzzo__default --RGSM baruzzo_human_t3r3 --annotation-file simulator_config_geneinfo_hg19_GTF --enable-rna-gene-fusion true --num-threads 16
Baruzzo	DRAGEN 4.0.3 default baruzzo_malaria_t1r2	DRAGEN 4.0.3 default	DRAGEN 4.0.3 default Baruzzo	DRAGEN 4.0.3 default malaria	T1	malaria T1 R2	DRAGEN	malaria	2	4.0.3	default	442	7.640522003	0.659833333	1.437660217	8.140808105	dragen -r dragen_4.0.3_PFAL_baruzzo_default.idx --output-directory ./ --output-file-prefix DRAGEN__4.0.3__default__baruzzo_malaria_t1r2 --output-format BAM -1 baruzzo_malaria_t1r2.forward.trimmed.fastq -2 baruzzo_malaria_t1r2.reverse.trimmed.fastq --enable-rna true --RGID baruzzo__default --RGSM baruzzo_malaria_t1r2 --annotation-file simulator_config_geneinfo_pfal_GTF --enable-rna-gene-fusion true --num-threads 16
Baruzzo	DRAGEN 4.0.3 default baruzzo_malaria_t1r3	DRAGEN 4.0.3 default	DRAGEN 4.0.3 default Baruzzo	DRAGEN 4.0.3 default malaria	T1	malaria T1 R3	DRAGEN	malaria	3	4.0.3	default	455	7.643436432	0.627	1.444244385	8.140808105	dragen -r dragen_4.0.3_PFAL_baruzzo_default.idx --output-directory ./ --output-file-prefix DRAGEN__4.0.3__default__baruzzo_malaria_t1r3 --output-format BAM -1 baruzzo_malaria_t1r3.forward.trimmed.fastq -2 baruzzo_malaria_t1r3.reverse.trimmed.fastq --enable-rna true --RGID baruzzo__default --RGSM baruzzo_malaria_t1r3 --annotation-file simulator_config_geneinfo_pfal_GTF --enable-rna-gene-fusion true --num-threads 16
Baruzzo	DRAGEN 4.0.3 default baruzzo_malaria_t2r2	DRAGEN 4.0.3 default	DRAGEN 4.0.3 default Baruzzo	DRAGEN 4.0.3 default malaria	T2	malaria T2 R2	DRAGEN	malaria	2	4.0.3	default	465	7.330753326	0.677	2.724563599	6.995384216	dragen -r dragen_4.0.3_PFAL_baruzzo_default.idx --output-directory ./ --output-file-prefix DRAGEN__4.0.3__default__baruzzo_malaria_t2r2 --output-format BAM -1 baruzzo_malaria_t2r2.forward.trimmed.fastq -2 baruzzo_malaria_t2r2.reverse.trimmed.fastq --enable-rna true --RGID baruzzo__default --RGSM baruzzo_malaria_t2r2 --annotation-file simulator_config_geneinfo_pfal_GTF --enable-rna-gene-fusion true --num-threads 16
Baruzzo	DRAGEN 4.0.3 default baruzzo_malaria_t2r3	DRAGEN 4.0.3 default	DRAGEN 4.0.3 default Baruzzo	DRAGEN 4.0.3 default malaria	T2	malaria T2 R3	DRAGEN	malaria	3	4.0.3	default	343	7.31703949	0.908	2.719741821	0.117095947	dragen -r dragen_4.0.3_PFAL_baruzzo_default.idx --output-directory ./ --output-file-prefix DRAGEN__4.0.3__default__baruzzo_malaria_t2r3 --output-format BAM -1 baruzzo_malaria_t2r3.forward.trimmed.fastq -2 baruzzo_malaria_t2r3.reverse.trimmed.fastq --enable-rna true --RGID baruzzo__default --RGSM baruzzo_malaria_t2r3 --annotation-file simulator_config_geneinfo_pfal_GTF --enable-rna-gene-fusion true --num-threads 16
Baruzzo	DRAGEN 4.0.3 default baruzzo_malaria_t3r2	DRAGEN 4.0.3 default	DRAGEN 4.0.3 default Baruzzo	DRAGEN 4.0.3 default malaria	T3	malaria T3 R2	DRAGEN	malaria	2	4.0.3	default	442	7.456016541	0.910333333	8.903663635	6.152641296	dragen -r dragen_4.0.3_PFAL_baruzzo_default.idx --output-directory ./ --output-file-prefix DRAGEN__4.0.3__default__baruzzo_malaria_t3r2 --output-format BAM -1 baruzzo_malaria_t3r2.forward.trimmed.fastq -2 baruzzo_malaria_t3r2.reverse.trimmed.fastq --enable-rna true --RGID baruzzo__default --RGSM baruzzo_malaria_t3r2 --annotation-file simulator_config_geneinfo_pfal_GTF --enable-rna-gene-fusion true --num-threads 16
Baruzzo	DRAGEN 4.0.3 default baruzzo_malaria_t3r3	DRAGEN 4.0.3 default	DRAGEN 4.0.3 default Baruzzo	DRAGEN 4.0.3 default malaria	T3	malaria T3 R3	DRAGEN	malaria	3	4.0.3	default	417	7.465423584	0.977166667	8.897094727	0.000106812	dragen -r dragen_4.0.3_PFAL_baruzzo_default.idx --output-directory ./ --output-file-prefix DRAGEN__4.0.3__default__baruzzo_malaria_t3r3 --output-format BAM -1 baruzzo_malaria_t3r3.forward.trimmed.fastq -2 baruzzo_malaria_t3r3.reverse.trimmed.fastq --enable-rna true --RGID baruzzo__default --RGSM baruzzo_malaria_t3r3 --annotation-file simulator_config_geneinfo_pfal_GTF --enable-rna-gene-fusion true --num-threads 16
Baruzzo	DRAGEN 4.0.3 default baruzzo_human_t1r1	DRAGEN 4.0.3 default	DRAGEN 4.0.3 default Baruzzo	DRAGEN 4.0.3 default human	T1	human T1 R1	DRAGEN	human	1	4.0.3	default	710	43.21516037	6.0875	2.092773438	5.022422791	dragen -r dragen_4.0.3_GRCH37_baruzzo_default.idx --output-directory ./ --output-file-prefix DRAGEN__4.0.3__default__baruzzo_human_t1r1 --output-format BAM -1 baruzzo_human_t1r1.forward.trimmed.fastq -2 baruzzo_human_t1r1.reverse.trimmed.fastq --enable-rna true --RGID baruzzo__default --RGSM baruzzo_human_t1r1 --annotation-file simulator_config_geneinfo_hg19_GTF --enable-rna-gene-fusion true --num-threads 16
Baruzzo	DRAGEN 4.0.3 default baruzzo_human_t2r1	DRAGEN 4.0.3 default	DRAGEN 4.0.3 default Baruzzo	DRAGEN 4.0.3 default human	T2	human T2 R1	DRAGEN	human	1	4.0.3	default	706	42.90147018	6.1865	2.818702698	3.488929749	dragen -r dragen_4.0.3_GRCH37_baruzzo_default.idx --output-directory ./ --output-file-prefix DRAGEN__4.0.3__default__baruzzo_human_t2r1 --output-format BAM -1 baruzzo_human_t2r1.forward.trimmed.fastq -2 baruzzo_human_t2r1.reverse.trimmed.fastq --enable-rna true --RGID baruzzo__default --RGSM baruzzo_human_t2r1 --annotation-file simulator_config_geneinfo_hg19_GTF --enable-rna-gene-fusion true --num-threads 16
Baruzzo	DRAGEN 4.0.3 default baruzzo_human_t3r1	DRAGEN 4.0.3 default	DRAGEN 4.0.3 default Baruzzo	DRAGEN 4.0.3 default human	T3	human T3 R1	DRAGEN	human	1	4.0.3	default	689	38.73303223	6.42	8.881011963	3.908660889	dragen -r dragen_4.0.3_GRCH37_baruzzo_default.idx --output-directory ./ --output-file-prefix DRAGEN__4.0.3__default__baruzzo_human_t3r1 --output-format BAM -1 baruzzo_human_t3r1.forward.trimmed.fastq -2 baruzzo_human_t3r1.reverse.trimmed.fastq --enable-rna true --RGID baruzzo__default --RGSM baruzzo_human_t3r1 --annotation-file simulator_config_geneinfo_hg19_GTF --enable-rna-gene-fusion true --num-threads 16
Baruzzo	DRAGEN 4.0.3 default baruzzo_malaria_t1r1	DRAGEN 4.0.3 default	DRAGEN 4.0.3 default Baruzzo	DRAGEN 4.0.3 default malaria	T1	malaria T1 R1	DRAGEN	malaria	1	4.0.3	default	431	7.764892578	0.659833333	1.447593689	2.983154297	dragen -r dragen_4.0.3_PFAL_baruzzo_default.idx --output-directory ./ --output-file-prefix DRAGEN__4.0.3__default__baruzzo_malaria_t1r1 --output-format BAM -1 baruzzo_malaria_t1r1.forward.trimmed.fastq -2 baruzzo_malaria_t1r1.reverse.trimmed.fastq --enable-rna true --RGID baruzzo__default --RGSM baruzzo_malaria_t1r1 --annotation-file simulator_config_geneinfo_pfal_GTF --enable-rna-gene-fusion true --num-threads 16
Baruzzo	DRAGEN 4.0.3 default baruzzo_malaria_t2r1	DRAGEN 4.0.3 default	DRAGEN 4.0.3 default Baruzzo	DRAGEN 4.0.3 default malaria	T2	malaria T2 R1	DRAGEN	malaria	1	4.0.3	default	417	7.314975739	0.7445	2.734367371	3.40398407	dragen -r dragen_4.0.3_PFAL_baruzzo_default.idx --output-directory ./ --output-file-prefix DRAGEN__4.0.3__default__baruzzo_malaria_t2r1 --output-format BAM -1 baruzzo_malaria_t2r1.forward.trimmed.fastq -2 baruzzo_malaria_t2r1.reverse.trimmed.fastq --enable-rna true --RGID baruzzo__default --RGSM baruzzo_malaria_t2r1 --annotation-file simulator_config_geneinfo_pfal_GTF --enable-rna-gene-fusion true --num-threads 16
Baruzzo	DRAGEN 4.0.3 default baruzzo_malaria_t3r1	DRAGEN 4.0.3 default	DRAGEN 4.0.3 default Baruzzo	DRAGEN 4.0.3 default malaria	T3	malaria T3 R1	DRAGEN	malaria	1	4.0.3	default	407	7.388484955	0.977333333	8.901130676	7.163764954	dragen -r dragen_4.0.3_PFAL_baruzzo_default.idx --output-directory ./ --output-file-prefix DRAGEN__4.0.3__default__baruzzo_malaria_t3r1 --output-format BAM -1 baruzzo_malaria_t3r1.forward.trimmed.fastq -2 baruzzo_malaria_t3r1.reverse.trimmed.fastq --enable-rna true --RGID baruzzo__default --RGSM baruzzo_malaria_t3r1 --annotation-file simulator_config_geneinfo_pfal_GTF --enable-rna-gene-fusion true --num-threads 16
SimBA	DRAGEN 4.0.3 default SimBA_human_t1	DRAGEN 4.0.3 default	DRAGEN 4.0.3 default SimBA	DRAGEN 4.0.3 default human	T1	human T1 R1	DRAGEN	human	1	4.0.3	default	704	43.77427292	6.189	4.223434448	1.345939636	dragen -r dragen_4.0.3_GRCH37_baruzzo_default.idx --output-directory ./ --output-file-prefix DRAGEN__4.0.3__default__SimBA_human_t1 --output-format BAM -1 SimBA_human_t1.reads_1_val_1.fq -2 SimBA_human_t1.reads_2_val_2.fq --enable-rna true --RGID baruzzo__default --RGSM SimBA_human_t1 --annotation-file simulator_config_geneinfo_hg19_GTF --enable-rna-gene-fusion true --num-threads 16
SimBA	DRAGEN 4.0.3 default SimBA_human_t2	DRAGEN 4.0.3 default	DRAGEN 4.0.3 default SimBA	DRAGEN 4.0.3 default human	T2	human T2 R1	DRAGEN	human	1	4.0.3	default	700	43.55026245	6.219833333	4.740646362	3.644844055	dragen -r dragen_4.0.3_GRCH37_baruzzo_default.idx --output-directory ./ --output-file-prefix DRAGEN__4.0.3__default__SimBA_human_t2 --output-format BAM -1 SimBA_human_t2.reads_1_val_1.fq -2 SimBA_human_t2.reads_2_val_2.fq --enable-rna true --RGID baruzzo__default --RGSM SimBA_human_t2 --annotation-file simulator_config_geneinfo_hg19_GTF --enable-rna-gene-fusion true --num-threads 16
SimBA	DRAGEN 4.0.3 default SimBA_human_t3	DRAGEN 4.0.3 default	DRAGEN 4.0.3 default SimBA	DRAGEN 4.0.3 default human	T3	human T3 R1	DRAGEN	human	1	4.0.3	default	693	43.21243286	6.239166667	5.34072876	3.06917572	dragen -r dragen_4.0.3_GRCH37_baruzzo_default.idx --output-directory ./ --output-file-prefix DRAGEN__4.0.3__default__SimBA_human_t3 --output-format BAM -1 SimBA_human_t3.reads_1_val_1.fq -2 SimBA_human_t3.reads_2_val_2.fq --enable-rna true --RGID baruzzo__default --RGSM SimBA_human_t3 --annotation-file simulator_config_geneinfo_hg19_GTF --enable-rna-gene-fusion true --num-threads 16
SimBA	DRAGEN 4.0.3 default SimBA_malaria_t1	DRAGEN 4.0.3 default	DRAGEN 4.0.3 default SimBA	DRAGEN 4.0.3 default malaria	T1	malaria T1 R1	DRAGEN	malaria	1	4.0.3	default	430	8.557834625	0.727	4.206939697	1.677078247	dragen -r dragen_4.0.3_PFAL_baruzzo_default.idx --output-directory ./ --output-file-prefix DRAGEN__4.0.3__default__SimBA_malaria_t1 --output-format BAM -1 SimBA_malaria_t1.reads_1_val_1.fq -2 SimBA_malaria_t1.reads_2_val_2.fq --enable-rna true --RGID baruzzo__default --RGSM SimBA_malaria_t1 --annotation-file simulator_config_geneinfo_pfal_GTF --enable-rna-gene-fusion true --num-threads 16
SimBA	DRAGEN 4.0.3 default SimBA_malaria_t2	DRAGEN 4.0.3 default	DRAGEN 4.0.3 default SimBA	DRAGEN 4.0.3 default malaria	T2	malaria T2 R1	DRAGEN	malaria	1	4.0.3	default	320	8.171707153	1.127	7.772453308	0.897285461	dragen -r dragen_4.0.3_PFAL_baruzzo_default.idx --output-directory ./ --output-file-prefix DRAGEN__4.0.3__default__SimBA_malaria_t2 --output-format BAM -1 SimBA_malaria_t2.reads_1_val_1.fq -2 SimBA_malaria_t2.reads_2_val_2.fq --enable-rna true --RGID baruzzo__default --RGSM SimBA_malaria_t2 --annotation-file simulator_config_geneinfo_pfal_GTF --enable-rna-gene-fusion true --num-threads 16
SimBA	DRAGEN 4.0.3 default SimBA_malaria_t3	DRAGEN 4.0.3 default	DRAGEN 4.0.3 default SimBA	DRAGEN 4.0.3 default malaria	T3	malaria T3 R1	DRAGEN	malaria	1	4.0.3	default	399	8.253372192	1.011	10.8939209	1.455421448	dragen -r dragen_4.0.3_PFAL_baruzzo_default.idx --output-directory ./ --output-file-prefix DRAGEN__4.0.3__default__SimBA_malaria_t3 --output-format BAM -1 SimBA_malaria_t3.reads_1_val_1.fq -2 SimBA_malaria_t3.reads_2_val_2.fq --enable-rna true --RGID baruzzo__default --RGSM SimBA_malaria_t3 --annotation-file simulator_config_geneinfo_pfal_GTF --enable-rna-gene-fusion true --num-threads 16
Baruzzo	DRAGEN 4.0.3 default+TSJS baruzzo_human_t1r1	DRAGEN 4.0.3 default+TSJS	DRAGEN 4.0.3 default+TSJS Baruzzo	DRAGEN 4.0.3 default+TSJS human	T1	human T1 R1	DRAGEN	human	1	4.0.3	default+TSJS	0	0.027957916	12.6125	0.000221252	0	docker run --gpus all --ipc=host --ulimit memlock=-1 --ulimit stack=67108864 --rm --volume /data/RNAseqBenchmark/nextflow_Tuned_STAR_HISAT2_minimap2/work/a5/de16f87d2721e7cfa59d4a4a09f2f6:/workdir --volume /data/RNAseqBenchmark/nextflow_Tuned_STAR_HISAT2_minimap2/work/a5/de16f87d2721e7cfa59d4a4a09f2f6:/outputdir nvcr.io/nvidia/clara/clara-parabricks-deepsap:v0.0.1 --out /outputdir/ --prefix DRAGEN__4.0.3__default+TSJS__baruzzo_human_t1r1.sorted --batch 2048 --sam /workdir/DRAGEN__4.0.3__default__baruzzo_human_t1r1.sorted.bam --fasta /workdir/GRCh37.primary_assembly.genome.fa --gtf /workdir/simulator_config_geneinfo_hg19_GTF
Baruzzo	DRAGEN 4.0.3 default+TSJS baruzzo_human_t1r2	DRAGEN 4.0.3 default+TSJS	DRAGEN 4.0.3 default+TSJS Baruzzo	DRAGEN 4.0.3 default+TSJS human	T1	human T1 R2	DRAGEN	human	2	4.0.3	default+TSJS	0	0.027385712	12.92966667	0.000221252	0.000679016	docker run --gpus all --ipc=host --ulimit memlock=-1 --ulimit stack=67108864 --rm --volume /data/RNAseqBenchmark/nextflow_Tuned_STAR_HISAT2_minimap2/work/01/971daa260f728511927bb44133d98d:/workdir --volume /data/RNAseqBenchmark/nextflow_Tuned_STAR_HISAT2_minimap2/work/01/971daa260f728511927bb44133d98d:/outputdir nvcr.io/nvidia/clara/clara-parabricks-deepsap:v0.0.1 --out /outputdir/ --prefix DRAGEN__4.0.3__default+TSJS__baruzzo_human_t1r2.sorted --batch 2048 --sam /workdir/DRAGEN__4.0.3__default__baruzzo_human_t1r2.sorted.bam --fasta /workdir/GRCh37.primary_assembly.genome.fa --gtf /workdir/simulator_config_geneinfo_hg19_GTF
Baruzzo	DRAGEN 4.0.3 default+TSJS baruzzo_human_t1r3	DRAGEN 4.0.3 default+TSJS	DRAGEN 4.0.3 default+TSJS Baruzzo	DRAGEN 4.0.3 default+TSJS human	T1	human T1 R3	DRAGEN	human	3	4.0.3	default+TSJS	0	0.0284729	12.701	0.000221252	0.026245117	docker run --gpus all --ipc=host --ulimit memlock=-1 --ulimit stack=67108864 --rm --volume /data/RNAseqBenchmark/nextflow_Tuned_STAR_HISAT2_minimap2/work/e1/e25a5abdc7c1aeb76f528a3bebc940:/workdir --volume /data/RNAseqBenchmark/nextflow_Tuned_STAR_HISAT2_minimap2/work/e1/e25a5abdc7c1aeb76f528a3bebc940:/outputdir nvcr.io/nvidia/clara/clara-parabricks-deepsap:v0.0.1 --out /outputdir/ --prefix DRAGEN__4.0.3__default+TSJS__baruzzo_human_t1r3.sorted --batch 2048 --sam /workdir/DRAGEN__4.0.3__default__baruzzo_human_t1r3.sorted.bam --fasta /workdir/GRCh37.primary_assembly.genome.fa --gtf /workdir/simulator_config_geneinfo_hg19_GTF
Baruzzo	DRAGEN 4.0.3 default+TSJS baruzzo_human_t2r1	DRAGEN 4.0.3 default+TSJS	DRAGEN 4.0.3 default+TSJS Baruzzo	DRAGEN 4.0.3 default+TSJS human	T2	human T2 R1	DRAGEN	human	1	4.0.3	default+TSJS	0	0.028491974	12.78316667	0.000221252	0.005851746	docker run --gpus all --ipc=host --ulimit memlock=-1 --ulimit stack=67108864 --rm --volume /data/RNAseqBenchmark/nextflow_Tuned_STAR_HISAT2_minimap2/work/6a/d0274df70ddb719ce85dfa4873cc8c:/workdir --volume /data/RNAseqBenchmark/nextflow_Tuned_STAR_HISAT2_minimap2/work/6a/d0274df70ddb719ce85dfa4873cc8c:/outputdir nvcr.io/nvidia/clara/clara-parabricks-deepsap:v0.0.1 --out /outputdir/ --prefix DRAGEN__4.0.3__default+TSJS__baruzzo_human_t2r1.sorted --batch 2048 --sam /workdir/DRAGEN__4.0.3__default__baruzzo_human_t2r1.sorted.bam --fasta /workdir/GRCh37.primary_assembly.genome.fa --gtf /workdir/simulator_config_geneinfo_hg19_GTF
Baruzzo	DRAGEN 4.0.3 default+TSJS baruzzo_human_t2r2	DRAGEN 4.0.3 default+TSJS	DRAGEN 4.0.3 default+TSJS Baruzzo	DRAGEN 4.0.3 default+TSJS human	T2	human T2 R2	DRAGEN	human	2	4.0.3	default+TSJS	0	0.028396606	12.53383333	0.000221252	0	docker run --gpus all --ipc=host --ulimit memlock=-1 --ulimit stack=67108864 --rm --volume /data/RNAseqBenchmark/nextflow_Tuned_STAR_HISAT2_minimap2/work/5b/4c9b8b4b8392791499fc90de7371b2:/workdir --volume /data/RNAseqBenchmark/nextflow_Tuned_STAR_HISAT2_minimap2/work/5b/4c9b8b4b8392791499fc90de7371b2:/outputdir nvcr.io/nvidia/clara/clara-parabricks-deepsap:v0.0.1 --out /outputdir/ --prefix DRAGEN__4.0.3__default+TSJS__baruzzo_human_t2r2.sorted --batch 2048 --sam /workdir/DRAGEN__4.0.3__default__baruzzo_human_t2r2.sorted.bam --fasta /workdir/GRCh37.primary_assembly.genome.fa --gtf /workdir/simulator_config_geneinfo_hg19_GTF
Baruzzo	DRAGEN 4.0.3 default+TSJS baruzzo_human_t2r3	DRAGEN 4.0.3 default+TSJS	DRAGEN 4.0.3 default+TSJS Baruzzo	DRAGEN 4.0.3 default+TSJS human	T2	human T2 R3	DRAGEN	human	3	4.0.3	default+TSJS	0	0.026668549	13.683	0.000213623	0.006752014	docker run --gpus all --ipc=host --ulimit memlock=-1 --ulimit stack=67108864 --rm --volume /data/RNAseqBenchmark/nextflow_Tuned_STAR_HISAT2_minimap2/work/0f/91c47abf72fdc61dca586351601ea7:/workdir --volume /data/RNAseqBenchmark/nextflow_Tuned_STAR_HISAT2_minimap2/work/0f/91c47abf72fdc61dca586351601ea7:/outputdir nvcr.io/nvidia/clara/clara-parabricks-deepsap:v0.0.1 --out /outputdir/ --prefix DRAGEN__4.0.3__default+TSJS__baruzzo_human_t2r3.sorted --batch 2048 --sam /workdir/DRAGEN__4.0.3__default__baruzzo_human_t2r3.sorted.bam --fasta /workdir/GRCh37.primary_assembly.genome.fa --gtf /workdir/simulator_config_geneinfo_hg19_GTF
Baruzzo	DRAGEN 4.0.3 default+TSJS baruzzo_human_t3r1	DRAGEN 4.0.3 default+TSJS	DRAGEN 4.0.3 default+TSJS Baruzzo	DRAGEN 4.0.3 default+TSJS human	T3	human T3 R1	DRAGEN	human	1	4.0.3	default+TSJS	0	0.028453827	12.84066667	0.000221252	0.00062561	docker run --gpus all --ipc=host --ulimit memlock=-1 --ulimit stack=67108864 --rm --volume /data/RNAseqBenchmark/nextflow_Tuned_STAR_HISAT2_minimap2/work/1e/64fb3e11bf923e0cf045202ee572e7:/workdir --volume /data/RNAseqBenchmark/nextflow_Tuned_STAR_HISAT2_minimap2/work/1e/64fb3e11bf923e0cf045202ee572e7:/outputdir nvcr.io/nvidia/clara/clara-parabricks-deepsap:v0.0.1 --out /outputdir/ --prefix DRAGEN__4.0.3__default+TSJS__baruzzo_human_t3r1.sorted --batch 2048 --sam /workdir/DRAGEN__4.0.3__default__baruzzo_human_t3r1.sorted.bam --fasta /workdir/GRCh37.primary_assembly.genome.fa --gtf /workdir/simulator_config_geneinfo_hg19_GTF
Baruzzo	DRAGEN 4.0.3 default+TSJS baruzzo_human_t3r2	DRAGEN 4.0.3 default+TSJS	DRAGEN 4.0.3 default+TSJS Baruzzo	DRAGEN 4.0.3 default+TSJS human	T3	human T3 R2	DRAGEN	human	2	4.0.3	default+TSJS	0	0.02822876	12.32483333	0.000228882	0.005699158	docker run --gpus all --ipc=host --ulimit memlock=-1 --ulimit stack=67108864 --rm --volume /data/RNAseqBenchmark/nextflow_Tuned_STAR_HISAT2_minimap2/work/78/b200ff4c1b9b23dbc25b2ff02cd93c:/workdir --volume /data/RNAseqBenchmark/nextflow_Tuned_STAR_HISAT2_minimap2/work/78/b200ff4c1b9b23dbc25b2ff02cd93c:/outputdir nvcr.io/nvidia/clara/clara-parabricks-deepsap:v0.0.1 --out /outputdir/ --prefix DRAGEN__4.0.3__default+TSJS__baruzzo_human_t3r2.sorted --batch 2048 --sam /workdir/DRAGEN__4.0.3__default__baruzzo_human_t3r2.sorted.bam --fasta /workdir/GRCh37.primary_assembly.genome.fa --gtf /workdir/simulator_config_geneinfo_hg19_GTF
Baruzzo	DRAGEN 4.0.3 default+TSJS baruzzo_human_t3r3	DRAGEN 4.0.3 default+TSJS	DRAGEN 4.0.3 default+TSJS Baruzzo	DRAGEN 4.0.3 default+TSJS human	T3	human T3 R3	DRAGEN	human	3	4.0.3	default+TSJS	0	0.027980804	12.17166667	0.000221252	0.000785828	docker run --gpus all --ipc=host --ulimit memlock=-1 --ulimit stack=67108864 --rm --volume /data/RNAseqBenchmark/nextflow_Tuned_STAR_HISAT2_minimap2/work/ef/428eb12746a1b58ac52b22f9492869:/workdir --volume /data/RNAseqBenchmark/nextflow_Tuned_STAR_HISAT2_minimap2/work/ef/428eb12746a1b58ac52b22f9492869:/outputdir nvcr.io/nvidia/clara/clara-parabricks-deepsap:v0.0.1 --out /outputdir/ --prefix DRAGEN__4.0.3__default+TSJS__baruzzo_human_t3r3.sorted --batch 2048 --sam /workdir/DRAGEN__4.0.3__default__baruzzo_human_t3r3.sorted.bam --fasta /workdir/GRCh37.primary_assembly.genome.fa --gtf /workdir/simulator_config_geneinfo_hg19_GTF
Baruzzo	DRAGEN 4.0.3 default+TSJS baruzzo_malaria_t1r1	DRAGEN 4.0.3 default+TSJS	DRAGEN 4.0.3 default+TSJS Baruzzo	DRAGEN 4.0.3 default+TSJS malaria	T1	malaria T1 R1	DRAGEN	malaria	1	4.0.3	default+TSJS	0	0.02816391	4.8745	2.288818359375e-05	0.000183105	docker run --gpus all --ipc=host --ulimit memlock=-1 --ulimit stack=67108864 --rm --volume /data/RNAseqBenchmark/nextflow_Tuned_STAR_HISAT2_minimap2/work/3d/b2a2ccd8333403fd666b0dde833df8:/workdir --volume /data/RNAseqBenchmark/nextflow_Tuned_STAR_HISAT2_minimap2/work/3d/b2a2ccd8333403fd666b0dde833df8:/outputdir nvcr.io/nvidia/clara/clara-parabricks-deepsap:v0.0.1 --out /outputdir/ --prefix DRAGEN__4.0.3__default+TSJS__baruzzo_malaria_t1r1.sorted --batch 2048 --sam /workdir/DRAGEN__4.0.3__default__baruzzo_malaria_t1r1.sorted.bam --fasta /workdir/genome_sequence_pfal.fa --gtf /workdir/simulator_config_geneinfo_pfal_GTF
Baruzzo	DRAGEN 4.0.3 default+TSJS baruzzo_malaria_t1r2	DRAGEN 4.0.3 default+TSJS	DRAGEN 4.0.3 default+TSJS Baruzzo	DRAGEN 4.0.3 default+TSJS malaria	T1	malaria T1 R2	DRAGEN	malaria	2	4.0.3	default+TSJS	0	0.029373169	3.877	3.0517578125e-05	0	docker run --gpus all --ipc=host --ulimit memlock=-1 --ulimit stack=67108864 --rm --volume /data/RNAseqBenchmark/nextflow_Tuned_STAR_HISAT2_minimap2/work/cf/346f6636b26e45cfe3e6f0df097c46:/workdir --volume /data/RNAseqBenchmark/nextflow_Tuned_STAR_HISAT2_minimap2/work/cf/346f6636b26e45cfe3e6f0df097c46:/outputdir nvcr.io/nvidia/clara/clara-parabricks-deepsap:v0.0.1 --out /outputdir/ --prefix DRAGEN__4.0.3__default+TSJS__baruzzo_malaria_t1r2.sorted --batch 2048 --sam /workdir/DRAGEN__4.0.3__default__baruzzo_malaria_t1r2.sorted.bam --fasta /workdir/genome_sequence_pfal.fa --gtf /workdir/simulator_config_geneinfo_pfal_GTF
Baruzzo	DRAGEN 4.0.3 default+TSJS baruzzo_malaria_t1r3	DRAGEN 4.0.3 default+TSJS	DRAGEN 4.0.3 default+TSJS Baruzzo	DRAGEN 4.0.3 default+TSJS malaria	T1	malaria T1 R3	DRAGEN	malaria	3	4.0.3	default+TSJS	0	0.028842926	12.26733333	3.0517578125e-05	0.022888184	docker run --gpus all --ipc=host --ulimit memlock=-1 --ulimit stack=67108864 --rm --volume /data/RNAseqBenchmark/nextflow_Tuned_STAR_HISAT2_minimap2/work/4d/291e11fee7800f5fcfa850f17959e3:/workdir --volume /data/RNAseqBenchmark/nextflow_Tuned_STAR_HISAT2_minimap2/work/4d/291e11fee7800f5fcfa850f17959e3:/outputdir nvcr.io/nvidia/clara/clara-parabricks-deepsap:v0.0.1 --out /outputdir/ --prefix DRAGEN__4.0.3__default+TSJS__baruzzo_malaria_t1r3.sorted --batch 2048 --sam /workdir/DRAGEN__4.0.3__default__baruzzo_malaria_t1r3.sorted.bam --fasta /workdir/genome_sequence_pfal.fa --gtf /workdir/simulator_config_geneinfo_pfal_GTF
Baruzzo	DRAGEN 4.0.3 default+TSJS baruzzo_malaria_t2r1	DRAGEN 4.0.3 default+TSJS	DRAGEN 4.0.3 default+TSJS Baruzzo	DRAGEN 4.0.3 default+TSJS malaria	T2	malaria T2 R1	DRAGEN	malaria	1	4.0.3	default+TSJS	0	0.028556824	17.37316667	2.288818359375e-05	0.00138092	docker run --gpus all --ipc=host --ulimit memlock=-1 --ulimit stack=67108864 --rm --volume /data/RNAseqBenchmark/nextflow_Tuned_STAR_HISAT2_minimap2/work/4c/f95fea578cd5460916b67a0019a7f2:/workdir --volume /data/RNAseqBenchmark/nextflow_Tuned_STAR_HISAT2_minimap2/work/4c/f95fea578cd5460916b67a0019a7f2:/outputdir nvcr.io/nvidia/clara/clara-parabricks-deepsap:v0.0.1 --out /outputdir/ --prefix DRAGEN__4.0.3__default+TSJS__baruzzo_malaria_t2r1.sorted --batch 2048 --sam /workdir/DRAGEN__4.0.3__default__baruzzo_malaria_t2r1.sorted.bam --fasta /workdir/genome_sequence_pfal.fa --gtf /workdir/simulator_config_geneinfo_pfal_GTF
Baruzzo	DRAGEN 4.0.3 default+TSJS baruzzo_malaria_t2r2	DRAGEN 4.0.3 default+TSJS	DRAGEN 4.0.3 default+TSJS Baruzzo	DRAGEN 4.0.3 default+TSJS malaria	T2	malaria T2 R2	DRAGEN	malaria	2	4.0.3	default+TSJS	0	0.028137207	6.478166667	3.0517578125e-05	0.002159119	docker run --gpus all --ipc=host --ulimit memlock=-1 --ulimit stack=67108864 --rm --volume /data/RNAseqBenchmark/nextflow_Tuned_STAR_HISAT2_minimap2/work/48/8cf6a288e13759c155b579c625fb77:/workdir --volume /data/RNAseqBenchmark/nextflow_Tuned_STAR_HISAT2_minimap2/work/48/8cf6a288e13759c155b579c625fb77:/outputdir nvcr.io/nvidia/clara/clara-parabricks-deepsap:v0.0.1 --out /outputdir/ --prefix DRAGEN__4.0.3__default+TSJS__baruzzo_malaria_t2r2.sorted --batch 2048 --sam /workdir/DRAGEN__4.0.3__default__baruzzo_malaria_t2r2.sorted.bam --fasta /workdir/genome_sequence_pfal.fa --gtf /workdir/simulator_config_geneinfo_pfal_GTF
Baruzzo	DRAGEN 4.0.3 default+TSJS baruzzo_malaria_t2r3	DRAGEN 4.0.3 default+TSJS	DRAGEN 4.0.3 default+TSJS Baruzzo	DRAGEN 4.0.3 default+TSJS malaria	T2	malaria T2 R3	DRAGEN	malaria	3	4.0.3	default+TSJS	0	0.028133392	4.516	3.0517578125e-05	0.005836487	docker run --gpus all --ipc=host --ulimit memlock=-1 --ulimit stack=67108864 --rm --volume /data/RNAseqBenchmark/nextflow_Tuned_STAR_HISAT2_minimap2/work/f1/ed21514f85ec7d1c8eaab43cec0fa7:/workdir --volume /data/RNAseqBenchmark/nextflow_Tuned_STAR_HISAT2_minimap2/work/f1/ed21514f85ec7d1c8eaab43cec0fa7:/outputdir nvcr.io/nvidia/clara/clara-parabricks-deepsap:v0.0.1 --out /outputdir/ --prefix DRAGEN__4.0.3__default+TSJS__baruzzo_malaria_t2r3.sorted --batch 2048 --sam /workdir/DRAGEN__4.0.3__default__baruzzo_malaria_t2r3.sorted.bam --fasta /workdir/genome_sequence_pfal.fa --gtf /workdir/simulator_config_geneinfo_pfal_GTF
Baruzzo	DRAGEN 4.0.3 default+TSJS baruzzo_malaria_t3r1	DRAGEN 4.0.3 default+TSJS	DRAGEN 4.0.3 default+TSJS Baruzzo	DRAGEN 4.0.3 default+TSJS malaria	T3	malaria T3 R1	DRAGEN	malaria	1	4.0.3	default+TSJS	0	0.028236389	5.9825	3.0517578125e-05	0.006561279	docker run --gpus all --ipc=host --ulimit memlock=-1 --ulimit stack=67108864 --rm --volume /data/RNAseqBenchmark/nextflow_Tuned_STAR_HISAT2_minimap2/work/11/307b3d1cbc3c1acb2f8a5699a33e24:/workdir --volume /data/RNAseqBenchmark/nextflow_Tuned_STAR_HISAT2_minimap2/work/11/307b3d1cbc3c1acb2f8a5699a33e24:/outputdir nvcr.io/nvidia/clara/clara-parabricks-deepsap:v0.0.1 --out /outputdir/ --prefix DRAGEN__4.0.3__default+TSJS__baruzzo_malaria_t3r1.sorted --batch 2048 --sam /workdir/DRAGEN__4.0.3__default__baruzzo_malaria_t3r1.sorted.bam --fasta /workdir/genome_sequence_pfal.fa --gtf /workdir/simulator_config_geneinfo_pfal_GTF
Baruzzo	DRAGEN 4.0.3 default+TSJS baruzzo_malaria_t3r2	DRAGEN 4.0.3 default+TSJS	DRAGEN 4.0.3 default+TSJS Baruzzo	DRAGEN 4.0.3 default+TSJS malaria	T3	malaria T3 R2	DRAGEN	malaria	2	4.0.3	default+TSJS	0	0.028038025	4.331833333	3.814697265625e-05	3.0517578125e-05	docker run --gpus all --ipc=host --ulimit memlock=-1 --ulimit stack=67108864 --rm --volume /data/RNAseqBenchmark/nextflow_Tuned_STAR_HISAT2_minimap2/work/e2/72912f534cdadf85c2a6677b82a979:/workdir --volume /data/RNAseqBenchmark/nextflow_Tuned_STAR_HISAT2_minimap2/work/e2/72912f534cdadf85c2a6677b82a979:/outputdir nvcr.io/nvidia/clara/clara-parabricks-deepsap:v0.0.1 --out /outputdir/ --prefix DRAGEN__4.0.3__default+TSJS__baruzzo_malaria_t3r2.sorted --batch 2048 --sam /workdir/DRAGEN__4.0.3__default__baruzzo_malaria_t3r2.sorted.bam --fasta /workdir/genome_sequence_pfal.fa --gtf /workdir/simulator_config_geneinfo_pfal_GTF
Baruzzo	DRAGEN 4.0.3 default+TSJS baruzzo_malaria_t3r3	DRAGEN 4.0.3 default+TSJS	DRAGEN 4.0.3 default+TSJS Baruzzo	DRAGEN 4.0.3 default+TSJS malaria	T3	malaria T3 R3	DRAGEN	malaria	3	4.0.3	default+TSJS	0	0.028606415	4.347666667	3.0517578125e-05	0.008338928	docker run --gpus all --ipc=host --ulimit memlock=-1 --ulimit stack=67108864 --rm --volume /data/RNAseqBenchmark/nextflow_Tuned_STAR_HISAT2_minimap2/work/a1/938a6262ef0dc394c25c731dedd560:/workdir --volume /data/RNAseqBenchmark/nextflow_Tuned_STAR_HISAT2_minimap2/work/a1/938a6262ef0dc394c25c731dedd560:/outputdir nvcr.io/nvidia/clara/clara-parabricks-deepsap:v0.0.1 --out /outputdir/ --prefix DRAGEN__4.0.3__default+TSJS__baruzzo_malaria_t3r3.sorted --batch 2048 --sam /workdir/DRAGEN__4.0.3__default__baruzzo_malaria_t3r3.sorted.bam --fasta /workdir/genome_sequence_pfal.fa --gtf /workdir/simulator_config_geneinfo_pfal_GTF
SimBA	DRAGEN 4.0.3 default+TSJS SimBA_human_t1	DRAGEN 4.0.3 default+TSJS	DRAGEN 4.0.3 default+TSJS SimBA	DRAGEN 4.0.3 default+TSJS human	T1	human T1 R1	DRAGEN	human	1	4.0.3	default+TSJS	0	0.026786804	14.49316667	0.000106812	0.004173279	docker run --gpus all --ipc=host --ulimit memlock=-1 --ulimit stack=67108864 --rm --volume /data/RNAseqBenchmark/nextflow_Tuned_STAR_HISAT2_minimap2/work/95/75a729e9921869c4ac2e25f83f202d:/workdir --volume /data/RNAseqBenchmark/nextflow_Tuned_STAR_HISAT2_minimap2/work/95/75a729e9921869c4ac2e25f83f202d:/outputdir nvcr.io/nvidia/clara/clara-parabricks-deepsap:v0.0.1 --out /outputdir/ --prefix DRAGEN__4.0.3__default+TSJS__SimBA_human_t1.sorted --batch 2048 --sam /workdir/DRAGEN__4.0.3__default__SimBA_human_t1.sorted.bam --fasta /workdir/GRCh37.primary_assembly.genome.fa --gtf /workdir/simulator_config_geneinfo_hg19_GTF
SimBA	DRAGEN 4.0.3 default+TSJS SimBA_human_t2	DRAGEN 4.0.3 default+TSJS	DRAGEN 4.0.3 default+TSJS SimBA	DRAGEN 4.0.3 default+TSJS human	T2	human T2 R1	DRAGEN	human	1	4.0.3	default+TSJS	0	0.028663635	13.54033333	0.00012207	0.009712219	docker run --gpus all --ipc=host --ulimit memlock=-1 --ulimit stack=67108864 --rm --volume /data/RNAseqBenchmark/nextflow_Tuned_STAR_HISAT2_minimap2/work/d7/14715532a0a802048c2748e2ec94d0:/workdir --volume /data/RNAseqBenchmark/nextflow_Tuned_STAR_HISAT2_minimap2/work/d7/14715532a0a802048c2748e2ec94d0:/outputdir nvcr.io/nvidia/clara/clara-parabricks-deepsap:v0.0.1 --out /outputdir/ --prefix DRAGEN__4.0.3__default+TSJS__SimBA_human_t2.sorted --batch 2048 --sam /workdir/DRAGEN__4.0.3__default__SimBA_human_t2.sorted.bam --fasta /workdir/GRCh37.primary_assembly.genome.fa --gtf /workdir/simulator_config_geneinfo_hg19_GTF
SimBA	DRAGEN 4.0.3 default+TSJS SimBA_human_t3	DRAGEN 4.0.3 default+TSJS	DRAGEN 4.0.3 default+TSJS SimBA	DRAGEN 4.0.3 default+TSJS human	T3	human T3 R1	DRAGEN	human	1	4.0.3	default+TSJS	0	0.028556824	12.6235	0.000106812	3.814697265625e-05	docker run --gpus all --ipc=host --ulimit memlock=-1 --ulimit stack=67108864 --rm --volume /data/RNAseqBenchmark/nextflow_Tuned_STAR_HISAT2_minimap2/work/f8/f30d1bed1c705cc558e919ea68b7ee:/workdir --volume /data/RNAseqBenchmark/nextflow_Tuned_STAR_HISAT2_minimap2/work/f8/f30d1bed1c705cc558e919ea68b7ee:/outputdir nvcr.io/nvidia/clara/clara-parabricks-deepsap:v0.0.1 --out /outputdir/ --prefix DRAGEN__4.0.3__default+TSJS__SimBA_human_t3.sorted --batch 2048 --sam /workdir/DRAGEN__4.0.3__default__SimBA_human_t3.sorted.bam --fasta /workdir/GRCh37.primary_assembly.genome.fa --gtf /workdir/simulator_config_geneinfo_hg19_GTF
SimBA	DRAGEN 4.0.3 default+TSJS SimBA_malaria_t1	DRAGEN 4.0.3 default+TSJS	DRAGEN 4.0.3 default+TSJS SimBA	DRAGEN 4.0.3 default+TSJS malaria	T1	malaria T1 R1	DRAGEN	malaria	1	4.0.3	default+TSJS	0	0.028087616	6.269333333	3.814697265625e-05	0.009895325	docker run --gpus all --ipc=host --ulimit memlock=-1 --ulimit stack=67108864 --rm --volume /data/RNAseqBenchmark/nextflow_Tuned_STAR_HISAT2_minimap2/work/64/ebfacf534d05ab2d8d9d45fbafc7bc:/workdir --volume /data/RNAseqBenchmark/nextflow_Tuned_STAR_HISAT2_minimap2/work/64/ebfacf534d05ab2d8d9d45fbafc7bc:/outputdir nvcr.io/nvidia/clara/clara-parabricks-deepsap:v0.0.1 --out /outputdir/ --prefix DRAGEN__4.0.3__default+TSJS__SimBA_malaria_t1.sorted --batch 2048 --sam /workdir/DRAGEN__4.0.3__default__SimBA_malaria_t1.sorted.bam --fasta /workdir/genome_sequence_pfal.fa --gtf /workdir/simulator_config_geneinfo_pfal_GTF
SimBA	DRAGEN 4.0.3 default+TSJS SimBA_malaria_t2	DRAGEN 4.0.3 default+TSJS	DRAGEN 4.0.3 default+TSJS SimBA	DRAGEN 4.0.3 default+TSJS malaria	T2	malaria T2 R1	DRAGEN	malaria	1	4.0.3	default+TSJS	0	0.028240204	5.888333333	3.0517578125e-05	6.866455078125e-05	docker run --gpus all --ipc=host --ulimit memlock=-1 --ulimit stack=67108864 --rm --volume /data/RNAseqBenchmark/nextflow_Tuned_STAR_HISAT2_minimap2/work/1e/e58e9611320544bce14f25dfad6022:/workdir --volume /data/RNAseqBenchmark/nextflow_Tuned_STAR_HISAT2_minimap2/work/1e/e58e9611320544bce14f25dfad6022:/outputdir nvcr.io/nvidia/clara/clara-parabricks-deepsap:v0.0.1 --out /outputdir/ --prefix DRAGEN__4.0.3__default+TSJS__SimBA_malaria_t2.sorted --batch 2048 --sam /workdir/DRAGEN__4.0.3__default__SimBA_malaria_t2.sorted.bam --fasta /workdir/genome_sequence_pfal.fa --gtf /workdir/simulator_config_geneinfo_pfal_GTF
SimBA	DRAGEN 4.0.3 default+TSJS SimBA_malaria_t3	DRAGEN 4.0.3 default+TSJS	DRAGEN 4.0.3 default+TSJS SimBA	DRAGEN 4.0.3 default+TSJS malaria	T3	malaria T3 R1	DRAGEN	malaria	1	4.0.3	default+TSJS	0	0.028244019	4.8235	3.814697265625e-05	0.000488281	docker run --gpus all --ipc=host --ulimit memlock=-1 --ulimit stack=67108864 --rm --volume /data/RNAseqBenchmark/nextflow_Tuned_STAR_HISAT2_minimap2/work/2e/9092d9e2b3d858e49927d2eb26b7ae:/workdir --volume /data/RNAseqBenchmark/nextflow_Tuned_STAR_HISAT2_minimap2/work/2e/9092d9e2b3d858e49927d2eb26b7ae:/outputdir nvcr.io/nvidia/clara/clara-parabricks-deepsap:v0.0.1 --out /outputdir/ --prefix DRAGEN__4.0.3__default+TSJS__SimBA_malaria_t3.sorted --batch 2048 --sam /workdir/DRAGEN__4.0.3__default__SimBA_malaria_t3.sorted.bam --fasta /workdir/genome_sequence_pfal.fa --gtf /workdir/simulator_config_geneinfo_pfal_GTF
Baruzzo	DeepSAP v0.0.1 MS150 baruzzo_human_t1r1	DeepSAP MS150	DeepSAP v0.0.1 MS150 Baruzzo	DeepSAP v0.0.1 MS150 human	T1	human T1 R1	DeepSAP	human	1	v0.0.1	MS150	0	0.027492523	16.20933333	0.000457764	7.62939453125e-06	docker run --gpus all --ipc=host --ulimit memlock=-1 --ulimit stack=67108864 --rm --volume /data/RNAseqBenchmark/nextflow_final_run/work/a4/4308fe3bd2d04d05302d6969841ba7:/workdir --volume /data/RNAseqBenchmark/nextflow_final_run/work/a4/4308fe3bd2d04d05302d6969841ba7:/outputdir nvcr.io/nvidia/clara/clara-parabricks-deepsap:v0.0.1 --out /outputdir/ --prefix DeepSAP__v0.0.1__MS150__baruzzo_human_t1r1.sorted --sam /workdir/GSNAP__2024-06-24__TGGA__baruzzo_human_t1r1.sorted.bam --fasta /workdir/GRCh37.primary_assembly.genome.fa --gtf /workdir/simulator_config_geneinfo_hg19_GTF
Baruzzo	DeepSAP v0.0.1 MS150 baruzzo_human_t1r2	DeepSAP MS150	DeepSAP v0.0.1 MS150 Baruzzo	DeepSAP v0.0.1 MS150 human	T1	human T1 R2	DeepSAP	human	2	v0.0.1	MS150	0	0.027313232	15.42783333	0.000457764	0	docker run --gpus all --ipc=host --ulimit memlock=-1 --ulimit stack=67108864 --rm --volume /data/RNAseqBenchmark/nextflow_final_run/work/c6/dfd047603ada0b3a73d8e86ff08d47:/workdir --volume /data/RNAseqBenchmark/nextflow_final_run/work/c6/dfd047603ada0b3a73d8e86ff08d47:/outputdir nvcr.io/nvidia/clara/clara-parabricks-deepsap:v0.0.1 --out /outputdir/ --prefix DeepSAP__v0.0.1__MS150__baruzzo_human_t1r2.sorted --sam /workdir/GSNAP__2024-06-24__TGGA__baruzzo_human_t1r2.sorted.bam --fasta /workdir/GRCh37.primary_assembly.genome.fa --gtf /workdir/simulator_config_geneinfo_hg19_GTF
Baruzzo	DeepSAP v0.0.1 MS150 baruzzo_human_t1r3	DeepSAP MS150	DeepSAP v0.0.1 MS150 Baruzzo	DeepSAP v0.0.1 MS150 human	T1	human T1 R3	DeepSAP	human	3	v0.0.1	MS150	0	0.027488708	15.5805	0.000457764	0	docker run --gpus all --ipc=host --ulimit memlock=-1 --ulimit stack=67108864 --rm --volume /data/RNAseqBenchmark/nextflow_final_run/work/28/951c774cde24f3599527e7b9f1f7c9:/workdir --volume /data/RNAseqBenchmark/nextflow_final_run/work/28/951c774cde24f3599527e7b9f1f7c9:/outputdir nvcr.io/nvidia/clara/clara-parabricks-deepsap:v0.0.1 --out /outputdir/ --prefix DeepSAP__v0.0.1__MS150__baruzzo_human_t1r3.sorted --sam /workdir/GSNAP__2024-06-24__TGGA__baruzzo_human_t1r3.sorted.bam --fasta /workdir/GRCh37.primary_assembly.genome.fa --gtf /workdir/simulator_config_geneinfo_hg19_GTF
Baruzzo	DeepSAP v0.0.1 MS150 baruzzo_human_t2r1	DeepSAP MS150	DeepSAP v0.0.1 MS150 Baruzzo	DeepSAP v0.0.1 MS150 human	T2	human T2 R1	DeepSAP	human	1	v0.0.1	MS150	0	0.027549744	15.74966667	0.000480652	0	docker run --gpus all --ipc=host --ulimit memlock=-1 --ulimit stack=67108864 --rm --volume /data/RNAseqBenchmark/nextflow_final_run/work/71/9e23d8ee69f79c4d6b266ae6cf76e0:/workdir --volume /data/RNAseqBenchmark/nextflow_final_run/work/71/9e23d8ee69f79c4d6b266ae6cf76e0:/outputdir nvcr.io/nvidia/clara/clara-parabricks-deepsap:v0.0.1 --out /outputdir/ --prefix DeepSAP__v0.0.1__MS150__baruzzo_human_t2r1.sorted --sam /workdir/GSNAP__2024-06-24__TGGA__baruzzo_human_t2r1.sorted.bam --fasta /workdir/GRCh37.primary_assembly.genome.fa --gtf /workdir/simulator_config_geneinfo_hg19_GTF
Baruzzo	DeepSAP v0.0.1 MS150 baruzzo_human_t2r2	DeepSAP MS150	DeepSAP v0.0.1 MS150 Baruzzo	DeepSAP v0.0.1 MS150 human	T2	human T2 R2	DeepSAP	human	2	v0.0.1	MS150	0	0.027572632	15.94133333	0.000488281	0	docker run --gpus all --ipc=host --ulimit memlock=-1 --ulimit stack=67108864 --rm --volume /data/RNAseqBenchmark/nextflow_final_run/work/da/aaec131fb944fb66b83bf563ae7bf8:/workdir --volume /data/RNAseqBenchmark/nextflow_final_run/work/da/aaec131fb944fb66b83bf563ae7bf8:/outputdir nvcr.io/nvidia/clara/clara-parabricks-deepsap:v0.0.1 --out /outputdir/ --prefix DeepSAP__v0.0.1__MS150__baruzzo_human_t2r2.sorted --sam /workdir/GSNAP__2024-06-24__TGGA__baruzzo_human_t2r2.sorted.bam --fasta /workdir/GRCh37.primary_assembly.genome.fa --gtf /workdir/simulator_config_geneinfo_hg19_GTF
Baruzzo	DeepSAP v0.0.1 MS150 baruzzo_human_t2r3	DeepSAP MS150	DeepSAP v0.0.1 MS150 Baruzzo	DeepSAP v0.0.1 MS150 human	T2	human T2 R3	DeepSAP	human	3	v0.0.1	MS150	0	0.027648926	15.66016667	0.000488281	0	docker run --gpus all --ipc=host --ulimit memlock=-1 --ulimit stack=67108864 --rm --volume /data/RNAseqBenchmark/nextflow_final_run/work/3d/48f63e7735755cba539fa3ad1b49dd:/workdir --volume /data/RNAseqBenchmark/nextflow_final_run/work/3d/48f63e7735755cba539fa3ad1b49dd:/outputdir nvcr.io/nvidia/clara/clara-parabricks-deepsap:v0.0.1 --out /outputdir/ --prefix DeepSAP__v0.0.1__MS150__baruzzo_human_t2r3.sorted --sam /workdir/GSNAP__2024-06-24__TGGA__baruzzo_human_t2r3.sorted.bam --fasta /workdir/GRCh37.primary_assembly.genome.fa --gtf /workdir/simulator_config_geneinfo_hg19_GTF
Baruzzo	DeepSAP v0.0.1 MS150 baruzzo_human_t3r1	DeepSAP MS150	DeepSAP v0.0.1 MS150 Baruzzo	DeepSAP v0.0.1 MS150 human	T3	human T3 R1	DeepSAP	human	1	v0.0.1	MS150	0	0.027645111	18.13466667	0.000717163	0.000244141	docker run --gpus all --ipc=host --ulimit memlock=-1 --ulimit stack=67108864 --rm --volume /data/RNAseqBenchmark/nextflow_final_run/work/e1/fa4b5688f3408cad06a36d808e761b:/workdir --volume /data/RNAseqBenchmark/nextflow_final_run/work/e1/fa4b5688f3408cad06a36d808e761b:/outputdir nvcr.io/nvidia/clara/clara-parabricks-deepsap:v0.0.1 --out /outputdir/ --prefix DeepSAP__v0.0.1__MS150__baruzzo_human_t3r1.sorted --sam /workdir/GSNAP__2024-06-24__TGGA__baruzzo_human_t3r1.sorted.bam --fasta /workdir/GRCh37.primary_assembly.genome.fa --gtf /workdir/simulator_config_geneinfo_hg19_GTF
Baruzzo	DeepSAP v0.0.1 MS150 baruzzo_human_t3r2	DeepSAP MS150	DeepSAP v0.0.1 MS150 Baruzzo	DeepSAP v0.0.1 MS150 human	T3	human T3 R2	DeepSAP	human	2	v0.0.1	MS150	0	0.027805328	18.219	0.000732422	0.000343323	docker run --gpus all --ipc=host --ulimit memlock=-1 --ulimit stack=67108864 --rm --volume /data/RNAseqBenchmark/nextflow_final_run/work/c8/f4f2ec5656878ca2c5036b0d311a6f:/workdir --volume /data/RNAseqBenchmark/nextflow_final_run/work/c8/f4f2ec5656878ca2c5036b0d311a6f:/outputdir nvcr.io/nvidia/clara/clara-parabricks-deepsap:v0.0.1 --out /outputdir/ --prefix DeepSAP__v0.0.1__MS150__baruzzo_human_t3r2.sorted --sam /workdir/GSNAP__2024-06-24__TGGA__baruzzo_human_t3r2.sorted.bam --fasta /workdir/GRCh37.primary_assembly.genome.fa --gtf /workdir/simulator_config_geneinfo_hg19_GTF
Baruzzo	DeepSAP v0.0.1 MS150 baruzzo_human_t3r3	DeepSAP MS150	DeepSAP v0.0.1 MS150 Baruzzo	DeepSAP v0.0.1 MS150 human	T3	human T3 R3	DeepSAP	human	3	v0.0.1	MS150	0	0.027469635	18.06783333	0.000740051	0	docker run --gpus all --ipc=host --ulimit memlock=-1 --ulimit stack=67108864 --rm --volume /data/RNAseqBenchmark/nextflow_final_run/work/87/a619a68a4b732b2f8bf647cc20bde3:/workdir --volume /data/RNAseqBenchmark/nextflow_final_run/work/87/a619a68a4b732b2f8bf647cc20bde3:/outputdir nvcr.io/nvidia/clara/clara-parabricks-deepsap:v0.0.1 --out /outputdir/ --prefix DeepSAP__v0.0.1__MS150__baruzzo_human_t3r3.sorted --sam /workdir/GSNAP__2024-06-24__TGGA__baruzzo_human_t3r3.sorted.bam --fasta /workdir/GRCh37.primary_assembly.genome.fa --gtf /workdir/simulator_config_geneinfo_hg19_GTF
Baruzzo	DeepSAP v0.0.1 MS150 baruzzo_malaria_t1r1	DeepSAP MS150	DeepSAP v0.0.1 MS150 Baruzzo	DeepSAP v0.0.1 MS150 malaria	T1	malaria T1 R1	DeepSAP	malaria	1	v0.0.1	MS150	0	0.027359009	4.227	3.0517578125e-05	7.62939453125e-06	docker run --gpus all --ipc=host --ulimit memlock=-1 --ulimit stack=67108864 --rm --volume /data/RNAseqBenchmark/nextflow_final_run/work/12/a0f65dfa8eff73156c25ffd4ce3874:/workdir --volume /data/RNAseqBenchmark/nextflow_final_run/work/12/a0f65dfa8eff73156c25ffd4ce3874:/outputdir nvcr.io/nvidia/clara/clara-parabricks-deepsap:v0.0.1 --out /outputdir/ --prefix DeepSAP__v0.0.1__MS150__baruzzo_malaria_t1r1.sorted --sam /workdir/GSNAP__2024-06-24__TGGA__baruzzo_malaria_t1r1.sorted.bam --fasta /workdir/genome_sequence_pfal.fa --gtf /workdir/simulator_config_geneinfo_pfal_GTF
Baruzzo	DeepSAP v0.0.1 MS150 baruzzo_malaria_t1r2	DeepSAP MS150	DeepSAP v0.0.1 MS150 Baruzzo	DeepSAP v0.0.1 MS150 malaria	T1	malaria T1 R2	DeepSAP	malaria	2	v0.0.1	MS150	0	0.027805328	4.239	3.0517578125e-05	0	docker run --gpus all --ipc=host --ulimit memlock=-1 --ulimit stack=67108864 --rm --volume /data/RNAseqBenchmark/nextflow_final_run/work/2b/931454857eb9414be8051f0ca66a67:/workdir --volume /data/RNAseqBenchmark/nextflow_final_run/work/2b/931454857eb9414be8051f0ca66a67:/outputdir nvcr.io/nvidia/clara/clara-parabricks-deepsap:v0.0.1 --out /outputdir/ --prefix DeepSAP__v0.0.1__MS150__baruzzo_malaria_t1r2.sorted --sam /workdir/GSNAP__2024-06-24__TGGA__baruzzo_malaria_t1r2.sorted.bam --fasta /workdir/genome_sequence_pfal.fa --gtf /workdir/simulator_config_geneinfo_pfal_GTF
Baruzzo	DeepSAP v0.0.1 MS150 baruzzo_malaria_t1r3	DeepSAP MS150	DeepSAP v0.0.1 MS150 Baruzzo	DeepSAP v0.0.1 MS150 malaria	T1	malaria T1 R3	DeepSAP	malaria	3	v0.0.1	MS150	0	0.027587891	4.183833333	3.0517578125e-05	0	docker run --gpus all --ipc=host --ulimit memlock=-1 --ulimit stack=67108864 --rm --volume /data/RNAseqBenchmark/nextflow_final_run/work/11/3ca80e447a38586216026999cd4922:/workdir --volume /data/RNAseqBenchmark/nextflow_final_run/work/11/3ca80e447a38586216026999cd4922:/outputdir nvcr.io/nvidia/clara/clara-parabricks-deepsap:v0.0.1 --out /outputdir/ --prefix DeepSAP__v0.0.1__MS150__baruzzo_malaria_t1r3.sorted --sam /workdir/GSNAP__2024-06-24__TGGA__baruzzo_malaria_t1r3.sorted.bam --fasta /workdir/genome_sequence_pfal.fa --gtf /workdir/simulator_config_geneinfo_pfal_GTF
Baruzzo	DeepSAP v0.0.1 MS150 baruzzo_malaria_t2r1	DeepSAP MS150	DeepSAP v0.0.1 MS150 Baruzzo	DeepSAP v0.0.1 MS150 malaria	T2	malaria T2 R1	DeepSAP	malaria	1	v0.0.1	MS150	0	0.027881622	4.355833333	3.814697265625e-05	0	docker run --gpus all --ipc=host --ulimit memlock=-1 --ulimit stack=67108864 --rm --volume /data/RNAseqBenchmark/nextflow_final_run/work/ab/feaa57c4b3e13d294419666379f5d0:/workdir --volume /data/RNAseqBenchmark/nextflow_final_run/work/ab/feaa57c4b3e13d294419666379f5d0:/outputdir nvcr.io/nvidia/clara/clara-parabricks-deepsap:v0.0.1 --out /outputdir/ --prefix DeepSAP__v0.0.1__MS150__baruzzo_malaria_t2r1.sorted --sam /workdir/GSNAP__2024-06-24__TGGA__baruzzo_malaria_t2r1.sorted.bam --fasta /workdir/genome_sequence_pfal.fa --gtf /workdir/simulator_config_geneinfo_pfal_GTF
Baruzzo	DeepSAP v0.0.1 MS150 baruzzo_malaria_t2r2	DeepSAP MS150	DeepSAP v0.0.1 MS150 Baruzzo	DeepSAP v0.0.1 MS150 malaria	T2	malaria T2 R2	DeepSAP	malaria	2	v0.0.1	MS150	0	0.027858734	4.332333333	3.814697265625e-05	7.62939453125e-06	docker run --gpus all --ipc=host --ulimit memlock=-1 --ulimit stack=67108864 --rm --volume /data/RNAseqBenchmark/nextflow_final_run/work/7d/6fc0e7e8e6d87c45ee52f1962bbb1f:/workdir --volume /data/RNAseqBenchmark/nextflow_final_run/work/7d/6fc0e7e8e6d87c45ee52f1962bbb1f:/outputdir nvcr.io/nvidia/clara/clara-parabricks-deepsap:v0.0.1 --out /outputdir/ --prefix DeepSAP__v0.0.1__MS150__baruzzo_malaria_t2r2.sorted --sam /workdir/GSNAP__2024-06-24__TGGA__baruzzo_malaria_t2r2.sorted.bam --fasta /workdir/genome_sequence_pfal.fa --gtf /workdir/simulator_config_geneinfo_pfal_GTF
Baruzzo	DeepSAP v0.0.1 MS150 baruzzo_malaria_t2r3	DeepSAP MS150	DeepSAP v0.0.1 MS150 Baruzzo	DeepSAP v0.0.1 MS150 malaria	T2	malaria T2 R3	DeepSAP	malaria	3	v0.0.1	MS150	0	0.028110504	4.302	3.814697265625e-05	0	docker run --gpus all --ipc=host --ulimit memlock=-1 --ulimit stack=67108864 --rm --volume /data/RNAseqBenchmark/nextflow_final_run/work/4c/70f1b0afd015f67b2c08ad24c448ae:/workdir --volume /data/RNAseqBenchmark/nextflow_final_run/work/4c/70f1b0afd015f67b2c08ad24c448ae:/outputdir nvcr.io/nvidia/clara/clara-parabricks-deepsap:v0.0.1 --out /outputdir/ --prefix DeepSAP__v0.0.1__MS150__baruzzo_malaria_t2r3.sorted --sam /workdir/GSNAP__2024-06-24__TGGA__baruzzo_malaria_t2r3.sorted.bam --fasta /workdir/genome_sequence_pfal.fa --gtf /workdir/simulator_config_geneinfo_pfal_GTF
Baruzzo	DeepSAP v0.0.1 MS150 baruzzo_malaria_t3r1	DeepSAP MS150	DeepSAP v0.0.1 MS150 Baruzzo	DeepSAP v0.0.1 MS150 malaria	T3	malaria T3 R1	DeepSAP	malaria	1	v0.0.1	MS150	0	0.027797699	4.8085	7.62939453125e-05	0	docker run --gpus all --ipc=host --ulimit memlock=-1 --ulimit stack=67108864 --rm --volume /data/RNAseqBenchmark/nextflow_final_run/work/3b/7c996ef8a68f09781b8efaf8b104ea:/workdir --volume /data/RNAseqBenchmark/nextflow_final_run/work/3b/7c996ef8a68f09781b8efaf8b104ea:/outputdir nvcr.io/nvidia/clara/clara-parabricks-deepsap:v0.0.1 --out /outputdir/ --prefix DeepSAP__v0.0.1__MS150__baruzzo_malaria_t3r1.sorted --sam /workdir/GSNAP__2024-06-24__TGGA__baruzzo_malaria_t3r1.sorted.bam --fasta /workdir/genome_sequence_pfal.fa --gtf /workdir/simulator_config_geneinfo_pfal_GTF
Baruzzo	DeepSAP v0.0.1 MS150 baruzzo_malaria_t3r2	DeepSAP MS150	DeepSAP v0.0.1 MS150 Baruzzo	DeepSAP v0.0.1 MS150 malaria	T3	malaria T3 R2	DeepSAP	malaria	2	v0.0.1	MS150	0	0.027896881	4.774166667	8.392333984375e-05	0	docker run --gpus all --ipc=host --ulimit memlock=-1 --ulimit stack=67108864 --rm --volume /data/RNAseqBenchmark/nextflow_final_run/work/67/3eacffbf995722ece10a0b5d9c42d2:/workdir --volume /data/RNAseqBenchmark/nextflow_final_run/work/67/3eacffbf995722ece10a0b5d9c42d2:/outputdir nvcr.io/nvidia/clara/clara-parabricks-deepsap:v0.0.1 --out /outputdir/ --prefix DeepSAP__v0.0.1__MS150__baruzzo_malaria_t3r2.sorted --sam /workdir/GSNAP__2024-06-24__TGGA__baruzzo_malaria_t3r2.sorted.bam --fasta /workdir/genome_sequence_pfal.fa --gtf /workdir/simulator_config_geneinfo_pfal_GTF
Baruzzo	DeepSAP v0.0.1 MS150 baruzzo_malaria_t3r3	DeepSAP MS150	DeepSAP v0.0.1 MS150 Baruzzo	DeepSAP v0.0.1 MS150 malaria	T3	malaria T3 R3	DeepSAP	malaria	3	v0.0.1	MS150	0	0.027488708	4.77	7.62939453125e-05	0	docker run --gpus all --ipc=host --ulimit memlock=-1 --ulimit stack=67108864 --rm --volume /data/RNAseqBenchmark/nextflow_final_run/work/e7/9a9545766f4d2a34991433ad1f5682:/workdir --volume /data/RNAseqBenchmark/nextflow_final_run/work/e7/9a9545766f4d2a34991433ad1f5682:/outputdir nvcr.io/nvidia/clara/clara-parabricks-deepsap:v0.0.1 --out /outputdir/ --prefix DeepSAP__v0.0.1__MS150__baruzzo_malaria_t3r3.sorted --sam /workdir/GSNAP__2024-06-24__TGGA__baruzzo_malaria_t3r3.sorted.bam --fasta /workdir/genome_sequence_pfal.fa --gtf /workdir/simulator_config_geneinfo_pfal_GTF
SimBA	DeepSAP v0.0.1 MS150 SimBA_human_t1	DeepSAP MS150	DeepSAP v0.0.1 MS150 SimBA	DeepSAP v0.0.1 MS150 human	T1	human T1 R1	DeepSAP	human	1	v0.0.1	MS150	0	0.027366638	16.68516667	0.000213623	0	docker run --gpus all --ipc=host --ulimit memlock=-1 --ulimit stack=67108864 --rm --volume /data/RNAseqBenchmark/nextflow_final_run/work/b3/ea6e537f1b4f3466d7c4fa26a404e1:/workdir --volume /data/RNAseqBenchmark/nextflow_final_run/work/b3/ea6e537f1b4f3466d7c4fa26a404e1:/outputdir nvcr.io/nvidia/clara/clara-parabricks-deepsap:v0.0.1 --out /outputdir/ --prefix DeepSAP__v0.0.1__MS150__SimBA_human_t1.sorted --sam /workdir/GSNAP__2024-06-24__TGGA__SimBA_human_t1.sorted.bam --fasta /workdir/GRCh37.primary_assembly.genome.fa --gtf /workdir/simulator_config_geneinfo_hg19_GTF
SimBA	DeepSAP v0.0.1 MS150 SimBA_human_t2	DeepSAP MS150	DeepSAP v0.0.1 MS150 SimBA	DeepSAP v0.0.1 MS150 human	T2	human T2 R1	DeepSAP	human	1	v0.0.1	MS150	0	0.02747345	16.90933333	0.000213623	0	docker run --gpus all --ipc=host --ulimit memlock=-1 --ulimit stack=67108864 --rm --volume /data/RNAseqBenchmark/nextflow_final_run/work/b4/556dd9173e44732b24833e0da40612:/workdir --volume /data/RNAseqBenchmark/nextflow_final_run/work/b4/556dd9173e44732b24833e0da40612:/outputdir nvcr.io/nvidia/clara/clara-parabricks-deepsap:v0.0.1 --out /outputdir/ --prefix DeepSAP__v0.0.1__MS150__SimBA_human_t2.sorted --sam /workdir/GSNAP__2024-06-24__TGGA__SimBA_human_t2.sorted.bam --fasta /workdir/GRCh37.primary_assembly.genome.fa --gtf /workdir/simulator_config_geneinfo_hg19_GTF
SimBA	DeepSAP v0.0.1 MS150 SimBA_human_t3	DeepSAP MS150	DeepSAP v0.0.1 MS150 SimBA	DeepSAP v0.0.1 MS150 human	T3	human T3 R1	DeepSAP	human	1	v0.0.1	MS150	0	0.027553558	16.78083333	0.000213623	0	docker run --gpus all --ipc=host --ulimit memlock=-1 --ulimit stack=67108864 --rm --volume /data/RNAseqBenchmark/nextflow_final_run/work/b9/c28caf26a028b4c3b5bf34cc0f5f32:/workdir --volume /data/RNAseqBenchmark/nextflow_final_run/work/b9/c28caf26a028b4c3b5bf34cc0f5f32:/outputdir nvcr.io/nvidia/clara/clara-parabricks-deepsap:v0.0.1 --out /outputdir/ --prefix DeepSAP__v0.0.1__MS150__SimBA_human_t3.sorted --sam /workdir/GSNAP__2024-06-24__TGGA__SimBA_human_t3.sorted.bam --fasta /workdir/GRCh37.primary_assembly.genome.fa --gtf /workdir/simulator_config_geneinfo_hg19_GTF
SimBA	DeepSAP v0.0.1 MS150 SimBA_malaria_t1	DeepSAP MS150	DeepSAP v0.0.1 MS150 SimBA	DeepSAP v0.0.1 MS150 malaria	T1	malaria T1 R1	DeepSAP	malaria	1	v0.0.1	MS150	0	0.027000427	5.022666667	4.57763671875e-05	0	docker run --gpus all --ipc=host --ulimit memlock=-1 --ulimit stack=67108864 --rm --volume /data/RNAseqBenchmark/nextflow_final_run/work/1a/4a9d5a25c6be02687deb8fa3721552:/workdir --volume /data/RNAseqBenchmark/nextflow_final_run/work/1a/4a9d5a25c6be02687deb8fa3721552:/outputdir nvcr.io/nvidia/clara/clara-parabricks-deepsap:v0.0.1 --out /outputdir/ --prefix DeepSAP__v0.0.1__MS150__SimBA_malaria_t1.sorted --sam /workdir/GSNAP__2024-06-24__TGGA__SimBA_malaria_t1.sorted.bam --fasta /workdir/genome_sequence_pfal.fa --gtf /workdir/simulator_config_geneinfo_pfal_GTF
SimBA	DeepSAP v0.0.1 MS150 SimBA_malaria_t2	DeepSAP MS150	DeepSAP v0.0.1 MS150 SimBA	DeepSAP v0.0.1 MS150 malaria	T2	malaria T2 R1	DeepSAP	malaria	1	v0.0.1	MS150	0	0.027225494	5.370333333	6.103515625e-05	0	docker run --gpus all --ipc=host --ulimit memlock=-1 --ulimit stack=67108864 --rm --volume /data/RNAseqBenchmark/nextflow_final_run/work/14/c8da59121f05892f0f6e310d281d5c:/workdir --volume /data/RNAseqBenchmark/nextflow_final_run/work/14/c8da59121f05892f0f6e310d281d5c:/outputdir nvcr.io/nvidia/clara/clara-parabricks-deepsap:v0.0.1 --out /outputdir/ --prefix DeepSAP__v0.0.1__MS150__SimBA_malaria_t2.sorted --sam /workdir/GSNAP__2024-06-24__TGGA__SimBA_malaria_t2.sorted.bam --fasta /workdir/genome_sequence_pfal.fa --gtf /workdir/simulator_config_geneinfo_pfal_GTF
SimBA	DeepSAP v0.0.1 MS150 SimBA_malaria_t3	DeepSAP MS150	DeepSAP v0.0.1 MS150 SimBA	DeepSAP v0.0.1 MS150 malaria	T3	malaria T3 R1	DeepSAP	malaria	1	v0.0.1	MS150	0	0.027366638	5.462166667	6.866455078125e-05	0	docker run --gpus all --ipc=host --ulimit memlock=-1 --ulimit stack=67108864 --rm --volume /data/RNAseqBenchmark/nextflow_final_run/work/58/0e309e50dfdfc69817c4e5b7168edb:/workdir --volume /data/RNAseqBenchmark/nextflow_final_run/work/58/0e309e50dfdfc69817c4e5b7168edb:/outputdir nvcr.io/nvidia/clara/clara-parabricks-deepsap:v0.0.1 --out /outputdir/ --prefix DeepSAP__v0.0.1__MS150__SimBA_malaria_t3.sorted --sam /workdir/GSNAP__2024-06-24__TGGA__SimBA_malaria_t3.sorted.bam --fasta /workdir/genome_sequence_pfal.fa --gtf /workdir/simulator_config_geneinfo_pfal_GTF
Baruzzo	GSNAP 2024-06-24 TGGA baruzzo_human_t1r1	GSNAP 2024-06-24 TGGA	GSNAP 2024-06-24 TGGA Baruzzo	GSNAP 2024-06-24 TGGA human	T1	human T1 R1	GSNAP	human	1	6/24/24	TGGA	2289	19.91109085	73	10.85163116	41.65340424	/data/GSNAP/bin/gmap-2024-06-24//bin/gsnap.avx512 -A sam --merge-distant-samechr --novelsplicing 1 --nthreads 24 -D ./ -d index -c transcriptome baruzzo_human_t1r1.forward.trimmed.fasta baruzzo_human_t1r1.reverse.trimmed.fasta
Baruzzo	GSNAP 2024-06-24 TGGA baruzzo_human_t1r2	GSNAP 2024-06-24 TGGA	GSNAP 2024-06-24 TGGA Baruzzo	GSNAP 2024-06-24 TGGA human	T1	human T1 R2	GSNAP	human	2	6/24/24	TGGA	2326	20.05547714	72.53333333	10.84302521	4.349868774	/data/GSNAP/bin/gmap-2024-06-24//bin/gsnap.avx512 -A sam --merge-distant-samechr --novelsplicing 1 --nthreads 24 -D ./ -d index -c transcriptome baruzzo_human_t1r2.forward.trimmed.fasta baruzzo_human_t1r2.reverse.trimmed.fasta
Baruzzo	GSNAP 2024-06-24 TGGA baruzzo_human_t1r3	GSNAP 2024-06-24 TGGA	GSNAP 2024-06-24 TGGA Baruzzo	GSNAP 2024-06-24 TGGA human	T1	human T1 R3	GSNAP	human	3	6/24/24	TGGA	2324	20.02835464	72.56666667	10.84490204	4.372390747	/data/GSNAP/bin/gmap-2024-06-24//bin/gsnap.avx512 -A sam --merge-distant-samechr --novelsplicing 1 --nthreads 24 -D ./ -d index -c transcriptome baruzzo_human_t1r3.forward.trimmed.fasta baruzzo_human_t1r3.reverse.trimmed.fasta
Baruzzo	GSNAP 2024-06-24 TGGA baruzzo_human_t2r1	GSNAP 2024-06-24 TGGA	GSNAP 2024-06-24 TGGA Baruzzo	GSNAP 2024-06-24 TGGA human	T2	human T2 R1	GSNAP	human	1	6/24/24	TGGA	2308	19.81845093	75.81666667	10.93054962	4.386520386	/data/GSNAP/bin/gmap-2024-06-24//bin/gsnap.avx512 -A sam --merge-distant-samechr --novelsplicing 1 --nthreads 24 -D ./ -d index -c transcriptome baruzzo_human_t2r1.forward.trimmed.fasta baruzzo_human_t2r1.reverse.trimmed.fasta
Baruzzo	GSNAP 2024-06-24 TGGA baruzzo_human_t2r2	GSNAP 2024-06-24 TGGA	GSNAP 2024-06-24 TGGA Baruzzo	GSNAP 2024-06-24 TGGA human	T2	human T2 R2	GSNAP	human	2	6/24/24	TGGA	2295	19.85826492	75.76666667	10.9236145	29.50349426	/data/GSNAP/bin/gmap-2024-06-24//bin/gsnap.avx512 -A sam --merge-distant-samechr --novelsplicing 1 --nthreads 24 -D ./ -d index -c transcriptome baruzzo_human_t2r2.forward.trimmed.fasta baruzzo_human_t2r2.reverse.trimmed.fasta
Baruzzo	GSNAP 2024-06-24 TGGA baruzzo_human_t2r3	GSNAP 2024-06-24 TGGA	GSNAP 2024-06-24 TGGA Baruzzo	GSNAP 2024-06-24 TGGA human	T2	human T2 R3	GSNAP	human	3	6/24/24	TGGA	2334	20.06377411	75.4	10.92985535	4.313911438	/data/GSNAP/bin/gmap-2024-06-24//bin/gsnap.avx512 -A sam --merge-distant-samechr --novelsplicing 1 --nthreads 24 -D ./ -d index -c transcriptome baruzzo_human_t2r3.forward.trimmed.fasta baruzzo_human_t2r3.reverse.trimmed.fasta
Baruzzo	GSNAP 2024-06-24 TGGA baruzzo_human_t3r1	GSNAP 2024-06-24 TGGA	GSNAP 2024-06-24 TGGA Baruzzo	GSNAP 2024-06-24 TGGA human	T3	human T3 R1	GSNAP	human	1	6/24/24	TGGA	2364	20.17385101	142.4666667	10.94992065	4.716377258	/data/GSNAP/bin/gmap-2024-06-24//bin/gsnap.avx512 -A sam --merge-distant-samechr --novelsplicing 1 --nthreads 24 -D ./ -d index -c transcriptome baruzzo_human_t3r1.forward.trimmed.fasta baruzzo_human_t3r1.reverse.trimmed.fasta
Baruzzo	GSNAP 2024-06-24 TGGA baruzzo_human_t3r2	GSNAP 2024-06-24 TGGA	GSNAP 2024-06-24 TGGA Baruzzo	GSNAP 2024-06-24 TGGA human	T3	human T3 R2	GSNAP	human	2	6/24/24	TGGA	2354	20.13957596	142.3166667	10.95300293	5.58870697	/data/GSNAP/bin/gmap-2024-06-24//bin/gsnap.avx512 -A sam --merge-distant-samechr --novelsplicing 1 --nthreads 24 -D ./ -d index -c transcriptome baruzzo_human_t3r2.forward.trimmed.fasta baruzzo_human_t3r2.reverse.trimmed.fasta
Baruzzo	GSNAP 2024-06-24 TGGA baruzzo_human_t3r3	GSNAP 2024-06-24 TGGA	GSNAP 2024-06-24 TGGA Baruzzo	GSNAP 2024-06-24 TGGA human	T3	human T3 R3	GSNAP	human	3	6/24/24	TGGA	2355	19.95006561	143.0833333	10.95200348	4.522537231	/data/GSNAP/bin/gmap-2024-06-24//bin/gsnap.avx512 -A sam --merge-distant-samechr --novelsplicing 1 --nthreads 24 -D ./ -d index -c transcriptome baruzzo_human_t3r3.forward.trimmed.fasta baruzzo_human_t3r3.reverse.trimmed.fasta
Baruzzo	GSNAP 2024-06-24 TGGA baruzzo_malaria_t1r1	GSNAP 2024-06-24 TGGA	GSNAP 2024-06-24 TGGA Baruzzo	GSNAP 2024-06-24 TGGA malaria	T1	malaria T1 R1	GSNAP	malaria	1	6/24/24	TGGA	2275	1.295036316	33.60516667	10.52767944	4.214653015	/data/GSNAP/bin/gmap-2024-06-24//bin/gsnap.avx512 -A sam --merge-distant-samechr --novelsplicing 1 --nthreads 24 -D ./ -d index -c transcriptome baruzzo_malaria_t1r1.forward.trimmed.fasta baruzzo_malaria_t1r1.reverse.trimmed.fasta
Baruzzo	GSNAP 2024-06-24 TGGA baruzzo_malaria_t1r2	GSNAP 2024-06-24 TGGA	GSNAP 2024-06-24 TGGA Baruzzo	GSNAP 2024-06-24 TGGA malaria	T1	malaria T1 R2	GSNAP	malaria	2	6/24/24	TGGA	2256	1.334159851	33.57116667	10.52787018	5.242904663	/data/GSNAP/bin/gmap-2024-06-24//bin/gsnap.avx512 -A sam --merge-distant-samechr --novelsplicing 1 --nthreads 24 -D ./ -d index -c transcriptome baruzzo_malaria_t1r2.forward.trimmed.fasta baruzzo_malaria_t1r2.reverse.trimmed.fasta
Baruzzo	GSNAP 2024-06-24 TGGA baruzzo_malaria_t1r3	GSNAP 2024-06-24 TGGA	GSNAP 2024-06-24 TGGA Baruzzo	GSNAP 2024-06-24 TGGA malaria	T1	malaria T1 R3	GSNAP	malaria	3	6/24/24	TGGA	2263	1.30872345	33.71516667	10.52828979	4.305236816	/data/GSNAP/bin/gmap-2024-06-24//bin/gsnap.avx512 -A sam --merge-distant-samechr --novelsplicing 1 --nthreads 24 -D ./ -d index -c transcriptome baruzzo_malaria_t1r3.forward.trimmed.fasta baruzzo_malaria_t1r3.reverse.trimmed.fasta
Baruzzo	GSNAP 2024-06-24 TGGA baruzzo_malaria_t2r1	GSNAP 2024-06-24 TGGA	GSNAP 2024-06-24 TGGA Baruzzo	GSNAP 2024-06-24 TGGA malaria	T2	malaria T2 R1	GSNAP	malaria	1	6/24/24	TGGA	2214	1.36415863	36.8115	10.67745972	4.289146423	/data/GSNAP/bin/gmap-2024-06-24//bin/gsnap.avx512 -A sam --merge-distant-samechr --novelsplicing 1 --nthreads 24 -D ./ -d index -c transcriptome baruzzo_malaria_t2r1.forward.trimmed.fasta baruzzo_malaria_t2r1.reverse.trimmed.fasta
Baruzzo	GSNAP 2024-06-24 TGGA baruzzo_malaria_t2r2	GSNAP 2024-06-24 TGGA	GSNAP 2024-06-24 TGGA Baruzzo	GSNAP 2024-06-24 TGGA malaria	T2	malaria T2 R2	GSNAP	malaria	2	6/24/24	TGGA	2265	1.284324646	36.936	10.67740631	4.178436279	/data/GSNAP/bin/gmap-2024-06-24//bin/gsnap.avx512 -A sam --merge-distant-samechr --novelsplicing 1 --nthreads 24 -D ./ -d index -c transcriptome baruzzo_malaria_t2r2.forward.trimmed.fasta baruzzo_malaria_t2r2.reverse.trimmed.fasta
Baruzzo	GSNAP 2024-06-24 TGGA baruzzo_malaria_t2r3	GSNAP 2024-06-24 TGGA	GSNAP 2024-06-24 TGGA Baruzzo	GSNAP 2024-06-24 TGGA malaria	T2	malaria T2 R3	GSNAP	malaria	3	6/24/24	TGGA	2298	1.279045105	36.64833333	10.67527771	4.183792114	/data/GSNAP/bin/gmap-2024-06-24//bin/gsnap.avx512 -A sam --merge-distant-samechr --novelsplicing 1 --nthreads 24 -D ./ -d index -c transcriptome baruzzo_malaria_t2r3.forward.trimmed.fasta baruzzo_malaria_t2r3.reverse.trimmed.fasta
Baruzzo	GSNAP 2024-06-24 TGGA baruzzo_malaria_t3r1	GSNAP 2024-06-24 TGGA	GSNAP 2024-06-24 TGGA Baruzzo	GSNAP 2024-06-24 TGGA malaria	T3	malaria T3 R1	GSNAP	malaria	1	6/24/24	TGGA	2371	1.626213074	132.75	10.58066559	4.202705383	/data/GSNAP/bin/gmap-2024-06-24//bin/gsnap.avx512 -A sam --merge-distant-samechr --novelsplicing 1 --nthreads 24 -D ./ -d index -c transcriptome baruzzo_malaria_t3r1.forward.trimmed.fasta baruzzo_malaria_t3r1.reverse.trimmed.fasta
Baruzzo	GSNAP 2024-06-24 TGGA baruzzo_malaria_t3r2	GSNAP 2024-06-24 TGGA	GSNAP 2024-06-24 TGGA Baruzzo	GSNAP 2024-06-24 TGGA malaria	T3	malaria T3 R2	GSNAP	malaria	2	6/24/24	TGGA	2353	1.360366821	133.0333333	10.5796051	4.183364868	/data/GSNAP/bin/gmap-2024-06-24//bin/gsnap.avx512 -A sam --merge-distant-samechr --novelsplicing 1 --nthreads 24 -D ./ -d index -c transcriptome baruzzo_malaria_t3r2.forward.trimmed.fasta baruzzo_malaria_t3r2.reverse.trimmed.fasta
Baruzzo	GSNAP 2024-06-24 TGGA baruzzo_malaria_t3r3	GSNAP 2024-06-24 TGGA	GSNAP 2024-06-24 TGGA Baruzzo	GSNAP 2024-06-24 TGGA malaria	T3	malaria T3 R3	GSNAP	malaria	3	6/24/24	TGGA	2361	1.260551453	132.6333333	10.5807724	4.303077698	/data/GSNAP/bin/gmap-2024-06-24//bin/gsnap.avx512 -A sam --merge-distant-samechr --novelsplicing 1 --nthreads 24 -D ./ -d index -c transcriptome baruzzo_malaria_t3r3.forward.trimmed.fasta baruzzo_malaria_t3r3.reverse.trimmed.fasta
SimBA	GSNAP 2024-06-24 TGGA SimBA_human_t1	GSNAP 2024-06-24 TGGA	GSNAP 2024-06-24 TGGA SimBA	GSNAP 2024-06-24 TGGA human	T1	human T1 R1	GSNAP	human	1	6/24/24	TGGA	2210	20.14469147	36.90466667	16.95932007	14.81002045	/data/GSNAP/bin/gmap-2024-06-24//bin/gsnap.avx512 -A sam --merge-distant-samechr --novelsplicing 1 --nthreads 24 -D ./ -d index -c transcriptome SimBA_human_t1.reads_1_val_1.fq SimBA_human_t1.reads_2_val_2.fq
SimBA	GSNAP 2024-06-24 TGGA SimBA_human_t2	GSNAP 2024-06-24 TGGA	GSNAP 2024-06-24 TGGA SimBA	GSNAP 2024-06-24 TGGA human	T2	human T2 R1	GSNAP	human	1	6/24/24	TGGA	2269	20.47985077	39.3395	16.98915863	9.875907898	/data/GSNAP/bin/gmap-2024-06-24//bin/gsnap.avx512 -A sam --merge-distant-samechr --novelsplicing 1 --nthreads 24 -D ./ -d index -c transcriptome SimBA_human_t2.reads_1_val_1.fq SimBA_human_t2.reads_2_val_2.fq
SimBA	GSNAP 2024-06-24 TGGA SimBA_human_t3	GSNAP 2024-06-24 TGGA	GSNAP 2024-06-24 TGGA SimBA	GSNAP 2024-06-24 TGGA human	T3	human T3 R1	GSNAP	human	1	6/24/24	TGGA	2304	20.28846741	42.8795	17.09221649	9.55960083	/data/GSNAP/bin/gmap-2024-06-24//bin/gsnap.avx512 -A sam --merge-distant-samechr --novelsplicing 1 --nthreads 24 -D ./ -d index -c transcriptome SimBA_human_t3.reads_1_val_1.fq SimBA_human_t3.reads_2_val_2.fq
SimBA	GSNAP 2024-06-24 TGGA SimBA_malaria_t1	GSNAP 2024-06-24 TGGA	GSNAP 2024-06-24 TGGA SimBA	GSNAP 2024-06-24 TGGA malaria	T1	malaria T1 R1	GSNAP	malaria	1	6/24/24	TGGA	2281	1.227767944	36.407	15.2224884	9.290222168	/data/GSNAP/bin/gmap-2024-06-24//bin/gsnap.avx512 -A sam --merge-distant-samechr --novelsplicing 1 --nthreads 24 -D ./ -d index -c transcriptome SimBA_malaria_t1.reads_1_val_1.fq SimBA_malaria_t1.reads_2_val_2.fq
SimBA	GSNAP 2024-06-24 TGGA SimBA_malaria_t2	GSNAP 2024-06-24 TGGA	GSNAP 2024-06-24 TGGA SimBA	GSNAP 2024-06-24 TGGA malaria	T2	malaria T2 R1	GSNAP	malaria	1	6/24/24	TGGA	2310	1.387897491	55.2815	15.4655304	9.383155823	/data/GSNAP/bin/gmap-2024-06-24//bin/gsnap.avx512 -A sam --merge-distant-samechr --novelsplicing 1 --nthreads 24 -D ./ -d index -c transcriptome SimBA_malaria_t2.reads_1_val_1.fq SimBA_malaria_t2.reads_2_val_2.fq
SimBA	GSNAP 2024-06-24 TGGA SimBA_malaria_t3	GSNAP 2024-06-24 TGGA	GSNAP 2024-06-24 TGGA SimBA	GSNAP 2024-06-24 TGGA malaria	T3	malaria T3 R1	GSNAP	malaria	1	6/24/24	TGGA	2355	1.30670166	97.35	15.6478653	9.566223145	/data/GSNAP/bin/gmap-2024-06-24//bin/gsnap.avx512 -A sam --merge-distant-samechr --novelsplicing 1 --nthreads 24 -D ./ -d index -c transcriptome SimBA_malaria_t3.reads_1_val_1.fq SimBA_malaria_t3.reads_2_val_2.fq
Baruzzo	GSNAP 2024-06-24 default baruzzo_human_t1r1	GSNAP 2024-06-24 default	GSNAP 2024-06-24 default Baruzzo	GSNAP 2024-06-24 default human	T1	human T1 R1	GSNAP	human	1	6/24/24	default	2189	20.45087051	42.83183333	10.13389587	11.08548737	/data/GSNAP/bin/gmap-2024-06-24//bin/gsnap.avx512 -A sam --merge-distant-samechr --novelsplicing 1 --nthreads 24 -D ./ -d index baruzzo_human_t1r1.forward.trimmed.fasta baruzzo_human_t1r1.reverse.trimmed.fasta
Baruzzo	GSNAP 2024-06-24 default baruzzo_human_t1r2	GSNAP 2024-06-24 default	GSNAP 2024-06-24 default Baruzzo	GSNAP 2024-06-24 default human	T1	human T1 R2	GSNAP	human	2	6/24/24	default	2212	20.32912445	41.92383333	10.12578583	4.466690063	/data/GSNAP/bin/gmap-2024-06-24//bin/gsnap.avx512 -A sam --merge-distant-samechr --novelsplicing 1 --nthreads 24 -D ./ -d index baruzzo_human_t1r2.forward.trimmed.fasta baruzzo_human_t1r2.reverse.trimmed.fasta
Baruzzo	GSNAP 2024-06-24 default baruzzo_human_t1r3	GSNAP 2024-06-24 default	GSNAP 2024-06-24 default Baruzzo	GSNAP 2024-06-24 default human	T1	human T1 R3	GSNAP	human	3	6/24/24	default	2209	20.33582687	42.137	10.12638855	7.32409668	/data/GSNAP/bin/gmap-2024-06-24//bin/gsnap.avx512 -A sam --merge-distant-samechr --novelsplicing 1 --nthreads 24 -D ./ -d index baruzzo_human_t1r3.forward.trimmed.fasta baruzzo_human_t1r3.reverse.trimmed.fasta
Baruzzo	GSNAP 2024-06-24 default baruzzo_human_t2r1	GSNAP 2024-06-24 default	GSNAP 2024-06-24 default Baruzzo	GSNAP 2024-06-24 default human	T2	human T2 R1	GSNAP	human	1	6/24/24	default	2259	20.6238327	56.78116667	10.18685913	5.384025574	/data/GSNAP/bin/gmap-2024-06-24//bin/gsnap.avx512 -A sam --merge-distant-samechr --novelsplicing 1 --nthreads 24 -D ./ -d index baruzzo_human_t2r1.forward.trimmed.fasta baruzzo_human_t2r1.reverse.trimmed.fasta
Baruzzo	GSNAP 2024-06-24 default baruzzo_human_t2r2	GSNAP 2024-06-24 default	GSNAP 2024-06-24 default Baruzzo	GSNAP 2024-06-24 default human	T2	human T2 R2	GSNAP	human	2	6/24/24	default	2146	21.03518677	58.969	10.18869019	5.478881836	/data/GSNAP/bin/gmap-2024-06-24//bin/gsnap.avx512 -A sam --merge-distant-samechr --novelsplicing 1 --nthreads 24 -D ./ -d index baruzzo_human_t2r2.forward.trimmed.fasta baruzzo_human_t2r2.reverse.trimmed.fasta
Baruzzo	GSNAP 2024-06-24 default baruzzo_human_t2r3	GSNAP 2024-06-24 default	GSNAP 2024-06-24 default Baruzzo	GSNAP 2024-06-24 default human	T2	human T2 R3	GSNAP	human	3	6/24/24	default	2291	20.42842865	55.57333333	10.18486023	36.25896454	/data/GSNAP/bin/gmap-2024-06-24//bin/gsnap.avx512 -A sam --merge-distant-samechr --novelsplicing 1 --nthreads 24 -D ./ -d index baruzzo_human_t2r3.forward.trimmed.fasta baruzzo_human_t2r3.reverse.trimmed.fasta
Baruzzo	GSNAP 2024-06-24 default baruzzo_human_t3r1	GSNAP 2024-06-24 default	GSNAP 2024-06-24 default Baruzzo	GSNAP 2024-06-24 default human	T3	human T3 R1	GSNAP	human	1	6/24/24	default	2335	22.8075676	150.5166667	10.59259796	11.9936676	/data/GSNAP/bin/gmap-2024-06-24//bin/gsnap.avx512 -A sam --merge-distant-samechr --novelsplicing 1 --nthreads 24 -D ./ -d index baruzzo_human_t3r1.forward.trimmed.fasta baruzzo_human_t3r1.reverse.trimmed.fasta
Baruzzo	GSNAP 2024-06-24 default baruzzo_human_t3r2	GSNAP 2024-06-24 default	GSNAP 2024-06-24 default Baruzzo	GSNAP 2024-06-24 default human	T3	human T3 R2	GSNAP	human	2	6/24/24	default	2319	24.99701309	151.1166667	10.59477997	17.17987061	/data/GSNAP/bin/gmap-2024-06-24//bin/gsnap.avx512 -A sam --merge-distant-samechr --novelsplicing 1 --nthreads 24 -D ./ -d index baruzzo_human_t3r2.forward.trimmed.fasta baruzzo_human_t3r2.reverse.trimmed.fasta
Baruzzo	GSNAP 2024-06-24 default baruzzo_human_t3r3	GSNAP 2024-06-24 default	GSNAP 2024-06-24 default Baruzzo	GSNAP 2024-06-24 default human	T3	human T3 R3	GSNAP	human	3	6/24/24	default	2321	31.42142487	151.8166667	10.59465027	34.15211487	/data/GSNAP/bin/gmap-2024-06-24//bin/gsnap.avx512 -A sam --merge-distant-samechr --novelsplicing 1 --nthreads 24 -D ./ -d index baruzzo_human_t3r3.forward.trimmed.fasta baruzzo_human_t3r3.reverse.trimmed.fasta
Baruzzo	GSNAP 2024-06-24 default baruzzo_malaria_t1r1	GSNAP 2024-06-24 default	GSNAP 2024-06-24 default Baruzzo	GSNAP 2024-06-24 default malaria	T1	malaria T1 R1	GSNAP	malaria	1	6/24/24	default	2270	0.952381134	37.7615	9.335662842	4.310516357	/data/GSNAP/bin/gmap-2024-06-24//bin/gsnap.avx512 -A sam --merge-distant-samechr --novelsplicing 1 --nthreads 24 -D ./ -d index baruzzo_malaria_t1r1.forward.trimmed.fasta baruzzo_malaria_t1r1.reverse.trimmed.fasta
Baruzzo	GSNAP 2024-06-24 default baruzzo_malaria_t1r2	GSNAP 2024-06-24 default	GSNAP 2024-06-24 default Baruzzo	GSNAP 2024-06-24 default malaria	T1	malaria T1 R2	GSNAP	malaria	2	6/24/24	default	2251	0.893024445	37.658	9.335777283	4.310501099	/data/GSNAP/bin/gmap-2024-06-24//bin/gsnap.avx512 -A sam --merge-distant-samechr --novelsplicing 1 --nthreads 24 -D ./ -d index baruzzo_malaria_t1r2.forward.trimmed.fasta baruzzo_malaria_t1r2.reverse.trimmed.fasta
Baruzzo	GSNAP 2024-06-24 default baruzzo_malaria_t1r3	GSNAP 2024-06-24 default	GSNAP 2024-06-24 default Baruzzo	GSNAP 2024-06-24 default malaria	T1	malaria T1 R3	GSNAP	malaria	3	6/24/24	default	2268	0.918457031	37.6685	9.335975647	4.59954071	/data/GSNAP/bin/gmap-2024-06-24//bin/gsnap.avx512 -A sam --merge-distant-samechr --novelsplicing 1 --nthreads 24 -D ./ -d index baruzzo_malaria_t1r3.forward.trimmed.fasta baruzzo_malaria_t1r3.reverse.trimmed.fasta
Baruzzo	GSNAP 2024-06-24 default baruzzo_malaria_t2r1	GSNAP 2024-06-24 default	GSNAP 2024-06-24 default Baruzzo	GSNAP 2024-06-24 default malaria	T2	malaria T2 R1	GSNAP	malaria	1	6/24/24	default	2255	2.060539246	52.3375	9.553871155	4.593429565	/data/GSNAP/bin/gmap-2024-06-24//bin/gsnap.avx512 -A sam --merge-distant-samechr --novelsplicing 1 --nthreads 24 -D ./ -d index baruzzo_malaria_t2r1.forward.trimmed.fasta baruzzo_malaria_t2r1.reverse.trimmed.fasta
Baruzzo	GSNAP 2024-06-24 default baruzzo_malaria_t2r2	GSNAP 2024-06-24 default	GSNAP 2024-06-24 default Baruzzo	GSNAP 2024-06-24 default malaria	T2	malaria T2 R2	GSNAP	malaria	2	6/24/24	default	2279	0.975536346	52.16383333	9.554389954	4.311058044	/data/GSNAP/bin/gmap-2024-06-24//bin/gsnap.avx512 -A sam --merge-distant-samechr --novelsplicing 1 --nthreads 24 -D ./ -d index baruzzo_malaria_t2r2.forward.trimmed.fasta baruzzo_malaria_t2r2.reverse.trimmed.fasta
Baruzzo	GSNAP 2024-06-24 default baruzzo_malaria_t2r3	GSNAP 2024-06-24 default	GSNAP 2024-06-24 default Baruzzo	GSNAP 2024-06-24 default malaria	T2	malaria T2 R3	GSNAP	malaria	3	6/24/24	default	2293	0.931217194	51.56266667	9.552383423	4.310577393	/data/GSNAP/bin/gmap-2024-06-24//bin/gsnap.avx512 -A sam --merge-distant-samechr --novelsplicing 1 --nthreads 24 -D ./ -d index baruzzo_malaria_t2r3.forward.trimmed.fasta baruzzo_malaria_t2r3.reverse.trimmed.fasta
Baruzzo	GSNAP 2024-06-24 default baruzzo_malaria_t3r1	GSNAP 2024-06-24 default	GSNAP 2024-06-24 default Baruzzo	GSNAP 2024-06-24 default malaria	T3	malaria T3 R1	GSNAP	malaria	1	6/24/24	default	2355	1.371059418	140.9	10.38784027	4.313644409	/data/GSNAP/bin/gmap-2024-06-24//bin/gsnap.avx512 -A sam --merge-distant-samechr --novelsplicing 1 --nthreads 24 -D ./ -d index baruzzo_malaria_t3r1.forward.trimmed.fasta baruzzo_malaria_t3r1.reverse.trimmed.fasta
Baruzzo	GSNAP 2024-06-24 default baruzzo_malaria_t3r2	GSNAP 2024-06-24 default	GSNAP 2024-06-24 default Baruzzo	GSNAP 2024-06-24 default malaria	T3	malaria T3 R2	GSNAP	malaria	2	6/24/24	default	2360	1.403835297	140.05	10.3886261	4.312713623	/data/GSNAP/bin/gmap-2024-06-24//bin/gsnap.avx512 -A sam --merge-distant-samechr --novelsplicing 1 --nthreads 24 -D ./ -d index baruzzo_malaria_t3r2.forward.trimmed.fasta baruzzo_malaria_t3r2.reverse.trimmed.fasta
Baruzzo	GSNAP 2024-06-24 default baruzzo_malaria_t3r3	GSNAP 2024-06-24 default	GSNAP 2024-06-24 default Baruzzo	GSNAP 2024-06-24 default malaria	T3	malaria T3 R3	GSNAP	malaria	3	6/24/24	default	2361	1.441345215	139.9	10.38721466	4.312324524	/data/GSNAP/bin/gmap-2024-06-24//bin/gsnap.avx512 -A sam --merge-distant-samechr --novelsplicing 1 --nthreads 24 -D ./ -d index baruzzo_malaria_t3r3.forward.trimmed.fasta baruzzo_malaria_t3r3.reverse.trimmed.fasta
SimBA	GSNAP 2024-06-24 default SimBA_human_t1	GSNAP 2024-06-24 default	GSNAP 2024-06-24 default SimBA	GSNAP 2024-06-24 default human	T1	human T1 R1	GSNAP	human	1	6/24/24	default	2121	22.96223068	45.22183333	15.24192047	10.17821503	/data/GSNAP/bin/gmap-2024-06-24//bin/gsnap.avx512 -A sam --merge-distant-samechr --novelsplicing 1 --nthreads 24 -D ./ -d index SimBA_human_t1.reads_1_val_1.fq SimBA_human_t1.reads_2_val_2.fq
SimBA	GSNAP 2024-06-24 default SimBA_human_t2	GSNAP 2024-06-24 default	GSNAP 2024-06-24 default SimBA	GSNAP 2024-06-24 default human	T2	human T2 R1	GSNAP	human	1	6/24/24	default	2164	27.01906586	50.83033333	15.33906555	9.923667908	/data/GSNAP/bin/gmap-2024-06-24//bin/gsnap.avx512 -A sam --merge-distant-samechr --novelsplicing 1 --nthreads 24 -D ./ -d index SimBA_human_t2.reads_1_val_1.fq SimBA_human_t2.reads_2_val_2.fq
SimBA	GSNAP 2024-06-24 default SimBA_human_t3	GSNAP 2024-06-24 default	GSNAP 2024-06-24 default SimBA	GSNAP 2024-06-24 default human	T3	human T3 R1	GSNAP	human	1	6/24/24	default	2173	27.00462723	64.53333333	15.51129913	9.912559509	/data/GSNAP/bin/gmap-2024-06-24//bin/gsnap.avx512 -A sam --merge-distant-samechr --novelsplicing 1 --nthreads 24 -D ./ -d index SimBA_human_t3.reads_1_val_1.fq SimBA_human_t3.reads_2_val_2.fq
SimBA	GSNAP 2024-06-24 default SimBA_malaria_t1	GSNAP 2024-06-24 default	GSNAP 2024-06-24 default SimBA	GSNAP 2024-06-24 default malaria	T1	malaria T1 R1	GSNAP	malaria	1	6/24/24	default	2191	0.926231384	39.04166667	14.13085938	9.292243958	/data/GSNAP/bin/gmap-2024-06-24//bin/gsnap.avx512 -A sam --merge-distant-samechr --novelsplicing 1 --nthreads 24 -D ./ -d index SimBA_malaria_t1.reads_1_val_1.fq SimBA_malaria_t1.reads_2_val_2.fq
SimBA	GSNAP 2024-06-24 default SimBA_malaria_t2	GSNAP 2024-06-24 default	GSNAP 2024-06-24 default SimBA	GSNAP 2024-06-24 default malaria	T2	malaria T2 R1	GSNAP	malaria	1	6/24/24	default	2232	1.052757263	63.55	14.70918274	9.398124695	/data/GSNAP/bin/gmap-2024-06-24//bin/gsnap.avx512 -A sam --merge-distant-samechr --novelsplicing 1 --nthreads 24 -D ./ -d index SimBA_malaria_t2.reads_1_val_1.fq SimBA_malaria_t2.reads_2_val_2.fq
SimBA	GSNAP 2024-06-24 default SimBA_malaria_t3	GSNAP 2024-06-24 default	GSNAP 2024-06-24 default SimBA	GSNAP 2024-06-24 default malaria	T3	malaria T3 R1	GSNAP	malaria	1	6/24/24	default	2306	1.07837677	109.35	15.1974411	9.579216003	/data/GSNAP/bin/gmap-2024-06-24//bin/gsnap.avx512 -A sam --merge-distant-samechr --novelsplicing 1 --nthreads 24 -D ./ -d index SimBA_malaria_t3.reads_1_val_1.fq SimBA_malaria_t3.reads_2_val_2.fq
Baruzzo	HISAT2 2.2.1 default baruzzo_human_t1r1	HISAT2 2.2.1 default	HISAT2 2.2.1 default Baruzzo	HISAT2 2.2.1 default human	T1	human T1 R1	HISAT2	human	1	2.2.1	default	2264	5.640258789	1.3275	13.08972931	4.313911438	/home/fberakdar/anaconda3/envs/env_RNAseqBench/bin/hisat2 -f -p 24 -x index -1 baruzzo_human_t1r1.forward.trimmed.fasta -2 baruzzo_human_t1r1.reverse.trimmed.fasta
Baruzzo	HISAT2 2.2.1 default baruzzo_human_t1r2	HISAT2 2.2.1 default	HISAT2 2.2.1 default Baruzzo	HISAT2 2.2.1 default human	T1	human T1 R2	HISAT2	human	2	2.2.1	default	2261	5.681873322	1.336833333	13.08905029	4.313926697	/home/fberakdar/anaconda3/envs/env_RNAseqBench/bin/hisat2 -f -p 24 -x index -1 baruzzo_human_t1r2.forward.trimmed.fasta -2 baruzzo_human_t1r2.reverse.trimmed.fasta
Baruzzo	HISAT2 2.2.1 default baruzzo_human_t1r3	HISAT2 2.2.1 default	HISAT2 2.2.1 default Baruzzo	HISAT2 2.2.1 default human	T1	human T1 R3	HISAT2	human	3	2.2.1	default	2182	5.656913757	1.767833333	13.09104156	4.313919067	/home/fberakdar/anaconda3/envs/env_RNAseqBench/bin/hisat2 -f -p 24 -x index -1 baruzzo_human_t1r3.forward.trimmed.fasta -2 baruzzo_human_t1r3.reverse.trimmed.fasta
Baruzzo	HISAT2 2.2.1 default baruzzo_human_t2r1	HISAT2 2.2.1 default	HISAT2 2.2.1 default Baruzzo	HISAT2 2.2.1 default human	T2	human T2 R1	HISAT2	human	1	2.2.1	default	1996	5.736133575	4.3965	12.95249176	14.59428406	/home/fberakdar/anaconda3/envs/env_RNAseqBench/bin/hisat2 -f -p 24 -x index -1 baruzzo_human_t2r1.forward.trimmed.fasta -2 baruzzo_human_t2r1.reverse.trimmed.fasta
Baruzzo	HISAT2 2.2.1 default baruzzo_human_t2r2	HISAT2 2.2.1 default	HISAT2 2.2.1 default Baruzzo	HISAT2 2.2.1 default human	T2	human T2 R2	HISAT2	human	2	2.2.1	default	1993	5.730529785	2.8535	12.95324707	8.15423584	/home/fberakdar/anaconda3/envs/env_RNAseqBench/bin/hisat2 -f -p 24 -x index -1 baruzzo_human_t2r2.forward.trimmed.fasta -2 baruzzo_human_t2r2.reverse.trimmed.fasta
Baruzzo	HISAT2 2.2.1 default baruzzo_human_t2r3	HISAT2 2.2.1 default	HISAT2 2.2.1 default Baruzzo	HISAT2 2.2.1 default human	T2	human T2 R3	HISAT2	human	3	2.2.1	default	2216	5.690639496	2.3825	12.94857788	7.998817444	/home/fberakdar/anaconda3/envs/env_RNAseqBench/bin/hisat2 -f -p 24 -x index -1 baruzzo_human_t2r3.forward.trimmed.fasta -2 baruzzo_human_t2r3.reverse.trimmed.fasta
Baruzzo	HISAT2 2.2.1 default baruzzo_human_t3r1	HISAT2 2.2.1 default	HISAT2 2.2.1 default Baruzzo	HISAT2 2.2.1 default human	T3	human T3 R1	HISAT2	human	1	2.2.1	default	2323	5.66072464	2.413166667	10.02689362	4.314590454	/home/fberakdar/anaconda3/envs/env_RNAseqBench/bin/hisat2 -f -p 24 -x index -1 baruzzo_human_t3r1.forward.trimmed.fasta -2 baruzzo_human_t3r1.reverse.trimmed.fasta
Baruzzo	HISAT2 2.2.1 default baruzzo_human_t3r2	HISAT2 2.2.1 default	HISAT2 2.2.1 default Baruzzo	HISAT2 2.2.1 default human	T3	human T3 R2	HISAT2	human	2	2.2.1	default	2322	5.652584076	2.385666667	10.02897644	4.314170837	/home/fberakdar/anaconda3/envs/env_RNAseqBench/bin/hisat2 -f -p 24 -x index -1 baruzzo_human_t3r2.forward.trimmed.fasta -2 baruzzo_human_t3r2.reverse.trimmed.fasta
Baruzzo	HISAT2 2.2.1 default baruzzo_human_t3r3	HISAT2 2.2.1 default	HISAT2 2.2.1 default Baruzzo	HISAT2 2.2.1 default human	T3	human T3 R3	HISAT2	human	3	2.2.1	default	2010	5.649078369	3.613833333	10.02759552	8.977745056	/home/fberakdar/anaconda3/envs/env_RNAseqBench/bin/hisat2 -f -p 24 -x index -1 baruzzo_human_t3r3.forward.trimmed.fasta -2 baruzzo_human_t3r3.reverse.trimmed.fasta
Baruzzo	HISAT2 2.2.1 default baruzzo_malaria_t1r1	HISAT2 2.2.1 default	HISAT2 2.2.1 default Baruzzo	HISAT2 2.2.1 default malaria	T1	malaria T1 R1	HISAT2	malaria	1	2.2.1	default	2352	0.186630249	0.962333333	12.69559479	0.002891541	/home/fberakdar/anaconda3/envs/env_RNAseqBench/bin/hisat2 -f -p 24 -x index -1 baruzzo_malaria_t1r1.forward.trimmed.fasta -2 baruzzo_malaria_t1r1.reverse.trimmed.fasta
Baruzzo	HISAT2 2.2.1 default baruzzo_malaria_t1r2	HISAT2 2.2.1 default	HISAT2 2.2.1 default Baruzzo	HISAT2 2.2.1 default malaria	T1	malaria T1 R2	HISAT2	malaria	2	2.2.1	default	2345	0.193317413	0.9885	12.70135498	1.585586548	/home/fberakdar/anaconda3/envs/env_RNAseqBench/bin/hisat2 -f -p 24 -x index -1 baruzzo_malaria_t1r2.forward.trimmed.fasta -2 baruzzo_malaria_t1r2.reverse.trimmed.fasta
Baruzzo	HISAT2 2.2.1 default baruzzo_malaria_t1r3	HISAT2 2.2.1 default	HISAT2 2.2.1 default Baruzzo	HISAT2 2.2.1 default malaria	T1	malaria T1 R3	HISAT2	malaria	3	2.2.1	default	2344	0.190090179	0.963166667	12.70063782	0.024772644	/home/fberakdar/anaconda3/envs/env_RNAseqBench/bin/hisat2 -f -p 24 -x index -1 baruzzo_malaria_t1r3.forward.trimmed.fasta -2 baruzzo_malaria_t1r3.reverse.trimmed.fasta
Baruzzo	HISAT2 2.2.1 default baruzzo_malaria_t2r1	HISAT2 2.2.1 default	HISAT2 2.2.1 default Baruzzo	HISAT2 2.2.1 default malaria	T2	malaria T2 R1	HISAT2	malaria	1	2.2.1	default	2257	0.214076996	1.072	12.37860107	0.018531799	/home/fberakdar/anaconda3/envs/env_RNAseqBench/bin/hisat2 -f -p 24 -x index -1 baruzzo_malaria_t2r1.forward.trimmed.fasta -2 baruzzo_malaria_t2r1.reverse.trimmed.fasta
Baruzzo	HISAT2 2.2.1 default baruzzo_malaria_t2r2	HISAT2 2.2.1 default	HISAT2 2.2.1 default Baruzzo	HISAT2 2.2.1 default malaria	T2	malaria T2 R2	HISAT2	malaria	2	2.2.1	default	2322	0.215774536	1.071833333	12.38652039	2.909759521	/home/fberakdar/anaconda3/envs/env_RNAseqBench/bin/hisat2 -f -p 24 -x index -1 baruzzo_malaria_t2r2.forward.trimmed.fasta -2 baruzzo_malaria_t2r2.reverse.trimmed.fasta
Baruzzo	HISAT2 2.2.1 default baruzzo_malaria_t2r3	HISAT2 2.2.1 default	HISAT2 2.2.1 default Baruzzo	HISAT2 2.2.1 default malaria	T2	malaria T2 R3	HISAT2	malaria	3	2.2.1	default	2353	0.216064453	1.022666667	12.37615204	0.297546387	/home/fberakdar/anaconda3/envs/env_RNAseqBench/bin/hisat2 -f -p 24 -x index -1 baruzzo_malaria_t2r3.forward.trimmed.fasta -2 baruzzo_malaria_t2r3.reverse.trimmed.fasta
Baruzzo	HISAT2 2.2.1 default baruzzo_malaria_t3r1	HISAT2 2.2.1 default	HISAT2 2.2.1 default Baruzzo	HISAT2 2.2.1 default malaria	T3	malaria T3 R1	HISAT2	malaria	1	2.2.1	default	2286	0.160362244	1.158	9.15562439	0.071151733	/home/fberakdar/anaconda3/envs/env_RNAseqBench/bin/hisat2 -f -p 24 -x index -1 baruzzo_malaria_t3r1.forward.trimmed.fasta -2 baruzzo_malaria_t3r1.reverse.trimmed.fasta
Baruzzo	HISAT2 2.2.1 default baruzzo_malaria_t3r2	HISAT2 2.2.1 default	HISAT2 2.2.1 default Baruzzo	HISAT2 2.2.1 default malaria	T3	malaria T3 R2	HISAT2	malaria	2	2.2.1	default	2338	0.158287048	1.1585	9.156951904	3.037696838	/home/fberakdar/anaconda3/envs/env_RNAseqBench/bin/hisat2 -f -p 24 -x index -1 baruzzo_malaria_t3r2.forward.trimmed.fasta -2 baruzzo_malaria_t3r2.reverse.trimmed.fasta
Baruzzo	HISAT2 2.2.1 default baruzzo_malaria_t3r3	HISAT2 2.2.1 default	HISAT2 2.2.1 default Baruzzo	HISAT2 2.2.1 default malaria	T3	malaria T3 R3	HISAT2	malaria	3	2.2.1	default	2346	0.1640625	1.128833333	9.160110474	0.995819092	/home/fberakdar/anaconda3/envs/env_RNAseqBench/bin/hisat2 -f -p 24 -x index -1 baruzzo_malaria_t3r3.forward.trimmed.fasta -2 baruzzo_malaria_t3r3.reverse.trimmed.fasta
SimBA	HISAT2 2.2.1 default SimBA_human_t1	HISAT2 2.2.1 default	HISAT2 2.2.1 default SimBA	HISAT2 2.2.1 default human	T1	human T1 R1	HISAT2	human	1	2.2.1	default	2258	5.540378571	1.604	14.51017761	9.540245056	/home/fberakdar/anaconda3/envs/env_RNAseqBench/bin/hisat2 -p 24 -x index -1 SimBA_human_t1.reads_1_val_1.fq -2 SimBA_human_t1.reads_2_val_2.fq
SimBA	HISAT2 2.2.1 default SimBA_human_t2	HISAT2 2.2.1 default	HISAT2 2.2.1 default SimBA	HISAT2 2.2.1 default human	T2	human T2 R1	HISAT2	human	1	2.2.1	default	2260	5.559673309	1.634166667	14.45941162	9.556518555	/home/fberakdar/anaconda3/envs/env_RNAseqBench/bin/hisat2 -p 24 -x index -1 SimBA_human_t2.reads_1_val_1.fq -2 SimBA_human_t2.reads_2_val_2.fq
SimBA	HISAT2 2.2.1 default SimBA_human_t3	HISAT2 2.2.1 default	HISAT2 2.2.1 default SimBA	HISAT2 2.2.1 default human	T3	human T3 R1	HISAT2	human	1	2.2.1	default	2265	5.578052521	1.702333333	14.40917969	9.559654236	/home/fberakdar/anaconda3/envs/env_RNAseqBench/bin/hisat2 -p 24 -x index -1 SimBA_human_t3.reads_1_val_1.fq -2 SimBA_human_t3.reads_2_val_2.fq
SimBA	HISAT2 2.2.1 default SimBA_malaria_t1	HISAT2 2.2.1 default	HISAT2 2.2.1 default SimBA	HISAT2 2.2.1 default malaria	T1	malaria T1 R1	HISAT2	malaria	1	2.2.1	default	2266	0.184673309	1.463666667	13.72251129	0.544265747	/home/fberakdar/anaconda3/envs/env_RNAseqBench/bin/hisat2 -p 24 -x index -1 SimBA_malaria_t1.reads_1_val_1.fq -2 SimBA_malaria_t1.reads_2_val_2.fq
SimBA	HISAT2 2.2.1 default SimBA_malaria_t2	HISAT2 2.2.1 default	HISAT2 2.2.1 default SimBA	HISAT2 2.2.1 default malaria	T2	malaria T2 R1	HISAT2	malaria	1	2.2.1	default	2260	0.249927521	1.522333333	13.28088379	4.398460388	/home/fberakdar/anaconda3/envs/env_RNAseqBench/bin/hisat2 -p 24 -x index -1 SimBA_malaria_t2.reads_1_val_1.fq -2 SimBA_malaria_t2.reads_2_val_2.fq
SimBA	HISAT2 2.2.1 default SimBA_malaria_t3	HISAT2 2.2.1 default	HISAT2 2.2.1 default SimBA	HISAT2 2.2.1 default malaria	T3	malaria T3 R1	HISAT2	malaria	1	2.2.1	default	2290	0.227638245	1.528666667	11.83621979	0.098220825	/home/fberakdar/anaconda3/envs/env_RNAseqBench/bin/hisat2 -p 24 -x index -1 SimBA_malaria_t3.reads_1_val_1.fq -2 SimBA_malaria_t3.reads_2_val_2.fq
Baruzzo	STAR 2.7.10a default baruzzo_human_t1r1	STAR 2.7.10a default	STAR 2.7.10a default Baruzzo	STAR 2.7.10a default human	T1	human T1 R1	STAR	human	1	2.7.10a	default	1418	30.17577362	1.164333333	7.279273987	20.79251099	/home/fberakdar/anaconda3/envs/env_RNAseqBench/bin/STAR --runMode alignReads --genomeDir star_2.7.10a_GRCH37_baruzzo_default.idx --readFilesIn baruzzo_human_t1r1.forward.trimmed.fasta baruzzo_human_t1r1.reverse.trimmed.fasta --outSAMtype SAM --outFileNamePrefix ./ --runThreadN 24
Baruzzo	STAR 2.7.10a default baruzzo_human_t1r2	STAR 2.7.10a default	STAR 2.7.10a default Baruzzo	STAR 2.7.10a default human	T1	human T1 R2	STAR	human	2	2.7.10a	default	1121	30.17634964	1.491333333	7.279457092	57.70670319	/home/fberakdar/anaconda3/envs/env_RNAseqBench/bin/STAR --runMode alignReads --genomeDir star_2.7.10a_GRCH37_baruzzo_default.idx --readFilesIn baruzzo_human_t1r2.forward.trimmed.fasta baruzzo_human_t1r2.reverse.trimmed.fasta --outSAMtype SAM --outFileNamePrefix ./ --runThreadN 24
Baruzzo	STAR 2.7.10a default baruzzo_human_t1r3	STAR 2.7.10a default	STAR 2.7.10a default Baruzzo	STAR 2.7.10a default human	T1	human T1 R3	STAR	human	3	2.7.10a	default	1141	30.17082977	1.461166667	7.280563354	57.72728729	/home/fberakdar/anaconda3/envs/env_RNAseqBench/bin/STAR --runMode alignReads --genomeDir star_2.7.10a_GRCH37_baruzzo_default.idx --readFilesIn baruzzo_human_t1r3.forward.trimmed.fasta baruzzo_human_t1r3.reverse.trimmed.fasta --outSAMtype SAM --outFileNamePrefix ./ --runThreadN 24
Baruzzo	STAR 2.7.10a default baruzzo_human_t2r1	STAR 2.7.10a default	STAR 2.7.10a default Baruzzo	STAR 2.7.10a default human	T2	human T2 R1	STAR	human	1	2.7.10a	default	1608	30.17499161	1.461666667	7.30255127	21.81175232	/home/fberakdar/anaconda3/envs/env_RNAseqBench/bin/STAR --runMode alignReads --genomeDir star_2.7.10a_GRCH37_baruzzo_default.idx --readFilesIn baruzzo_human_t2r1.forward.trimmed.fasta baruzzo_human_t2r1.reverse.trimmed.fasta --outSAMtype SAM --outFileNamePrefix ./ --runThreadN 24
Baruzzo	STAR 2.7.10a default baruzzo_human_t2r2	STAR 2.7.10a default	STAR 2.7.10a default Baruzzo	STAR 2.7.10a default human	T2	human T2 R2	STAR	human	2	2.7.10a	default	1591	30.17197418	1.4695	7.302909851	23.30908203	/home/fberakdar/anaconda3/envs/env_RNAseqBench/bin/STAR --runMode alignReads --genomeDir star_2.7.10a_GRCH37_baruzzo_default.idx --readFilesIn baruzzo_human_t2r2.forward.trimmed.fasta baruzzo_human_t2r2.reverse.trimmed.fasta --outSAMtype SAM --outFileNamePrefix ./ --runThreadN 24
Baruzzo	STAR 2.7.10a default baruzzo_human_t2r3	STAR 2.7.10a default	STAR 2.7.10a default Baruzzo	STAR 2.7.10a default human	T2	human T2 R3	STAR	human	3	2.7.10a	default	1552	30.17111206	1.5175	7.303352356	20.53295898	/home/fberakdar/anaconda3/envs/env_RNAseqBench/bin/STAR --runMode alignReads --genomeDir star_2.7.10a_GRCH37_baruzzo_default.idx --readFilesIn baruzzo_human_t2r3.forward.trimmed.fasta baruzzo_human_t2r3.reverse.trimmed.fasta --outSAMtype SAM --outFileNamePrefix ./ --runThreadN 24
Baruzzo	STAR 2.7.10a default baruzzo_human_t3r1	STAR 2.7.10a default	STAR 2.7.10a default Baruzzo	STAR 2.7.10a default human	T3	human T3 R1	STAR	human	1	2.7.10a	default	1809	30.14447021	2.383666667	6.195297241	18.58595276	/home/fberakdar/anaconda3/envs/env_RNAseqBench/bin/STAR --runMode alignReads --genomeDir star_2.7.10a_GRCH37_baruzzo_default.idx --readFilesIn baruzzo_human_t3r1.forward.trimmed.fasta baruzzo_human_t3r1.reverse.trimmed.fasta --outSAMtype SAM --outFileNamePrefix ./ --runThreadN 24
Baruzzo	STAR 2.7.10a default baruzzo_human_t3r2	STAR 2.7.10a default	STAR 2.7.10a default Baruzzo	STAR 2.7.10a default human	T3	human T3 R2	STAR	human	2	2.7.10a	default	1792	30.14596176	2.409833333	6.195495605	18.51161194	/home/fberakdar/anaconda3/envs/env_RNAseqBench/bin/STAR --runMode alignReads --genomeDir star_2.7.10a_GRCH37_baruzzo_default.idx --readFilesIn baruzzo_human_t3r2.forward.trimmed.fasta baruzzo_human_t3r2.reverse.trimmed.fasta --outSAMtype SAM --outFileNamePrefix ./ --runThreadN 24
Baruzzo	STAR 2.7.10a default baruzzo_human_t3r3	STAR 2.7.10a default	STAR 2.7.10a default Baruzzo	STAR 2.7.10a default human	T3	human T3 R3	STAR	human	3	2.7.10a	default	1774	30.14562988	2.432166667	6.193626404	21.75232697	/home/fberakdar/anaconda3/envs/env_RNAseqBench/bin/STAR --runMode alignReads --genomeDir star_2.7.10a_GRCH37_baruzzo_default.idx --readFilesIn baruzzo_human_t3r3.forward.trimmed.fasta baruzzo_human_t3r3.reverse.trimmed.fasta --outSAMtype SAM --outFileNamePrefix ./ --runThreadN 24
Baruzzo	STAR 2.7.10a default baruzzo_malaria_t1r1	STAR 2.7.10a default	STAR 2.7.10a default Baruzzo	STAR 2.7.10a default malaria	T1	malaria T1 R1	STAR	malaria	1	2.7.10a	default	2091	3.66973877	1.617333333	7.123970032	4.310516357	/home/fberakdar/anaconda3/envs/env_RNAseqBench/bin/STAR --runMode alignReads --genomeDir star_2.7.10a_PFAL_SA11.idx --readFilesIn baruzzo_malaria_t1r1.forward.trimmed.fasta baruzzo_malaria_t1r1.reverse.trimmed.fasta --outSAMtype SAM --outFileNamePrefix ./ --runThreadN 24
Baruzzo	STAR 2.7.10a default baruzzo_malaria_t1r2	STAR 2.7.10a default	STAR 2.7.10a default Baruzzo	STAR 2.7.10a default malaria	T1	malaria T1 R2	STAR	malaria	2	2.7.10a	default	2074	3.665649414	1.6335	7.123161316	4.310501099	/home/fberakdar/anaconda3/envs/env_RNAseqBench/bin/STAR --runMode alignReads --genomeDir star_2.7.10a_PFAL_SA11.idx --readFilesIn baruzzo_malaria_t1r2.forward.trimmed.fasta baruzzo_malaria_t1r2.reverse.trimmed.fasta --outSAMtype SAM --outFileNamePrefix ./ --runThreadN 24
Baruzzo	STAR 2.7.10a default baruzzo_malaria_t1r3	STAR 2.7.10a default	STAR 2.7.10a default Baruzzo	STAR 2.7.10a default malaria	T1	malaria T1 R3	STAR	malaria	3	2.7.10a	default	2083	3.668964386	1.626833333	7.124725342	4.800964355	/home/fberakdar/anaconda3/envs/env_RNAseqBench/bin/STAR --runMode alignReads --genomeDir star_2.7.10a_PFAL_SA11.idx --readFilesIn baruzzo_malaria_t1r3.forward.trimmed.fasta baruzzo_malaria_t1r3.reverse.trimmed.fasta --outSAMtype SAM --outFileNamePrefix ./ --runThreadN 24
Baruzzo	STAR 2.7.10a default baruzzo_malaria_t2r1	STAR 2.7.10a default	STAR 2.7.10a default Baruzzo	STAR 2.7.10a default malaria	T2	malaria T2 R1	STAR	malaria	1	2.7.10a	default	2168	3.668121338	5.345166667	7.235038757	4.310577393	/home/fberakdar/anaconda3/envs/env_RNAseqBench/bin/STAR --runMode alignReads --genomeDir star_2.7.10a_PFAL_SA11.idx --readFilesIn baruzzo_malaria_t2r1.forward.trimmed.fasta baruzzo_malaria_t2r1.reverse.trimmed.fasta --outSAMtype SAM --outFileNamePrefix ./ --runThreadN 24
Baruzzo	STAR 2.7.10a default baruzzo_malaria_t2r2	STAR 2.7.10a default	STAR 2.7.10a default Baruzzo	STAR 2.7.10a default malaria	T2	malaria T2 R2	STAR	malaria	2	2.7.10a	default	2153	3.670688629	5.377666667	7.232330322	4.31098938	/home/fberakdar/anaconda3/envs/env_RNAseqBench/bin/STAR --runMode alignReads --genomeDir star_2.7.10a_PFAL_SA11.idx --readFilesIn baruzzo_malaria_t2r2.forward.trimmed.fasta baruzzo_malaria_t2r2.reverse.trimmed.fasta --outSAMtype SAM --outFileNamePrefix ./ --runThreadN 24
Baruzzo	STAR 2.7.10a default baruzzo_malaria_t2r3	STAR 2.7.10a default	STAR 2.7.10a default Baruzzo	STAR 2.7.10a default malaria	T2	malaria T2 R3	STAR	malaria	3	2.7.10a	default	2147	3.669399261	5.3795	7.230667114	4.310577393	/home/fberakdar/anaconda3/envs/env_RNAseqBench/bin/STAR --runMode alignReads --genomeDir star_2.7.10a_PFAL_SA11.idx --readFilesIn baruzzo_malaria_t2r3.forward.trimmed.fasta baruzzo_malaria_t2r3.reverse.trimmed.fasta --outSAMtype SAM --outFileNamePrefix ./ --runThreadN 24
Baruzzo	STAR 2.7.10a default baruzzo_malaria_t3r1	STAR 2.7.10a default	STAR 2.7.10a default Baruzzo	STAR 2.7.10a default malaria	T3	malaria T3 R1	STAR	malaria	1	2.7.10a	default	2174	3.672180176	35.505	6.033332825	4.312316895	/home/fberakdar/anaconda3/envs/env_RNAseqBench/bin/STAR --runMode alignReads --genomeDir star_2.7.10a_PFAL_SA11.idx --readFilesIn baruzzo_malaria_t3r1.forward.trimmed.fasta baruzzo_malaria_t3r1.reverse.trimmed.fasta --outSAMtype SAM --outFileNamePrefix ./ --runThreadN 24
Baruzzo	STAR 2.7.10a default baruzzo_malaria_t3r2	STAR 2.7.10a default	STAR 2.7.10a default Baruzzo	STAR 2.7.10a default malaria	T3	malaria T3 R2	STAR	malaria	2	2.7.10a	default	2183	3.672149658	35.32283333	6.047317505	4.344284058	/home/fberakdar/anaconda3/envs/env_RNAseqBench/bin/STAR --runMode alignReads --genomeDir star_2.7.10a_PFAL_SA11.idx --readFilesIn baruzzo_malaria_t3r2.forward.trimmed.fasta baruzzo_malaria_t3r2.reverse.trimmed.fasta --outSAMtype SAM --outFileNamePrefix ./ --runThreadN 24
Baruzzo	STAR 2.7.10a default baruzzo_malaria_t3r3	STAR 2.7.10a default	STAR 2.7.10a default Baruzzo	STAR 2.7.10a default malaria	T3	malaria T3 R3	STAR	malaria	3	2.7.10a	default	2171	3.671485901	35.60033333	6.024276733	4.312324524	/home/fberakdar/anaconda3/envs/env_RNAseqBench/bin/STAR --runMode alignReads --genomeDir star_2.7.10a_PFAL_SA11.idx --readFilesIn baruzzo_malaria_t3r3.forward.trimmed.fasta baruzzo_malaria_t3r3.reverse.trimmed.fasta --outSAMtype SAM --outFileNamePrefix ./ --runThreadN 24
SimBA	STAR 2.7.10a default SimBA_human_t1	STAR 2.7.10a default	STAR 2.7.10a default SimBA	STAR 2.7.10a default human	T1	human T1 R1	STAR	human	1	2.7.10a	default	1147	30.18901062	0.930666667	12.55103302	24.78494263	/home/fberakdar/anaconda3/envs/env_RNAseqBench/bin/STAR --runMode alignReads --genomeDir star_2.7.10a_GRCH37_baruzzo_default.idx --readFilesIn SimBA_human_t1.reads_1_val_1.fq SimBA_human_t1.reads_2_val_2.fq --outSAMtype SAM --outFileNamePrefix ./ --runThreadN 24
SimBA	STAR 2.7.10a default SimBA_human_t2	STAR 2.7.10a default	STAR 2.7.10a default SimBA	STAR 2.7.10a default human	T2	human T2 R1	STAR	human	1	2.7.10a	default	1214	30.2126503	1.065666667	12.5140686	29.54866028	/home/fberakdar/anaconda3/envs/env_RNAseqBench/bin/STAR --runMode alignReads --genomeDir star_2.7.10a_GRCH37_baruzzo_default.idx --readFilesIn SimBA_human_t2.reads_1_val_1.fq SimBA_human_t2.reads_2_val_2.fq --outSAMtype SAM --outFileNamePrefix ./ --runThreadN 24
SimBA	STAR 2.7.10a default SimBA_human_t3	STAR 2.7.10a default	STAR 2.7.10a default SimBA	STAR 2.7.10a default human	T3	human T3 R1	STAR	human	1	2.7.10a	default	1453	30.1889801	1.269333333	12.51193237	34.58027649	/home/fberakdar/anaconda3/envs/env_RNAseqBench/bin/STAR --runMode alignReads --genomeDir star_2.7.10a_GRCH37_baruzzo_default.idx --readFilesIn SimBA_human_t3.reads_1_val_1.fq SimBA_human_t3.reads_2_val_2.fq --outSAMtype SAM --outFileNamePrefix ./ --runThreadN 24
SimBA	STAR 2.7.10a default SimBA_malaria_t1	STAR 2.7.10a default	STAR 2.7.10a default SimBA	STAR 2.7.10a default malaria	T1	malaria T1 R1	STAR	malaria	1	2.7.10a	default	2154	3.664398193	0.781833333	12.09870911	9.290679932	/home/fberakdar/anaconda3/envs/env_RNAseqBench/bin/STAR --runMode alignReads --genomeDir star_2.7.10a_PFAL_SA11.idx --readFilesIn SimBA_malaria_t1.reads_1_val_1.fq SimBA_malaria_t1.reads_2_val_2.fq --outSAMtype SAM --outFileNamePrefix ./ --runThreadN 24
SimBA	STAR 2.7.10a default SimBA_malaria_t2	STAR 2.7.10a default	STAR 2.7.10a default SimBA	STAR 2.7.10a default malaria	T2	malaria T2 R1	STAR	malaria	1	2.7.10a	default	2239	3.676773071	2.564833333	12.64324951	9.402549744	/home/fberakdar/anaconda3/envs/env_RNAseqBench/bin/STAR --runMode alignReads --genomeDir star_2.7.10a_PFAL_SA11.idx --readFilesIn SimBA_malaria_t2.reads_1_val_1.fq SimBA_malaria_t2.reads_2_val_2.fq --outSAMtype SAM --outFileNamePrefix ./ --runThreadN 24
SimBA	STAR 2.7.10a default SimBA_malaria_t3	STAR 2.7.10a default	STAR 2.7.10a default SimBA	STAR 2.7.10a default malaria	T3	malaria T3 R1	STAR	malaria	1	2.7.10a	default	2267	3.67539978	13.8045	11.04454041	9.579216003	/home/fberakdar/anaconda3/envs/env_RNAseqBench/bin/STAR --runMode alignReads --genomeDir star_2.7.10a_PFAL_SA11.idx --readFilesIn SimBA_malaria_t3.reads_1_val_1.fq SimBA_malaria_t3.reads_2_val_2.fq --outSAMtype SAM --outFileNamePrefix ./ --runThreadN 24
Baruzzo	STAR 2.7.10a default+TSJS baruzzo_human_t1r1	STAR 2.7.10a default+TSJS	STAR 2.7.10a default+TSJS Baruzzo	STAR 2.7.10a default+TSJS human	T1	human T1 R1	STAR	human	1	2.7.10a	default+TSJS	0	0.027858734	12.16933333	0.000236511	0	docker run --gpus all --ipc=host --ulimit memlock=-1 --ulimit stack=67108864 --rm --volume /data/RNAseqBenchmark/nextflow_Tuned_STAR_HISAT2_minimap2/work/a5/aeb29efa01ec7d570caf6067083358:/workdir --volume /data/RNAseqBenchmark/nextflow_Tuned_STAR_HISAT2_minimap2/work/a5/aeb29efa01ec7d570caf6067083358:/outputdir nvcr.io/nvidia/clara/clara-parabricks-deepsap:v0.0.1 --out /outputdir/ --prefix STAR__2.7.10a__default+TSJS__baruzzo_human_t1r1.sorted --batch 2048 --sam /workdir/STAR__2.7.10a__default__baruzzo_human_t1r1.sorted.bam --fasta /workdir/GRCh37.primary_assembly.genome.fa --gtf /workdir/simulator_config_geneinfo_hg19_GTF
Baruzzo	STAR 2.7.10a default+TSJS baruzzo_human_t1r2	STAR 2.7.10a default+TSJS	STAR 2.7.10a default+TSJS Baruzzo	STAR 2.7.10a default+TSJS human	T1	human T1 R2	STAR	human	2	2.7.10a	default+TSJS	0	0.027412415	12.291	0.000236511	0.001586914	docker run --gpus all --ipc=host --ulimit memlock=-1 --ulimit stack=67108864 --rm --volume /data/RNAseqBenchmark/nextflow_Tuned_STAR_HISAT2_minimap2/work/93/6f5b550f1d301b76ca5c804932779e:/workdir --volume /data/RNAseqBenchmark/nextflow_Tuned_STAR_HISAT2_minimap2/work/93/6f5b550f1d301b76ca5c804932779e:/outputdir nvcr.io/nvidia/clara/clara-parabricks-deepsap:v0.0.1 --out /outputdir/ --prefix STAR__2.7.10a__default+TSJS__baruzzo_human_t1r2.sorted --batch 2048 --sam /workdir/STAR__2.7.10a__default__baruzzo_human_t1r2.sorted.bam --fasta /workdir/GRCh37.primary_assembly.genome.fa --gtf /workdir/simulator_config_geneinfo_hg19_GTF
Baruzzo	STAR 2.7.10a default+TSJS baruzzo_human_t1r3	STAR 2.7.10a default+TSJS	STAR 2.7.10a default+TSJS Baruzzo	STAR 2.7.10a default+TSJS human	T1	human T1 R3	STAR	human	3	2.7.10a	default+TSJS	0	0.028316498	12.738	0.000236511	0.000282288	docker run --gpus all --ipc=host --ulimit memlock=-1 --ulimit stack=67108864 --rm --volume /data/RNAseqBenchmark/nextflow_Tuned_STAR_HISAT2_minimap2/work/c0/21b5d7a7bf165cc5e9d0fb81a064ea:/workdir --volume /data/RNAseqBenchmark/nextflow_Tuned_STAR_HISAT2_minimap2/work/c0/21b5d7a7bf165cc5e9d0fb81a064ea:/outputdir nvcr.io/nvidia/clara/clara-parabricks-deepsap:v0.0.1 --out /outputdir/ --prefix STAR__2.7.10a__default+TSJS__baruzzo_human_t1r3.sorted --batch 2048 --sam /workdir/STAR__2.7.10a__default__baruzzo_human_t1r3.sorted.bam --fasta /workdir/GRCh37.primary_assembly.genome.fa --gtf /workdir/simulator_config_geneinfo_hg19_GTF
Baruzzo	STAR 2.7.10a default+TSJS baruzzo_human_t2r1	STAR 2.7.10a default+TSJS	STAR 2.7.10a default+TSJS Baruzzo	STAR 2.7.10a default+TSJS human	T2	human T2 R1	STAR	human	1	2.7.10a	default+TSJS	0	0.028697968	13.3555	0.000228882	0.04876709	docker run --gpus all --ipc=host --ulimit memlock=-1 --ulimit stack=67108864 --rm --volume /data/RNAseqBenchmark/nextflow_Tuned_STAR_HISAT2_minimap2/work/c1/26bac27ea5811ec00e8f78d4e35672:/workdir --volume /data/RNAseqBenchmark/nextflow_Tuned_STAR_HISAT2_minimap2/work/c1/26bac27ea5811ec00e8f78d4e35672:/outputdir nvcr.io/nvidia/clara/clara-parabricks-deepsap:v0.0.1 --out /outputdir/ --prefix STAR__2.7.10a__default+TSJS__baruzzo_human_t2r1.sorted --batch 2048 --sam /workdir/STAR__2.7.10a__default__baruzzo_human_t2r1.sorted.bam --fasta /workdir/GRCh37.primary_assembly.genome.fa --gtf /workdir/simulator_config_geneinfo_hg19_GTF
Baruzzo	STAR 2.7.10a default+TSJS baruzzo_human_t2r2	STAR 2.7.10a default+TSJS	STAR 2.7.10a default+TSJS Baruzzo	STAR 2.7.10a default+TSJS human	T2	human T2 R2	STAR	human	2	2.7.10a	default+TSJS	0	0.027397156	12.273	0.000236511	7.62939453125e-06	docker run --gpus all --ipc=host --ulimit memlock=-1 --ulimit stack=67108864 --rm --volume /data/RNAseqBenchmark/nextflow_Tuned_STAR_HISAT2_minimap2/work/66/8c0b2eeba26a17fe98ad012f93b161:/workdir --volume /data/RNAseqBenchmark/nextflow_Tuned_STAR_HISAT2_minimap2/work/66/8c0b2eeba26a17fe98ad012f93b161:/outputdir nvcr.io/nvidia/clara/clara-parabricks-deepsap:v0.0.1 --out /outputdir/ --prefix STAR__2.7.10a__default+TSJS__baruzzo_human_t2r2.sorted --batch 2048 --sam /workdir/STAR__2.7.10a__default__baruzzo_human_t2r2.sorted.bam --fasta /workdir/GRCh37.primary_assembly.genome.fa --gtf /workdir/simulator_config_geneinfo_hg19_GTF
Baruzzo	STAR 2.7.10a default+TSJS baruzzo_human_t2r3	STAR 2.7.10a default+TSJS	STAR 2.7.10a default+TSJS Baruzzo	STAR 2.7.10a default+TSJS human	T2	human T2 R3	STAR	human	3	2.7.10a	default+TSJS	0	0.028656006	12.2705	0.000228882	0.000213623	docker run --gpus all --ipc=host --ulimit memlock=-1 --ulimit stack=67108864 --rm --volume /data/RNAseqBenchmark/nextflow_Tuned_STAR_HISAT2_minimap2/work/e1/ee56daf143f3ed293b2fa784fa9ed4:/workdir --volume /data/RNAseqBenchmark/nextflow_Tuned_STAR_HISAT2_minimap2/work/e1/ee56daf143f3ed293b2fa784fa9ed4:/outputdir nvcr.io/nvidia/clara/clara-parabricks-deepsap:v0.0.1 --out /outputdir/ --prefix STAR__2.7.10a__default+TSJS__baruzzo_human_t2r3.sorted --batch 2048 --sam /workdir/STAR__2.7.10a__default__baruzzo_human_t2r3.sorted.bam --fasta /workdir/GRCh37.primary_assembly.genome.fa --gtf /workdir/simulator_config_geneinfo_hg19_GTF
Baruzzo	STAR 2.7.10a default+TSJS baruzzo_human_t3r1	STAR 2.7.10a default+TSJS	STAR 2.7.10a default+TSJS Baruzzo	STAR 2.7.10a default+TSJS human	T3	human T3 R1	STAR	human	1	2.7.10a	default+TSJS	0	0.028491974	11.34566667	0.000228882	0.000488281	docker run --gpus all --ipc=host --ulimit memlock=-1 --ulimit stack=67108864 --rm --volume /data/RNAseqBenchmark/nextflow_Tuned_STAR_HISAT2_minimap2/work/24/62fabeb6b694f77d32809d0f6ac87e:/workdir --volume /data/RNAseqBenchmark/nextflow_Tuned_STAR_HISAT2_minimap2/work/24/62fabeb6b694f77d32809d0f6ac87e:/outputdir nvcr.io/nvidia/clara/clara-parabricks-deepsap:v0.0.1 --out /outputdir/ --prefix STAR__2.7.10a__default+TSJS__baruzzo_human_t3r1.sorted --batch 2048 --sam /workdir/STAR__2.7.10a__default__baruzzo_human_t3r1.sorted.bam --fasta /workdir/GRCh37.primary_assembly.genome.fa --gtf /workdir/simulator_config_geneinfo_hg19_GTF
Baruzzo	STAR 2.7.10a default+TSJS baruzzo_human_t3r2	STAR 2.7.10a default+TSJS	STAR 2.7.10a default+TSJS Baruzzo	STAR 2.7.10a default+TSJS human	T3	human T3 R2	STAR	human	2	2.7.10a	default+TSJS	0	0.02740097	11.61683333	0.000228882	0.00012207	docker run --gpus all --ipc=host --ulimit memlock=-1 --ulimit stack=67108864 --rm --volume /data/RNAseqBenchmark/nextflow_Tuned_STAR_HISAT2_minimap2/work/71/58a1824a9c75685a2eccdef72d0cb8:/workdir --volume /data/RNAseqBenchmark/nextflow_Tuned_STAR_HISAT2_minimap2/work/71/58a1824a9c75685a2eccdef72d0cb8:/outputdir nvcr.io/nvidia/clara/clara-parabricks-deepsap:v0.0.1 --out /outputdir/ --prefix STAR__2.7.10a__default+TSJS__baruzzo_human_t3r2.sorted --batch 2048 --sam /workdir/STAR__2.7.10a__default__baruzzo_human_t3r2.sorted.bam --fasta /workdir/GRCh37.primary_assembly.genome.fa --gtf /workdir/simulator_config_geneinfo_hg19_GTF
Baruzzo	STAR 2.7.10a default+TSJS baruzzo_human_t3r3	STAR 2.7.10a default+TSJS	STAR 2.7.10a default+TSJS Baruzzo	STAR 2.7.10a default+TSJS human	T3	human T3 R3	STAR	human	3	2.7.10a	default+TSJS	0	0.027915955	11.40933333	0.000228882	0.0051651	docker run --gpus all --ipc=host --ulimit memlock=-1 --ulimit stack=67108864 --rm --volume /data/RNAseqBenchmark/nextflow_Tuned_STAR_HISAT2_minimap2/work/2e/90688975cf5dc019de00695a092039:/workdir --volume /data/RNAseqBenchmark/nextflow_Tuned_STAR_HISAT2_minimap2/work/2e/90688975cf5dc019de00695a092039:/outputdir nvcr.io/nvidia/clara/clara-parabricks-deepsap:v0.0.1 --out /outputdir/ --prefix STAR__2.7.10a__default+TSJS__baruzzo_human_t3r3.sorted --batch 2048 --sam /workdir/STAR__2.7.10a__default__baruzzo_human_t3r3.sorted.bam --fasta /workdir/GRCh37.primary_assembly.genome.fa --gtf /workdir/simulator_config_geneinfo_hg19_GTF
Baruzzo	STAR 2.7.10a default+TSJS baruzzo_malaria_t1r1	STAR 2.7.10a default+TSJS	STAR 2.7.10a default+TSJS Baruzzo	STAR 2.7.10a default+TSJS malaria	T1	malaria T1 R1	STAR	malaria	1	2.7.10a	default+TSJS	0	0.028263092	4.117333333	3.814697265625e-05	0	docker run --gpus all --ipc=host --ulimit memlock=-1 --ulimit stack=67108864 --rm --volume /data/RNAseqBenchmark/nextflow_Tuned_STAR_HISAT2_minimap2/work/00/912c480da389c5a01448bbadefc852:/workdir --volume /data/RNAseqBenchmark/nextflow_Tuned_STAR_HISAT2_minimap2/work/00/912c480da389c5a01448bbadefc852:/outputdir nvcr.io/nvidia/clara/clara-parabricks-deepsap:v0.0.1 --out /outputdir/ --prefix STAR__2.7.10a__default+TSJS__baruzzo_malaria_t1r1.sorted --batch 2048 --sam /workdir/STAR__2.7.10a__default__baruzzo_malaria_t1r1.sorted.bam --fasta /workdir/genome_sequence_pfal.fa --gtf /workdir/simulator_config_geneinfo_pfal_GTF
Baruzzo	STAR 2.7.10a default+TSJS baruzzo_malaria_t1r2	STAR 2.7.10a default+TSJS	STAR 2.7.10a default+TSJS Baruzzo	STAR 2.7.10a default+TSJS malaria	T1	malaria T1 R2	STAR	malaria	2	2.7.10a	default+TSJS	0	0.027919769	5.224333333	4.57763671875e-05	0	docker run --gpus all --ipc=host --ulimit memlock=-1 --ulimit stack=67108864 --rm --volume /data/RNAseqBenchmark/nextflow_Tuned_STAR_HISAT2_minimap2/work/11/b2783c0b6f34472199de327fad3b94:/workdir --volume /data/RNAseqBenchmark/nextflow_Tuned_STAR_HISAT2_minimap2/work/11/b2783c0b6f34472199de327fad3b94:/outputdir nvcr.io/nvidia/clara/clara-parabricks-deepsap:v0.0.1 --out /outputdir/ --prefix STAR__2.7.10a__default+TSJS__baruzzo_malaria_t1r2.sorted --batch 2048 --sam /workdir/STAR__2.7.10a__default__baruzzo_malaria_t1r2.sorted.bam --fasta /workdir/genome_sequence_pfal.fa --gtf /workdir/simulator_config_geneinfo_pfal_GTF
Baruzzo	STAR 2.7.10a default+TSJS baruzzo_malaria_t1r3	STAR 2.7.10a default+TSJS	STAR 2.7.10a default+TSJS Baruzzo	STAR 2.7.10a default+TSJS malaria	T1	malaria T1 R3	STAR	malaria	3	2.7.10a	default+TSJS	0	0.027732849	4.164833333	3.814697265625e-05	0.000205994	docker run --gpus all --ipc=host --ulimit memlock=-1 --ulimit stack=67108864 --rm --volume /data/RNAseqBenchmark/nextflow_Tuned_STAR_HISAT2_minimap2/work/63/f3f696942499bb25d44e25fd15adab:/workdir --volume /data/RNAseqBenchmark/nextflow_Tuned_STAR_HISAT2_minimap2/work/63/f3f696942499bb25d44e25fd15adab:/outputdir nvcr.io/nvidia/clara/clara-parabricks-deepsap:v0.0.1 --out /outputdir/ --prefix STAR__2.7.10a__default+TSJS__baruzzo_malaria_t1r3.sorted --batch 2048 --sam /workdir/STAR__2.7.10a__default__baruzzo_malaria_t1r3.sorted.bam --fasta /workdir/genome_sequence_pfal.fa --gtf /workdir/simulator_config_geneinfo_pfal_GTF
Baruzzo	STAR 2.7.10a default+TSJS baruzzo_malaria_t2r1	STAR 2.7.10a default+TSJS	STAR 2.7.10a default+TSJS Baruzzo	STAR 2.7.10a default+TSJS malaria	T2	malaria T2 R1	STAR	malaria	1	2.7.10a	default+TSJS	0	0.02803421	4.6235	6.866455078125e-05	0	docker run --gpus all --ipc=host --ulimit memlock=-1 --ulimit stack=67108864 --rm --volume /data/RNAseqBenchmark/nextflow_Tuned_STAR_HISAT2_minimap2/work/56/787966d04e5c29830afbf1f267ea11:/workdir --volume /data/RNAseqBenchmark/nextflow_Tuned_STAR_HISAT2_minimap2/work/56/787966d04e5c29830afbf1f267ea11:/outputdir nvcr.io/nvidia/clara/clara-parabricks-deepsap:v0.0.1 --out /outputdir/ --prefix STAR__2.7.10a__default+TSJS__baruzzo_malaria_t2r1.sorted --batch 2048 --sam /workdir/STAR__2.7.10a__default__baruzzo_malaria_t2r1.sorted.bam --fasta /workdir/genome_sequence_pfal.fa --gtf /workdir/simulator_config_geneinfo_pfal_GTF
Baruzzo	STAR 2.7.10a default+TSJS baruzzo_malaria_t2r2	STAR 2.7.10a default+TSJS	STAR 2.7.10a default+TSJS Baruzzo	STAR 2.7.10a default+TSJS malaria	T2	malaria T2 R2	STAR	malaria	2	2.7.10a	default+TSJS	0	0.027755737	4.312833333	6.866455078125e-05	0	docker run --gpus all --ipc=host --ulimit memlock=-1 --ulimit stack=67108864 --rm --volume /data/RNAseqBenchmark/nextflow_Tuned_STAR_HISAT2_minimap2/work/2b/a5733f6de49cedac6f8888498f75b1:/workdir --volume /data/RNAseqBenchmark/nextflow_Tuned_STAR_HISAT2_minimap2/work/2b/a5733f6de49cedac6f8888498f75b1:/outputdir nvcr.io/nvidia/clara/clara-parabricks-deepsap:v0.0.1 --out /outputdir/ --prefix STAR__2.7.10a__default+TSJS__baruzzo_malaria_t2r2.sorted --batch 2048 --sam /workdir/STAR__2.7.10a__default__baruzzo_malaria_t2r2.sorted.bam --fasta /workdir/genome_sequence_pfal.fa --gtf /workdir/simulator_config_geneinfo_pfal_GTF
Baruzzo	STAR 2.7.10a default+TSJS baruzzo_malaria_t2r3	STAR 2.7.10a default+TSJS	STAR 2.7.10a default+TSJS Baruzzo	STAR 2.7.10a default+TSJS malaria	T2	malaria T2 R3	STAR	malaria	3	2.7.10a	default+TSJS	0	0.028747559	4.2925	6.866455078125e-05	0.000259399	docker run --gpus all --ipc=host --ulimit memlock=-1 --ulimit stack=67108864 --rm --volume /data/RNAseqBenchmark/nextflow_Tuned_STAR_HISAT2_minimap2/work/b1/c73d3b6cf8485ee9fe4d771978d154:/workdir --volume /data/RNAseqBenchmark/nextflow_Tuned_STAR_HISAT2_minimap2/work/b1/c73d3b6cf8485ee9fe4d771978d154:/outputdir nvcr.io/nvidia/clara/clara-parabricks-deepsap:v0.0.1 --out /outputdir/ --prefix STAR__2.7.10a__default+TSJS__baruzzo_malaria_t2r3.sorted --batch 2048 --sam /workdir/STAR__2.7.10a__default__baruzzo_malaria_t2r3.sorted.bam --fasta /workdir/genome_sequence_pfal.fa --gtf /workdir/simulator_config_geneinfo_pfal_GTF
Baruzzo	STAR 2.7.10a default+TSJS baruzzo_malaria_t3r1	STAR 2.7.10a default+TSJS	STAR 2.7.10a default+TSJS Baruzzo	STAR 2.7.10a default+TSJS malaria	T3	malaria T3 R1	STAR	malaria	1	2.7.10a	default+TSJS	0	0.027889252	6.092833333	0.000183105	0.000518799	docker run --gpus all --ipc=host --ulimit memlock=-1 --ulimit stack=67108864 --rm --volume /data/RNAseqBenchmark/nextflow_Tuned_STAR_HISAT2_minimap2/work/f8/e13c900352cb3043d276cf829569df:/workdir --volume /data/RNAseqBenchmark/nextflow_Tuned_STAR_HISAT2_minimap2/work/f8/e13c900352cb3043d276cf829569df:/outputdir nvcr.io/nvidia/clara/clara-parabricks-deepsap:v0.0.1 --out /outputdir/ --prefix STAR__2.7.10a__default+TSJS__baruzzo_malaria_t3r1.sorted --batch 2048 --sam /workdir/STAR__2.7.10a__default__baruzzo_malaria_t3r1.sorted.bam --fasta /workdir/genome_sequence_pfal.fa --gtf /workdir/simulator_config_geneinfo_pfal_GTF
Baruzzo	STAR 2.7.10a default+TSJS baruzzo_malaria_t3r2	STAR 2.7.10a default+TSJS	STAR 2.7.10a default+TSJS Baruzzo	STAR 2.7.10a default+TSJS malaria	T3	malaria T3 R2	STAR	malaria	2	2.7.10a	default+TSJS	0	0.027679443	6.149166667	0.000190735	0	docker run --gpus all --ipc=host --ulimit memlock=-1 --ulimit stack=67108864 --rm --volume /data/RNAseqBenchmark/nextflow_Tuned_STAR_HISAT2_minimap2/work/34/23290a677994c4f9ed1def40d955b4:/workdir --volume /data/RNAseqBenchmark/nextflow_Tuned_STAR_HISAT2_minimap2/work/34/23290a677994c4f9ed1def40d955b4:/outputdir nvcr.io/nvidia/clara/clara-parabricks-deepsap:v0.0.1 --out /outputdir/ --prefix STAR__2.7.10a__default+TSJS__baruzzo_malaria_t3r2.sorted --batch 2048 --sam /workdir/STAR__2.7.10a__default__baruzzo_malaria_t3r2.sorted.bam --fasta /workdir/genome_sequence_pfal.fa --gtf /workdir/simulator_config_geneinfo_pfal_GTF
Baruzzo	STAR 2.7.10a default+TSJS baruzzo_malaria_t3r3	STAR 2.7.10a default+TSJS	STAR 2.7.10a default+TSJS Baruzzo	STAR 2.7.10a default+TSJS malaria	T3	malaria T3 R3	STAR	malaria	3	2.7.10a	default+TSJS	0	0.028049469	6.042333333	0.000183105	0.000244141	docker run --gpus all --ipc=host --ulimit memlock=-1 --ulimit stack=67108864 --rm --volume /data/RNAseqBenchmark/nextflow_Tuned_STAR_HISAT2_minimap2/work/86/9fdb8addae291e49d443e3a17b3f1c:/workdir --volume /data/RNAseqBenchmark/nextflow_Tuned_STAR_HISAT2_minimap2/work/86/9fdb8addae291e49d443e3a17b3f1c:/outputdir nvcr.io/nvidia/clara/clara-parabricks-deepsap:v0.0.1 --out /outputdir/ --prefix STAR__2.7.10a__default+TSJS__baruzzo_malaria_t3r3.sorted --batch 2048 --sam /workdir/STAR__2.7.10a__default__baruzzo_malaria_t3r3.sorted.bam --fasta /workdir/genome_sequence_pfal.fa --gtf /workdir/simulator_config_geneinfo_pfal_GTF
SimBA	STAR 2.7.10a default+TSJS SimBA_human_t1	STAR 2.7.10a default+TSJS	STAR 2.7.10a default+TSJS SimBA	STAR 2.7.10a default+TSJS human	T1	human T1 R1	STAR	human	1	2.7.10a	default+TSJS	0	0.027709961	13.29933333	0.000106812	0	docker run --gpus all --ipc=host --ulimit memlock=-1 --ulimit stack=67108864 --rm --volume /data/RNAseqBenchmark/nextflow_Tuned_STAR_HISAT2_minimap2/work/06/f35dbc83d301da2c53154544e44251:/workdir --volume /data/RNAseqBenchmark/nextflow_Tuned_STAR_HISAT2_minimap2/work/06/f35dbc83d301da2c53154544e44251:/outputdir nvcr.io/nvidia/clara/clara-parabricks-deepsap:v0.0.1 --out /outputdir/ --prefix STAR__2.7.10a__default+TSJS__SimBA_human_t1.sorted --batch 2048 --sam /workdir/STAR__2.7.10a__default__SimBA_human_t1.sorted.bam --fasta /workdir/GRCh37.primary_assembly.genome.fa --gtf /workdir/simulator_config_geneinfo_hg19_GTF
SimBA	STAR 2.7.10a default+TSJS SimBA_human_t2	STAR 2.7.10a default+TSJS	STAR 2.7.10a default+TSJS SimBA	STAR 2.7.10a default+TSJS human	T2	human T2 R1	STAR	human	1	2.7.10a	default+TSJS	0	0.028194427	13.72766667	9.918212890625e-05	0	docker run --gpus all --ipc=host --ulimit memlock=-1 --ulimit stack=67108864 --rm --volume /data/RNAseqBenchmark/nextflow_Tuned_STAR_HISAT2_minimap2/work/f7/defcad9d2b26f5a94fed19bbceb7a4:/workdir --volume /data/RNAseqBenchmark/nextflow_Tuned_STAR_HISAT2_minimap2/work/f7/defcad9d2b26f5a94fed19bbceb7a4:/outputdir nvcr.io/nvidia/clara/clara-parabricks-deepsap:v0.0.1 --out /outputdir/ --prefix STAR__2.7.10a__default+TSJS__SimBA_human_t2.sorted --batch 2048 --sam /workdir/STAR__2.7.10a__default__SimBA_human_t2.sorted.bam --fasta /workdir/GRCh37.primary_assembly.genome.fa --gtf /workdir/simulator_config_geneinfo_hg19_GTF
SimBA	STAR 2.7.10a default+TSJS SimBA_human_t3	STAR 2.7.10a default+TSJS	STAR 2.7.10a default+TSJS SimBA	STAR 2.7.10a default+TSJS human	T3	human T3 R1	STAR	human	1	2.7.10a	default+TSJS	0	0.028320313	12.98066667	0.000106812	2.288818359375e-05	docker run --gpus all --ipc=host --ulimit memlock=-1 --ulimit stack=67108864 --rm --volume /data/RNAseqBenchmark/nextflow_Tuned_STAR_HISAT2_minimap2/work/3c/00c9ad25c29e029bb150a79f53f363:/workdir --volume /data/RNAseqBenchmark/nextflow_Tuned_STAR_HISAT2_minimap2/work/3c/00c9ad25c29e029bb150a79f53f363:/outputdir nvcr.io/nvidia/clara/clara-parabricks-deepsap:v0.0.1 --out /outputdir/ --prefix STAR__2.7.10a__default+TSJS__SimBA_human_t3.sorted --batch 2048 --sam /workdir/STAR__2.7.10a__default__SimBA_human_t3.sorted.bam --fasta /workdir/GRCh37.primary_assembly.genome.fa --gtf /workdir/simulator_config_geneinfo_hg19_GTF
SimBA	STAR 2.7.10a default+TSJS SimBA_malaria_t1	STAR 2.7.10a default+TSJS	STAR 2.7.10a default+TSJS SimBA	STAR 2.7.10a default+TSJS malaria	T1	malaria T1 R1	STAR	malaria	1	2.7.10a	default+TSJS	0	0.027366638	4.691166667	3.814697265625e-05	2.288818359375e-05	docker run --gpus all --ipc=host --ulimit memlock=-1 --ulimit stack=67108864 --rm --volume /data/RNAseqBenchmark/nextflow_Tuned_STAR_HISAT2_minimap2/work/6b/249337d6b367480b6ba8dd8196ab70:/workdir --volume /data/RNAseqBenchmark/nextflow_Tuned_STAR_HISAT2_minimap2/work/6b/249337d6b367480b6ba8dd8196ab70:/outputdir nvcr.io/nvidia/clara/clara-parabricks-deepsap:v0.0.1 --out /outputdir/ --prefix STAR__2.7.10a__default+TSJS__SimBA_malaria_t1.sorted --batch 2048 --sam /workdir/STAR__2.7.10a__default__SimBA_malaria_t1.sorted.bam --fasta /workdir/genome_sequence_pfal.fa --gtf /workdir/simulator_config_geneinfo_pfal_GTF
SimBA	STAR 2.7.10a default+TSJS SimBA_malaria_t2	STAR 2.7.10a default+TSJS	STAR 2.7.10a default+TSJS SimBA	STAR 2.7.10a default+TSJS malaria	T2	malaria T2 R1	STAR	malaria	1	2.7.10a	default+TSJS	0	0.027843475	5.4945	5.340576171875e-05	0.0001297	docker run --gpus all --ipc=host --ulimit memlock=-1 --ulimit stack=67108864 --rm --volume /data/RNAseqBenchmark/nextflow_Tuned_STAR_HISAT2_minimap2/work/da/9aa03e260a3ee91b3640e416d477bf:/workdir --volume /data/RNAseqBenchmark/nextflow_Tuned_STAR_HISAT2_minimap2/work/da/9aa03e260a3ee91b3640e416d477bf:/outputdir nvcr.io/nvidia/clara/clara-parabricks-deepsap:v0.0.1 --out /outputdir/ --prefix STAR__2.7.10a__default+TSJS__SimBA_malaria_t2.sorted --batch 2048 --sam /workdir/STAR__2.7.10a__default__SimBA_malaria_t2.sorted.bam --fasta /workdir/genome_sequence_pfal.fa --gtf /workdir/simulator_config_geneinfo_pfal_GTF
SimBA	STAR 2.7.10a default+TSJS SimBA_malaria_t3	STAR 2.7.10a default+TSJS	STAR 2.7.10a default+TSJS SimBA	STAR 2.7.10a default+TSJS malaria	T3	malaria T3 R1	STAR	malaria	1	2.7.10a	default+TSJS	0	0.027996063	5.019666667	6.866455078125e-05	0.003433228	docker run --gpus all --ipc=host --ulimit memlock=-1 --ulimit stack=67108864 --rm --volume /data/RNAseqBenchmark/nextflow_Tuned_STAR_HISAT2_minimap2/work/ef/37c5320e9ac73f5d5deb737d8f786d:/workdir --volume /data/RNAseqBenchmark/nextflow_Tuned_STAR_HISAT2_minimap2/work/ef/37c5320e9ac73f5d5deb737d8f786d:/outputdir nvcr.io/nvidia/clara/clara-parabricks-deepsap:v0.0.1 --out /outputdir/ --prefix STAR__2.7.10a__default+TSJS__SimBA_malaria_t3.sorted --batch 2048 --sam /workdir/STAR__2.7.10a__default__SimBA_malaria_t3.sorted.bam --fasta /workdir/genome_sequence_pfal.fa --gtf /workdir/simulator_config_geneinfo_pfal_GTF
Baruzzo	Subjunc 2.0.1 default baruzzo_human_t1r1	Subjunc 2.0.1 default	Subjunc 2.0.1 default Baruzzo	Subjunc 2.0.1 default human	T1	human T1 R1	Subjunc	human	1	2.0.1	default	1040	8.446746826	8.874666667	10.31243896	4.290046692	/home/fberakdar/anaconda3/envs/env_RNAseqBench/bin/subjunc -a simulator_config_geneinfo_hg19_GTF --SAMoutput -T 24 --allJunctions -i index -r baruzzo_human_t1r1.forward.trimmed.fasta -R baruzzo_human_t1r1.reverse.trimmed.fasta -o Subjunc__2.0.1__default__baruzzo_human_t1r1.sam
Baruzzo	Subjunc 2.0.1 default baruzzo_human_t1r2	Subjunc 2.0.1 default	Subjunc 2.0.1 default Baruzzo	Subjunc 2.0.1 default human	T1	human T1 R2	Subjunc	human	2	2.0.1	default	1018	8.452926636	9.094333333	10.31237793	4.285575867	/home/fberakdar/anaconda3/envs/env_RNAseqBench/bin/subjunc -a simulator_config_geneinfo_hg19_GTF --SAMoutput -T 24 --allJunctions -i index -r baruzzo_human_t1r2.forward.trimmed.fasta -R baruzzo_human_t1r2.reverse.trimmed.fasta -o Subjunc__2.0.1__default__baruzzo_human_t1r2.sam
Baruzzo	Subjunc 2.0.1 default baruzzo_human_t1r3	Subjunc 2.0.1 default	Subjunc 2.0.1 default Baruzzo	Subjunc 2.0.1 default human	T1	human T1 R3	Subjunc	human	3	2.0.1	default	1038	8.454788208	8.880833333	10.31253052	6.087982178	/home/fberakdar/anaconda3/envs/env_RNAseqBench/bin/subjunc -a simulator_config_geneinfo_hg19_GTF --SAMoutput -T 24 --allJunctions -i index -r baruzzo_human_t1r3.forward.trimmed.fasta -R baruzzo_human_t1r3.reverse.trimmed.fasta -o Subjunc__2.0.1__default__baruzzo_human_t1r3.sam
Baruzzo	Subjunc 2.0.1 default baruzzo_human_t2r1	Subjunc 2.0.1 default	Subjunc 2.0.1 default Baruzzo	Subjunc 2.0.1 default human	T2	human T2 R1	Subjunc	human	1	2.0.1	default	1044	8.516239166	8.928	10.28697205	4.299156189	/home/fberakdar/anaconda3/envs/env_RNAseqBench/bin/subjunc -a simulator_config_geneinfo_hg19_GTF --SAMoutput -T 24 --allJunctions -i index -r baruzzo_human_t2r1.forward.trimmed.fasta -R baruzzo_human_t2r1.reverse.trimmed.fasta -o Subjunc__2.0.1__default__baruzzo_human_t2r1.sam
Baruzzo	Subjunc 2.0.1 default baruzzo_human_t2r2	Subjunc 2.0.1 default	Subjunc 2.0.1 default Baruzzo	Subjunc 2.0.1 default human	T2	human T2 R2	Subjunc	human	2	2.0.1	default	1018	8.515396118	9.222333333	10.287323	4.700370789	/home/fberakdar/anaconda3/envs/env_RNAseqBench/bin/subjunc -a simulator_config_geneinfo_hg19_GTF --SAMoutput -T 24 --allJunctions -i index -r baruzzo_human_t2r2.forward.trimmed.fasta -R baruzzo_human_t2r2.reverse.trimmed.fasta -o Subjunc__2.0.1__default__baruzzo_human_t2r2.sam
Baruzzo	Subjunc 2.0.1 default baruzzo_human_t2r3	Subjunc 2.0.1 default	Subjunc 2.0.1 default Baruzzo	Subjunc 2.0.1 default human	T2	human T2 R3	Subjunc	human	3	2.0.1	default	1037	8.515293121	8.983666667	10.28717041	4.284034729	/home/fberakdar/anaconda3/envs/env_RNAseqBench/bin/subjunc -a simulator_config_geneinfo_hg19_GTF --SAMoutput -T 24 --allJunctions -i index -r baruzzo_human_t2r3.forward.trimmed.fasta -R baruzzo_human_t2r3.reverse.trimmed.fasta -o Subjunc__2.0.1__default__baruzzo_human_t2r3.sam
Baruzzo	Subjunc 2.0.1 default baruzzo_human_t3r1	Subjunc 2.0.1 default	Subjunc 2.0.1 default Baruzzo	Subjunc 2.0.1 default human	T3	human T3 R1	Subjunc	human	1	2.0.1	default	1054	8.541530609	8.9855	9.613456726	5.549591064	/home/fberakdar/anaconda3/envs/env_RNAseqBench/bin/subjunc -a simulator_config_geneinfo_hg19_GTF --SAMoutput -T 24 --allJunctions -i index -r baruzzo_human_t3r1.forward.trimmed.fasta -R baruzzo_human_t3r1.reverse.trimmed.fasta -o Subjunc__2.0.1__default__baruzzo_human_t3r1.sam
Baruzzo	Subjunc 2.0.1 default baruzzo_human_t3r2	Subjunc 2.0.1 default	Subjunc 2.0.1 default Baruzzo	Subjunc 2.0.1 default human	T3	human T3 R2	Subjunc	human	2	2.0.1	default	1050	8.54139328	9.020166667	9.613952637	10.42107391	/home/fberakdar/anaconda3/envs/env_RNAseqBench/bin/subjunc -a simulator_config_geneinfo_hg19_GTF --SAMoutput -T 24 --allJunctions -i index -r baruzzo_human_t3r2.forward.trimmed.fasta -R baruzzo_human_t3r2.reverse.trimmed.fasta -o Subjunc__2.0.1__default__baruzzo_human_t3r2.sam
Baruzzo	Subjunc 2.0.1 default baruzzo_human_t3r3	Subjunc 2.0.1 default	Subjunc 2.0.1 default Baruzzo	Subjunc 2.0.1 default human	T3	human T3 R3	Subjunc	human	3	2.0.1	default	1023	8.541397095	9.331666667	9.614006042	15.31073761	/home/fberakdar/anaconda3/envs/env_RNAseqBench/bin/subjunc -a simulator_config_geneinfo_hg19_GTF --SAMoutput -T 24 --allJunctions -i index -r baruzzo_human_t3r3.forward.trimmed.fasta -R baruzzo_human_t3r3.reverse.trimmed.fasta -o Subjunc__2.0.1__default__baruzzo_human_t3r3.sam
Baruzzo	Subjunc 2.0.1 default baruzzo_malaria_t1r1	Subjunc 2.0.1 default	Subjunc 2.0.1 default Baruzzo	Subjunc 2.0.1 default malaria	T1	malaria T1 R1	Subjunc	malaria	1	2.0.1	default	777	2.810497284	7.438666667	10.17216492	4.087371826	/home/fberakdar/anaconda3/envs/env_RNAseqBench/bin/subjunc -a simulator_config_geneinfo_pfal_GTF --SAMoutput -T 24 --allJunctions -i index -r baruzzo_malaria_t1r1.forward.trimmed.fasta -R baruzzo_malaria_t1r1.reverse.trimmed.fasta -o Subjunc__2.0.1__default__baruzzo_malaria_t1r1.sam
Baruzzo	Subjunc 2.0.1 default baruzzo_malaria_t1r2	Subjunc 2.0.1 default	Subjunc 2.0.1 default Baruzzo	Subjunc 2.0.1 default malaria	T1	malaria T1 R2	Subjunc	malaria	2	2.0.1	default	758	2.809513092	7.712166667	10.17179871	2.399345398	/home/fberakdar/anaconda3/envs/env_RNAseqBench/bin/subjunc -a simulator_config_geneinfo_pfal_GTF --SAMoutput -T 24 --allJunctions -i index -r baruzzo_malaria_t1r2.forward.trimmed.fasta -R baruzzo_malaria_t1r2.reverse.trimmed.fasta -o Subjunc__2.0.1__default__baruzzo_malaria_t1r2.sam
Baruzzo	Subjunc 2.0.1 default baruzzo_malaria_t1r3	Subjunc 2.0.1 default	Subjunc 2.0.1 default Baruzzo	Subjunc 2.0.1 default malaria	T1	malaria T1 R3	Subjunc	malaria	3	2.0.1	default	774	2.810699463	7.453166667	10.17211914	3.978042603	/home/fberakdar/anaconda3/envs/env_RNAseqBench/bin/subjunc -a simulator_config_geneinfo_pfal_GTF --SAMoutput -T 24 --allJunctions -i index -r baruzzo_malaria_t1r3.forward.trimmed.fasta -R baruzzo_malaria_t1r3.reverse.trimmed.fasta -o Subjunc__2.0.1__default__baruzzo_malaria_t1r3.sam
Baruzzo	Subjunc 2.0.1 default baruzzo_malaria_t2r1	Subjunc 2.0.1 default	Subjunc 2.0.1 default Baruzzo	Subjunc 2.0.1 default malaria	T2	malaria T2 R1	Subjunc	malaria	1	2.0.1	default	792	2.93863678	7.5115	10.14875793	3.968948364	/home/fberakdar/anaconda3/envs/env_RNAseqBench/bin/subjunc -a simulator_config_geneinfo_pfal_GTF --SAMoutput -T 24 --allJunctions -i index -r baruzzo_malaria_t2r1.forward.trimmed.fasta -R baruzzo_malaria_t2r1.reverse.trimmed.fasta -o Subjunc__2.0.1__default__baruzzo_malaria_t2r1.sam
Baruzzo	Subjunc 2.0.1 default baruzzo_malaria_t2r2	Subjunc 2.0.1 default	Subjunc 2.0.1 default Baruzzo	Subjunc 2.0.1 default malaria	T2	malaria T2 R2	Subjunc	malaria	2	2.0.1	default	775	2.916946411	7.744833333	10.14858246	0	/home/fberakdar/anaconda3/envs/env_RNAseqBench/bin/subjunc -a simulator_config_geneinfo_pfal_GTF --SAMoutput -T 24 --allJunctions -i index -r baruzzo_malaria_t2r2.forward.trimmed.fasta -R baruzzo_malaria_t2r2.reverse.trimmed.fasta -o Subjunc__2.0.1__default__baruzzo_malaria_t2r2.sam
Baruzzo	Subjunc 2.0.1 default baruzzo_malaria_t2r3	Subjunc 2.0.1 default	Subjunc 2.0.1 default Baruzzo	Subjunc 2.0.1 default malaria	T2	malaria T2 R3	Subjunc	malaria	3	2.0.1	default	776	2.918239594	7.749833333	10.14940643	3.66934967	/home/fberakdar/anaconda3/envs/env_RNAseqBench/bin/subjunc -a simulator_config_geneinfo_pfal_GTF --SAMoutput -T 24 --allJunctions -i index -r baruzzo_malaria_t2r3.forward.trimmed.fasta -R baruzzo_malaria_t2r3.reverse.trimmed.fasta -o Subjunc__2.0.1__default__baruzzo_malaria_t2r3.sam
Baruzzo	Subjunc 2.0.1 default baruzzo_malaria_t3r1	Subjunc 2.0.1 default	Subjunc 2.0.1 default Baruzzo	Subjunc 2.0.1 default malaria	T3	malaria T3 R1	Subjunc	malaria	1	2.0.1	default	865	3.061641693	8.062833333	9.230895996	3.878311157	/home/fberakdar/anaconda3/envs/env_RNAseqBench/bin/subjunc -a simulator_config_geneinfo_pfal_GTF --SAMoutput -T 24 --allJunctions -i index -r baruzzo_malaria_t3r1.forward.trimmed.fasta -R baruzzo_malaria_t3r1.reverse.trimmed.fasta -o Subjunc__2.0.1__default__baruzzo_malaria_t3r1.sam
Baruzzo	Subjunc 2.0.1 default baruzzo_malaria_t3r2	Subjunc 2.0.1 default	Subjunc 2.0.1 default Baruzzo	Subjunc 2.0.1 default malaria	T3	malaria T3 R2	Subjunc	malaria	2	2.0.1	default	890	3.071052551	7.7175	9.230056763	0	/home/fberakdar/anaconda3/envs/env_RNAseqBench/bin/subjunc -a simulator_config_geneinfo_pfal_GTF --SAMoutput -T 24 --allJunctions -i index -r baruzzo_malaria_t3r2.forward.trimmed.fasta -R baruzzo_malaria_t3r2.reverse.trimmed.fasta -o Subjunc__2.0.1__default__baruzzo_malaria_t3r2.sam
Baruzzo	Subjunc 2.0.1 default baruzzo_malaria_t3r3	Subjunc 2.0.1 default	Subjunc 2.0.1 default Baruzzo	Subjunc 2.0.1 default malaria	T3	malaria T3 R3	Subjunc	malaria	3	2.0.1	default	888	3.063400269	7.748	9.233299255	2.570533752	/home/fberakdar/anaconda3/envs/env_RNAseqBench/bin/subjunc -a simulator_config_geneinfo_pfal_GTF --SAMoutput -T 24 --allJunctions -i index -r baruzzo_malaria_t3r3.forward.trimmed.fasta -R baruzzo_malaria_t3r3.reverse.trimmed.fasta -o Subjunc__2.0.1__default__baruzzo_malaria_t3r3.sam
SimBA	Subjunc 2.0.1 default SimBA_human_t1	Subjunc 2.0.1 default	Subjunc 2.0.1 default SimBA	Subjunc 2.0.1 default human	T1	human T1 R1	Subjunc	human	1	2.0.1	default	607	8.366264343	11.96916667	11.7647171	8.954078674	/home/fberakdar/anaconda3/envs/env_RNAseqBench/bin/subjunc -a simulator_config_geneinfo_hg19_GTF --SAMoutput -T 24 --allJunctions -i index -r SimBA_human_t1.reads_1_val_1.fq -R SimBA_human_t1.reads_2_val_2.fq -o Subjunc__2.0.1__default__SimBA_human_t1.sam
SimBA	Subjunc 2.0.1 default SimBA_human_t2	Subjunc 2.0.1 default	Subjunc 2.0.1 default SimBA	Subjunc 2.0.1 default human	T2	human T2 R1	Subjunc	human	1	2.0.1	default	588	8.363170624	12.13433333	11.78687286	9.154663086	/home/fberakdar/anaconda3/envs/env_RNAseqBench/bin/subjunc -a simulator_config_geneinfo_hg19_GTF --SAMoutput -T 24 --allJunctions -i index -r SimBA_human_t2.reads_1_val_1.fq -R SimBA_human_t2.reads_2_val_2.fq -o Subjunc__2.0.1__default__SimBA_human_t2.sam
SimBA	Subjunc 2.0.1 default SimBA_human_t3	Subjunc 2.0.1 default	Subjunc 2.0.1 default SimBA	Subjunc 2.0.1 default human	T3	human T3 R1	Subjunc	human	1	2.0.1	default	594	8.413814545	11.817	11.75872803	9.546615601	/home/fberakdar/anaconda3/envs/env_RNAseqBench/bin/subjunc -a simulator_config_geneinfo_hg19_GTF --SAMoutput -T 24 --allJunctions -i index -r SimBA_human_t3.reads_1_val_1.fq -R SimBA_human_t3.reads_2_val_2.fq -o Subjunc__2.0.1__default__SimBA_human_t3.sam
SimBA	Subjunc 2.0.1 default SimBA_malaria_t1	Subjunc 2.0.1 default	Subjunc 2.0.1 default SimBA	Subjunc 2.0.1 default malaria	T1	malaria T1 R1	Subjunc	malaria	1	2.0.1	default	566	2.828910828	13.52116667	11.29866791	0.016853333	/home/fberakdar/anaconda3/envs/env_RNAseqBench/bin/subjunc -a simulator_config_geneinfo_pfal_GTF --SAMoutput -T 24 --allJunctions -i index -r SimBA_malaria_t1.reads_1_val_1.fq -R SimBA_malaria_t1.reads_2_val_2.fq -o Subjunc__2.0.1__default__SimBA_malaria_t1.sam
SimBA	Subjunc 2.0.1 default SimBA_malaria_t2	Subjunc 2.0.1 default	Subjunc 2.0.1 default SimBA	Subjunc 2.0.1 default malaria	T2	malaria T2 R1	Subjunc	malaria	1	2.0.1	default	544	2.854316711	13.86283333	11.42060852	0.075294495	/home/fberakdar/anaconda3/envs/env_RNAseqBench/bin/subjunc -a simulator_config_geneinfo_pfal_GTF --SAMoutput -T 24 --allJunctions -i index -r SimBA_malaria_t2.reads_1_val_1.fq -R SimBA_malaria_t2.reads_2_val_2.fq -o Subjunc__2.0.1__default__SimBA_malaria_t2.sam
SimBA	Subjunc 2.0.1 default SimBA_malaria_t3	Subjunc 2.0.1 default	Subjunc 2.0.1 default SimBA	Subjunc 2.0.1 default malaria	T3	malaria T3 R1	Subjunc	malaria	1	2.0.1	default	593	2.907585144	13.78866667	11.40144348	0.730545044	/home/fberakdar/anaconda3/envs/env_RNAseqBench/bin/subjunc -a simulator_config_geneinfo_pfal_GTF --SAMoutput -T 24 --allJunctions -i index -r SimBA_malaria_t3.reads_1_val_1.fq -R SimBA_malaria_t3.reads_2_val_2.fq -o Subjunc__2.0.1__default__SimBA_malaria_t3.sam
Baruzzo	novoSplice 0.8.4 default baruzzo_human_t1r1	novoSplice 0.8.4 default	novoSplice 0.8.4 default Baruzzo	novoSplice 0.8.4 default human	T1	human T1 R1	novoSplice	human	1	0.8.4	default	2292	29.94311905	9.3075	12.93817139	14.11273956	/data/RNAseqBenchmark/bin/novoSplice/novoSplice_v0.8.4/novoSplice --nThreads 24 --ignoreErrors --fasta GRCh37.primary_assembly.genome.fa --gtf simulator_config_geneinfo_hg19_GTF -1 baruzzo_human_t1r1.forward.trimmed.fastq -2 baruzzo_human_t1r1.reverse.trimmed.fastq -o ./
Baruzzo	novoSplice 0.8.4 default baruzzo_human_t1r2	novoSplice 0.8.4 default	novoSplice 0.8.4 default Baruzzo	novoSplice 0.8.4 default human	T1	human T1 R2	novoSplice	human	2	0.8.4	default	2294	29.9474411	9.244833333	12.94064331	8.147659302	/data/RNAseqBenchmark/bin/novoSplice/novoSplice_v0.8.4/novoSplice --nThreads 24 --ignoreErrors --fasta GRCh37.primary_assembly.genome.fa --gtf simulator_config_geneinfo_hg19_GTF -1 baruzzo_human_t1r2.forward.trimmed.fastq -2 baruzzo_human_t1r2.reverse.trimmed.fastq -o ./
Baruzzo	novoSplice 0.8.4 default baruzzo_human_t1r3	novoSplice 0.8.4 default	novoSplice 0.8.4 default Baruzzo	novoSplice 0.8.4 default human	T1	human T1 R3	novoSplice	human	3	0.8.4	default	2298	29.95137787	9.297	12.93972015	8.147651672	/data/RNAseqBenchmark/bin/novoSplice/novoSplice_v0.8.4/novoSplice --nThreads 24 --ignoreErrors --fasta GRCh37.primary_assembly.genome.fa --gtf simulator_config_geneinfo_hg19_GTF -1 baruzzo_human_t1r3.forward.trimmed.fastq -2 baruzzo_human_t1r3.reverse.trimmed.fastq -o ./
Baruzzo	novoSplice 0.8.4 default baruzzo_human_t2r1	novoSplice 0.8.4 default	novoSplice 0.8.4 default Baruzzo	novoSplice 0.8.4 default human	T2	human T2 R1	novoSplice	human	1	0.8.4	default	2303	29.94437408	9.758666667	13.12784576	8.147666931	/data/RNAseqBenchmark/bin/novoSplice/novoSplice_v0.8.4/novoSplice --nThreads 24 --ignoreErrors --fasta GRCh37.primary_assembly.genome.fa --gtf simulator_config_geneinfo_hg19_GTF -1 baruzzo_human_t2r1.forward.trimmed.fastq -2 baruzzo_human_t2r1.reverse.trimmed.fastq -o ./
Baruzzo	novoSplice 0.8.4 default baruzzo_human_t2r2	novoSplice 0.8.4 default	novoSplice 0.8.4 default Baruzzo	novoSplice 0.8.4 default human	T2	human T2 R2	novoSplice	human	2	0.8.4	default	2301	29.95010376	9.850666667	13.12496185	8.147659302	/data/RNAseqBenchmark/bin/novoSplice/novoSplice_v0.8.4/novoSplice --nThreads 24 --ignoreErrors --fasta GRCh37.primary_assembly.genome.fa --gtf simulator_config_geneinfo_hg19_GTF -1 baruzzo_human_t2r2.forward.trimmed.fastq -2 baruzzo_human_t2r2.reverse.trimmed.fastq -o ./
Baruzzo	novoSplice 0.8.4 default baruzzo_human_t2r3	novoSplice 0.8.4 default	novoSplice 0.8.4 default Baruzzo	novoSplice 0.8.4 default human	T2	human T2 R3	novoSplice	human	3	0.8.4	default	2297	29.93953323	9.8745	13.12880707	14.09860229	/data/RNAseqBenchmark/bin/novoSplice/novoSplice_v0.8.4/novoSplice --nThreads 24 --ignoreErrors --fasta GRCh37.primary_assembly.genome.fa --gtf simulator_config_geneinfo_hg19_GTF -1 baruzzo_human_t2r3.forward.trimmed.fastq -2 baruzzo_human_t2r3.reverse.trimmed.fastq -o ./
Baruzzo	novoSplice 0.8.4 default baruzzo_human_t3r1	novoSplice 0.8.4 default	novoSplice 0.8.4 default Baruzzo	novoSplice 0.8.4 default human	T3	human T3 R1	novoSplice	human	1	0.8.4	default	2322	29.94266891	12.83716667	13.43022156	8.148178101	/data/RNAseqBenchmark/bin/novoSplice/novoSplice_v0.8.4/novoSplice --nThreads 24 --ignoreErrors --fasta GRCh37.primary_assembly.genome.fa --gtf simulator_config_geneinfo_hg19_GTF -1 baruzzo_human_t3r1.forward.trimmed.fastq -2 baruzzo_human_t3r1.reverse.trimmed.fastq -o ./
Baruzzo	novoSplice 0.8.4 default baruzzo_human_t3r2	novoSplice 0.8.4 default	novoSplice 0.8.4 default Baruzzo	novoSplice 0.8.4 default human	T3	human T3 R2	novoSplice	human	2	0.8.4	default	2322	29.94585419	12.79866667	13.43202209	8.148178101	/data/RNAseqBenchmark/bin/novoSplice/novoSplice_v0.8.4/novoSplice --nThreads 24 --ignoreErrors --fasta GRCh37.primary_assembly.genome.fa --gtf simulator_config_geneinfo_hg19_GTF -1 baruzzo_human_t3r2.forward.trimmed.fastq -2 baruzzo_human_t3r2.reverse.trimmed.fastq -o ./
Baruzzo	novoSplice 0.8.4 default baruzzo_human_t3r3	novoSplice 0.8.4 default	novoSplice 0.8.4 default Baruzzo	novoSplice 0.8.4 default human	T3	human T3 R3	novoSplice	human	3	0.8.4	default	2323	29.9461174	12.78366667	13.43258667	8.148170471	/data/RNAseqBenchmark/bin/novoSplice/novoSplice_v0.8.4/novoSplice --nThreads 24 --ignoreErrors --fasta GRCh37.primary_assembly.genome.fa --gtf simulator_config_geneinfo_hg19_GTF -1 baruzzo_human_t3r3.forward.trimmed.fastq -2 baruzzo_human_t3r3.reverse.trimmed.fastq -o ./
Baruzzo	novoSplice 0.8.4 default baruzzo_malaria_t1r1	novoSplice 0.8.4 default	novoSplice 0.8.4 default Baruzzo	novoSplice 0.8.4 default malaria	T1	malaria T1 R1	novoSplice	malaria	1	0.8.4	default	2347	1.25945282	7.520666667	11.80673981	8.201148987	/data/RNAseqBenchmark/bin/novoSplice/novoSplice_v0.8.4/novoSplice --nThreads 24 --ignoreErrors --fasta genome_sequence_pfal.fa --gtf simulator_config_geneinfo_pfal_GTF -1 baruzzo_malaria_t1r1.forward.trimmed.fastq -2 baruzzo_malaria_t1r1.reverse.trimmed.fastq -o ./
Baruzzo	novoSplice 0.8.4 default baruzzo_malaria_t1r2	novoSplice 0.8.4 default	novoSplice 0.8.4 default Baruzzo	novoSplice 0.8.4 default malaria	T1	malaria T1 R2	novoSplice	malaria	2	0.8.4	default	2379	1.261917114	7.4095	11.80290222	8.140846252	/data/RNAseqBenchmark/bin/novoSplice/novoSplice_v0.8.4/novoSplice --nThreads 24 --ignoreErrors --fasta genome_sequence_pfal.fa --gtf simulator_config_geneinfo_pfal_GTF -1 baruzzo_malaria_t1r2.forward.trimmed.fastq -2 baruzzo_malaria_t1r2.reverse.trimmed.fastq -o ./
Baruzzo	novoSplice 0.8.4 default baruzzo_malaria_t1r3	novoSplice 0.8.4 default	novoSplice 0.8.4 default Baruzzo	novoSplice 0.8.4 default malaria	T1	malaria T1 R3	novoSplice	malaria	3	0.8.4	default	2379	1.263305664	7.4555	11.80677032	8.140838623	/data/RNAseqBenchmark/bin/novoSplice/novoSplice_v0.8.4/novoSplice --nThreads 24 --ignoreErrors --fasta genome_sequence_pfal.fa --gtf simulator_config_geneinfo_pfal_GTF -1 baruzzo_malaria_t1r3.forward.trimmed.fastq -2 baruzzo_malaria_t1r3.reverse.trimmed.fastq -o ./
Baruzzo	novoSplice 0.8.4 default baruzzo_malaria_t2r1	novoSplice 0.8.4 default	novoSplice 0.8.4 default Baruzzo	novoSplice 0.8.4 default malaria	T2	malaria T2 R1	novoSplice	malaria	1	0.8.4	default	2379	1.267749786	8.034	12.03379822	8.141647339	/data/RNAseqBenchmark/bin/novoSplice/novoSplice_v0.8.4/novoSplice --nThreads 24 --ignoreErrors --fasta genome_sequence_pfal.fa --gtf simulator_config_geneinfo_pfal_GTF -1 baruzzo_malaria_t2r1.forward.trimmed.fastq -2 baruzzo_malaria_t2r1.reverse.trimmed.fastq -o ./
Baruzzo	novoSplice 0.8.4 default baruzzo_malaria_t2r2	novoSplice 0.8.4 default	novoSplice 0.8.4 default Baruzzo	novoSplice 0.8.4 default malaria	T2	malaria T2 R2	novoSplice	malaria	2	0.8.4	default	2380	1.26581192	7.988833333	12.03582764	8.14125824	/data/RNAseqBenchmark/bin/novoSplice/novoSplice_v0.8.4/novoSplice --nThreads 24 --ignoreErrors --fasta genome_sequence_pfal.fa --gtf simulator_config_geneinfo_pfal_GTF -1 baruzzo_malaria_t2r2.forward.trimmed.fastq -2 baruzzo_malaria_t2r2.reverse.trimmed.fastq -o ./
Baruzzo	novoSplice 0.8.4 default baruzzo_malaria_t2r3	novoSplice 0.8.4 default	novoSplice 0.8.4 default Baruzzo	novoSplice 0.8.4 default malaria	T2	malaria T2 R3	novoSplice	malaria	3	0.8.4	default	2381	1.26467514	8.042833333	12.02689362	8.140983582	/data/RNAseqBenchmark/bin/novoSplice/novoSplice_v0.8.4/novoSplice --nThreads 24 --ignoreErrors --fasta genome_sequence_pfal.fa --gtf simulator_config_geneinfo_pfal_GTF -1 baruzzo_malaria_t2r3.forward.trimmed.fastq -2 baruzzo_malaria_t2r3.reverse.trimmed.fastq -o ./
Baruzzo	novoSplice 0.8.4 default baruzzo_malaria_t3r1	novoSplice 0.8.4 default	novoSplice 0.8.4 default Baruzzo	novoSplice 0.8.4 default malaria	T3	malaria T3 R1	novoSplice	malaria	1	0.8.4	default	2383	1.282428741	12.65066667	12.59619141	8.191947937	/data/RNAseqBenchmark/bin/novoSplice/novoSplice_v0.8.4/novoSplice --nThreads 24 --ignoreErrors --fasta genome_sequence_pfal.fa --gtf simulator_config_geneinfo_pfal_GTF -1 baruzzo_malaria_t3r1.forward.trimmed.fastq -2 baruzzo_malaria_t3r1.reverse.trimmed.fastq -o ./
Baruzzo	novoSplice 0.8.4 default baruzzo_malaria_t3r2	novoSplice 0.8.4 default	novoSplice 0.8.4 default Baruzzo	novoSplice 0.8.4 default malaria	T3	malaria T3 R2	novoSplice	malaria	2	0.8.4	default	2383	1.27256012	12.395	12.60639954	8.146430969	/data/RNAseqBenchmark/bin/novoSplice/novoSplice_v0.8.4/novoSplice --nThreads 24 --ignoreErrors --fasta genome_sequence_pfal.fa --gtf simulator_config_geneinfo_pfal_GTF -1 baruzzo_malaria_t3r2.forward.trimmed.fastq -2 baruzzo_malaria_t3r2.reverse.trimmed.fastq -o ./
Baruzzo	novoSplice 0.8.4 default baruzzo_malaria_t3r3	novoSplice 0.8.4 default	novoSplice 0.8.4 default Baruzzo	novoSplice 0.8.4 default malaria	T3	malaria T3 R3	novoSplice	malaria	3	0.8.4	default	2383	1.274856567	12.52916667	12.58532715	8.144485474	/data/RNAseqBenchmark/bin/novoSplice/novoSplice_v0.8.4/novoSplice --nThreads 24 --ignoreErrors --fasta genome_sequence_pfal.fa --gtf simulator_config_geneinfo_pfal_GTF -1 baruzzo_malaria_t3r3.forward.trimmed.fastq -2 baruzzo_malaria_t3r3.reverse.trimmed.fastq -o ./
SimBA	novoSplice 0.8.4 default SimBA_human_t1	novoSplice 0.8.4 default	novoSplice 0.8.4 default SimBA	novoSplice 0.8.4 default human	T1	human T1 R1	novoSplice	human	1	0.8.4	default	2188	29.94564438	5.006333333	14.3504715	15.43869781	/data/RNAseqBenchmark/bin/novoSplice/novoSplice_v0.8.4/novoSplice --nThreads 24 --ignoreErrors --fasta GRCh37.primary_assembly.genome.fa --gtf simulator_config_geneinfo_hg19_GTF -1 SimBA_human_t1.reads_1_val_1.fq -2 SimBA_human_t1.reads_2_val_2.fq -o ./
SimBA	novoSplice 0.8.4 default SimBA_human_t2	novoSplice 0.8.4 default	novoSplice 0.8.4 default SimBA	novoSplice 0.8.4 default human	T2	human T2 R1	novoSplice	human	1	0.8.4	default	2190	29.95030594	4.625	14.63773346	9.495262146	/data/RNAseqBenchmark/bin/novoSplice/novoSplice_v0.8.4/novoSplice --nThreads 24 --ignoreErrors --fasta GRCh37.primary_assembly.genome.fa --gtf simulator_config_geneinfo_hg19_GTF -1 SimBA_human_t2.reads_1_val_1.fq -2 SimBA_human_t2.reads_2_val_2.fq -o ./
SimBA	novoSplice 0.8.4 default SimBA_human_t3	novoSplice 0.8.4 default	novoSplice 0.8.4 default SimBA	novoSplice 0.8.4 default human	T3	human T3 R1	novoSplice	human	1	0.8.4	default	2232	29.94377899	5.861166667	14.70220184	9.498191833	/data/RNAseqBenchmark/bin/novoSplice/novoSplice_v0.8.4/novoSplice --nThreads 24 --ignoreErrors --fasta GRCh37.primary_assembly.genome.fa --gtf simulator_config_geneinfo_hg19_GTF -1 SimBA_human_t3.reads_1_val_1.fq -2 SimBA_human_t3.reads_2_val_2.fq -o ./
SimBA	novoSplice 0.8.4 default SimBA_malaria_t1	novoSplice 0.8.4 default	novoSplice 0.8.4 default SimBA	novoSplice 0.8.4 default malaria	T1	malaria T1 R1	novoSplice	malaria	1	0.8.4	default	2379	1.387489319	6.468	12.98030853	0	/data/RNAseqBenchmark/bin/novoSplice/novoSplice_v0.8.4/novoSplice --nThreads 24 --ignoreErrors --fasta genome_sequence_pfal.fa --gtf simulator_config_geneinfo_pfal_GTF -1 SimBA_malaria_t1.reads_1_val_1.fq -2 SimBA_malaria_t1.reads_2_val_2.fq -o ./
SimBA	novoSplice 0.8.4 default SimBA_malaria_t2	novoSplice 0.8.4 default	novoSplice 0.8.4 default SimBA	novoSplice 0.8.4 default malaria	T2	malaria T2 R1	novoSplice	malaria	1	0.8.4	default	2376	1.401481628	6.5985	13.60462189	0.000320435	/data/RNAseqBenchmark/bin/novoSplice/novoSplice_v0.8.4/novoSplice --nThreads 24 --ignoreErrors --fasta genome_sequence_pfal.fa --gtf simulator_config_geneinfo_pfal_GTF -1 SimBA_malaria_t2.reads_1_val_1.fq -2 SimBA_malaria_t2.reads_2_val_2.fq -o ./
SimBA	novoSplice 0.8.4 default SimBA_malaria_t3	novoSplice 0.8.4 default	novoSplice 0.8.4 default SimBA	novoSplice 0.8.4 default malaria	T3	malaria T3 R1	novoSplice	malaria	1	0.8.4	default	2380	1.432777405	8.365666667	14.12038422	0	/data/RNAseqBenchmark/bin/novoSplice/novoSplice_v0.8.4/novoSplice --nThreads 24 --ignoreErrors --fasta genome_sequence_pfal.fa --gtf simulator_config_geneinfo_pfal_GTF -1 SimBA_malaria_t3.reads_1_val_1.fq -2 SimBA_malaria_t3.reads_2_val_2.fq -o ./